Protein,F_statistic,P_value,FDR,Significant
A1BG,4.248729712961556,0.034516569840483693,0.08381523589526149,False
A2M,4.98306543266013,0.021905346294667703,0.061555400782751755,False
AAR2,1.228392987912634,0.3205917095993055,0.42707327325274214,False
AARS1,5.103404310118335,0.020384518730586384,0.05880901106037219,False
ABCE1,15.690545861797263,0.00021043946605182385,0.005950908445060437,True
ABCF1,0.9082406707999734,0.42429798539354835,0.5350965346299771,False
ABHD10,0.3134303281222329,0.7356079191631498,0.7991335134754914,False
ABHD11,6.389351399964367,0.009836593690620182,0.03724567848278896,False
ABHD14B,2.5984557658406398,0.10741061898315153,0.1915046470936636,False
ABI3BP,0.4939021638387914,0.6198238170984847,0.7097316285997001,False
ABLIM1,0.8131366397828385,0.46208575851438827,0.5722743903099385,False
ABRAXAS2,5.409794860409434,0.0170241099620797,0.05238548437367224,False
ACAA1,0.18212313733305283,0.8353144490010369,0.8794026762810163,False
ACAA2,1.1969953432850475,0.32937466732863757,0.4356560135063211,False
ACAD10,0.23632888699433888,0.7924056142845398,0.8433702440741601,False
ACAD9,0.2087175281983973,0.8139420490594567,0.863412411015587,False
ACADM,0.43465834674312,0.6553868741617124,0.7390884789890285,False
ACADS,0.8205442560271086,0.459009277574962,0.5690492375707354,False
ACADSB,0.2957943267658305,0.7481810076324233,0.8074571840825284,False
ACADVL,0.4758219939209398,0.630439738059008,0.7189394460560612,False
ACAT1,0.3320916562894722,0.7225639104101519,0.7897298316322305,False
ACBD3,3.687673032441089,0.04982086177901615,0.11030704183778203,False
ACLY,8.811702007658111,0.0029458788597063286,0.018420835289401773,False
ACO1,0.4036384083574378,0.6749265344075626,0.7523881626080313,False
ACO2,0.30481773064424866,0.7417178591039454,0.8026928098030757,False
ACOT13,1.9999864413657893,0.16983886722158156,0.2671972037838121,False
ACOT7,10.23071205949344,0.0015758437275163874,0.013914762400283042,False
ACOX1,2.3893333132982653,0.12566283834240424,0.21438864267421703,False
ACOX2,4.767605379334627,0.02496094341939874,0.0667817336514213,False
ACP1,4.061033595172965,0.03894794081756508,0.09124073162111425,False
ACSF2,0.6548949708046136,0.5337300872024565,0.6344176132981832,False
ACSF3,1.9188777084890358,0.1811197411889791,0.2809871540390134,False
ACSL1,2.518209119396865,0.11403384780822413,0.20011910133823463,False
ACSL5,2.738956514707716,0.09683709138569264,0.17745442522104024,False
ACSL6,3.11217800497724,0.07403303093059285,0.14558960484062008,False
ACSS1,5.6239723443457,0.015047684480768491,0.04845048892472819,False
ACSS2,1.5092020782080955,0.25282034107266443,0.3622257947953154,False
ACTA2,10.145385647820232,0.0016339012938597411,0.01404948148988753,False
ACTB,0.664399551730401,0.5290876191500289,0.6307266495096929,False
ACTL6A,0.3971932194880537,0.6790687508458324,0.7543707555393285,False
ACTL6B,11.012804356674113,0.0011400342235131293,0.012171924481852892,False
ACTN1,7.3590049624227,0.005929751824181062,0.02703482770453162,False
ACTN2,6.275195762449407,0.010464684269335065,0.03855871477306799,False
ACTN4,0.8038457163300563,0.4659774917378103,0.5750492406798753,False
ACTR1A,0.279714274142529,0.7598574457799966,0.8169016043659829,False
ACTR1B,0.08990337306167452,0.9145082409933402,0.9371611974216155,False
ACTR2,8.632074377671822,0.0032009792425518376,0.01912028777502889,False
ACTR3,6.431156752339619,0.009617354700457739,0.03666411331198394,False
ACY1,5.255886029724537,0.01862643530299349,0.05540806453646799,False
ADAM10,2.233870761891089,0.14151994701677165,0.23384973144373977,False
ADAMTS18,1.084235276503441,0.36324310848939406,0.47289341746229974,False
ADAR,13.626866373961468,0.0004233468519444088,0.007947536699527809,True
ADD1,1.0984087356935361,0.358776369248823,0.4676233424164939,False
ADD3,0.3505186406982416,0.7099403442835509,0.7801311997685454,False
ADGRE5,5.582062243390388,0.015413025321509921,0.04897965656935017,False
ADH1B,19.598793706210426,6.543871825036235e-05,0.003322502194802488,True
ADH1C,2.391278359290072,0.12547762680437807,0.21438864267421703,False
ADH5,0.8130470774731609,0.46212309763613657,0.5722743903099385,False
ADRM1,12.943800222040066,0.0005416855653140579,0.009346336127181554,True
ADSS2,5.12870903136446,0.02008016592459515,0.05841027431711662,False
AEBP1,0.07683448548367626,0.9264051771111732,0.9454495960102152,False
AFG3L2,0.2570807911978785,0.7766442211484818,0.8317464957074345,False
AGFG2,1.1016783008726385,0.357754829114216,0.46656409120908265,False
AGPAT5,2.9295231658117635,0.08432883047181101,0.1607474517457552,False
AGPS,4.503937107514861,0.029378636807717445,0.07499726491018764,False
AGR2,1.1907880620065818,0.3311431548032274,0.4374771187642874,False
AGR3,0.3092271023234335,0.7385826119001289,0.8005791145001883,False
AGRN,5.932376099879932,0.012641923281728517,0.04292443257694726,False
AGT,2.6432830944633317,0.10390115510910122,0.18658776568627986,False
AHCY,7.766894232144072,0.004839820436892959,0.023969421233160957,False
AHNAK,8.894277816122456,0.0028363988325160946,0.018040044606693166,False
AHNAK2,0.20323266779299867,0.8182986968115693,0.8667990937302257,False
AHSA1,3.943401057494599,0.04205291286663431,0.09667357082424466,False
AHSG,4.649710903748439,0.02683582144857417,0.07003647793938633,False
AIFM1,0.34922207333404715,0.7108203484897112,0.7803305447302284,False
AIMP1,0.7918041770258029,0.47107677973341094,0.5804663684084059,False
AIMP2,5.702254664052626,0.014391255445292808,0.04693440097048778,False
AK1,1.9916683762584364,0.1709583444633713,0.26820290837863164,False
AK2,4.242562256077554,0.03465276872611628,0.08405459862556326,False
AK3,1.6663105703540042,0.22207527927014203,0.32833631627365806,False
AKAP10,1.7959449931603606,0.19987472829952813,0.3027255206923023,False
AKAP12,19.22151556805618,7.269446205813227e-05,0.003530422352997119,True
AKAP8,3.665549842540313,0.05056600184126123,0.11129502277180056,False
AKR1A1,2.4011283526712806,0.12454442637110322,0.2133682887369974,False
AKR1B1,1.3959138188791218,0.27799067203154987,0.386453740708452,False
AKR1B10,1.977667070451641,0.17286163214686942,0.2706187009222889,False
AKR1C3,1.234080563123712,0.319029265445453,0.42549933074933854,False
AKR1C4,0.15562072834250495,0.8572478468745341,0.8969984496101683,False
AKR7A2,0.41333138504957395,0.668750820896835,0.7481168422050724,False
AKR7A3,0.14723915551676356,0.864319742839312,0.9027070151954292,False
ALB,11.322883196811537,0.0010064990534977573,0.011977379337084381,False
ALCAM,2.3887776043392552,0.12571581105784438,0.21438864267421703,False
ALDH18A1,4.135645605953213,0.0371134080377078,0.08859552237384632,False
ALDH1A1,7.31555206718998,0.006061438208407437,0.027411443233972092,False
ALDH1B1,3.12339020725071,0.07344901428816013,0.14495149992910752,False
ALDH2,0.9072424011532146,0.4246759874211949,0.5350965346299771,False
ALDH3A1,6.326968684680046,0.010174360721305741,0.03800576486945522,False
ALDH3A2,0.6574459474982011,0.5324795578898404,0.6337556378933955,False
ALDH4A1,1.6407581729518261,0.2267737750074832,0.33395689740719675,False
ALDH6A1,3.9430680999662084,0.042062090797298925,0.09667357082424466,False
ALDH7A1,0.7278888830384704,0.4992250174167311,0.6054329221172147,False
ALDH9A1,0.07153455936110915,0.931279746758477,0.9482584112390327,False
ALDOA,4.48487003995329,0.02973099936161078,0.07547619610663464,False
ALDOC,2.1564333186189204,0.1502567120964108,0.2439487607728065,False
ALOX5AP,3.043218963522558,0.07774281813840372,0.15070536293534567,False
ALYREF,8.133276842633485,0.004051206075878893,0.021713193829230624,False
AMACR,4.3337203759017076,0.03270014688506861,0.0805246154525286,False
AMBP,7.806729994032989,0.0047461484131552075,0.023768710668464255,False
ANK2,6.444614908035844,0.00954795877431557,0.03652421216065237,False
ANKRD22,5.615245063916396,0.015122945971652596,0.048503700836898665,False
ANP32A,4.879611081849882,0.023316156798671064,0.06438602507815964,False
ANP32B,9.983227523167395,0.0017510453935461058,0.014390327379436723,False
ANP32CP,2.3307861998943507,0.13138554646211031,0.22068820360628152,False
ANP32E,9.46972632584481,0.0021897684151304443,0.01609653948959205,False
ANPEP,0.1520260393628649,0.860272779261559,0.8997422232538964,False
ANXA1,0.7212588106960314,0.502252460716498,0.6074888994264518,False
ANXA11,8.282244879841695,0.003773059403411317,0.020812381993137983,False
ANXA2,0.00394939451661542,0.9960594294713219,0.9969519558418158,False
ANXA2P2,0.41983270957062396,0.6646444991655761,0.7447875168295143,False
ANXA3,11.29063476930808,0.0010195266688370838,0.011977379337084381,False
ANXA4,8.864169656877571,0.0028757734819758666,0.01819965427403424,False
ANXA5,0.5185583298334193,0.6056716971827111,0.6967407680258375,False
ANXA6,5.896035146362614,0.012901416270340405,0.04342004067738399,False
ANXA7,0.9960540003789987,0.39249126399125756,0.5019035396430849,False
AOC1,0.08396329591608269,0.9198940437217774,0.9409538890450782,False
AOC2,16.81155648328108,0.00014769430286948698,0.004999228372885362,True
AOC3,24.084521008894267,2.0744466135676245e-05,0.0018537254938840292,True
AP1B1,3.4328728461798064,0.05921779703145291,0.12445207767475618,False
AP1G1,2.6702408965530338,0.10185331676885605,0.18409410166798093,False
AP1M1,8.25648139956812,0.0038195760991063285,0.02084744679948183,False
AP1M2,0.1852133728538503,0.8327986299226207,0.8775811977580823,False
AP1S1,0.41008764335763903,0.6708103570206468,0.7499621863136803,False
AP2A1,0.17983410220352422,0.8371835492629411,0.8799570292426494,False
AP2A2,0.5739744587530914,0.5751805493125727,0.6713444865017175,False
AP2B1,0.36659548925315283,0.6991306383334924,0.7705268110690785,False
AP2M1,0.6818639144199221,0.5206760327080271,0.6230263830046773,False
AP2S1,1.5210312868442064,0.2503445017693447,0.360018193227875,False
APCS,22.59198080880064,2.9824876508219552e-05,0.002379599075691517,True
APEH,1.89435972725908,0.18469518762247777,0.2843618533071091,False
APEX1,3.1565711786987922,0.07175105643062472,0.14299006250313614,False
API5,2.1078650293040866,0.15604784454266837,0.25079919763188574,False
APMAP,11.697669103979687,0.0008681518839037029,0.011146271888740645,False
APOA1,6.169095162544473,0.01108948104069688,0.039765490601792665,False
APOA4,2.528635299604329,0.11314768944403754,0.19904900571314554,False
APOB,4.192822443015379,0.035773737307961836,0.08639840988755323,False
APOBR,0.6741278503551031,0.5243832117380032,0.6261208418079632,False
APOC1,0.8121117367305546,0.4625132518035234,0.572440224115829,False
APOD,2.9477567572370824,0.08323128099295712,0.15937018701331485,False
APOE,1.4303381963799304,0.27005372947371165,0.37871941722804253,False
APOH,7.524157745339331,0.005457999159506745,0.02586188259303779,False
APOL2,5.186269625952045,0.019406845351673523,0.05689618440372526,False
APRT,3.519963178027843,0.05579668536048856,0.11882725938544467,False
AQP1,8.969947233595498,0.002740109491720041,0.017898843872814537,False
ARCN1,5.973715226105164,0.012353904644977255,0.04245941996442952,False
ARF3,3.477446361440959,0.05743803151895813,0.12162707337758527,False
ARF4,4.636637922303044,0.0270533784668168,0.07027586918007991,False
ARF5,1.3844595466820533,0.28068995352955606,0.3885138514157548,False
ARF6,0.7123014415707195,0.5063757023612502,0.6111901176510203,False
ARFGAP1,2.615093144107229,0.10609265752433442,0.18989056793883213,False
ARFGEF1,2.055975166541501,0.16251628344558375,0.2595149229574225,False
ARFGEF2,19.741533231123384,6.291046148343192e-05,0.003268417929162486,True
ARFIP1,9.083824882766034,0.0026021013119901493,0.017391214063107965,False
ARHGAP1,3.7215445242073657,0.048704007558294744,0.10860026803890184,False
ARHGDIA,7.237048864039696,0.006307838260012146,0.027885299928122373,False
ARHGDIB,4.385911068342551,0.031638501206243064,0.078623509294873,False
ARHGEF1,3.665738305462315,0.05055960103722239,0.11129502277180056,False
ARL1,0.7764647884716028,0.4776644689557376,0.5859980360500372,False
ARL6IP1,2.0608973824317673,0.16188982312670744,0.258884656309996,False
ARL8A,0.0560320882841676,0.9457057369489619,0.957078594795038,False
ARL8B,1.3443809320448923,0.29037129300132875,0.39817064935227015,False
ARPC1A,2.0338425752228892,0.16536730615181763,0.2627528890065154,False
ARPC1B,9.379416486552042,0.002279180688561307,0.01646788225090412,False
ARPC2,7.594244600757294,0.005270770418450403,0.025301421038421555,False
ARPC3,5.817899362748712,0.013480050196167728,0.04493653727773932,False
ARPC4,3.972789432677122,0.04125169562008075,0.09539988407376852,False
ARPC5,4.400594214508912,0.031346901816812975,0.07815734225308056,False
ARPC5L,1.7158187662956301,0.2132824072587917,0.3184979263476876,False
ARRB1,2.3979865122370456,0.12484123114665323,0.2137128815184853,False
ARSL,5.965773038794994,0.012408657520269378,0.04254903477384358,False
ASAH1,0.9592394882220994,0.4054847941294762,0.516155572698148,False
ASL,1.676291530250883,0.22027005273242312,0.3263151842203138,False
ASNS,9.957433771222984,0.001770542891518094,0.014390327379436723,False
ASPH,7.019158470598485,0.007053401970546216,0.030128680692543493,False
ASPN,26.45739873315873,1.2049010109070107e-05,0.0015833816813919186,True
ASS1,7.613113550389542,0.005221615455049269,0.025301421038421555,False
ATAD1,4.68097384278476,0.02632354624201897,0.06894115158812471,False
ATAD3A,5.763671976977212,0.013898923968868585,0.04579674947854339,False
ATAD3B,8.793300292297092,0.0029709237926619633,0.01844969892924001,False
ATAD3C,3.417765099859915,0.05983514944588116,0.1249887561849155,False
ATIC,1.9039985328813247,0.18328010719973492,0.2829466348944826,False
ATL3,0.879746398514391,0.43523910558235357,0.5450247544119831,False
ATP1A1,1.2659338233870436,0.310436706739868,0.41627587206294425,False
ATP1B1,0.7419409741906804,0.4928766294868258,0.599720256140288,False
ATP1B3,0.6545739424566067,0.5338876960611391,0.6344176132981832,False
ATP2A1,8.64783154550365,0.003177626868277484,0.01908284522508575,False
ATP2A2,4.934489905161436,0.022555355149358473,0.06282875736118058,False
ATP2B1,1.5115886891179713,0.25231859988925254,0.3617970167860014,False
ATP2B4,14.594379819618807,0.0003025839294449947,0.006627181356667825,True
ATP5F1A,0.14087844856684203,0.8697306860327219,0.9058174137981821,False
ATP5F1B,0.06535886908869777,0.9369965043720578,0.951477359439626,False
ATP5F1C,0.14508525426813243,0.8661477455462411,0.9033492360178818,False
ATP5IF1,4.0828576435936155,0.038400916052933914,0.09030803789481485,False
ATP5ME,1.2110388807283834,0.3254129516721379,0.4322072140520547,False
ATP5MF,0.2951467081827756,0.748647323525379,0.807545595743293,False
ATP5MG,0.5989311272007968,0.5620198855469652,0.6604694499273647,False
ATP5PB,0.4684323440544173,0.6348378370912879,0.7221118778319436,False
ATP5PD,1.6682458649378198,0.22172394186973882,0.3280339643291368,False
ATP5PO,0.42324139079791445,0.6625029551407079,0.7441083970760892,False
ATP6AP1,5.318770867449464,0.01795194835742894,0.054268812761158663,False
ATP6V0A1,1.3381760490516934,0.29190370997902276,0.39957897554726524,False
ATP6V0D1,4.797112183565286,0.024515229474457015,0.06640959642761791,False
ATP6V1A,2.5273642878066314,0.11325529845878157,0.19906556786539578,False
ATP6V1B2,1.7029033841785164,0.21553758156663613,0.3201535619812933,False
ATP6V1E1,1.0082295522490017,0.3882982966701391,0.4985393073339602,False
ATP6V1G1,1.0687858728664779,0.3681839038562675,0.4782109541947102,False
AZGP1,6.823276730494304,0.00780983044133397,0.032013139827413,False
AZU1,3.326489794857468,0.06372384080255618,0.13112750855090222,False
B2M,2.5667757726918046,0.10997184495136582,0.1949818266836121,False
BABAM2,2.7343731777386324,0.09716281984234637,0.1777737424470121,False
BACC1,6.277525845194637,0.010451418000233598,0.03855871477306799,False
BAG2,31.799568314358083,4.027644459376701e-06,0.0007498131435206291,True
BAIAP2L1,4.091508059894142,0.03818650520808637,0.09017827974087204,False
BASP1,0.05649914996604403,0.9452674246590893,0.957078594795038,False
BAX,4.28075967871703,0.03381892122961839,0.08266025167064275,False
BCAM,1.7579534840186142,0.20610902918096796,0.30902521556394796,False
BCAP31,7.7627534295711484,0.004849676990773838,0.023969421233160957,False
BCAS1,0.2778578915752124,0.7612186953670873,0.817971411952897,False
BCAT2,0.31262640809410963,0.7361758150100991,0.7991335134754914,False
BCCIP,10.374951430350057,0.001482937840534046,0.01350065414249349,False
BCKDHA,1.5013438546600204,0.25448039706634384,0.36396236046492453,False
BCL2L13,0.03793907414955765,0.962863676656108,0.9694615658325638,False
BCLAF1,7.728501132096052,0.004932087536073527,0.024162902534184776,False
BDH1,1.15418764282115,0.3417922172079825,0.4496842245245187,False
BGN,16.990430459348147,0.0001397932931276484,0.004826833408936353,True
BICD2,4.115224443460734,0.037605591930003054,0.0895638511424593,False
BIRC6,0.19992751390858016,0.8209367532674625,0.8687268099401109,False
BKGD,1.44858193560604,0.2659517382491587,0.37556016640241496,False
BLMH,4.347402001080443,0.03241798656239911,0.08011259068628275,False
BLTP3A,2.388828160310359,0.12571099078550768,0.21438864267421703,False
BLVRA,4.2510955982476615,0.034464483954450176,0.08381523589526149,False
BLVRB,1.314084059590182,0.2979412017101943,0.4053597104875603,False
BMS1,18.442913775971007,9.074419110658551e-05,0.004054450458642241,True
BOLA2,10.992123787078366,0.0011496311842752731,0.012171924481852892,False
BPNT1,2.419978887987043,0.12278034980615027,0.21146558596433365,False
BRIX1,4.365095540187953,0.032057169865723614,0.07948470308549008,False
BROX,14.728938289555062,0.0002891139678127196,0.006590618409118527,True
BSG,1.9683275903002548,0.1741445588237059,0.2722455874122876,False
BTF3,4.501530362260185,0.02942285179050157,0.07499726491018764,False
BUB3,5.3888943122098345,0.017232250788562463,0.05273540857760074,False
C1QB,1.0691332492018073,0.3680719775485035,0.4782109541947102,False
C1QBP,11.707705777472526,0.0008647553666626575,0.011146271888740645,False
C1QC,3.5284900050469137,0.05547394747364257,0.11843379794323668,False
C1S,0.9208724149748637,0.4195476762692463,0.531030883164587,False
C3,3.065321924876179,0.076531278144194,0.14944490929747264,False
C4A,2.7752492697571176,0.09430109332257841,0.17443549883759502,False
C4B,1.9087619938652365,0.18258531936229075,0.28228069443277337,False
C4BPA,0.4832899045087806,0.6260301098629617,0.7157375974584731,False
C5,0.6977970757215013,0.5131339470681272,0.6159813206610404,False
C6,2.8606031536479786,0.08862814967248181,0.16624289367617495,False
C7,0.5258219801419279,0.6015726136212529,0.6945287952609194,False
C9,2.1676570292433035,0.1489533288615674,0.24271461464386693,False
CA1,1.6062131189374025,0.23330599530161303,0.3399906024160492,False
CA12,0.7692159767080049,0.48081384268027644,0.5882465085146427,False
CA2,1.3900302519766021,0.2793734842176402,0.3870306990248992,False
CAB39,1.1975391972828875,0.3292202311200136,0.4356560135063211,False
CAB39L,6.6585493778140314,0.008517630130383579,0.03379858744677887,False
CACYBP,7.857803580401808,0.004629042403210491,0.023431361356295238,False
CAD,13.001033789626517,0.0005304461048469592,0.009330839356126826,True
CALB2,7.433870019724992,0.005710402525916029,0.02657716508936752,False
CALD1,8.584274756897141,0.003273017678156974,0.01944659971543266,False
CALM1,0.9189144220348964,0.42028003841669215,0.5316566284387827,False
CALR,6.36453519310823,0.009969413666186372,0.03751967985755183,False
CALU,10.763070970464328,0.0012622806491795744,0.012888683863512973,False
CAMK2B,4.646196503017921,0.02689411164953443,0.07005761609144787,False
CAMK2D,1.0366491224605563,0.3787073564226038,0.48875345710461976,False
CAMP,3.7270619181081743,0.04852478186749081,0.10840436269197447,False
CAND1,1.3317850855990545,0.2934916725046292,0.4012609524940891,False
CANX,6.233703227623107,0.010704146317739914,0.03907363214678263,False
CAP1,4.099460832141292,0.037990582695755594,0.09000101987520466,False
CAPG,7.401619287720304,0.005803747342677461,0.026678130789179934,False
CAPN1,2.1410212726119813,0.15206759134374795,0.24617318772603836,False
CAPN2,0.8471620820847984,0.44814455730075226,0.5589921502009383,False
CAPN5,0.7267118014038838,0.4997609866527812,0.6054329221172147,False
CAPNS1,0.2189731859904321,0.8058662788359064,0.8568801841596454,False
CAPRIN1,10.786232541752376,0.0012503387425299845,0.012872150925400854,False
CAPZA1,3.5476385066181546,0.05475686331421034,0.11784858636218296,False
CAPZA2,0.7189549902064095,0.5033093050753278,0.6084377638194168,False
CAPZB,1.7865087018762904,0.20140300694149113,0.3038044007476645,False
CARHSP1,7.738710066145621,0.0049073601175177554,0.024101179398980842,False
CARS1,4.612674584164384,0.02745738051541793,0.0711598469506307,False
CARS2,8.348888220926275,0.0036556823948114183,0.02072645497799223,False
CASP1,10.094879212499476,0.0016694072762006742,0.014156621435403475,False
CASP6,1.7620128068574001,0.20543249780318848,0.30863227981998864,False
CASP7,1.8058329241171953,0.19828738848273486,0.3013002135740098,False
CAST,3.5181977026790383,0.05586377368252835,0.11885682895882699,False
CAT,0.4534908336211601,0.6438372337940917,0.7292530316297473,False
CAV1,13.43103549217311,0.00045397205454926465,0.008245313576122416,True
CAV3,7.2713514329888005,0.00619880171467136,0.027696246061151637,False
CAVIN1,27.063691751678995,1.0551362662580748e-05,0.0015645018057389454,True
CAVIN2,34.003765076006374,2.674873536612781e-06,0.0007406765922533148,True
CAVIN3,17.64787145938265,0.00011460412156949319,0.004655011047022687,True
CBR1,2.204131250776629,0.144805317985149,0.23727521533898055,False
CBR3,1.2984802563824043,0.30192703125241,0.4092870071710461,False
CBX1,1.3187501205714907,0.29676091240310515,0.404246267261303,False
CBX3,19.789943770410137,6.207827911165019e-05,0.003268417929162486,True
CBX8,4.674511868393964,0.02642851706181034,0.06913502004225328,False
CCAR2,2.700444670665364,0.09961303945801923,0.18107040695623675,False
CCDC6,1.3040322825107362,0.3005019384234681,0.40809807321460656,False
CCNY,2.2404475077485455,0.14080486115848076,0.23317869520240625,False
CCT2,11.548362216911215,0.0009205071557863569,0.0116077543206333,False
CCT3,11.536331450728094,0.0009248792609994304,0.0116077543206333,False
CCT4,8.498853575085073,0.003406379244955825,0.01976584735904237,False
CCT5,0.615653834533864,0.5533923075094055,0.6530789302567416,False
CCT6A,10.446968267414317,0.0014388855907504453,0.01350065414249349,False
CCT7,11.004117606097221,0.0011440542674230128,0.012171924481852892,False
CCT8,11.26570402920737,0.0010297291508807628,0.011977379337084381,False
CD151,6.159907318331737,0.011145545527977915,0.03983863793520426,False
CD2AP,6.833900393278974,0.007766522572341785,0.03195287555545404,False
CD44,0.2911308664285663,0.7515462835556206,0.8091346493798826,False
CD46,4.789417626755062,0.02463058366596042,0.06653533725484351,False
CD59,2.806968092099821,0.09214621240763166,0.17140269651844223,False
CD63,1.3029690481352383,0.30077425799662943,0.40821236981810866,False
CD74,4.414151930474655,0.031080355001825474,0.07766612200679877,False
CD9,0.12831733498840095,0.8805293594843376,0.9140811287583691,False
CD99,0.6722341212507794,0.5252952523665726,0.626874783005835,False
CDC37,2.8030723553701473,0.09240784710346905,0.17160359969172892,False
CDC42,2.5230001001471623,0.11362567212715471,0.199559553091245,False
CDH1,1.5042708824980418,0.25386062056576975,0.3633085370556884,False
CDH17,0.5169792913449821,0.6065669764178905,0.6974032134801392,False
CDK11B,5.465703756060783,0.016481197612346794,0.051208616781617165,False
CDK5RAP3,1.046811415553253,0.3753432109160882,0.4859173562990408,False
CDV3,15.419072004505813,0.0002298697152005659,0.006244800826855204,True
CEACAM5,20.376441875584916,5.292726169783238e-05,0.0032128699571132304,True
CEACAM6,14.179396918662128,0.0003488233107861011,0.007084284329964999,True
CEACAM7,0.2654487151806186,0.7703894139499803,0.8258397076603915,False
CEACAM8,7.3069084832988365,0.006088026500913093,0.027423552374749107,False
CEL,1.3897261300834702,0.27944517346784353,0.3870306990248992,False
CELA2A,0.7354990853182278,0.49577548807375077,0.6022634259688739,False
CES1,23.81823917295189,2.2104436709295185e-05,0.0018992812157140556,True
CES2,2.724775164004658,0.09784896210387486,0.1785903442320723,False
CFAP43,5.905496881573348,0.012833278102507275,0.043372985296522316,False
CFB,0.3291369284994554,0.7246116458449334,0.7908072383085399,False
CFH,2.057405813190902,0.1623339193964944,0.25940913872086446,False
CFI,0.03676939389427493,0.963984990177059,0.9696274056981313,False
CFL1,1.3521191800208017,0.2884729411711371,0.396339822002657,False
CFL2,14.620598455426334,0.00029990446614797556,0.006627181356667825,True
CGN,2.0441700982571933,0.16402996577506215,0.260999247536673,False
CHAMP1,0.49498015271933715,0.6191972954112013,0.7093778245890378,False
CHCHD2P9,5.403855327319945,0.017082968333851117,0.05249429333950949,False
CHCHD3,3.5630989037325556,0.054185553379633086,0.11707014144110282,False
CHCHD4,6.016597767841755,0.012062964502153325,0.04171619612664169,False
CHD3,7.342849713950414,0.005978328829489331,0.027195658117885105,False
CHD4,5.377555574129286,0.017346374945306834,0.05293961971013042,False
CHMP4A,2.9283327691209977,0.08440105343327406,0.1607474517457552,False
CHMP4B,9.428998559164981,0.002229589781273143,0.016235126300486867,False
CHTOP,4.885771975118967,0.02322931339717557,0.06428784938696613,False
CIRBP,0.9348988285862604,0.4143433675975821,0.5253365966021558,False
CISD1,0.7731304185957832,0.47911023166842015,0.5874490985440454,False
CKAP4,4.85089981219948,0.02372575187492176,0.06511465563707029,False
CKAP5,9.560218774304538,0.0021041418032108775,0.016066663112687153,False
CKB,6.46610347141938,0.00943832788850005,0.03629126420466284,False
CKMT1A,0.2470067781428488,0.7842507737216242,0.8370837212107543,False
CKMT2,6.7028204331631684,0.008320511081509552,0.03355238584132191,False
CLC,0.1057750718110245,0.9002920030542721,0.9294142027833844,False
CLCA1,8.839485252030986,0.0029085175938335724,0.018251764900629776,False
CLCA4,0.14129074975265268,0.8693787872548844,0.9058174137981821,False
CLEC3B,6.245784547412831,0.01063378761384467,0.03894406808086721,False
CLIC1,9.477437841995483,0.0021823196201541965,0.01609653948959205,False
CLIC4,2.0090797097862896,0.16862455489577155,0.26593398868315793,False
CLINT1,1.3941662537378612,0.2784005900017047,0.3865425221030505,False
CLIP1,0.1085229769266396,0.8978562328899898,0.9281864064212112,False
CLPTM1,0.7555392474944517,0.48682024135912916,0.5946180531417685,False
CLTB,6.890503825659858,0.007540314856830218,0.031348002365036,False
CLTC,2.9510881409671508,0.08303250629295815,0.1592228489772262,False
CLTCL1,2.34615973769128,0.12985476672667295,0.21868030567102406,False
CLU,3.557327844532401,0.05439801812124256,0.11728416630817244,False
CLYBL,2.1346505767146247,0.15282334848436016,0.24721749494139075,False
CMA1,8.95668643507587,0.0027567127760671807,0.01790260564457582,False
CMAS,8.25290987832151,0.0038260757331188677,0.02084744679948183,False
CMBL,0.3299084227515762,0.7240763381149405,0.7906092567687083,False
CMPK1,5.2214759183672195,0.019007641153751847,0.0563170694131056,False
CNDP2,5.332057857299887,0.017813003663470408,0.05399491205453581,False
CNN1,10.588908121628865,0.001356334563118181,0.01323166556334505,False
CNN3,6.919921433521054,0.007425706320622244,0.030949678955727783,False
CNP,4.666384687575736,0.026561212326463517,0.06940087524832689,False
COASY,0.6213711206778225,0.5504771537870307,0.6499820092813037,False
COG1,8.265987654075243,0.003802337032763707,0.02081965914508363,False
COL12A1,15.119427786994715,0.00025371571554342,0.006404588234810842,True
COL14A1,24.961889741017753,1.689102435549536e-05,0.0017729020240489913,True
COL15A1,6.8136579478465595,0.007849278076886441,0.032115910666234995,False
COL18A1,1.4871803655515852,0.2575037408164347,0.36675695695097904,False
COL1A1,1.9643391736440308,0.1746957170070811,0.2725349578554795,False
COL1A2,3.5354008061127384,0.05521392743399076,0.11843379794323668,False
COL3A1,5.697525052899569,0.014429981098315751,0.046992095879937884,False
COL4A1,1.3259308604045417,0.29495486780073676,0.402522403583901,False
COL4A2,1.633089206297376,0.22820582650813165,0.3353136096737522,False
COL6A1,16.23223686987446,0.00017697805497312273,0.005312391902341154,True
COL6A2,14.8118342260161,0.00028115442074102924,0.006590618409118527,True
COL6A3,19.386564545165758,6.941360896701003e-05,0.00344600005405112,True
COL8A1,6.193938383412061,0.010939480661841328,0.03948109822060344,False
COLGALT1,8.356989232450966,0.003641698529521723,0.02072645497799223,False
COMMD3,0.40669717259721205,0.6729707423597155,0.7511670916814575,False
COMT,0.06831404051916774,0.9342559925011105,0.9504225351764484,False
COPA,6.680159354096224,0.008420757096292177,0.033662224286779716,False
COPB1,5.400824701873215,0.017113089444567603,0.05251461788346706,False
COPB2,4.707803980250993,0.025892731698678693,0.06837395108138085,False
COPE,4.895878835555717,0.023087640765721295,0.0639922946285625,False
COPG1,5.218679549172614,0.01903900666084414,0.05633528593420637,False
COPG2,1.8520764199806294,0.19105091547425246,0.2923340720338904,False
COPS4,0.428228257127346,0.6593839723866166,0.7420976293761721,False
COPS5,1.462902428429946,0.2627813022779058,0.37178811227919034,False
COPZ1,1.2485954387918303,0.3150808228912496,0.4209453871508732,False
COQ8A,3.0533364078782896,0.07718556862590847,0.14984402058290214,False
CORO1A,2.24106559792225,0.1407378673411396,0.23317869520240625,False
CORO1C,3.2193362056511297,0.06865944388634881,0.138684627162842,False
CORO7,3.132915385658686,0.0729569704234216,0.14449102121092539,False
COTL1,1.5579867403634189,0.24278501103729686,0.35082905217161786,False
COX20,2.351549051896545,0.12932293274028242,0.21804334471078562,False
COX4I1,0.8097464850367385,0.4635015245219855,0.5730284481362012,False
COX5A,0.9961000834952817,0.39247529763474637,0.5019035396430849,False
COX5B,0.6883534371437846,0.5175891040711353,0.6196645543917022,False
COX6B1,2.2917501479779188,0.13536520683897427,0.2263039941382981,False
COX7A2,0.7707518494586465,0.48014459577124996,0.5882465085146427,False
CP,8.905589948110846,0.0028217633153974487,0.018037020104589126,False
CPA3,8.762238264226978,0.0030137489843395046,0.01844969892924001,False
CPAP,5.865344458603243,0.013125271772361377,0.04396011211175426,False
CPNE1,1.6323208801845686,0.2283498625486974,0.3353136096737522,False
CPNE3,2.2751789350246696,0.13709578607709785,0.2283907428010713,False
CPS1,0.17856408593731962,0.8382226189589395,0.8803899063254681,False
CPSF3,4.069913662864529,0.03872430117793695,0.09087194204990667,False
CPSF6,7.481560463259617,0.005575471371664726,0.026112375354924527,False
CPT1A,0.4490790530340864,0.6465220706322751,0.7309363895711045,False
CPT2,0.10457565774077221,0.9013575226378133,0.9300843905648383,False
CRAT,4.467464646415279,0.030056840487892245,0.07587229564966247,False
CRKL,3.6886501614939124,0.04978823881125329,0.11030704183778203,False
CRMP1,1.5733080667181423,0.23972705474217795,0.34798586113971774,False
CRNKL1,0.7067428240160173,0.5089537221100104,0.612288889901557,False
CRYAB,5.510596500918271,0.016059440605429704,0.050318078979705416,False
CRYBG1,5.057967466831751,0.02094422637369943,0.05976567669523428,False
CRYL1,0.18768947314960846,0.8307889861383749,0.8761960875637248,False
CRYZ,0.7432990519807341,0.4922679473564218,0.5993060459914149,False
CS,1.2850912038269577,0.3053953473030945,0.41223758663148824,False
CSDE1,0.5146980589764536,0.6078630335714006,0.6978242636169111,False
CSE1L,13.739410548489348,0.0004068094450292155,0.007947536699527809,True
CSK,4.781673928609838,0.024747296031530024,0.06656820697078597,False
CSNK1A1,2.6141698284359034,0.10616531752712684,0.18989056793883213,False
CSNK2A1,4.688838843331657,0.02619642110214667,0.06868873796032354,False
CSNK2B,4.4404348163609395,0.030570913033492055,0.07690925643786177,False
CSRP1,9.180782020735604,0.00249078603229885,0.01701180302274215,False
CSRP2,3.946926593513032,0.04195587104988334,0.09662826384065916,False
CST3,1.0595408593850821,0.371176912520191,0.4818182583208058,False
CSTB,2.8161648104515287,0.09153189148575355,0.17071338031060274,False
CSTF2,6.456905654819893,0.009485077954311008,0.036372426776527016,False
CTBP2,0.3848681323026096,0.6870703646121831,0.7606120884755287,False
CTNNA1,2.255186903921306,0.13921707843861067,0.2312597546187887,False
CTNNA2,1.4994164696901615,0.25488944294083227,0.3640088476539159,False
CTNNB1,3.8624189308261814,0.04435356096956041,0.10090209287779833,False
CTNNBL1,4.750566969303602,0.0252224958707627,0.06732025779603808,False
CTNND1,0.03310735642577933,0.9675051823824646,0.9722926574189951,False
CTSA,3.11726972920547,0.07376716542638172,0.14519457935025265,False
CTSB,2.0905015212242155,0.1581792770363625,0.25331362358368015,False
CTSD,0.7858079974028311,0.4736395773463195,0.5826601408544481,False
CTSG,0.94927696368183,0.40908436184374614,0.5195534191921142,False
CTSS,1.562209507547244,0.24193780599198955,0.3500576804314149,False
CTSZ,0.7532614604950318,0.48782881348698576,0.595378470236853,False
CTTN,11.256817864867557,0.0010333935958431928,0.011977379337084381,False
CUL1,2.2344177288035345,0.14146031895540445,0.23384973144373977,False
CUL3,0.12088320716658912,0.8869919549312487,0.9195081333254802,False
CUL4A,0.4156117432205741,0.6673072517871755,0.7468759521505762,False
CUL5,1.2194263903607923,0.32307258579008774,0.4298654893716831,False
CYB561A3,0.2521988239534732,0.7803199403091043,0.8340836108375785,False
CYB5A,0.1907097512075609,0.8283451153447738,0.8745382739509568,False
CYB5B,7.498643281869015,0.005528020608768415,0.025999153768397135,False
CYB5R1,0.46680060133503576,0.6358136822384503,0.7224861475690223,False
CYB5R3,1.788860756644051,0.20102083850859223,0.3038044007476645,False
CYC1,1.3728099717891926,0.2834657697590669,0.3911442431388236,False
CYCS,4.046073571216728,0.039328019072478626,0.09171064155314954,False
CYFIP1,6.6483921336520835,0.008563598837848884,0.0339203542619759,False
CYP2S1,24.81900861576039,1.7459196297707168e-05,0.0017729020240489913,True
CYRIA,3.084641502916062,0.07548980892354233,0.14780388530691813,False
CYRIB,6.15281810048705,0.011189023731288269,0.039866473709247195,False
CZIB,0.37717817274759347,0.6921169085310014,0.7650614416913692,False
DARS1,2.1841775110815944,0.14705808777198495,0.2403275552908664,False
DARS2,0.6989791760141997,0.5125793429896821,0.6156463721714783,False
DAZAP1,6.040016617648843,0.011907360307710882,0.041350290864924165,False
DBI,4.306429882413976,0.03327132019190387,0.08176911915149972,False
DBN1,0.31990441942364556,0.7310526222207222,0.7955048991919598,False
DBNL,5.103872954383488,0.02037883480302255,0.05880901106037219,False
DBR1,0.8234800045474554,0.457796450612708,0.568176261482661,False
DBT,0.6961824412684838,0.5138925817179297,0.6165607022330049,False
DCAF8,0.09159082107672666,0.9129847749623302,0.9360293654271894,False
DCK,0.5462557624513813,0.5902088627525437,0.6853647231049668,False
DCN,39.30794161954957,1.0853327289795228e-06,0.000404105552756709,True
DCTD,7.631513023554048,0.00517418324876515,0.025176415283503416,False
DCTN1,2.750795714995547,0.09600141522437677,0.17622609828369573,False
DCTN2,0.8878819456935061,0.4320829753716476,0.5418028932044773,False
DCTPP1,1.1478661162555661,0.3436705319384072,0.4516235107943539,False
DCUN1D5,4.058817367436732,0.0390039833026697,0.09124073162111425,False
DCXR,1.4078657103625725,0.27520544108064815,0.38377587726227713,False
DDAH1,2.678942470301569,0.10120210056020494,0.18321352727025755,False
DDAH2,0.8503356310300317,0.4468687523699493,0.5580239199521894,False
DDB1,6.138940062416252,0.01127469543756939,0.04010775415211786,False
DDOST,5.783469283935263,0.013744315206797184,0.04542130202956347,False
DDT,2.9300099781179294,0.08429931509805863,0.1607474517457552,False
DDX1,2.4597994983822034,0.119146148441293,0.20713812888548525,False
DDX17,7.581668124709513,0.00530382427650807,0.025372041613959374,False
DDX18,6.069538401249598,0.011714436902523157,0.04095469802853949,False
DDX21,11.940892005397655,0.0007899290168214006,0.010744694573286702,False
DDX27,11.4155220212785,0.0009701122556002163,0.011960860167519604,False
DDX39A,9.302093704539168,0.0023590326800813285,0.016775158269858204,False
DDX39B,5.5756775215583,0.015469560166422432,0.049089484959925725,False
DDX3X,5.449993679385164,0.01663174440122913,0.05160460693381372,False
DDX42,2.654337887707855,0.10305578987845494,0.1858164928074805,False
DDX5,11.646174728205782,0.0008858176729619513,0.011308095322268567,False
DDX50,4.4695771506759465,0.030017077933429805,0.07585763812588482,False
DDX6,5.48575846885051,0.016291256027044232,0.0507596456965367,False
DECR1,0.8947080046577417,0.42945485444712667,0.5395962569375033,False
DEFA1,10.493728975598941,0.001411076842409112,0.013414236876348748,False
DEK,8.190965312758378,0.003940823714619776,0.021368447035098496,False
DERA,1.2613462256709886,0.311657910015956,0.41766273003937954,False
DERL1,0.10726735159679478,0.8989683036745512,0.9289061935286528,False
DES,12.76452123608788,0.0005786778614789742,0.009346336127181554,True
DHRS7,1.3599568795530064,0.2865645167098296,0.3944455516511148,False
DHX15,7.033322266467896,0.007002009515577295,0.029994738917497273,False
DHX9,7.782340215879703,0.004803253384676654,0.02384548458081699,False
DIABLO,0.6892587239574702,0.5171601290894686,0.6194829642819694,False
DIAPH1,1.5690196979452162,0.2405785408738056,0.3487686309617662,False
DIAPH2,0.7769280438707334,0.477463995667784,0.5859980360500372,False
DIP2B,4.135382629861231,0.0371196996158998,0.08859552237384632,False
DKC1,9.06574781485505,0.0026234732046854898,0.017391214063107965,False
DLAT,2.535425045649142,0.11257480123136553,0.19833762298964558,False
DLD,1.4007144212475633,0.27686813372332086,0.3856130989637773,False
DLST,0.19307029943452125,0.8264407393841635,0.8729402419783552,False
DMBT1,1.7432435645472317,0.20858184145895753,0.31231356154109324,False
DMD,39.65785558701112,1.0263703893485582e-06,0.000404105552756709,True
DNAJA1,20.525514055041164,5.085194520875859e-05,0.0032128699571132304,True
DNAJA2,4.198376078587381,0.03564656066012423,0.0861844334574865,False
DNAJB1,7.827369138391131,0.004698425540298997,0.023693640309318195,False
DNAJB6,0.05001475555947212,0.9513733295566493,0.9617049856242329,False
DNAJC10,8.586387911742191,0.003269794405893486,0.01944659971543266,False
DNAJC19,1.9115353139755673,0.18218218413336434,0.28185249262737944,False
DNAJC5,10.254611246855145,0.0015600040267659163,0.013914762400283042,False
DNM1,4.829813783757856,0.02403176087608801,0.06560767169846222,False
DNM1L,5.81566118524546,0.01349705304984919,0.04493653727773932,False
DNM2,2.4496284955647525,0.12006266717973094,0.2079224794414875,False
DNPEP,3.0595667969050733,0.07684466333262065,0.1496695535179377,False
DNPH1,1.4605856191028868,0.2632913074526761,0.3720384445599484,False
DOCK2,0.5852001151262493,0.5692180643379406,0.6670213702560065,False
DOCK7,3.159462184130642,0.07160523532356229,0.1429545091267544,False
DPEP1,4.695946767768787,0.026082131164256984,0.06854997767170601,False
DPP3,6.292980725693645,0.010363906959047153,0.0383962987504334,False
DPT,26.7877940972129,1.1205026361603906e-05,0.0015645018057389454,True
DPYSL2,2.6458017293475695,0.10370786478479752,0.1863904826462089,False
DPYSL3,6.993564593388348,0.007147355726389851,0.0301294670905217,False
DRG1,6.697798968084689,0.00834260740048437,0.03358087375258033,False
DSC2,1.4325772235559884,0.26954645821935863,0.3784832103469813,False
DSG2,3.3768396778536687,0.0615444679538233,0.12777912770338407,False
DSP,1.3583154513856925,0.28696300537019115,0.39475083374199943,False
DST,0.838485673940566,0.45165370098548946,0.5621138540398793,False
DSTN,6.676256885415077,0.00843815828137719,0.033662224286779716,False
DUSP3,3.5561333211214166,0.05444211300876223,0.11728416630817244,False
DYNC1H1,0.5395527193173816,0.5939095649225389,0.6878143950424841,False
DYNC1I2,1.2591288958240663,0.31225010690987753,0.41795490643299366,False
DYNC1LI2,0.8246602199218359,0.45730989965149654,0.5678878909513303,False
DYNLL1,0.08448056109242418,0.9194236189222521,0.9409035110729781,False
DYNLT1,6.029096787839631,0.011979631173021954,0.041492241923303946,False
DYSF,2.2909616435055966,0.13544698941732908,0.2263039941382981,False
EBP,4.86538464191051,0.02351810087215575,0.06486350289925426,False
ECH1,1.2504990489995416,0.3145671088945804,0.42055231673877475,False
ECHS1,2.0227651315164747,0.1668155099468264,0.2639276552558146,False
ECI1,1.5297261311816344,0.2485421991413579,0.3577598407743515,False
ECI2,0.09931891101291239,0.9060443314133172,0.9314786177530375,False
ECPAS,8.755848259946111,0.0030226453930625977,0.01844969892924001,False
EDC4,3.0573042768125367,0.07696826288055823,0.14967551321402098,False
EEA1,0.7093890679140529,0.5077245756192946,0.6121191051988689,False
EEF1A1,8.924989556653093,0.0027968631033526243,0.018037020104589126,False
EEF1B2,6.487683989707108,0.009329661444280185,0.03612212073920613,False
EEF1D,8.959173685957161,0.0027535899265286354,0.01790260564457582,False
EEF1G,6.259749422809723,0.010553111756354535,0.03871207169736623,False
EEF2,9.513652753522631,0.0021477203909776154,0.01609653948959205,False
EEPD1,3.6974945184943238,0.04949405499623563,0.10991025731768429,False
EFHD2,7.562696617464579,0.005354131192790242,0.025503473528130916,False
EFL1,8.044074609625886,0.004228856363782495,0.022176678677676278,False
EFR3A,0.39621112411791876,0.6797024534273305,0.7546994438154355,False
EFTUD2,6.13237335288437,0.011315491888526819,0.040188885340173154,False
EHBP1L1,1.2575568606927081,0.3126707332985083,0.41826731628075897,False
EHD1,8.570073769749145,0.0032947726136678367,0.01947228047337023,False
EHD2,11.167854428433026,0.0010709062011653382,0.012112618179228818,False
EHD4,2.0320812955722323,0.16559661050805474,0.2629302259239476,False
EIF1AD,0.3676359465866898,0.6984375110973353,0.7703490037837759,False
EIF1AY,4.947973634286768,0.022372758107036008,0.06269906554511433,False
EIF1B,3.792177567827626,0.04646508488158816,0.10474571102469016,False
EIF2S1,8.32903914336232,0.003690203594259472,0.02072645497799223,False
EIF2S2,7.814714796744511,0.004727620691074771,0.02375457368864581,False
EIF2S3,9.14253790086002,0.0025340362043299956,0.01720679902879395,False
EIF3A,8.791616493414027,0.0029732274861601713,0.01844969892924001,False
EIF3B,6.41117970094703,0.009721421414324371,0.03693478816258613,False
EIF3CL,7.593181552057638,0.005273555302651977,0.025301421038421555,False
EIF3D,5.070985166939581,0.020782109120320854,0.05959850035275582,False
EIF3E,9.695169840300464,0.001983402936838395,0.015656968766420403,False
EIF3F,0.9999164113575486,0.39115561059537957,0.5010559828383474,False
EIF3G,7.094468854339034,0.00678495966129433,0.02931837501611515,False
EIF3H,13.457997328930798,0.0004496101639618704,0.008245313576122416,True
EIF3I,0.5319874083497179,0.5981179459780839,0.6916125731444304,False
EIF3J,2.599716309188425,0.10731011554163346,0.19147827325879327,False
EIF3L,3.5346827352154517,0.05524088056538522,0.11843379794323668,False
EIF3M,3.2463210090710106,0.06737688124976629,0.1367120369772733,False
EIF4A1,11.001470642346634,0.001145282417872993,0.012171924481852892,False
EIF4A2,3.5167601648161155,0.05591846786199762,0.1188599973393936,False
EIF4A3,7.412032105384315,0.005773421299987727,0.02664839500862104,False
EIF4B,6.154110185851154,0.011181085062206568,0.039866473709247195,False
EIF4E,6.0841069058528925,0.01162053958973284,0.040804792029602785,False
EIF4G1,6.4379070502208116,0.009582476123745427,0.03659359258196117,False
EIF4G2,0.9789406908274565,0.3984717110194242,0.5089684404902194,False
EIF4H,3.865369834324707,0.04426726415981694,0.10080842827016416,False
EIF5,2.8194453157879247,0.09131388499262369,0.17070729629583375,False
EIF5A,20.203900496355896,5.545013211323914e-05,0.0032128699571132304,True
EIF5B,3.6541170687843016,0.050956018643780396,0.11193288657837305,False
EIF6,12.437926879117235,0.0006536713996540514,0.009836362724060325,True
ELANE,6.791302680658884,0.007941834726339778,0.032376019669056684,False
ELAVL1,10.234698986522195,0.001573188684374701,0.013914762400283042,False
ELOB,6.0488222432689875,0.011849441685323724,0.04129743014822652,False
ELOC,2.4401402983467717,0.12092486712284155,0.20909144980838082,False
EMD,3.7325522473979276,0.04834717695730259,0.10822404140542484,False
EMILIN1,3.12816161352457,0.07320206835261034,0.14459188390780858,False
EML2,0.8876277904532676,0.43218117980768955,0.5418028932044773,False
EML4,2.8921608721794088,0.08662944209442974,0.16317889851514,False
ENO1,1.5737346124524951,0.2396425479740154,0.34798586113971774,False
ENO2,6.217382925453336,0.010800031154804754,0.03929522736129287,False
ENO3,6.041374696284059,0.011898406714342445,0.041350290864924165,False
ENOPH1,3.786600774720033,0.04663755221583959,0.10492275090653136,False
ENSA,4.7964867820754975,0.024524582387101514,0.06640959642761791,False
ENTPD5,1.9634588553658285,0.17481763411231072,0.2725349578554795,False
EPB41,0.3532625214956988,0.7080820900675152,0.77847214035966,False
EPB41L2,1.7079945232081237,0.21464539873248906,0.3192528766766848,False
EPB41L4B,2.6841771031601014,0.10081262010611594,0.18295320334448661,False
EPCAM,3.251462475836332,0.06713560379086668,0.13634630806254197,False
EPHX1,4.472355199956766,0.02996487889151605,0.07585763812588482,False
EPHX2,0.7895764124859963,0.4720270983757027,0.580996439543427,False
EPN1,0.5267825692609427,0.6010328836001712,0.6942644580986465,False
EPPK1,0.24932022985135857,0.7824965228334687,0.8360101539980722,False
EPRS1,5.7031629840599924,0.01438383168841383,0.04693440097048778,False
EPS15L1,3.0800837937688454,0.07573404801396719,0.1481522445387064,False
EPS8L2,0.5896287395347601,0.5668851027428585,0.6651372476510221,False
EPS8L3,0.9793584313321344,0.3983245025436823,0.5089684404902194,False
EPX,3.8812627422216854,0.043805748475311664,0.10006343772376919,False
ERAP1,1.0546431598256005,0.3727736761918682,0.483609984095606,False
ERGIC1,1.5673179525386363,0.2409173840962649,0.3490333567257171,False
ERH,4.34096881200156,0.032550315038234356,0.08026203509427765,False
ERLIN1,1.6751173310159473,0.22048156108552855,0.32641206591455985,False
ERLIN2,1.652670455440358,0.22456950533058267,0.3309289412325341,False
ERMP1,0.367355175731045,0.6986244770214548,0.7703490037837759,False
ERO1A,7.179952851640992,0.006494182961724387,0.028416214415675423,False
ERO1B,4.480776939951754,0.029807263503294806,0.07558391222061361,False
ERP29,3.4958523028742885,0.05672085156913336,0.1202223741987134,False
ERP44,6.490474022533794,0.009315716314351746,0.03612212073920613,False
ESD,0.6507880427162043,0.5357503678857556,0.6356167402319586,False
ESRP1,0.3375174087408881,0.7188207192652799,0.7864081718112808,False
ESYT1,0.43112201763177943,0.6575817322542672,0.740632216488055,False
ETF1,7.3613012341879065,0.005922883573354228,0.02703482770453162,False
ETFA,0.47607353056165413,0.6302906398458056,0.7189394460560612,False
ETFB,1.9938361695079931,0.17066579088062978,0.2679320989650927,False
ETHE1,1.2111302269512167,0.32538736007534846,0.4322072140520547,False
EVL,0.4671254302743869,0.6356192865420954,0.7224861475690223,False
EWSR1,5.312556323725084,0.018017356375512848,0.05437457691786183,False
EXOC4,0.895965100511481,0.4289728342639325,0.5395962569375033,False
EZR,4.087155733079759,0.038294212731575746,0.09030803789481485,False
F13A1,8.889598568199204,0.0028424779326571147,0.018040044606693166,False
F2,1.6191337266399153,0.23083815380697803,0.33661386136082827,False
F9,4.1172515455244785,0.03755640614150294,0.08954216789767083,False
FABP1,1.0254498155658849,0.38245444095100256,0.4933044001642839,False
FABP5,1.286300824726793,0.305080157193187,0.4120611071158281,False
FABP5P3,9.588578936597138,0.0020780924231179228,0.01600847749394979,False
FAH,0.055945470418953855,0.945787048478048,0.957078594795038,False
FAHD1,1.1336002552248232,0.3479524924131805,0.45612855465736346,False
FAM120A,4.705713068668435,0.02592601707307188,0.06838101787631945,False
FAM162A,0.22800679233866736,0.7988279686664592,0.8498008009527952,False
FAM3C,10.562937971614476,0.0013710287006815387,0.013287390254082805,False
FAM3D,0.34241607726867207,0.7154600289896449,0.7842677648492966,False
FAM98B,10.547428469427548,0.0013798901248644633,0.013287390254082805,False
FARSA,0.4012285720608402,0.6764719354350437,0.7533590746569728,False
FARSB,3.792225552154384,0.04646360406298357,0.10474571102469016,False
FASN,5.764571366722348,0.01389185751623238,0.04579674947854339,False
FAU,10.471351577110783,0.0014243080274425413,0.013425755836736867,False
FBL,12.565509137047025,0.0006231363646237373,0.009721940374449215,True
FBLN1,1.8706281274147312,0.18823232251104408,0.2887382280734267,False
FBLN2,0.5506384288022851,0.5878033548651115,0.6835776651580734,False
FBLN5,0.1897873604573823,0.82909060650144,0.8749118634502677,False
FBN1,9.973557219720043,0.0017583265216051709,0.014390327379436723,False
FBP1,1.0226424622085686,0.3834003050616326,0.493954026244341,False
FCGBP,1.9522089011271693,0.1763841841398406,0.27459391454244175,False
FDPS,4.815919662527308,0.02423584244915155,0.06586724091411747,False
FEN1,3.603938285481643,0.052708624183755756,0.11476712127340191,False
FERMT1,0.45976526748753394,0.6400405955930898,0.7254442874454402,False
FERMT2,7.002812089467725,0.007113245961757197,0.0301294670905217,False
FERMT3,3.282651178004015,0.06569280503718851,0.13400173043207492,False
FGA,0.8590127656924839,0.4434014018789892,0.5543137838822954,False
FGB,1.2311693382150573,0.31982793253294883,0.4263100246292409,False
FGD5,0.0791059552403142,0.9243248662924402,0.943757655985974,False
FGG,1.2734833404919002,0.3084388372328078,0.4148418798182376,False
FH,0.252214857419898,0.7803078362043135,0.8340836108375785,False
FHL1,25.35237741067088,1.5442174294542394e-05,0.0017248908687003855,True
FIS1,11.850872796742621,0.0008179095699277087,0.0109179782264527,False
FKBP10,25.973328115351503,1.3418926242799349e-05,0.0016654378459118747,True
FKBP1A,1.3554263393368935,0.2876659200444086,0.3954742556179746,False
FKBP2,1.6927057799784835,0.21733730251392444,0.3226123148279782,False
FKBP3,5.908273094089774,0.01281336281881032,0.043371291723064025,False
FKBP4,0.9606746226639813,0.40496922842405975,0.5157931905925596,False
FKBP9,11.965515312255578,0.0007824654775483724,0.010744694573286702,False
FLII,3.646009147023161,0.05123467810588678,0.11232411274637003,False
FLNA,14.316513231311623,0.0003327127255526207,0.0069465441951827534,True
FLNB,4.094026594873489,0.03812433557853449,0.09012673617190059,False
FLNC,9.863803088844683,0.001843414860887777,0.014867107578423442,False
FLOT1,1.7690689050571422,0.204262501171063,0.30749489731546814,False
FLOT2,5.507665182950628,0.016086603331161672,0.05033259361598764,False
FMOD,4.411114449971732,0.031139848333902907,0.07772784489155206,False
FMR1,8.077047421901995,0.004162180498924634,0.022002174562496445,False
FN1,1.3066094914186717,0.2998430128009361,0.40752692033932214,False
FN3K,0.810708442915847,0.4630993013664858,0.5728481944920982,False
FNTA,0.6992545125418981,0.5124502613629904,0.6156463721714783,False
FSCN1,2.3845255279717845,0.1261219771097595,0.21491723635637128,False
FTH1,0.825693565682007,0.45688437774112,0.5676750277384105,False
FTL,1.5591043359621901,0.24256046342952323,0.350731440324631,False
FUBP1,5.715912427233441,0.014280086358241139,0.046771889543612985,False
FUCA1,1.20501375364467,0.3271060022036644,0.43393769999692183,False
FUNDC2,0.08619300287477488,0.917868189704867,0.9397422253898593,False
FUS,10.382113518632389,0.0014784890724336942,0.01350065414249349,False
FYCO1,3.304424005269126,0.06470641394808557,0.13249690995419172,False
G3BP1,14.788518534796635,0.00028336777075560477,0.006590618409118527,True
G6PD,6.553427749389222,0.009007255582690766,0.0351172931443825,False
GAA,5.932235322254812,0.012642917025797357,0.04292443257694726,False
GALC,0.7567974911654874,0.4862641221086415,0.5945759935974482,False
GALE,0.7118348658547317,0.5065915246242897,0.6111901176510203,False
GALK1,1.01252167998984,0.38683231157137454,0.49802744038320634,False
GALM,0.7173245522259117,0.5040587679623205,0.6090142172135338,False
GALNT3,4.358695779230662,0.03218714942815567,0.07971850534645207,False
GALNT4,2.257608640062227,0.13895814572907675,0.23114854620905245,False
GANAB,1.8022259303450612,0.19886476911346765,0.30180971073334695,False
GAP43,42.892959589234955,6.240012872632927e-07,0.00039422410979404634,True
GAPDH,4.689365259997491,0.02618793729456122,0.06868873796032354,False
GART,5.114408587681257,0.020251526798144705,0.058603511485822886,False
GATD1,1.139054338954687,0.34630832576571685,0.4542881971583156,False
GATD3,1.760339098097642,0.2057111346358045,0.30884319541423877,False
GATM,0.33813341427234606,0.7183971320099024,0.7864081718112808,False
GBA1,2.908354810682022,0.08562366471716108,0.16196720319910063,False
GBE1,3.1495909045306854,0.07210452791595362,0.14336996881308398,False
GBP1,0.5997725621471534,0.5615821477558272,0.6603023779402726,False
GBP2,0.16664405473153113,0.8480466100773645,0.8886191964881952,False
GC,7.868681136612838,0.004604526476569766,0.02341474260055262,False
GCA,4.524065429671671,0.029011787933441197,0.07424093269565595,False
GCLC,1.4128545058957314,0.2740522342030766,0.38310854310285525,False
GCN1,0.026785058440860012,0.9736169355162357,0.9775551613228183,False
GCNT3,5.796036888330911,0.013647179077455883,0.04520558547774112,False
GDI1,1.6270216605261512,0.22934610366226202,0.3353136096737522,False
GDI2,5.20895193326225,0.019148574412043404,0.056584543963630905,False
GET3,6.09509170984854,0.011550303962276166,0.040699336043730217,False
GFM1,1.2941436618924163,0.30304547619789873,0.4103672049535646,False
GFPT1,5.003652151997104,0.021636292857889677,0.061106799297756684,False
GFPT2,4.503919884457083,0.02937895294964658,0.07499726491018764,False
GFUS,10.052542618823797,0.0016998445371977332,0.014169599612312447,False
GGCT,2.765374017518732,0.09498360407773875,0.17535461045510523,False
GGH,3.0757122720845405,0.07596915142334709,0.14848213847747807,False
GHDC,1.2922093067220348,0.3035458767900309,0.4107337908836639,False
GIT2,0.9051873288409289,0.4254553576265984,0.5357763635500682,False
GLB1,2.9265279922668994,0.08451068541239488,0.16081505213908873,False
GLG1,0.18025707969968197,0.8368378123728805,0.8799570292426494,False
GLIPR2,15.21718019297683,0.0002456412529209124,0.006356955263575605,True
GLO1,0.1757718812313697,0.8405122173818131,0.8819653798172713,False
GLOD4,0.13805289113853259,0.8721466459050528,0.9079103480670494,False
GLRX3,1.3624838891781326,0.2859522612286748,0.3938454695344386,False
GLS,3.4282537446593384,0.05940577930069034,0.12459256141982995,False
GLUD1,1.410770566206222,0.27453328906112767,0.38331710485159953,False
GMDS,3.3926296857642213,0.060878498272746856,0.1267498277179091,False
GMFG,0.5199110622226293,0.6049059193066066,0.6967407680258375,False
GMPPA,0.8348742457606745,0.45312350149874975,0.5636291215747254,False
GNA12,2.49073498598399,0.1164068889672653,0.20355874053227407,False
GNA13,0.7902690375676691,0.47173140617869613,0.5809525696820327,False
GNA14,4.645442254891221,0.02690664037889985,0.07005761609144787,False
GNAI2,0.5940476751720755,0.5645680403418024,0.6629543643521176,False
GNAT3,2.339757525324347,0.13048978076208556,0.21934851032543204,False
GNB1,0.9170951945936838,0.42096179582327375,0.5322176864002227,False
GNB3,0.07182810580331504,0.9310090003045529,0.9482584112390327,False
GNE,0.2903150325209328,0.7521367721899371,0.8093803222891712,False
GNL3,1.0383742017196498,0.3781338824424901,0.4882954296974121,False
GNPDA1,3.363530024828651,0.0621122422959122,0.12859939693148087,False
GNS,6.587296938474614,0.008846102317208495,0.034711541543513774,False
GOLGA3,7.627672801406287,0.005184042538232575,0.025176415283503416,False
GOLGB1,0.8268493234901264,0.4564089792501066,0.567399921894679,False
GOLIM4,1.946933342290198,0.17712427805178652,0.2755540648800077,False
GOLM1,4.498686152931562,0.02947520080176578,0.07499726491018764,False
GOLPH3,2.774927790531905,0.09432322408049004,0.17443549883759502,False
GON7,0.1760119911256867,0.8403150497794906,0.8819653798172713,False
GOPC,0.1715644032662932,0.8439757350898125,0.8851839399956062,False
GORASP2,4.835356034104388,0.02395089836900374,0.06549119578501145,False
GOT1,1.5789851182567447,0.23860508438537897,0.3470020970762294,False
GOT2,4.269283490000835,0.03406703179420202,0.0831756819980845,False
GPA33,0.10202687703828821,0.9036265236102329,0.9311702331059847,False
GPD1,2.4505661359375637,0.11997784200559772,0.2079224794414875,False
GPD1L,0.415954290474986,0.6670907092387655,0.7468759521505762,False
GPD2,4.173425859602903,0.03622196488702384,0.08719813529915006,False
GPI,3.319674171079323,0.06402551896098853,0.13141358056841027,False
GPS1,1.47660556576194,0.2597875929218625,0.36872012870866633,False
GPX2,2.4164991115051304,0.12310385289258438,0.21154923643233348,False
GPX3,8.73411905128507,0.003053121072333425,0.018584938625593656,False
GRB2,2.418910072728672,0.12287961132527289,0.21146558596433365,False
GRHPR,1.2228413693230349,0.3221251737690704,0.4288603326579876,False
GRK2,1.4310919716220336,0.26988283436748856,0.37871749496040796,False
GRPEL1,4.935414865761013,0.022542775489340597,0.06282875736118058,False
GSN,3.2699386412577467,0.06627660560837964,0.1349698604641022,False
GSPT1,3.7160668972514057,0.04888268396527035,0.10876884061595017,False
GSPT2,3.318904040749296,0.06405970870143186,0.13141358056841027,False
GSR,1.3332463024286523,0.29312774247463386,0.40100880385078513,False
GSTK1,5.603197683127872,0.015227540985709836,0.04859760937439396,False
GSTM1,5.419525787292703,0.016928176442160527,0.05216213265074016,False
GSTM2,10.832643524119186,0.0012267929527241047,0.012688219705489119,False
GSTM3,6.328885483091802,0.010163788602839289,0.03800576486945522,False
GSTO1,4.925014610750957,0.022684680386513105,0.0631103063305981,False
GSTP1,4.37103615837391,0.03193704768905449,0.07927484948594192,False
GTF2F2,10.057864485949956,0.0016959841131730696,0.014169599612312447,False
GTPBP10,3.1462382627064294,0.07227500236438987,0.14352209358404175,False
GUK1,0.5247132695932714,0.6021962522265996,0.6948896836127187,False
GUSB,1.6624080146039537,0.2227856780479159,0.32895122588172115,False
GYG1,0.6394926997784459,0.5413516196991959,0.6409006456852165,False
H1-0,2.0045271721351052,0.16923126502438773,0.26661681668863346,False
H1-10,2.1652118273615053,0.14923618911413183,0.24282130115147163,False
H1-4,1.349677626028316,0.28907038167130167,0.39691655356711,False
H1-5,13.627460341411751,0.0004232575967977041,0.007947536699527809,True
H2AC21,0.39097279559888437,0.683093856386018,0.7577118546009753,False
H2AC4,2.421174011384874,0.12266946557506166,0.21146558596433365,False
H2AX,1.0465714060270053,0.37542227259272354,0.4859173562990408,False
H2AZ1,0.8763691209438726,0.43655696552015993,0.5463687736538024,False
H2BC12,5.280707433867369,0.018356833751500976,0.05489848273206584,False
H3-7,0.14850485583540113,0.8632475905561418,0.9022496714676358,False
H3C1,2.6478278205051056,0.10355267002573533,0.18626140486110526,False
H4C1,7.802554430184928,0.004755870039750905,0.023768710668464255,False
H6PD,7.965802264217874,0.00439203786796457,0.022765226443231666,False
HACL2,0.4726162840393169,0.6323434260808065,0.7203749178299448,False
HADH,0.06224269628048967,0.9398961960719421,0.9535549963781647,False
HADHA,3.0058432167810087,0.07984130195748299,0.1539220052546104,False
HADHB,0.07401128789128242,0.9289981843093784,0.9472304626869701,False
HARS1,2.815946992653914,0.09154638747184515,0.17071338031060274,False
HBA1,0.5191440207933348,0.6053400044440631,0.6967407680258375,False
HBB,0.4002061501530166,0.6771288145312302,0.7537148837383001,False
HBD,0.5810416510020082,0.5714186179718603,0.6681623128627265,False
HBE1,0.44104516119158677,0.6514438392593586,0.7353843036409333,False
HBG1,0.25346463850138634,0.779364996501487,0.8338608248009205,False
HBG2,0.3754973789550112,0.6932255175675454,0.7659079160464373,False
HDGF,10.683994170263556,0.0013040368057837713,0.013005438500539932,False
HDHD3,9.253331832530371,0.002411018516220112,0.016831923016361657,False
HDHD5,0.4492896049197811,0.6463936490401928,0.7309363895711045,False
HDLBP,5.00718411745118,0.0215905100469417,0.061057445844946434,False
HEBP1,1.8299120927842614,0.1944812946370905,0.2961630621808181,False
HEBP2,5.713512199863956,0.014299552622331096,0.046771889543612985,False
HEPH,1.2033096198815596,0.3275866704163782,0.43406205320889013,False
HERC4,3.4297409249889212,0.059345182223381636,0.12459256141982995,False
HEXA,0.5937421197829275,0.5647279119794448,0.6629543643521176,False
HEXB,0.8061195873030134,0.46502160273650545,0.574272117475596,False
HIBADH,1.009134324912858,0.3879887467019476,0.4984283267004893,False
HIBCH,0.23907411710776763,0.7902999074058694,0.842333011996523,False
HINT1,0.5699609157402793,0.5773294878617856,0.6735008229155244,False
HINT2,2.5766778049226438,0.10916393486918176,0.19401132100059829,False
HINT3,0.09819548162546886,0.9070495366113134,0.9320831024791509,False
HIP1,0.34022753342853324,0.7169592554697044,0.7855257364979498,False
HK1,3.118477572367185,0.07370425652491588,0.14519457935025265,False
HK2,0.7069189435061072,0.5088718121820529,0.612288889901557,False
HK3,0.037846676427596794,0.9629521999026227,0.9694615658325638,False
HKDC1,14.642300352064424,0.0002977069298909302,0.006627181356667825,True
HLA-A,7.178242882153699,0.006499859250855032,0.028416214415675423,False
HLA-B,5.583588243859172,0.015399547728626308,0.04897965656935017,False
HLA-C,3.6802292407891306,0.0500701810664814,0.11042130750495503,False
HLA-DQB1,2.6760368161674197,0.10141903029664993,0.18345758192932465,False
HLA-DRA,0.844071395890203,0.4493910195837677,0.5602341170480676,False
HLA-DRB1,2.221035268164775,0.14292743001232197,0.23547188690820597,False
HLA-DRB3,0.8084860860181922,0.46402913415331276,0.5733634323553655,False
HLA-H,0.21623456138155198,0.8080138735156674,0.8583466445240138,False
HM13,7.2545586883971955,0.0062519111007711846,0.027766937175194486,False
HMGA1,1.3735238399514238,0.28329477994888413,0.3911442431388236,False
HMGB1,2.163237925793546,0.14946497359544264,0.24301655823305593,False
HMGB1P1,6.0587633747298275,0.01178443767049179,0.041135052743560406,False
HMGB2,6.934470989354887,0.007369753049012877,0.03077388469438274,False
HMGB3,9.262420505418056,0.0024012312739728416,0.016831923016361657,False
HMGCL,0.4196261352659019,0.6647745338218672,0.7447875168295143,False
HMGCS1,8.329159505703629,0.0036899931516733504,0.02072645497799223,False
HMGCS2,1.7067701796756622,0.21485957263025052,0.31935880589220206,False
HMGN1,5.35095202245659,0.0176175173924107,0.05354766510836123,False
HMGN2,4.283214411991303,0.03376611714548555,0.0826215834644192,False
HMGN5,0.7774949566676675,0.47721879448542764,0.5859980360500372,False
HMOX2,6.322215321271624,0.010200631756362192,0.03800576486945522,False
HNF4A,2.8930572923343374,0.08657341819502658,0.16317889851514,False
HNMT,0.44375207499520464,0.6497807863896919,0.7338777941327461,False
HNRNPA0,9.60095095921975,0.0020668431211803393,0.015976911877913072,False
HNRNPA1,7.453464946540959,0.005654519394155921,0.026372017383182313,False
HNRNPA1L3,14.501088954552838,0.000312340389945773,0.006645413629893876,True
HNRNPA2B1,10.359341861405017,0.0014926864696490115,0.01350065414249349,False
HNRNPA3,10.238963514704375,0.0015703543862989968,0.013914762400283042,False
HNRNPAB,0.0808288149911596,0.9227505268528564,0.9429509485387034,False
HNRNPC,8.505435520592586,0.003395887187474734,0.01976584735904237,False
HNRNPCL2,5.804608866309366,0.013581371814425047,0.04508288949988938,False
HNRNPD,3.3715142908271893,0.061770933891295746,0.12813023798807308,False
HNRNPDL,9.956288202588818,0.0017714145162690685,0.014390327379436723,False
HNRNPF,10.19697207095916,0.0015985169077729405,0.013956437158139316,False
HNRNPH1,7.968758727509561,0.004385746072282579,0.022765226443231666,False
HNRNPH3,1.2724464716208446,0.30871236427096044,0.41495994090332466,False
HNRNPK,10.385828432743574,0.0014761874930959203,0.01350065414249349,False
HNRNPL,5.35415700157326,0.017584599223436057,0.05352042869912282,False
HNRNPM,8.324291441180987,0.0036985153789922,0.02072645497799223,False
HNRNPR,8.759383516966961,0.0030177198002767944,0.01844969892924001,False
HNRNPU,9.187790299326727,0.0024829514202001027,0.01701180302274215,False
HNRNPUL1,16.213227817518593,0.0001780448527906261,0.005312391902341154,True
HNRNPUL2,4.235625186824188,0.03480669169622752,0.0843363874722042,False
HP,11.183420665771186,0.0010642325394245233,0.012112618179228818,False
HP1BP3,1.322234976958002,0.295882867484308,0.4032961110188798,False
HPCAL1,0.012139643353716275,0.987943440615844,0.9900031310766132,False
HPRT1,2.353766154257348,0.1291048593188614,0.21804334471078562,False
HPX,20.326601598897366,5.364239988118529e-05,0.0032128699571132304,True
HRG,2.9860080579660497,0.08098098820053412,0.15595821348275277,False
HSD17B10,3.9507168084817796,0.041851826817550966,0.09658779040331494,False
HSD17B11,1.5783075260980337,0.23873868541010054,0.3470020970762294,False
HSD17B12,0.5647489107683463,0.5801337026766576,0.6760660885652859,False
HSD17B4,7.294800669578772,0.006125493569829814,0.027423552374749107,False
HSDL2,0.12837968521373977,0.8804753836586501,0.9140811287583691,False
HSF1,12.45319641008355,0.0006499289669750953,0.009836362724060325,True
HSP90AA1,12.667008305873068,0.0005999960575467295,0.009439374595488688,True
HSP90AB1,16.27252161017446,0.00017474111154595844,0.005312391902341154,True
HSP90AB2P,9.441274605732607,0.0022175011799967625,0.016235126300486867,False
HSP90B1,7.014101290078635,0.007071855100397238,0.0301294670905217,False
HSPA1A,1.3711957954038767,0.2838528380056837,0.3914365679658626,False
HSPA2,8.065332933366673,0.004185731508084597,0.022002174562496445,False
HSPA4,1.39910395674382,0.27724413953150445,0.385742077484871,False
HSPA4L,5.013557919667495,0.021508167728949628,0.06105368069437544,False
HSPA5,6.122504887149291,0.011377115906747667,0.04028988845934553,False
HSPA6,0.8954674647821909,0.4291635740930843,0.5395962569375033,False
HSPA8,2.0526310823909824,0.16294345908777164,0.26001120543005846,False
HSPA9,4.713515993229124,0.02580204834577129,0.06829594313323822,False
HSPB1,10.838119916342993,0.001224047899373924,0.012688219705489119,False
HSPB6,32.85017330184024,3.3046003379219186e-06,0.0007406765922533148,True
HSPD1,9.09283860027627,0.002591518476103896,0.017391214063107965,False
HSPE1,8.17403723519295,0.003972856873224235,0.0214899812464478,False
HSPG2,13.240517738936315,0.00048619728054106467,0.008689317797829908,True
HSPH1,3.149006340763813,0.07213421886566983,0.14336996881308398,False
HTATIP2,3.388482077410876,0.06105263616553666,0.1268758969244734,False
HUWE1,6.175989692948903,0.011047620298527494,0.03971535703693449,False
HYOU1,4.5485493478874135,0.02857253476111513,0.07345344379324649,False
HYPK,5.996697454960256,0.012197002976749964,0.042114535780617336,False
IARS1,0.7273427479719369,0.499473612062931,0.6054329221172147,False
IARS2,3.130045606316314,0.07310482082303234,0.14457587928573318,False
IDE,0.09336181886980999,0.9113889709721695,0.93482229621296,False
IDH1,1.1830001629517766,0.33337720918591107,0.44009254949637505,False
IDH2,0.5608855646010303,0.5822222617595214,0.6779525646461985,False
IDH3A,2.050350717349967,0.16323548425645318,0.2602912718264928,False
IDH3B,2.030460161151848,0.16580798762063453,0.2630788667219443,False
IDI1,10.523446743736294,0.0013937202763257379,0.013308043957206401,False
IFI16,0.4332353338620055,0.6562690815367116,0.7397099536594418,False
IFI30,0.675433173956908,0.5237555984808481,0.625724227954873,False
IFIT5,5.60351745275525,0.015224754184978893,0.04859760937439396,False
IGBP1,2.4574136313915576,0.11936042722059627,0.20734929580934064,False
IGHA1,1.7871054662671093,0.20130596509722562,0.3038044007476645,False
IGHA2,2.217949467118876,0.1432681662721567,0.23568562846244331,False
IGHG1,2.443467562606186,0.12062171958187988,0.20872883156151792,False
IGHG2,6.677749891111402,0.008431496130668311,0.033662224286779716,False
IGHG3,0.560632381174147,0.5823594322095142,0.6779525646461985,False
IGHM,2.24634636917191,0.1401669633582571,0.23263967023948465,False
IGHV1OR15-1,0.03839700850225877,0.9624250807792226,0.9694615658325638,False
IGHV3-21,2.450971991041055,0.11994114672180889,0.2079224794414875,False
IGHV3-49,1.628647195523383,0.2290399840160145,0.3353136096737522,False
IGHV3-74,2.8325128380131273,0.09045130221994346,0.1693782138804306,False
IGHV3OR16-9,2.2263003266322055,0.14234817686167103,0.23469064731289527,False
IGHV5-51,2.176141672386571,0.14797652939796718,0.24147521305701877,False
IGKC,3.2623360633950544,0.06662854919601446,0.13556300446620792,False
IGKV1-5,1.2054295428512112,0.3269888459786158,0.43393769999692183,False
IGKV2-28,3.571121235253841,0.05389176733464872,0.11677420778429218,False
IGKV2-30,1.8731017556494087,0.18786007304046548,0.28843945235216484,False
IGKV3D-11,0.5848809083885,0.5693866396948095,0.6670213702560065,False
IGKV3D-20,7.086523656770305,0.006812726749100203,0.029381528103262264,False
IGKV4-1,2.290072505907575,0.13553927670413737,0.2263039941382981,False
IGLC7,2.6515243807269657,0.10327019818386315,0.18594784179007828,False
IGLL5,1.0404951860527205,0.3774301448415357,0.48766856192943364,False
IGLV1-47,4.573151074565611,0.028138744242380574,0.07258886216798868,False
IGLV3-9,2.3622626630062933,0.12827299591230718,0.21742175483163445,False
IGLV4-69,1.4381862023063487,0.2682804291592584,0.37755354853656287,False
IK,6.713527229237244,0.00827361831302914,0.03342362262442514,False
IL16,1.4858592447253298,0.2577878172815253,0.36681400242479456,False
IL18,3.802871082272175,0.0461363963243683,0.10421507521601495,False
ILF2,12.115474060598231,0.000738700532017377,0.010424100871563058,False
ILF3,13.640211712342467,0.00042134658963268134,0.007947536699527809,True
ILK,18.699191740804107,8.429470121578685e-05,0.003843150255429956,True
IMMT,2.469704886696189,0.1182611787174654,0.205759714372911,False
IMPDH2,11.714103311805196,0.0008625982327503739,0.011146271888740645,False
INF2,0.7245150648346608,0.5007629880079052,0.6060154470258181,False
INTS14,1.2864581837175098,0.3050391813723959,0.4120611071158281,False
INTS4,4.569410940553823,0.028204208535503802,0.07267381991731892,False
INTS5,4.777292050078833,0.024813616954850768,0.06662694744848151,False
IPO5,1.7513621985765933,0.20721292599849117,0.31047194948399015,False
IPO7,2.4182168177380103,0.1229440429610629,0.21146558596433365,False
IQGAP1,2.455399717213639,0.1195416402522865,0.20750273840218186,False
IQGAP2,0.21001983601932908,0.8129114861699497,0.8627288646573242,False
IRAG1,1.709220816009971,0.21443112635139122,0.3191466597395123,False
IREB2,8.9024217561068,0.00282585364216929,0.018037020104589126,False
ISG15,11.590856115837953,0.000905250851529461,0.011490513649527363,False
ISOC1,0.10386525637789622,0.9019892935035845,0.9303065935766426,False
IST1,3.01249278675998,0.07946330871251228,0.15369786291233978,False
ITGA1,5.526010114218625,0.015917464595247052,0.050131070892522965,False
ITGA5,4.082767823044107,0.03840314950764284,0.09030803789481485,False
ITGA6,1.442978020449422,0.26720418150260705,0.37661460030083543,False
ITGA7,12.770173764458736,0.0005774686845975336,0.009346336127181554,True
ITGAM,3.085144082522677,0.0754629313126266,0.14780388530691813,False
ITGAV,0.1445445294299026,0.8666073431820494,0.9034068150577219,False
ITGB1,9.47878983779322,0.002181016645885555,0.01609653948959205,False
ITGB2,4.094204116611694,0.03811995781261794,0.09012673617190059,False
ITGB3,1.2678299683798544,0.30993354393988437,0.4159612918618889,False
ITGB4,1.8806581095106616,0.18672809511649335,0.2870960526429774,False
ITIH1,3.8795483081860938,0.043855270772305846,0.10007423381545583,False
ITIH2,2.8080570829455205,0.09207322682881898,0.17140269651844223,False
ITIH4,2.920036514261159,0.08490634952474936,0.16129318438630108,False
ITIH5,11.372946725953465,0.0009866465928708372,0.011960860167519604,False
ITLN1,1.2742343167379522,0.3082409004578441,0.41482540459206246,False
ITPR3,2.9002322581839333,0.0861264783998127,0.1625055344131601,False
ITPRID2,14.209855832636553,0.00034516951269181103,0.007074391663793631,True
ITSN1,0.18015658332879697,0.8369199422801411,0.8799570292426494,False
IVD,2.1575336657880193,0.1501283615175656,0.24391764336744837,False
JCHAIN,2.915436655431031,0.08518798792265705,0.1614164249526852,False
JPT1,8.572985507117501,0.00329029870955476,0.01947228047337023,False
JUP,3.2097438774523597,0.06912200691291384,0.13940319094649972,False
KANK2,1.6293562894831155,0.22890659300359184,0.3353136096737522,False
KARS1,13.278717242280118,0.0004795335265979395,0.008639337890482233,True
KATNAL2,7.594511752721371,0.00527007081863852,0.025301421038421555,False
KCTD12,4.944132869786218,0.02242459864393301,0.06269906554511433,False
KDM3B,4.861773663160782,0.0235696735854638,0.06488888804260157,False
KGD4,0.6271908585109396,0.547527622845202,0.6475260505220651,False
KHDRBS1,9.475183129313544,0.002184494542927132,0.01609653948959205,False
KHSRP,6.88156491268108,0.00757553626517385,0.031398419325414435,False
KIAA0232,10.080679157679624,0.001679546814381087,0.014156621435403475,False
KIAA0930,6.197554728613092,0.010917837924948083,0.03948109822060344,False
KIF13B,9.685187458594694,0.001992060029934995,0.015669936996037952,False
KIF2A,3.43458982920991,0.05914809340196948,0.12445207767475618,False
KIF3B,12.765106640024822,0.0005785525000010034,0.009346336127181554,True
KIF5B,0.034763599217250196,0.9659112911183764,0.9711277337346772,False
KIF5C,4.72646419037399,0.025597813695733454,0.06807799499555778,False
KLC1,0.33696337658002967,0.719201933222269,0.7864400973169599,False
KLC4,0.40595720508881317,0.6734432923383045,0.7511670916814575,False
KLHL42,6.204644444179605,0.010875548785610945,0.03944151945950463,False
KNG1,2.7186110521491065,0.09829251728892018,0.17925345601914094,False
KPNA3,12.231758961987932,0.0007066688751645536,0.010251287448815668,False
KPNB1,2.3635603629464663,0.128146478183782,0.21737223406421335,False
KRAS,1.4095878212850483,0.27480673855951654,0.3834592466845471,False
KRT1,0.653682202259153,0.5343257727147661,0.6346006253294989,False
KRT10,0.3889010858201585,0.6844404133553446,0.758452323132857,False
KRT13,1.142808603229307,0.3451816963456033,0.45307632763576833,False
KRT14,1.5164103586375584,0.2513083714614246,0.3610436667812364,False
KRT15,1.3420282255176232,0.29095126414615907,0.3985193893945551,False
KRT18,9.601154445655888,0.0020666586782477894,0.015976911877913072,False
KRT19,2.100899640299743,0.15689893680262176,0.25168155669738346,False
KRT20,0.12883674811744034,0.880079824383931,0.9140811287583691,False
KRT34,11.750145704271882,0.0008505587520249957,0.011111978082010763,False
KRT6A,1.4340586793971553,0.26921141505498897,0.3782505039200285,False
KRT75,4.786912643978379,0.024668270157825863,0.06655666127123548,False
KRT79,2.528527923559193,0.11315677585304156,0.19904900571314554,False
KRT8,4.152803917713271,0.036705503498729086,0.08798293435210383,False
KRT86,2.7586562103053627,0.09545109305666184,0.17559454746527625,False
KTN1,0.8415453939798225,0.45041266515547335,0.560881769206983,False
KYNU,1.1107472462545198,0.35493854493282323,0.46343232576266924,False
L1CAM,11.917470034331702,0.0007971033757206554,0.010744694573286702,False
LACTB2,10.261563292276227,0.0015554303445801572,0.013914762400283042,False
LAD1,9.49438488828529,0.002166050616603458,0.01609653948959205,False
LAMA4,0.9549919508609112,0.40701506740355176,0.5175443635383061,False
LAMA5,2.908453384605952,0.08561758312137578,0.16196720319910063,False
LAMB1,1.293966505931079,0.30309126596838926,0.4103672049535646,False
LAMB2,6.765143739326862,0.008051713900889802,0.032736317650523546,False
LAMC1,8.306297103625045,0.0037302111731432165,0.020812381993137983,False
LAMP1,3.931136391939469,0.042392489942910616,0.09723287734339048,False
LAMTOR1,14.535226787134187,0.0003087294367892699,0.006631745786415663,True
LAMTOR3,2.008671842045483,0.16867881018980965,0.26593398868315793,False
LANCL1,6.194896506061921,0.010933741855444998,0.03948109822060344,False
LAP3,9.469076419472408,0.002190397495450306,0.01609653948959205,False
LARS1,5.975069665665189,0.012344594589900088,0.04245941996442952,False
LARS2,0.46157208365456986,0.6389520074078361,0.7247308843570098,False
LASP1,6.188985730536442,0.010969199736899558,0.039524503568118735,False
LBP,1.3907283893197935,0.2792089943534822,0.3870306990248992,False
LCLAT1,1.436252219163276,0.26871619481952524,0.37779230914211415,False
LCN2,24.241654706607758,1.998654626122954e-05,0.0018537254938840292,True
LCP1,2.1844419891184015,0.14702796973638835,0.2403275552908664,False
LDHA,7.911845750497426,0.0045086816590502645,0.02315493063521446,False
LDHB,0.6653181120576629,0.5286413830935452,0.6305311531398718,False
LETM1,3.4507431191922757,0.05849685795371629,0.12351794014045576,False
LGALS1,4.427639152874013,0.030817739941917173,0.07726917062877998,False
LGALS3,0.000492130131876453,0.9995080070817822,0.9995080070817822,False
LGALS3BP,6.6698331924152265,0.00846689048229132,0.033716636965131566,False
LGALS4,0.06633479977028986,0.9360904576322772,0.9514222394679287,False
LIG1,2.0448885154079366,0.16393739283553213,0.260999247536673,False
LIMA1,3.2214349076752735,0.06855870825003452,0.13860647441681187,False
LIN7A,2.0131281920688395,0.16808708968775282,0.26556333688998573,False
LIPA,0.32508662405155975,0.7274293522817817,0.7931074538787215,False
LLGL2,1.0092099108503678,0.3879628991377931,0.4984283267004893,False
LMAN1,3.0425244597391226,0.07778123700288879,0.15070536293534567,False
LMAN2,4.717175787152858,0.02574413502538015,0.06829594313323822,False
LMNA,1.8467205940155529,0.19187351123550472,0.29319112455548396,False
LMNB1,5.17099908788406,0.019582946075789063,0.05726217478182299,False
LMNB2,0.31373122725646363,0.7353954891990921,0.7991335134754914,False
LMO7,7.639675196398618,0.005153298395299174,0.025136394356109943,False
LMOD1,16.20784995554933,0.00017834798239730823,0.005312391902341154,True
LONP1,7.414861609731311,0.005765211777563403,0.02664839500862104,False
LPP,7.487671441177357,0.005558444143547527,0.02608731978295205,False
LPXN,2.563233608683966,0.11026249522881214,0.19519454935544073,False
LRP1,1.6200182085598247,0.23067030230718377,0.3365888016683531,False
LRPPRC,2.7850831209224265,0.0936269619281783,0.17357894850419114,False
LRRC47,3.851923072605333,0.04466205271012155,0.10129444239026553,False
LRRC59,6.612817958445392,0.008726828242747668,0.03438401110105519,False
LRRFIP1,3.185763257529785,0.07029393639044992,0.1408400483374575,False
LSM2,4.44705982483926,0.03044399817568073,0.07667631558564911,False
LSM4,3.3465994208674887,0.06284308042576757,0.12975179452048496,False
LSP1,6.097244545429111,0.011536595423524991,0.040699336043730217,False
LTA4H,3.2852221484506545,0.06557544760072909,0.13390818093238463,False
LTF,2.8644794267318887,0.08837985238247989,0.1660560052333558,False
LUC7L3,4.72302694164664,0.02565185094936395,0.0681405886098443,False
LUM,42.071485047734974,7.058623272946219e-07,0.00039422410979404634,True
LXN,1.5542651090110564,0.2435344624614986,0.3511094756683813,False
LYN,1.5704879984342466,0.24028661407425242,0.34857162067654535,False
LYPLA1,5.204378395227632,0.019200335660545746,0.05664871360359416,False
LYZ,5.057712581865708,0.02094741488467701,0.05976567669523428,False
LZIC,0.06545848509137657,0.9369039760881773,0.951477359439626,False
MACF1,4.5413483866420865,0.028700936104892997,0.07369872558428846,False
MACROD1,5.5194935007037635,0.015977315342648322,0.050131070892522965,False
MACROH2A1,2.737945121814019,0.09690886247523235,0.17745442522104024,False
MAGEB2,1.6278515246329825,0.22918976632078147,0.3353136096737522,False
MAGOH,11.370032543293773,0.0009877899581216527,0.011960860167519604,False
MAIP1,5.202555999464567,0.019221004884299182,0.05664871360359416,False
MAL2,1.8481923611395228,0.1916470647770211,0.29304554600401445,False
MAN2A1,7.513451853344042,0.005487257094494141,0.02586188259303779,False
MANBA,2.587438521806269,0.10829358188871512,0.19277120473258133,False
MANF,7.8681478397859985,0.004605724989400521,0.02341474260055262,False
MAOA,0.9547811966506129,0.4070911667313575,0.5175443635383061,False
MAOB,6.945172512102334,0.007328903097388136,0.03071814168773939,False
MAP1B,3.3002248396082474,0.06489533816493095,0.13276207459748696,False
MAP4,9.713076676699684,0.0019679800897798587,0.015643950706729744,False
MAP7,1.4917173729968751,0.2565308602299172,0.3657242768051277,False
MAPK14,1.842483028454147,0.19252719947074068,0.2937880899027559,False
MAPK3,5.320121585795173,0.017937767685771894,0.054268812761158663,False
MAPRE1,0.7696779277627144,0.48061243930295344,0.5882465085146427,False
MAPRE2,8.844327390425462,0.0029020612749282517,0.018251764900629776,False
MARCKS,0.1941539728153422,0.8255681463846812,0.8724310496799328,False
MARCKSL1,12.694986931625355,0.00059378968899507,0.00940798698734033,True
MARS1,11.063434053103318,0.0011169200290604908,0.012112618179228818,False
MAT2A,6.615410825042254,0.008714812653301637,0.03438401110105519,False
MAT2B,5.958453464958718,0.01245936177791109,0.04262513661845846,False
MATN2,17.929837296407392,0.00010541019436418133,0.004443139136029832,True
MATR3,8.375026979993377,0.0036107792246859688,0.020653698582315146,False
MAVS,0.16852890389468902,0.8464845467966067,0.8873986285986012,False
MBOAT7,1.7921504187785657,0.20048770282365744,0.3032427407637446,False
MCAM,17.6960938826038,0.00011296927489985343,0.004655011047022687,True
MCCC2,1.8989642176551502,0.18401765996940983,0.283709766992175,False
MCM2,5.6235501332966695,0.015051315717887807,0.04845048892472819,False
MCM5,14.058723411886218,0.00036373632090135754,0.007320603071113809,True
MCM6,0.007761144967793588,0.9922728768597263,0.9936071747667542,False
MCM7,6.996925457673618,0.007134937644356053,0.0301294670905217,False
MCTS1,3.693871091252481,0.04961433971570017,0.11006795921040137,False
MDH1,1.3063904542257179,0.29989895122553517,0.40752692033932214,False
MDH2,3.54292407126536,0.05493243240326237,0.11811266023954585,False
ME2,3.2294786824084376,0.06817416324077291,0.13807894893915384,False
MECP2,3.0570581714983316,0.0769817209860833,0.14967551321402098,False
MED24,0.45103185348712505,0.6453321106638255,0.7303302610045522,False
MESD,2.724964523728742,0.0978353721760613,0.1785903442320723,False
MFAP4,9.110830253578039,0.0025705403417024195,0.017391214063107965,False
MFAP5,9.5280111569097,0.0021341750087365305,0.01609653948959205,False
MGLL,0.013542200376624892,0.986561129897825,0.9892179372494349,False
MGST1,1.4828666340753356,0.2584326234338487,0.3673212101687709,False
MGST2,2.319630019788933,0.13250920199966168,0.22224140935979295,False
MGST3,0.6068680451829596,0.5579062089252353,0.6570176440374147,False
MICAL1,0.39840626240871435,0.678286952148013,0.754252389795252,False
MIF,4.432288320769188,0.030727797714095496,0.07721698548176528,False
MISP,3.8207734503968633,0.04559200898885518,0.1030896235638689,False
MIX23,8.297802674465991,0.003745280408535113,0.020812381993137983,False
MLEC,7.183081714180233,0.00648381115792127,0.028416214415675423,False
MMAB,2.2035381955525972,0.1448717071272916,0.23727521533898055,False
MMP9,5.1410852451026505,0.01993318857844095,0.058058335442290845,False
MMUT,1.3022774039081062,0.30095155465104073,0.40821236981810866,False
MOB1B,3.0056065725377787,0.07985479144587888,0.1539220052546104,False
MOGS,3.5096221105881527,0.05619095072535556,0.11921233040877903,False
MPC2,0.30735858023240376,0.7399093715998958,0.8016282910543973,False
MPI,0.5414153781289616,0.5928785724993643,0.6873330207387545,False
MPO,4.249053080311408,0.03450944552163512,0.08381523589526149,False
MPST,1.8973296981851813,0.1842578483041885,0.2838841607665911,False
MRC2,3.353195656521856,0.06255719005515269,0.1292810014645801,False
MROH1,3.018704851269974,0.07911201681771288,0.15315099269564175,False
MRPL12,4.699275291211062,0.02602880543078921,0.06849040204049833,False
MRPL14,3.4746909645161748,0.05754627632615012,0.12174089139452592,False
MRPL15,0.12589236965331613,0.8826315342972797,0.9154126497772158,False
MRPL23,4.6220064224913635,0.02729924600441839,0.07083218998126677,False
MRPL37,1.9032057705279208,0.18339602834700572,0.2829466348944826,False
MRPL47,1.114640261855133,0.35373731640280653,0.4624044264738852,False
MRPL49,6.217867001969302,0.010797173143839147,0.03929522736129287,False
MRPS11,1.3773208184449663,0.2823872678834512,0.39013800646359303,False
MRPS23,8.158773589744259,0.004001993604416893,0.021595298821901785,False
MRPS25,0.6580415952289823,0.5321880403263812,0.6337463124142514,False
MRPS27,2.3674189886487724,0.12777112066421803,0.21706515860369816,False
MRPS28,4.428280415584956,0.030805316431827493,0.07726917062877998,False
MRPS35,4.299337359949369,0.03342160771426841,0.0819581466889963,False
MSN,0.09394693610334429,0.9108624306777403,0.93482229621296,False
MSRB3,9.556892467403316,0.0021072212587364978,0.016066663112687153,False
MT-CO1,0.40914924908452294,0.6714075078904926,0.7499621863136803,False
MT-CO2,2.3718812001188496,0.12733860059937344,0.21649500284551007,False
MT-CO3,0.02208906365011823,0.9781848692682266,0.981700358465956,False
MTCH2,2.3533597548568643,0.12914480140895493,0.21804334471078562,False
MTHFD1,7.37674669158973,0.0058769191127536775,0.026959008825239664,False
MTOR,2.778672152373115,0.0940658252531166,0.17424797148877486,False
MTPN,1.9148607482989235,0.18170012186927348,0.2813015053748835,False
MTREX,4.037548339168003,0.039546492747069804,0.0921239466078769,False
MUC1,3.5306073748995166,0.05539413390876965,0.11843379794323668,False
MUC13,13.44802720902691,0.0004512175732704292,0.008245313576122416,True
MUC2,0.32287690957773385,0.7289718355555481,0.7941391155832566,False
MVK,0.5800343369981793,0.5719531125226067,0.6681623128627265,False
MVP,3.83251716860504,0.04523885275759658,0.10239472853137868,False
MX1,1.88752234041591,0.1857064973852869,0.28572198013686706,False
MYADM,10.727655551876941,0.0012807913239480215,0.012888683863512973,False
MYBBP1A,18.82284321076404,8.136984679777554e-05,0.0038396222952734598,True
MYDGF,4.297042546649153,0.033470398452285735,0.08198779620877887,False
MYG1,0.5418660087442546,0.5926294506678143,0.6873330207387545,False
MYH10,16.975351091221484,0.00014044054233700222,0.004826833408936353,True
MYH11,15.704963196213566,0.0002094608423889268,0.005950908445060437,True
MYH14,4.807345477483299,0.0243627628133444,0.06613172797692757,False
MYH7B,2.2196958950523515,0.14307521157395192,0.23554165265748608,False
MYH9,2.4902480458445595,0.11644944959724543,0.20355874053227407,False
MYL1,7.987567713538125,0.004345956140660885,0.022631389319898405,False
MYL12B,10.10758217688327,0.0016603954920391473,0.014156621435403475,False
MYL6,11.253534745787382,0.001034751213991623,0.011977379337084381,False
MYL6B,6.971441807889146,0.0072297113149317116,0.03041652556978803,False
MYL9,14.239377141389829,0.0003416695288655951,0.007067497476719809,True
MYLK,12.420556224210475,0.0006579585280212298,0.009836362724060325,True
MYO18A,0.6598915878571247,0.5312837830841675,0.6330069180853494,False
MYO1A,0.39968063056458664,0.6774667282553174,0.7537154735669218,False
MYO1B,9.21334964461506,0.0024546141577420984,0.016949726206957293,False
MYO1C,0.3012985728091564,0.7442309524019931,0.8047492486282927,False
MYO1D,0.24739464759632238,0.7839563481986984,0.8370837212107543,False
MYO1E,8.072425081490982,0.0041714553476684835,0.022002174562496445,False
MYO5A,3.396041088465251,0.06073569190544073,0.1265704624223457,False
MYO6,8.92043270066049,0.0028026895650787296,0.018037020104589126,False
MYO9B,0.8847289701574043,0.43330306235341215,0.5429046782375337,False
MYOF,0.19992028576048942,0.8209425330713198,0.8687268099401109,False
MZB1,2.1014430790576064,0.15683234581220037,0.25168155669738346,False
NAA10,2.408920217758575,0.12381178584576323,0.212438962810626,False
NAA15,4.385863463870993,0.031639451591804306,0.078623509294873,False
NAA50,11.090436348078383,0.0011048100068268873,0.012112618179228818,False
NAAA,1.127490776431515,0.3498047463683491,0.45779953332565426,False
NACA,9.234474353034424,0.0024314699740500246,0.016869266838595513,False
NADSYN1,0.40148564290465455,0.6763068878423477,0.7533590746569728,False
NAE1,4.533334088867252,0.02884460971274884,0.07398261549745225,False
NAGA,1.3787349273926834,0.2820501254938672,0.3899133541790219,False
NAGK,0.33102523733842454,0.723302220793311,0.790150201101348,False
NAGLU,1.8283037859835787,0.19473291667643258,0.29634423423375367,False
NAMPT,20.46325240844113,5.1707299203564104e-05,0.0032128699571132304,True
NANS,2.4772871058138155,0.11758879859783697,0.20505506339569726,False
NAP1L1,4.052558009079113,0.039162759983726425,0.09151632406238999,False
NAP1L4,3.5780431664554,0.05363972928842671,0.11638549654235128,False
NAPA,2.352477212721992,0.1292315884010332,0.21804334471078562,False
NARS1,2.6418547150642957,0.10401095619312548,0.1866349205907167,False
NARS2,3.0097624282799504,0.07961826934695339,0.15386437173105005,False
NASP,3.5306840865893205,0.05539124473058601,0.11843379794323668,False
NAXE,0.47463886068117545,0.6311415760731773,0.719372592320142,False
NCBP1,4.783511038355144,0.024719550662354275,0.06656820697078597,False
NCBP2AS2,0.1314046445057086,0.8778612119938023,0.9125835028358094,False
NCEH1,9.296110708421754,0.0023653423701903912,0.016775158269858204,False
NCF1B,0.4864314771700113,0.6241855376851564,0.7139941071114384,False
NCF2,3.8821515046125574,0.043780101068243,0.10006343772376919,False
NCKAP1,2.7716783778736747,0.09454724568075659,0.17470516695683228,False
NCL,12.520452174740454,0.0006337315953777497,0.009721940374449215,True
NCLN,3.5277435526063003,0.05550211582047235,0.11843379794323668,False
NDRG1,0.4763871454269365,0.6301048007682837,0.7189394460560612,False
NDRG2,1.1443005132684656,0.3447351380012217,0.4527562012314693,False
NDUFA10,0.17954911962227182,0.8374165819918856,0.8799570292426494,False
NDUFA11,2.785638755382912,0.09358903533321238,0.17357894850419114,False
NDUFA13,2.9352077756318433,0.08398490202936429,0.1604980933563728,False
NDUFA5,3.204124058181429,0.06939464713959008,0.13979047944981446,False
NDUFA9,0.08321983965224819,0.9205706549961901,0.9412150312409558,False
NDUFAB1,1.4826789838657644,0.2584731165556436,0.3673212101687709,False
NDUFAF4,1.9864530749468206,0.17166450454614346,0.26905499777924224,False
NDUFB10,0.23640946735237348,0.7923437152534597,0.8433702440741601,False
NDUFB3,0.6757549268905674,0.5236010271146614,0.625724227954873,False
NDUFB4,0.9371005704448893,0.4135331036511996,0.524607015080511,False
NDUFB5,1.280607919519193,0.30656677672222715,0.4133193598053443,False
NDUFB6,0.3126820801228221,0.7361364718131559,0.7991335134754914,False
NDUFB8,0.549202239916433,0.5885904077159906,0.684136821455527,False
NDUFS1,2.1721897361296585,0.1484305922546556,0.2420393745232851,False
NDUFS2,1.1815541658152648,0.33379388877169586,0.4401980799976201,False
NDUFS3,0.31076815228331445,0.7374904051713979,0.8001717169271019,False
NDUFS4,0.5400201089913071,0.5936506712058864,0.6878143950424841,False
NDUFS7,0.6530148161644636,0.534653899624531,0.6346529286722647,False
NDUFS8,0.3569184513627601,0.7056147229239358,0.7765237886758978,False
NDUFV1,0.2666667995737943,0.7694836961220001,0.825264799393446,False
NDUFV2,0.3377872508098642,0.7186351314567198,0.7864081718112808,False
NEBL,23.218896455055802,2.5551558809031244e-05,0.0021141549029398445,True
NEFL,12.026674061350935,0.000764271029048021,0.010671134243082993,False
NEFM,2.9011701248123782,0.08606825070883581,0.1625055344131601,False
NELFCD,4.046093789316075,0.03932750257749379,0.09171064155314954,False
NEXN,0.46870087727876747,0.6346774065662882,0.7221118778319436,False
NFKB1,0.19529396917082967,0.8246513279240177,0.8718746174075985,False
NFU1,1.9249552521756832,0.18024563175029346,0.2798253935581345,False
NHERF1,1.1631614489348883,0.33914577780875915,0.44672857760894336,False
NHLRC2,0.7399268745102692,0.4937809077984114,0.6001667834720626,False
NIBAN1,18.2729642556974,9.532936269952389e-05,0.004175799926877184,True
NIBAN2,3.5571561975319095,0.054404351843655406,0.11728416630817244,False
NID1,6.829458774386435,0.007784595849386762,0.031968358690312546,False
NID2,3.331874049622242,0.06348665773615701,0.13083873928281806,False
NIF3L1,2.3806105214441815,0.12649726111345275,0.21539244003616878,False
NIN,0.06998665426149692,0.9327089015334221,0.9492809503533782,False
NIPSNAP1,3.0602880038498714,0.07680531170317194,0.1496695535179377,False
NIPSNAP2,9.047369260485029,0.002645405712897761,0.017433145612429493,False
NIPSNAP3A,1.555181524573123,0.24334967430044765,0.3511094756683813,False
NIPSNAP3B,0.5349740969428788,0.5964525061539062,0.690401501941879,False
NIT2,0.3225592779745268,0.7291938617261999,0.7941391155832566,False
NLGN4X,0.7482129826121644,0.4900726609103994,0.5976037103488179,False
NME1,10.195808722107762,0.0015993052428306467,0.013956437158139316,False
NME2,8.906688794951995,0.002820346205476888,0.018037020104589126,False
NME3,0.2589487030450369,0.7752430309417678,0.8306440916661436,False
NMT1,2.231914406187762,0.1417334540621413,0.23384973144373977,False
NNT,1.6283384303155939,0.22909809482682852,0.3353136096737522,False
NOC3L,2.9796924770498245,0.08134772950141075,0.15651023891713448,False
NOLC1,21.347154693774584,4.0943701229859434e-05,0.002858382142109562,True
NONO,9.256501430590978,0.0024076001729053127,0.016831923016361657,False
NOP14,0.8903412906596981,0.4311340008637562,0.5410973920952985,False
NOP16,6.320982663845905,0.010207456992691644,0.03800576486945522,False
NOP2,9.5247473167157,0.0021372455158539866,0.01609653948959205,False
NOP56,6.763300010658521,0.00805952314583167,0.032736317650523546,False
NOP58,8.211135760170878,0.003903036521368863,0.02121504522807309,False
NPC2,0.5523052447827342,0.5868914099781127,0.6828726093182833,False
NPEPPS,0.27327078808633326,0.7645941981567872,0.8208089565988768,False
NPEPPSL1,0.13500834605228854,0.8747583655337747,0.9097812796100804,False
NPLOC4,7.234505808745264,0.0063160079514905645,0.027885299928122373,False
NPM1,9.539470976348877,0.002123433536128382,0.01609653948959205,False
NQO1,5.5822072806935505,0.01541174378141914,0.04897965656935017,False
NRAS,0.24193669089424497,0.7881109443887521,0.840802220517895,False
NRBP1,0.055782761759160845,0.9459398107911566,0.957078594795038,False
NSF,5.794527388652364,0.013658804922773167,0.04520558547774112,False
NSFL1C,12.90831156292118,0.0005487902752995263,0.009346336127181554,True
NT5E,4.035922325917687,0.03958831813210287,0.09212531531991439,False
NUCB1,7.317913959022352,0.006054195768332982,0.027411443233972092,False
NUCB2,1.4236695129103683,0.27157099999023915,0.38036966393617194,False
NUDC,16.45594999582351,0.00016495253387618737,0.005312391902341154,True
NUDT5,7.876744655428309,0.00458644781161874,0.02341474260055262,False
NUMA1,3.8814051635163236,0.043801637415913475,0.10006343772376919,False
NUP155,2.6511979363489933,0.1032951081743452,0.18594784179007828,False
NUP214,0.011848637832017932,0.9882305202779085,0.9900031310766132,False
NUP54,8.14738175392412,0.004023897302161527,0.021661172465129764,False
NUP93,5.629919857516659,0.01499663809667923,0.04845048892472819,False
NUTF2,0.6494481057463931,0.536411383918125,0.6357257462456718,False
OARD1,2.547765691443992,0.1115419500841161,0.19698396560309514,False
OAT,5.246721718256849,0.01872710697306338,0.0556334534279569,False
OCIAD1,1.3437835791272676,0.2905184236545212,0.39817064935227015,False
OCIAD2,8.10782295549869,0.00410102106335065,0.021891894488014554,False
OGDH,0.37836183075595026,0.6913374033831687,0.7649567900733031,False
OGN,31.835851940943463,3.999864421610124e-06,0.0007498131435206291,True
OLA1,7.360412848368056,0.005925539704918242,0.02703482770453162,False
OLFM4,2.418039624969019,0.12296051753252883,0.21146558596433365,False
OPA1,4.0288540083023605,0.0397707176573429,0.09245346851873469,False
ORM1,10.012497336639596,0.0017292144603050237,0.014307648534523787,False
ORM2,4.914302959304719,0.022831893369087572,0.06344085794345974,False
OSBP,6.27166218363224,0.010484839046023816,0.03855871477306799,False
OSTC,7.254895417192562,0.006250841095377153,0.027766937175194486,False
OSTF1,5.194929429957372,0.019307777830455196,0.05675470483320645,False
OTUB1,1.282594586277171,0.3060470569053744,0.4128678291827334,False
OVCA2,0.9749797970767515,0.39987056700833723,0.5104633409695002,False
OXSR1,2.747207362710803,0.09625383463314989,0.17654438963091695,False
P4HB,7.787111453532979,0.004792021260944483,0.02384548458081699,False
PA2G4,11.078286892806453,0.001110240298610391,0.012112618179228818,False
PABPC1,20.1616438436851,5.608859817699909e-05,0.0032128699571132304,True
PABPC4,10.153313273167148,0.001628406262419693,0.01404948148988753,False
PABPN1,6.600934157971895,0.008782139673989348,0.0345410211825567,False
PACS1,1.3900693826214723,0.2793642616448947,0.3870306990248992,False
PACSIN2,0.04349051389131585,0.957561907892049,0.965775757214825,False
PADI2,2.240642286879434,0.14078374545684075,0.23317869520240625,False
PAFAH1B1,0.3474047144409998,0.7120559051206556,0.7813029921608766,False
PAFAH1B3,8.27498659405143,0.0037860991593955755,0.02081965914508363,False
PAFAH2,0.480430535341754,0.6277143582987771,0.7170939569368877,False
PAICS,15.062868584070392,0.0002585247467082112,0.006404588234810842,True
PAIP1,4.103166658917963,0.03789967617405009,0.08997648945040158,False
PAK2,6.365264090257598,0.009965483645951534,0.03751967985755183,False
PALLD,6.475595810059713,0.009390354468717738,0.03629126420466284,False
PALM2AKAP2,4.9882454492806705,0.021837291973822864,0.061518928460933514,False
PANK4,0.5057945637331516,0.6129515733591849,0.7029434367989832,False
PAPSS2,1.2708295122586615,0.30913946857156416,0.41528416884478314,False
PARK7,0.37449222039746727,0.6938894562829728,0.766262503873535,False
PARN,2.204050507769886,0.1448143546752416,0.23727521533898055,False
PARP1,5.195590528585193,0.019300238489098242,0.05675470483320645,False
PARP4,3.661613928991316,0.050699888157207516,0.11147987218819054,False
PARVA,10.743470215780384,0.0012724876778603907,0.012888683863512973,False
PBLD,1.2594976003686584,0.3121515462184909,0.41795490643299366,False
PCBP1,9.070669522821396,0.0026176347960873,0.017391214063107965,False
PCBP2,14.864260930166289,0.00027624876525688525,0.006590618409118527,True
PCBP3,8.987238551522855,0.0027186297336619174,0.017810612390031448,False
PCCA,0.5461620919948763,0.5902603971593358,0.6853647231049668,False
PCCB,0.04526480343357646,0.9558743983400789,0.9645092167532684,False
PCK1,0.13615613547577232,0.8737727111964125,0.9091794302807571,False
PCK2,2.0484157732877746,0.1634837398061285,0.2605011945270264,False
PCNA,5.489670133968683,0.016254497816381743,0.0507596456965367,False
PCNP,15.065291815938343,0.00025831660178017883,0.006404588234810842,True
PCOLCE,1.4448547620412007,0.26678399744482867,0.3762597539720627,False
PCYOX1,0.3891765462760748,0.6842611980019824,0.758452323132857,False
PCYT1A,14.729066713052434,0.00028910144085975587,0.006590618409118527,True
PDAP1,5.719870802862727,0.014248048808781331,0.046740295211185744,False
PDCD10,2.120785061993345,0.15448297844186049,0.24882117796619777,False
PDCD4,0.040826450377986614,0.9601020173836867,0.9679006799797636,False
PDCD5,4.708529463986621,0.025881193989559244,0.06837395108138085,False
PDCD6,2.8412562992288946,0.08987930620058396,0.16844829702357764,False
PDCD6IP,3.8330751166514196,0.04522215149316562,0.10239472853137868,False
PDE12,4.561969897910965,0.028334964519942805,0.07292662527367767,False
PDHA1,2.0252393657635652,0.16649079970094682,0.2638125026011101,False
PDHB,3.2378903090187787,0.06777464500680895,0.13739433479601743,False
PDHX,0.5236640780261462,0.6027870868469701,0.6952123655220089,False
PDIA3,6.391031550639521,0.009827674015944522,0.03724567848278896,False
PDIA4,5.850156693617519,0.013237676141584987,0.04420473617384284,False
PDIA5,2.3642791961781873,0.12807645725384206,0.21737223406421335,False
PDIA6,5.164022980933787,0.0196639970681047,0.05734904627956384,False
PDK1,1.0038157180489407,0.3898124212444254,0.500195835186701,False
PDK2,18.774535899636128,8.249859900318983e-05,0.0038396222952734598,True
PDLIM1,3.6419502669030503,0.05137482533006276,0.11252094096800021,False
PDLIM3,5.611578496459153,0.015154692562289735,0.048503700836898665,False
PDLIM4,3.5780420773574053,0.05363976883892209,0.11638549654235128,False
PDLIM5,2.0217350180393754,0.1669509101672328,0.2639549421893829,False
PDLIM7,9.780010651816479,0.0019115225756988832,0.015305883276384605,False
PDS5B,1.2675193235903397,0.310015913585517,0.4159612918618889,False
PDXDC1,0.7815559608546094,0.4754664953870825,0.5842641092930376,False
PDXDC2P,2.730079301725943,0.09746910387503414,0.1781881980825092,False
PDXK,4.944251343728642,0.022422997514021163,0.06269906554511433,False
PEA15,2.6852688729217835,0.10073160174815023,0.18295320334448661,False
PEBP1,1.4988880354175789,0.25500172183454717,0.3640088476539159,False
PF4,0.09661708649471273,0.9084639652636263,0.9331073555857201,False
PFDN2,6.3391670846753625,0.010107292401669497,0.0378853879619625,False
PFDN6,5.686240987242013,0.014522852004792577,0.04715705142253869,False
PFKL,2.7516474858830478,0.09594160839814328,0.17622609828369573,False
PFKM,0.3977075152575325,0.6787371657491118,0.7543707555393285,False
PFKP,1.5409059191393595,0.24624637779178568,0.3546836930927461,False
PFN1,0.25531717890743166,0.7779698071861298,0.8327669138734135,False
PFN2,2.3599509996205654,0.12849871966980694,0.21763922649154566,False
PGAM1,1.4692813702659626,0.2613828648455217,0.37027857962263505,False
PGAM2,0.8033986278527855,0.4661657004795229,0.5750492406798753,False
PGD,7.005991802270983,0.007101560115182988,0.0301294670905217,False
PGK1,5.933370843452346,0.012634903945685026,0.04292443257694726,False
PGLS,1.7758507091399311,0.2031450987596064,0.3062254727590828,False
PGM1,2.0033388375495162,0.16939003957271154,0.26667889246331045,False
PGM2,1.4249466620239921,0.271279674383213,0.38019999534008647,False
PGM2L1,4.332333941317477,0.03272889473182452,0.0805246154525286,False
PGM3,7.865501663664002,0.004611677146035431,0.02341474260055262,False
PGM5,13.199513112752625,0.0004934674358091351,0.00874925596506038,True
PGRMC1,2.1323531585244875,0.1530969353834345,0.24730191876109375,False
PGRMC2,2.583179583459285,0.10863711140460934,0.19322874751424943,False
PHAX,5.164351212505277,0.019660175039891377,0.05734904627956384,False
PHB1,7.601768217695464,0.005251108262729159,0.025301421038421555,False
PHB2,3.527643236412691,0.055505902617085406,0.11843379794323668,False
PHGDH,2.4863836106589687,0.11678784365070657,0.2039906510677705,False
PHLDB1,0.643970604192679,0.53912316743903,0.6386008250576846,False
PHPT1,0.7695769415518644,0.4806564595313744,0.5882465085146427,False
PIGK,2.818058920175788,0.09140594625218927,0.17071338031060274,False
PIGR,1.011353084511322,0.3872308254009084,0.49802744038320634,False
PIK3R4,0.841586702875444,0.4503959365482719,0.560881769206983,False
PITPNB,3.867670142909235,0.04420012545192599,0.10075824516285986,False
PITRM1,0.7823390839887654,0.47512942176039724,0.5841712318176816,False
PKM,17.02294493762122,0.0001384091504437191,0.004826833408936353,True
PKN1,4.529204505873506,0.02891895951258454,0.0740882517788003,False
PKP2,2.2331940156862666,0.14159376250707986,0.23384973144373977,False
PKP3,8.671843159807988,0.003142411604285661,0.0189543326519939,False
PLA2G15,7.237428228515071,0.006306620559646516,0.027885299928122373,False
PLAA,6.339328964409714,0.010106405741838555,0.0378853879619625,False
PLBD1,3.684910478224175,0.04991322507650298,0.1103354644182472,False
PLCB3,2.5739170515220136,0.10938850734226603,0.1942559025458047,False
PLCG2,8.548503110530508,0.0033281316314952626,0.019514556600421038,False
PLEC,2.141173351764475,0.15204960199429773,0.24617318772603836,False
PLEKHA6,0.1873157028809681,0.8310919917401669,0.8761960875637248,False
PLEKHO2,1.0116041870895593,0.38714515529609217,0.49802744038320634,False
PLG,1.8585511160670491,0.19006180503685685,0.2910199262867294,False
PLIN3,5.618564625927149,0.015094268887541238,0.048503700836898665,False
PLIN4,9.760897715968243,0.0019274544906605433,0.015378333329055905,False
PLOD3,0.656065404868856,0.5331559090583542,0.6342227373995545,False
PLP2,0.12659264748712085,0.882023887890596,0.9152073225952585,False
PLRG1,6.162544605713277,0.01112941992309308,0.03983863793520426,False
PLS1,2.479437018093933,0.11739893668463736,0.20489783168240613,False
PLS3,4.107215550659196,0.037800635733929326,0.08983683003148735,False
PML,8.673502935836689,0.0031399937791706835,0.0189543326519939,False
PMM2,2.1086320745614606,0.1559544404750474,0.25079919763188574,False
PMP2,29.906577202634022,5.832432122808308e-06,0.0010022810278733662,True
PMPCA,5.421530824986195,0.01690848574899028,0.05216213265074016,False
PNP,6.122044540814948,0.011379999828937793,0.04028988845934553,False
POF1B,6.45554842825625,0.009491998572388204,0.036372426776527016,False
POLD3,0.4220777356872394,0.6632331547508288,0.7441802449589912,False
POLR1B,0.4274459189690487,0.6598721750800149,0.74227313148477,False
POLR2H,5.118742578745009,0.02019941857965989,0.05854217681126537,False
PON2,0.0034425209284816697,0.9965641848607,0.9970104742403957,False
POR,6.1743231363553654,0.011057722505359557,0.03971535703693449,False
POSTN,1.9643093892488033,0.17469984033448174,0.2725349578554795,False
POTEF,0.2041979871724327,0.8175300269293219,0.8663956737002396,False
PPA1,11.511372506776555,0.0009340248686440414,0.011609842288824062,False
PPA2,0.5158924067907951,0.607184086937722,0.6974032134801392,False
PPCS,4.985551395744541,0.021872656114397246,0.06154094931934943,False
PPIA,3.8589257047512295,0.04445596411250275,0.10092949575948287,False
PPIB,5.276632869665641,0.018400785275821074,0.054921671853800466,False
PPIG,3.7742963341195925,0.047020650505448056,0.10557199319514668,False
PPIH,0.9739492732291648,0.40023542556948494,0.5106373162319985,False
PPP1CA,7.007307331609333,0.007096731742675242,0.0301294670905217,False
PPP1CC,2.039464961140144,0.16463772137216093,0.261779835975379,False
PPP1R12A,2.535849513448476,0.11253909587564584,0.19833762298964558,False
PPP1R12B,15.77626748124745,0.0002046960352061126,0.005938843411044878,True
PPP1R1B,6.472144212443441,0.00940776648428506,0.03629126420466284,False
PPP1R7,0.9542838565391962,0.40727081069845217,0.5175443635383061,False
PPP2CB,6.209333107197188,0.010847683567649835,0.03940443104086135,False
PPP2R1A,0.8948100490460749,0.4294157037161057,0.5395962569375033,False
PPP2R5D,1.4211119047250484,0.27215547286170166,0.3809494526146877,False
PPP3R1,0.580636626145264,0.5716334616091467,0.6681623128627265,False
PPP4C,4.009348193249445,0.04027903042201152,0.09344065832063732,False
PPP4R3B,0.03684314560787928,0.963914244425946,0.9696274056981313,False
PPT1,1.7290922138378793,0.2109925327820464,0.31571153264239227,False
PRDX1,5.018700173678872,0.021441994970794465,0.0609432783266601,False
PRDX2,0.5161706476041924,0.6070260398369113,0.6974032134801392,False
PRDX3,0.7562191275047492,0.4865196581450919,0.5945759935974482,False
PRDX4,2.881617972173931,0.08729143831824793,0.16414905151764803,False
PRDX5,2.6688113485826555,0.1019607561289449,0.18413931220053587,False
PRDX6,1.1988249913836266,0.3288554351853853,0.43548490942747525,False
PRELP,42.520429615235386,6.597111804735994e-07,0.00039422410979404634,True
PREP,7.939317545904148,0.004448859890018565,0.022906807943108023,False
PRG2,0.464129882845274,0.6374145456091507,0.7239370080787202,False
PRKACA,1.0413715770474887,0.3771397938469828,0.48757540477671274,False
PRKAG1,10.388804722009937,0.0014743464592462507,0.01350065414249349,False
PRKAR1A,0.059084358422189814,0.9428455054783349,0.955679155734392,False
PRKAR2A,3.652356741721984,0.05101637267182368,0.11195537971400206,False
PRKCSH,3.522666446617659,0.055694137628608385,0.11872204528846482,False
PRKDC,0.4247861155710987,0.6615350394495291,0.7437691384651475,False
PRMT1,13.732726039163346,0.00040777096974863237,0.007947536699527809,True
PRMT5,2.916386464077558,0.08512974677042559,0.1614164249526852,False
PRP4K,11.507536910947765,0.0009354393965928072,0.011609842288824062,False
PRPF19,9.427512621634637,0.0022310580905324385,0.016235126300486867,False
PRPF38B,0.3099510837643749,0.7380692677437231,0.8004110408444065,False
PRPF6,3.680412328289079,0.050064031872608605,0.11042130750495503,False
PRPF8,1.8405867818564428,0.192820532228938,0.2940348593852884,False
PRPH,22.267629166590698,3.235024876334666e-05,0.0024920846805971185,True
PRPS2,4.140750341081225,0.03699151877845778,0.08847864341656818,False
PRSS29P,5.676489827836554,0.014603652570010669,0.047350594835128934,False
PRTN3,3.513858023398019,0.05602907102891597,0.11898188657661432,False
PRXL2A,0.9416217883400816,0.41187487192932426,0.5228002635739264,False
PSAP,1.0894662489367317,0.36158727967957144,0.47101223487123184,False
PSMA1,9.561161675545176,0.0021032698044413456,0.016066663112687153,False
PSMA2,1.6654784646236092,0.22222653540420576,0.32834264556415055,False
PSMA3,5.466484901972251,0.016473752437432154,0.051208616781617165,False
PSMA4,10.477651225053211,0.0014205690404537502,0.013425755836736867,False
PSMA5,7.517008434705352,0.005477517707407561,0.02586188259303779,False
PSMA6,6.955775115657231,0.00728868363083553,0.03060699103625296,False
PSMA7,13.710315857149691,0.00041101337613442775,0.007947536699527809,True
PSMB1,2.7013928896681354,0.09954361772622687,0.18107040695623675,False
PSMB10,2.8253770389643793,0.09092118374334573,0.17011551464207234,False
PSMB2,2.165976428597814,0.1491476748974717,0.24282130115147163,False
PSMB3,5.422143560316372,0.016902473493703385,0.05216213265074016,False
PSMB4,2.9513505706423424,0.0830168706949269,0.1592228489772262,False
PSMB6,2.548372310864946,0.11149145665332764,0.19698396560309514,False
PSMB7,0.11867839402046608,0.8889189543648123,0.9206513417018964,False
PSMB8,11.100010756952031,0.0011005518547915786,0.012112618179228818,False
PSMB9,5.306236570842645,0.018084148848018133,0.05437457691786183,False
PSMC1,1.985879584687801,0.17174235757976697,0.26905499777924224,False
PSMC2,10.122543050211602,0.001649852518581065,0.014121726155211109,False
PSMC3,9.271358628923693,0.002391650044933479,0.016831923016361657,False
PSMC5,14.970590482319196,0.0002665942868686069,0.006473604748526823,True
PSMC6,2.23218800348177,0.1417035730528379,0.23384973144373977,False
PSMD1,8.668188537066904,0.0031477427994134905,0.0189543326519939,False
PSMD11,7.906455806193802,0.004520525326502148,0.02316250820964633,False
PSMD12,5.611966314846445,0.015151331107937661,0.048503700836898665,False
PSMD13,10.729814678243311,0.001279654041648979,0.012888683863512973,False
PSMD14,4.949369495927506,0.02235395119241257,0.06269906554511433,False
PSMD2,2.214781433925918,0.14361894073512285,0.2360888253143962,False
PSMD3,3.1196907243639638,0.07364113231637412,0.14519457935025265,False
PSMD5,0.10028834732173819,0.9051779285217426,0.931321384335891,False
PSMD6,2.3241956810421533,0.1320480351385411,0.22163434297483156,False
PSMD7,7.259342491442743,0.006236729314030906,0.027766937175194486,False
PSMD8,0.4058763734584752,0.6734949349319423,0.7511670916814575,False
PSMD9,0.04652522926124226,0.9546776671104663,0.9641726529497204,False
PSME1,1.324792926062726,0.2952402399070659,0.4026658705448017,False
PSME2,9.793917103440968,0.0019000244022538328,0.015268541419550584,False
PSME3,10.621182564646183,0.0013383215072793624,0.01311320283886884,False
PSMF1,0.42132397010744,0.6637066333236107,0.7443376600627241,False
PTBP1,6.235271056146281,0.010694985937133528,0.03907363214678263,False
PTBP3,3.309088743360204,0.0644972736571048,0.13218982509171753,False
PTGES2,1.9553005631096103,0.17595209227582245,0.2741122553306746,False
PTGES3,7.299606418233026,0.0061105912136388985,0.027423552374749107,False
PTMA,0.907483955970304,0.42458448595106846,0.5350965346299771,False
PTMS,0.4619802299578862,0.6387063940844596,0.7247308843570098,False
PTPA,3.7656611507932984,0.04729163649356516,0.1060738111713098,False
PTPN11,2.5098057640125306,0.11475380597936342,0.2012244918036875,False
PTPN6,2.9061893562824137,0.08575738772007344,0.1620829138465686,False
PTRH2,0.2706180507622614,0.766554002993265,0.8225175997535803,False
PUDP,4.4531025947070875,0.03032875774149842,0.07647228532111452,False
PUF60,4.771384356288313,0.024903350603541367,0.06670753626895853,False
PUM1,0.5082208892505662,0.611560106605529,0.7017078983855941,False
PURA,2.0987073179393048,0.15716790152224938,0.25187452797755033,False
PYCARD,1.6571135175977691,0.22375357878601354,0.3301621499392036,False
PYCR1,20.746200075715166,4.7946757542181936e-05,0.0032128699571132304,True
PYGB,1.603253616172275,0.23387546178912216,0.34059829311401496,False
PYGL,1.1072343827655746,0.35602644293111796,0.4645812345257696,False
PYGM,1.0473051946498455,0.3751806141968085,0.4859173562990408,False
QARS1,5.187195328589733,0.019396227929160376,0.05689618440372526,False
QDPR,1.192393235530586,0.3306848029068661,0.43713008857629515,False
QPRT,0.20628428484466627,0.8158715320847232,0.8650484113323548,False
RAB10,2.658537109761831,0.10273671844244092,0.18539081502456625,False
RAB11A,5.30622295641273,0.018084293039378398,0.05437457691786183,False
RAB11B,0.10620348215079232,0.899911763613363,0.9294142027833844,False
RAB13,3.970431758635635,0.04131533078775066,0.0954482409305429,False
RAB14,6.3826899304193665,0.009872048875987497,0.03731667883072093,False
RAB15,3.627122451019723,0.05189051370812815,0.11331711400191426,False
RAB18,2.1305862785116187,0.15330772104046136,0.24746347456964646,False
RAB1A,1.6359621274779241,0.2276681592496061,0.33505314081924903,False
RAB1C,0.14823273073073562,0.8634779756480776,0.9022496714676358,False
RAB21,0.5337483715780059,0.597135359489733,0.6908339684619696,False
RAB23,5.6321105826486955,0.01497788499623025,0.04845048892472819,False
RAB27A,0.3773017789931855,0.6920354603280273,0.7650614416913692,False
RAB2A,5.531960639154502,0.015863034856271767,0.050131070892522965,False
RAB33B,3.62441713084649,0.051985232010496124,0.11341309405414877,False
RAB35,3.3533552401112505,0.0625502917571172,0.1292810014645801,False
RAB3D,3.4571583501369756,0.05824047929165028,0.12309293352653428,False
RAB3GAP2,4.260063118171679,0.03426786760894666,0.08357469021657951,False
RAB5A,4.203247110356592,0.035535437119744585,0.08600884780661908,False
RAB5B,3.179288847361862,0.07061418910492985,0.1412283782098597,False
RAB5C,4.167972870069063,0.036349119530992804,0.08733323137768008,False
RAB6A,4.180764858034252,0.03605162667550109,0.08697552267070133,False
RAB7A,8.85083105647946,0.0028934150829889667,0.018251764900629776,False
RAB8A,0.30446424670773903,0.7419698532870865,0.8026928098030757,False
RAB9A,1.1267109831428281,0.3500419649987917,0.4578417738918622,False
RAC1,0.02880195855275069,0.9716624619378116,0.9760314478278197,False
RAC2,0.8525226209175025,0.44599195181656814,0.5572405035560477,False
RAC3,1.4121600901538705,0.2742124263301099,0.38310854310285525,False
RACK1,9.28133877180724,0.0023810029840617307,0.016831923016361657,False
RAD21,0.2836267651178506,0.7569975162695474,0.8142188018036441,False
RAD23A,2.4063305815759586,0.12405473656064901,0.21269246467881037,False
RAD23B,4.4989189717036675,0.02947091169829973,0.07499726491018764,False
RALA,0.7529299055475546,0.4879758187124788,0.595378470236853,False
RALGAPA2,2.635194963917125,0.10452463758026993,0.1874061319055562,False
RALY,8.767701427174158,0.0030061664859461876,0.01844969892924001,False
RALYL,1.7967176340157993,0.1997501765376183,0.3027255206923023,False
RAN,11.188993751746324,0.001061854676866188,0.012112618179228818,False
RANBP2,10.373689170335396,0.0014837234713584943,0.01350065414249349,False
RANGAP1,5.523117039617965,0.015944004136603986,0.050131070892522965,False
RAP1A,2.3893675072870244,0.1256595796415372,0.21438864267421703,False
RAP1B,0.38506197861396296,0.6869436927337332,0.7606120884755287,False
RAP1BL,0.09372250339192792,0.9110643543344673,0.93482229621296,False
RAP1GDS1,1.0016049400456641,0.3905733223419361,0.5008845017863865,False
RAP2B,0.3583599103945504,0.7046445695646268,0.7758383284412895,False
RARS1,8.285224680410659,0.0037677208338647637,0.020812381993137983,False
RBBP4,6.538361470636342,0.0090800098500965,0.035339271785915644,False
RBBP7,4.780705066900647,0.024761942700413223,0.06656820697078597,False
RBM14,7.51835033166049,0.005473848131480097,0.02586188259303779,False
RBM25,15.409086839523608,0.0002306222138794487,0.006244800826855204,True
RBM3,5.1195633111411665,0.020189567913822145,0.05854217681126537,False
RBM39,3.8891375354361912,0.04357909368292014,0.09985199516681395,False
RBM8A,3.1983021062869006,0.069678379704238,0.1399833635425069,False
RBMX,7.738155238078158,0.004908700369980431,0.024101179398980842,False
RBMXL2,8.55526576922832,0.0033176321643350547,0.01950418488190661,False
RBP4,0.6495058221822723,0.536382892275818,0.6357257462456718,False
RBX1,4.140947882986684,0.03698681106123739,0.08847864341656818,False
RCC2,12.14386539683864,0.0007307306995637075,0.010424100871563058,False
RCN1,9.33037977376373,0.0023294591910544148,0.016626235887589658,False
RDH11,3.4170438831538106,0.059864802648997135,0.1249887561849155,False
RECQL,3.717038701085519,0.04885093025957194,0.10876884061595017,False
REEP5,4.75152933491851,0.02520764033746654,0.06732025779603808,False
REG1A,0.7409886512366615,0.49330396357390194,0.5999134755710925,False
REG4,1.3835944015228503,0.28089503473074323,0.3885569706430219,False
RER1,9.900380917171516,0.0018145494495832538,0.014687331414380394,False
RETREG3,1.7179124009996394,0.21291935924540467,0.31830335348449357,False
RETSAT,1.2480138067420927,0.31523797345721166,0.4209453871508732,False
RFC4,0.7347888036649289,0.49609629681363854,0.602325612544385,False
RGS14,2.97866207074824,0.08140774289243968,0.15651023891713448,False
RHOA,3.3658816489886805,0.06201149440654809,0.1285099058480783,False
RHOC,8.132354099615478,0.0040529999224660565,0.021713193829230624,False
RMDN3,11.101066139103915,0.0011000836200866296,0.012112618179228818,False
RNASE2,0.0732146610437194,0.929731345174168,0.9475455406565197,False
RNASE3,0.42251498479148863,0.6629586717503989,0.7441802449589912,False
RNASE6,0.4613482198375326,0.6390867691062262,0.7247308843570098,False
RNASET2,0.7436304152324665,0.4921195617015058,0.5993060459914149,False
RNF40,1.7681039883969796,0.20442205078881984,0.3075278528365141,False
RNH1,2.3457379640116085,0.129896493117927,0.21868030567102406,False
RNMT,9.660883794507374,0.0020133167041657307,0.01572639691295889,False
RNPEP,0.6038110094022835,0.5594866058199249,0.6581848748824183,False
ROCK1,0.11751821827090349,0.8899348490514317,0.9212763914647352,False
ROCK2,4.599629237186592,0.027680186092202814,0.07165415495942189,False
RP2,7.420462703313521,0.005748999753075702,0.02664839500862104,False
RPA1,4.845141541624839,0.02380887764205729,0.06518263805435782,False
RPA3,3.3435561593058214,0.06297547873127754,0.12990509647800003,False
RPF2,4.083369287280147,0.03838819645975983,0.09030803789481485,False
RPL10,2.5566359999316552,0.11080618230848475,0.19599446656940217,False
RPL10A,4.25098749408276,0.034466861966716424,0.08381523589526149,False
RPL11,9.96048916574855,0.001768220520385608,0.014390327379436723,False
RPL12,5.118350497416973,0.020204126374881646,0.05854217681126537,False
RPL13,9.203194801712613,0.0024658285663657653,0.016949726206957293,False
RPL13A,6.3037591010910115,0.010303367466575652,0.038299039800881875,False
RPL14,16.348772357751105,0.00017059420105035192,0.005312391902341154,True
RPL15,12.104130670165633,0.0007419122822643358,0.010424100871563058,False
RPL17,8.293685570274931,0.00375260902394689,0.020812381993137983,False
RPL18,10.39369828150551,0.0014713251192863034,0.01350065414249349,False
RPL18A,8.105320886261278,0.004105955143454834,0.021891894488014554,False
RPL19,4.488549647029247,0.02966262829045891,0.07538829533661572,False
RPL21,3.3260293772587537,0.06374416933136966,0.13112750855090222,False
RPL22,4.742696849387827,0.025344355833848642,0.06756478631601177,False
RPL23,6.36328899595943,0.009976136900351741,0.03751967985755183,False
RPL23A,15.26566906808875,0.0002417443524173474,0.006356955263575605,True
RPL24,2.023534724295578,0.16671443431890387,0.2639276552558146,False
RPL26,0.1453334125355232,0.8659369119836349,0.9033492360178818,False
RPL27,4.07716166492009,0.038542842592670275,0.09054123065407507,False
RPL27A,12.731888754958044,0.0005857148871107509,0.009346336127181554,True
RPL28,8.322409834626452,0.0037018153698383616,0.02072645497799223,False
RPL29,0.4241232704222575,0.6619501779803474,0.7438615179115171,False
RPL3,12.23519947398433,0.0007057454265644866,0.010251287448815668,False
RPL30,10.923241407080463,0.0011822631517255813,0.012399886765046707,False
RPL31,2.1080187394949714,0.15602912198066607,0.25079919763188574,False
RPL32,12.128678464127015,0.0007349816873854596,0.010424100871563058,False
RPL34,14.796009186612626,0.00028265454005715126,0.006590618409118527,True
RPL35,2.9410354826429668,0.08363396523701434,0.15996427940024832,False
RPL35A,5.098964077762324,0.02043846110502625,0.05880901106037219,False
RPL36,3.4257555978510132,0.059507727410455936,0.12459256141982995,False
RPL37A,10.143626949507466,0.001635123181455129,0.01404948148988753,False
RPL38,3.1893861631375167,0.07011545002961804,0.14060854162133454,False
RPL4,7.785736900978178,0.004795254083703216,0.02384548458081699,False
RPL5,7.33919684254971,0.005989375019695376,0.027195658117885105,False
RPL6,8.807224110841204,0.0029519512236373478,0.018420835289401773,False
RPL7,9.077240900475584,0.0026098623981561527,0.017391214063107965,False
RPL7A,10.024856529811665,0.0017200890898450844,0.014285052143917914,False
RPL8,5.275432460540157,0.0184137565884049,0.054921671853800466,False
RPL9,8.334481643272683,0.0036807014620067217,0.02072645497799223,False
RPLP0,6.993392153709084,0.00714799353535206,0.0301294670905217,False
RPLP1,5.059958517210033,0.020919338036134674,0.05976567669523428,False
RPLP2,7.460108197909302,0.005635714270537106,0.026339300586568817,False
RPN1,5.891154013077626,0.012936727743362459,0.04345962372732591,False
RPN2,7.0957292376101595,0.006780566638222592,0.02931837501611515,False
RPRD1B,5.378748476404195,0.01733432817960893,0.05293961971013042,False
RPS10,7.938737342971917,0.004450113987157065,0.022906807943108023,False
RPS11,5.333112119106628,0.01780203133112031,0.05399491205453581,False
RPS12,9.35368774739489,0.0023054058992467165,0.0165603754949105,False
RPS13,5.8087154888106705,0.013549972653424721,0.04504559361272444,False
RPS14,9.38408350752454,0.0022744599260274122,0.01646788225090412,False
RPS15A,10.083688772314268,0.0016773919859199003,0.014156621435403475,False
RPS16,7.153399642017167,0.0065829645798180314,0.028667335031800162,False
RPS17,17.296339526432405,0.00012736575309731714,0.004822628685074686,True
RPS18,8.75905050260211,0.0030181833932798993,0.01844969892924001,False
RPS19,10.203127893154292,0.0015943527824217377,0.013956437158139316,False
RPS2,10.877383048763587,0.0012045697929649092,0.012574808025624332,False
RPS20,8.514109221336994,0.003382116622251139,0.01976584735904237,False
RPS21,10.6860495010339,0.0013029318753056461,0.013005438500539932,False
RPS23,2.473061865588408,0.11796295066358135,0.20540080419519932,False
RPS24,10.072228900087778,0.0016856138325055166,0.014156621435403475,False
RPS25,7.516572754870123,0.005478709724931337,0.02586188259303779,False
RPS26,2.2808694184461666,0.1364987013137959,0.2277356973375803,False
RPS27,2.476339412388923,0.1176726012861611,0.20505506339569726,False
RPS28,7.295358652064617,0.006123761185720492,0.027423552374749107,False
RPS3,6.072138777007059,0.01169761403293953,0.04095469802853949,False
RPS3A,9.245778133717828,0.002419187214993169,0.016836337190949343,False
RPS4X,9.671364988638668,0.002004118185817223,0.01570947377935325,False
RPS4Y1,4.884172274127667,0.023251827352134574,0.06428784938696613,False
RPS6,12.928858558032571,0.0005446640535384505,0.009346336127181554,True
RPS6KA3,0.09995638205915078,0.9054745061672136,0.931321384335891,False
RPS7,3.9483163492944753,0.041917687215726834,0.09662826384065916,False
RPS8,12.960255797992339,0.0005384266314130744,0.009346336127181554,True
RPS9,11.139759208093285,0.0010830717851144074,0.012112618179228818,False
RPSA,1.9429741600582255,0.17768201303281048,0.27622937864669356,False
RPSA2,1.4461943184248325,0.26648454189064646,0.37607483675534065,False
RRAGC,3.1794437484222327,0.07060650773775325,0.1412283782098597,False
RRAS,12.243884528891172,0.0007034203970042701,0.010251287448815668,False
RRBP1,5.750621492775229,0.014001920652838836,0.046068174872521295,False
RRP1,1.4145748227088335,0.273655837493774,0.38280973134695745,False
RSU1,8.420835289473139,0.003533585510369145,0.020345438222073894,False
RTCA,5.895468635742191,0.012905508956930604,0.04342004067738399,False
RTCB,8.78150701431852,0.002987101435121131,0.01844969892924001,False
RTN3,0.36306000087725493,0.701491726033778,0.772747788934645,False
RTN4,0.10198901315744788,0.9036602799345456,0.9311702331059847,False
RTRAF,0.7261640354947171,0.5000106272633219,0.6054329221172147,False
RUVBL1,6.719269557640864,0.008248591962263501,0.03338288848495772,False
RUVBL2,10.735290098216307,0.001276775087087223,0.012888683863512973,False
S100A10,0.34962553377373096,0.7105463800179743,0.7803305447302284,False
S100A11,22.02615097166867,3.438810191412046e-05,0.0025225908259531634,True
S100A12,2.5631840032857407,0.11026657174868675,0.19519454935544073,False
S100A13,0.8479835736761817,0.4478139122447054,0.5588917765109899,False
S100A14,0.08043220341468942,0.9231126788066895,0.9429509485387034,False
S100A16,1.080976620755758,0.36427895750887973,0.47396574902436656,False
S100A4,2.612370935706303,0.10630704279777796,0.18999194688818877,False
S100A6,5.009434462165143,0.021561397403665552,0.061057445844946434,False
S100A8,6.559765090838102,0.008976850467906174,0.03505993696731187,False
S100A9,3.149589993662731,0.07210457416965133,0.14336996881308398,False
S100B,47.33247538001715,3.31265023302939e-07,0.00039422410979404634,True
S100P,32.83250564470267,3.3154726600416954e-06,0.0007406765922533148,True
SAE1,4.470129088394736,0.030006698925699647,0.07585763812588482,False
SAFB,2.3067188817517295,0.13382323683089228,0.22410877892069966,False
SAMD9L,6.940356312987656,0.007347255695472145,0.030737395549971482,False
SAMHD1,1.4699921507008478,0.26122756538856334,0.37027857962263505,False
SAMM50,2.1324693035999056,0.15308309099077233,0.24730191876109375,False
SAR1A,8.006734213832848,0.004305830225299995,0.02247482411990698,False
SAR1B,0.6754012206862684,0.5237709517795938,0.625724227954873,False
SARNP,12.762394048980916,0.0005791336477581284,0.009346336127181554,True
SARS1,1.765620920815366,0.20483327747446875,0.30793912643200755,False
SBDS,1.7121226921632762,0.2139250411225037,0.31860569457844884,False
SCAF11,5.529619359612648,0.0158844254439479,0.050131070892522965,False
SCAMP4,0.37129802087883856,0.6960041138867016,0.7682179794579502,False
SCARB2,4.397633686935358,0.03140545029883565,0.07821602671973116,False
SCP2,4.175022327042801,0.03618483337672656,0.08719813529915006,False
SCRIB,0.2912902022935418,0.7514310199259325,0.8091346493798826,False
SCRN2,0.6113723178166874,0.5555868439468327,0.6549767859510418,False
SDCBP,3.729394107066805,0.04844924844930535,0.1083439650007489,False
SDHA,0.27379320470937646,0.764208913766697,0.820789766035962,False
SDHB,0.5269180240007152,0.6009568192678766,0.6942644580986465,False
SDR16C5,15.193591422949577,0.00024756271617326663,0.006356955263575605,True
SEC11C,0.44418193688568147,0.6495171341178855,0.7338777941327461,False
SEC13,8.287470534734265,0.0037637028496339963,0.020812381993137983,False
SEC16A,5.5287528995120985,0.015892349952961106,0.050131070892522965,False
SEC22B,1.3141033954929753,0.29793629969057095,0.4053597104875603,False
SEC23A,0.08917640027847373,0.915165456191988,0.9374046901113714,False
SEC23B,1.470614037482745,0.2610917742051604,0.37027857962263505,False
SEC24C,4.8214235914767025,0.02415476484973761,0.06572685100403632,False
SEC24D,3.1357301819905254,0.07281228186427888,0.14433242030594412,False
SEC31A,0.4356326410788697,0.6547836283177276,0.738781124071618,False
SEC61A1,3.409232586402496,0.06018703752668337,0.12554420339366074,False
SEC61B,8.49996623324786,0.003404603016593365,0.01976584735904237,False
SEH1L,0.48779227958754634,0.6233884560058088,0.7134476489328776,False
SELENBP1,0.5889908080527902,0.5672204905855999,0.6651814047077323,False
SELENOH,1.9954941601126828,0.17044242039299726,0.2677695971574936,False
SEPHS1,6.876072872739321,0.007597268646825362,0.031430181772236776,False
SEPTIN10,0.3934903910535967,0.6814615249081472,0.7562767246124197,False
SEPTIN11,4.736475458386654,0.025441159404553826,0.06774201443357955,False
SEPTIN2,1.8051648381610024,0.19839418718324459,0.3013002135740098,False
SEPTIN6,0.7116427144268093,0.5066804377303893,0.6111901176510203,False
SEPTIN7,0.21706217328264413,0.8073641876155949,0.8580645076751852,False
SEPTIN9,0.19949191786581763,0.8212851488780278,0.8687268099401109,False
SERBP1,7.854760509819311,0.0046359273587656645,0.023431361356295238,False
SERPINA1,9.207398180141743,0.002461179575164866,0.016949726206957293,False
SERPINA3,11.085460276417251,0.0011070304521950168,0.012112618179228818,False
SERPINA7,1.128151742016094,0.3496038186233954,0.45779953332565426,False
SERPINB1,1.8389061062901455,0.19308094149904523,0.29423112094738546,False
SERPINB5,10.555564730475627,0.0013752333676953544,0.013287390254082805,False
SERPINB6,3.093977374378411,0.0749922989359217,0.1470876170525453,False
SERPINB8,1.514327392608582,0.251744227677506,0.36143740657554524,False
SERPINB9,2.5925652914639286,0.10788168424190563,0.19219113444690364,False
SERPINC1,1.0525657017011245,0.3734533260429958,0.4842105225653236,False
SERPIND1,3.6305979890215863,0.05176911555553366,0.11316262637090234,False
SERPINF1,0.3271073464141885,0.7260220316123412,0.791959579405259,False
SERPING1,11.339821762247292,0.0009997319052363499,0.011977379337084381,False
SERPINH1,17.36412225267196,0.0001247845973094002,0.004806358454986208,True
SERPINI2,5.356077357598173,0.017564908748760995,0.05352042869912282,False
SET,8.009268436076276,0.004300556215577032,0.02247482411990698,False
SETD3,1.5002490787090341,0.25471264828900947,0.3640088476539159,False
SETSIP,9.625693068094451,0.00204455267473571,0.01591474102912744,False
SF1,8.992831128095425,0.002711723369509849,0.017810612390031448,False
SF3A1,6.726194454326389,0.008218525754417949,0.033321572659473137,False
SF3A3,6.626759819470586,0.00866244050247737,0.0342511364292645,False
SF3B1,3.7409633500180086,0.048076515871931486,0.10772611480230183,False
SF3B2,6.084849873891853,0.011615773901220424,0.040804792029602785,False
SF3B3,3.15672102471192,0.07174348999551132,0.14299006250313614,False
SF3B6,7.298430627659326,0.006114233473730122,0.027423552374749107,False
SFN,11.289024345676518,0.0010201822353164676,0.011977379337084381,False
SFPQ,7.4048390638714885,0.005794350904579221,0.026678130789179934,False
SFXN1,2.762829624515268,0.09516036120410593,0.17535461045510523,False
SFXN3,9.705195544925914,0.0019747511635173627,0.015643950706729744,False
SGTA,5.95458574775928,0.01248624907890505,0.04265180495760533,False
SH2D4A,6.686090430248481,0.00839438812948171,0.033662224286779716,False
SH3BGRL,11.031744782492213,0.0011313243809645882,0.012171924481852892,False
SH3BGRL3,21.956279030511844,3.5004617549036734e-05,0.0025225908259531634,True
SH3GLB1,1.591949625472565,0.23606511836382227,0.34356317552102866,False
SHANK2,2.6277934866398103,0.10509890630978688,0.188284648513283,False
SHMT2,3.9335405876054366,0.042325679787926354,0.0971794127916007,False
SIAE,0.8737238832630623,0.4375923321289323,0.5473579339171527,False
SKIC3,0.30467302804818813,0.7418210040084595,0.8026928098030757,False
SKP1,3.611111067439692,0.052453963418390995,0.11432405295286388,False
SLC12A2,5.964411562786848,0.01241807102620681,0.04254903477384358,False
SLC12A5,3.788954849831201,0.046564661993615725,0.104864369852558,False
SLC16A1,1.6554028598399682,0.22406732656660652,0.33040686966983435,False
SLC16A3,29.011620738050357,6.994008225803663e-06,0.001116043884031813,True
SLC16A7,1.2169510762490134,0.32376128234298335,0.43052541949656237,False
SLC1A5,7.5915868895299035,0.0052777359910046754,0.025301421038421555,False
SLC25A1,1.276753020950608,0.3075780893297531,0.41443272108725476,False
SLC25A11,1.204330663857173,0.3272985785563175,0.43393769999692183,False
SLC25A12,0.8221447034289477,0.45834764414445744,0.5685444958460399,False
SLC25A13,2.8632885956753684,0.08845604787621601,0.16605950500459377,False
SLC25A20,2.2703588532799976,0.13760385853599774,0.22906633380731664,False
SLC25A24,1.627074184044667,0.22933620522264123,0.3353136096737522,False
SLC25A3,5.099274011125785,0.020434690617192372,0.05880901106037219,False
SLC25A4,0.6068760969515147,0.5579020530853818,0.6570176440374147,False
SLC25A5,1.8744321638280106,0.18766020867037173,0.28833074702174033,False
SLC25A6,4.990241053472008,0.021811137973409594,0.061518928460933514,False
SLC26A2,3.5663925530929004,0.054064717472516864,0.11700889008315876,False
SLC26A3,3.2247007479592615,0.06840228407801748,0.13841549151294477,False
SLC2A1,19.97812448335289,5.895984394941167e-05,0.003268417929162486,True
SLC3A2,8.558460354887536,0.0033126854212664567,0.01950418488190661,False
SLC44A1,0.3556477561699349,0.7064712016921599,0.7770835374595201,False
SLC4A1,0.5813211422351092,0.5712704164513237,0.6681623128627265,False
SLC5A1,3.2027133866121593,0.06946327576426933,0.13980266491655646,False
SLC75A1,0.06262653172033772,0.9395384771315217,0.9535549963781647,False
SLIRP,4.63818014394375,0.02702760952070227,0.07027586918007991,False
SLMAP,12.732893689254665,0.0005854967361697891,0.009346336127181554,True
SMARCA5,10.174501348747347,0.0016138222592871664,0.014028322674114902,False
SMARCC2,2.6791747006989275,0.10118478545692727,0.18321352727025755,False
SMC1A,1.9153134921522101,0.18163460300065387,0.2813015053748835,False
SMCHD1,2.255047158959015,0.13923203668857242,0.2312597546187887,False
SMG8,7.812921364802149,0.004731774973790235,0.02375457368864581,False
SMTN,9.174614183163497,0.002497704293401712,0.01701180302274215,False
SNAP23,0.9643421902869369,0.4036550428911714,0.5147062590290393,False
SNAP91,0.046726812174440205,0.9544864285732743,0.9641726529497204,False
SND1,9.33357876315226,0.0023261411290546406,0.016626235887589658,False
SNRNP200,1.5206041308511171,0.2504334253697931,0.360018193227875,False
SNRNP70,6.835775466460232,0.007758907039502716,0.03195287555545404,False
SNRPA1,14.56455359459292,0.0003056651215008166,0.006629668751774994,True
SNRPB,0.5796539376627757,0.5721551049715291,0.6681623128627265,False
SNRPB2,11.983814677975548,0.0007769705356733356,0.010744694573286702,False
SNRPC,6.561338777338617,0.008969318319969954,0.03505993696731187,False
SNRPD1,12.410503681972529,0.0006604540772645698,0.009836362724060325,True
SNRPD2,10.66812237116446,0.0013126052210599357,0.013032711394879538,False
SNRPD3,2.181224563291957,0.14739483668251868,0.2407018020093178,False
SNRPE,4.845377487404082,0.023805465076135655,0.06518263805435782,False
SNRPGP15,11.825696820854823,0.0008259347897361264,0.0109179782264527,False
SNU13,16.342351207043045,0.00017093908220236164,0.005312391902341154,True
SNX2,2.9169417080478,0.08509572076324648,0.1614164249526852,False
SNX3,1.3302024151981269,0.29388642952109456,0.4013094642726927,False
SNX9,5.3951030264149225,0.017170120895686168,0.05261735264878313,False
SOD1,0.8928963725642727,0.43015058584856897,0.5401666153938747,False
SOD2,11.765247934120659,0.0008455707596689104,0.011111794571178505,False
SOD3,6.690705087890241,0.008373936549629228,0.03364635656811456,False
SON,2.7620774314925773,0.09521268687647388,0.17535461045510523,False
SORBS1,17.231797867729988,0.000129879860263118,0.004826833408936353,True
SORBS2,17.482180430626705,0.00012042923300635234,0.00480426618814627,True
SORBS3,0.6337333486614213,0.5442331547319186,0.6439707985546113,False
SORD,11.163468200512572,0.0010727952503820192,0.012112618179228818,False
SPATS2L,1.1480627157189527,0.34361194039083287,0.4516235107943539,False
SPCS1,3.0989236747467603,0.07473021643895095,0.14676859522336658,False
SPCS3,2.5012733672811467,0.11549009525684631,0.20235676298336835,False
SPR,2.100606836240486,0.15693482922088414,0.25168155669738346,False
SPRYD4,3.6346485395477752,0.05162803858341504,0.11296477786028325,False
SPTAN1,0.6245006909098048,0.5488888084470605,0.6484492850717785,False
SPTBN1,2.0625779734514254,0.16167655801656838,0.2587288184878322,False
SPTBN2,2.1208356123045626,0.1544768908500943,0.24882117796619777,False
SQOR,0.45313416391035594,0.6440538188923418,0.7292530316297473,False
SRBD1,6.2881081671253005,0.01039140716741914,0.03843444306624894,False
SRI,0.7067256423989611,0.5089617137632907,0.612288889901557,False
SRP14,8.47925425236844,0.0034378400969424733,0.01989672221909193,False
SRP68,3.053027108589709,0.07720253701473606,0.14984402058290214,False
SRP72,5.862703087780921,0.013144742565197782,0.04396011211175426,False
SRPRA,1.7586458401958067,0.20599346191629156,0.30902521556394796,False
SRPRB,8.073913303058173,0.0041684666373042936,0.022002174562496445,False
SRRM1,4.356104208179053,0.032239954231532635,0.07976086129927343,False
SRRM2,16.398086823409493,0.00016797164128070746,0.005312391902341154,True
SRRT,14.626567347622768,0.0002992982281512839,0.006627181356667825,True
SRSF1,5.282629569816665,0.018336141359347698,0.05489848273206584,False
SRSF3,7.224794543159083,0.006347316398665911,0.027968254111675826,False
SRSF4,5.520801417760425,0.01596528256801061,0.050131070892522965,False
SRSF5,1.5086245967943133,0.25294191579261055,0.3622257947953154,False
SRSF7,10.312916375551403,0.001522112517126803,0.013711287755085797,False
SRSF9,2.947409732621572,0.0832520180145651,0.15937018701331485,False
SSB,11.26288702073923,0.0010308892221707604,0.011977379337084381,False
SSBP1,13.76907894997343,0.000402572727825353,0.007947536699527809,True
SSH3,5.055109620010655,0.02098000843223924,0.059782319945947016,False
SSR4,7.57650736271707,0.005317455871038318,0.0253828983245718,False
SSRP1,0.6249631208850919,0.5486545528981825,0.6484492850717785,False
ST13,0.5415583290203029,0.592799532199627,0.6873330207387545,False
ST3GAL4,0.9135596718403421,0.4222903246265771,0.533595353628831,False
ST6GALNAC1,0.21252988207640408,0.810929365793957,0.861034317102519,False
STARD10,2.1419381787899314,0.15195916763316702,0.24617318772603836,False
STARD5,0.05410250037797438,0.9475189946803516,0.9582423875581283,False
STAT1,15.259092695949171,0.0002422687454463297,0.006356955263575605,True
STAT3,5.261775691174637,0.018562060057226527,0.05529018955712541,False
STAT5A,0.30055659607375534,0.7447620421841928,0.8049339149683051,False
STAT5B,0.7079521523719704,0.5083915865928429,0.612288889901557,False
STAT6,0.4801863110787441,0.627858451104992,0.7170939569368877,False
STIM1,2.3398340157691195,0.13048217318771707,0.21934851032543204,False
STIP1,6.2991826296336955,0.01032902329173766,0.03833062796302647,False
STK26,3.5652983558995333,0.054104826972203666,0.11700889008315876,False
STK38L,1.9983114893776435,0.17006361903844763,0.2673625087486925,False
STK39,0.9630378625918717,0.4041218630686197,0.5150075539619489,False
STMN1,12.751168238122345,0.0005815457193985815,0.009346336127181554,True
STMN2,17.04828741477968,0.00013734108682037877,0.004826833408936353,True
STOML2,4.0224424972721335,0.03993699229616442,0.0927434935443153,False
STRAP,1.2405776532699577,0.31725498798426816,0.4233856888631153,False
STT3A,3.998711569083359,0.04055931602645579,0.09399326971276165,False
STT3B,3.721369678622526,0.04870969945164711,0.10860026803890184,False
STX4,0.9326815586204205,0.4151611649011587,0.5260748964204132,False
STX7,15.035541867787169,0.00026088519667313636,0.006404588234810842,True
STXBP3,0.5186668799491478,0.6056102067491943,0.6967407680258375,False
STXBP5,8.373537974028498,0.003613320298635519,0.020653698582315146,False
SUB1,3.139728419404431,0.07260731975583246,0.14405395411592337,False
SUCLA2,1.4609304291823997,0.26321533252064466,0.3720384445599484,False
SUCLG1,0.29417534571984966,0.7493473679390539,0.807545595743293,False
SUCLG2,0.100939398998847,0.9045965988154827,0.931321384335891,False
SUGT1,2.570043240198212,0.10970450444500313,0.1946623216283852,False
SULT1A1,0.06635183329425055,0.9360746526549274,0.9514222394679287,False
SULT1A3,0.3157944448803029,0.7339407620022301,0.7982588424113837,False
SULT1B1,0.3438093819426887,0.7145074193042779,0.7836080386478924,False
SUMF2,2.419918729006898,0.12278593439288732,0.21146558596433365,False
SUMO1,0.10024020126618977,0.9052209353638916,0.931321384335891,False
SUMO2,11.389052237927334,0.0009803546611027302,0.011960860167519604,False
SUMO3,8.099105620131574,0.004118240787221174,0.021905118853933578,False
SUN2,5.309988455162867,0.018044461994810117,0.05437457691786183,False
SUPT16H,9.373522682727046,0.0022851582353537498,0.01646788225090412,False
SUPV3L1,1.48680900891406,0.257583556605231,0.36675695695097904,False
SURF4,3.8594910922151757,0.0444393717454906,0.10092949575948287,False
SVIL,7.672210006002457,0.0050709944504946135,0.024789062587319402,False
SWAP70,6.468828297796347,0.00942452849924914,0.03629126420466284,False
SYAP1,5.421493047215533,0.016908856509724342,0.05216213265074016,False
SYNCRIP,15.390720436843385,0.00023201363859846996,0.006244800826855204,True
SYNM,19.76608268087014,6.248688429790692e-05,0.003268417929162486,True
SYNPO2,12.35133521668051,0.0006753618933980448,0.00999177794603465,True
SYPL1,0.2945373940491105,0.749086359173733,0.807545595743293,False
TAGLN,12.539160450975926,0.0006293077145945729,0.009721940374449215,True
TAGLN2,24.256178746997367,1.9918090068338592e-05,0.0018537254938840292,True
TALDO1,7.167221296119666,0.00653658090721742,0.02852094091156976,False
TAP1,16.476328162364275,0.0001639039497891259,0.005312391902341154,True
TAPBP,18.11241767101731,9.990337495128478e-05,0.00429200268540712,True
TARDBP,11.06975849915885,0.0011140701993981464,0.012112618179228818,False
TARS1,12.513585982423013,0.0006353640531197787,0.009721940374449215,True
TARS3,2.809948523331885,0.09194661570741638,0.1713167135032262,False
TATDN1,2.3173613651204437,0.13273903220319963,0.22245986342231658,False
TAX1BP3,2.2959056100540223,0.13493513168522595,0.22580156118711217,False
TBCA,3.3217411654525666,0.06393385746524236,0.13139672270225522,False
TBCB,1.0002865541092956,0.39102788290792934,0.5010559828383474,False
TBR1,5.24091754914574,0.01879118577188536,0.055749679965991894,False
TCEA3,0.4308508705974223,0.657750365941048,0.740632216488055,False
TCP1,5.977841353271108,0.012325567525660146,0.04245941996442952,False
TECPR1,0.1460085964703703,0.8653635746831889,0.9033492360178818,False
TECR,4.828414158648149,0.024052230582381633,0.06560767169846222,False
TES,1.3302401135001325,0.2938770196419352,0.4013094642726927,False
TF,9.05434755254214,0.0026370536127654763,0.017429520032301995,False
TFAM,5.0236832195552745,0.021378091020245654,0.0608390513875526,False
TFG,3.201404525276635,0.06952702016122508,0.13980500723688286,False
TFRC,10.523052233189167,0.0013939490984719329,0.013308043957206401,False
TGFB1I1,2.1419159794295077,0.15196179166161336,0.24617318772603836,False
TGFBI,1.9639836445823982,0.17474494336107305,0.2725349578554795,False
TGM2,0.5814320556050808,0.5712116161974102,0.6681623128627265,False
TGOLN2,8.266440049496113,0.0038015188394429664,0.02081965914508363,False
THBS1,2.922289635751611,0.0847687814101563,0.16116890014492696,False
THEM6,5.897122850824243,0.012893562405406522,0.04342004067738399,False
THOP1,1.1137761719479031,0.3540035415545697,0.4624818197853267,False
THRAP3,7.9523184949864945,0.004420863369173133,0.022861594367436986,False
THUMPD1,0.5189618290296644,0.6054431625361825,0.6967407680258375,False
THY1,1.9065912155996487,0.18290157338093657,0.2825740767171593,False
TIA1,5.560092310447234,0.015608552372119333,0.04946029219760935,False
TIAL1,0.11074919763672866,0.8958883645753422,0.9270100076245088,False
TIMM13,6.52261056439732,0.009156783121465392,0.03557609303191945,False
TIMM44,3.9734103815983857,0.041234954287310256,0.09539988407376852,False
TIMM50,4.703535076666852,0.02596074026237959,0.06839185583273114,False
TINAGL1,17.402594062304882,0.00012334599608146229,0.004806358454986208,True
TJP1,1.8256713427474074,0.19514556300916047,0.2967700393209425,False
TJP2,3.209372445632813,0.06913998906388617,0.13940319094649972,False
TKT,7.199405102619305,0.006430004607919389,0.02827683128758251,False
TLN1,1.3988389100171883,0.27730607718921346,0.385742077484871,False
TLN2,3.4338451165288237,0.05917831476040319,0.12445207767475618,False
TM9SF2,4.77194214335752,0.024894862512364585,0.06670753626895853,False
TM9SF3,2.8887063617900006,0.08684572449986457,0.16344848233588666,False
TM9SF4,0.9086537047371186,0.4241416986389577,0.5350965346299771,False
TMCO1,13.69643842778364,0.00041303587164295857,0.007947536699527809,True
TMED10,5.297341675287325,0.018178633574568222,0.054511499873269004,False
TMED2,6.585075685318702,0.008856570581827598,0.034711541543513774,False
TMED4,6.866188755071909,0.007636559035491442,0.03153433065672436,False
TMED7,3.2885902885804144,0.06542206102304665,0.1337171860251475,False
TMED9,1.1601475269964907,0.3400320061636818,0.447631998685719,False
TMEM109,1.023417474392367,0.3831389203698056,0.49390210508144594,False
TMEM123,25.407282813186736,1.5249980840646383e-05,0.0017248908687003855,True
TMEM126A,0.5667062804214077,0.5790787730317798,0.6751889242969709,False
TMEM245,1.1825152739386044,0.3335168694258563,0.44009254949637505,False
TMEM33,17.176603446739712,0.0001320745410519529,0.004826833408936353,True
TMEM43,0.2384077542045534,0.7908104523038014,0.8424752267270827,False
TMEM63A,1.4933090201300387,0.25619054736785873,0.3654723389653872,False
TMOD3,1.7138107827723241,0.2136312621113572,0.31852621707423834,False
TMPO,8.633754500533842,0.0031984800326284365,0.01912028777502889,False
TMT1A,7.031494237532687,0.007008618493703481,0.029994738917497273,False
TMX1,1.5127376819228575,0.2520774477204224,0.3616833771402849,False
TMX3,5.48711440962956,0.016278503491999607,0.0507596456965367,False
TMX4,11.829505808898247,0.0008247149079200514,0.0109179782264527,False
TNC,1.3944430266680887,0.2783356230712073,0.3865425221030505,False
TNPO1,9.085720616122543,0.0025998715061586,0.017391214063107965,False
TNPO3,5.0932293382124065,0.020508369423597364,0.05888907106981557,False
TNS1,13.491668744008399,0.0004442293433061831,0.008245313576122416,True
TNS2,11.363160804177763,0.000990492001338911,0.011960860167519604,False
TNXB,1.7132483278403956,0.21372909552116529,0.31852621707423834,False
TOLLIP,4.85864627585484,0.02361444314173459,0.06488888804260157,False
TOMM22,2.757953168661434,0.09550016793657594,0.17559454746527625,False
TOMM34,12.855113351633277,0.0005596390833641436,0.009346336127181554,True
TOMM40,9.078718348926609,0.0026081185266785645,0.017391214063107965,False
TOMM70,5.00710865175664,0.021591487116162794,0.061057445844946434,False
TOP1,5.935139380625946,0.012622435295743702,0.04292443257694726,False
TOP2B,0.9962103346413713,0.39243710205269383,0.5019035396430849,False
TP53BP1,0.16271459476284142,0.8513136548076479,0.8916243341961019,False
TP53I11,4.790163025950016,0.024619382025254644,0.06653533725484351,False
TP53I3,1.794047909614275,0.20018091675808616,0.3029838536839868,False
TPD52,3.5774774364638193,0.053660278173062584,0.11638549654235128,False
TPD52L2,8.349193656440407,0.003655154053121683,0.02072645497799223,False
TPI1,2.4196101595883235,0.12281458356436553,0.21146558596433365,False
TPM1,12.837332959636669,0.0005633191091052838,0.009346336127181554,True
TPM2,10.418017667693961,0.0014564137545828345,0.01350065414249349,False
TPM3,14.442716422834682,0.00031862624573575804,0.0067151984242800325,True
TPM4,5.178135432321944,0.01950042491814901,0.0570956084759435,False
TPP1,0.07431064763431951,0.9287228434723479,0.9472304626869701,False
TPP2,2.3545616044734894,0.12902672072023624,0.21804334471078562,False
TPPP3,1.5539019322319307,0.24360773826588675,0.3511094756683813,False
TPR,3.684335377370483,0.04993247740682539,0.1103354644182472,False
TPSB2,5.424925065814631,0.016875211370436474,0.05216213265074016,False
TPT1,7.06958160155635,0.006872367477390084,0.02958163573119354,False
TRAP1,10.366021987795202,0.0014885056737083961,0.01350065414249349,False
TRAPPC6B,1.717391447450894,0.21300963001759976,0.31830335348449357,False
TRIM25,3.0982859423690714,0.07476394868585101,0.14676859522336658,False
TRIM28,12.19559795986353,0.0007164579337717592,0.010326238864813615,False
TRIP12,3.193254699364474,0.06992542922317752,0.14035346710204724,False
TRMT10C,4.5947509868732785,0.02776402908230197,0.07178801038178542,False
TSN,1.7700471096435864,0.20410089842947604,0.3074588045121035,False
TSNAX,1.170872950495055,0.3368901431981561,0.44401922118270243,False
TSPAN8,2.4137971134565546,0.12335571488039565,0.21181911379154797,False
TST,2.275783183909741,0.1370322438511977,0.2283907428010713,False
TTC38,1.1330475572204597,0.34811959968254463,0.45612855465736346,False
TTC39A,1.0443158458374464,0.376166200835373,0.4865983165409515,False
TTLL12,1.6204052292610174,0.23059689942471517,0.3365888016683531,False
TTR,7.738973017108483,0.004906725073392197,0.024101179398980842,False
TUBA1B,0.3222043961659429,0.7294420166413798,0.7941391155832566,False
TUBA3C,1.6312597119210615,0.22854896637624325,0.3353136096737522,False
TUBA4A,1.8700916917424089,0.1883131594910397,0.2887382280734267,False
TUBA4B,1.5628640739484871,0.2418067818564352,0.3500576804314149,False
TUBAL3,1.8629229134455156,0.18939722742344534,0.2902012387270075,False
TUBB,3.064139746013323,0.0765955331896178,0.14944490929747264,False
TUBB1,2.9282973173353706,0.08440320541529582,0.1607474517457552,False
TUBB2A,34.375961559283496,2.5016326240402443e-06,0.0007406765922533148,True
TUBB2B,15.43722810118391,0.00022850856042341467,0.006244800826855204,True
TUBB3,1.0758253214810098,0.3659232691797461,0.4758280461860028,False
TUBB4A,3.160888256644192,0.0715334285427894,0.1429388903082214,False
TUBB4B,3.390086837877131,0.060985193213309134,0.12685374454239534,False
TUBB8B,0.18386955733207963,0.8338915987878508,0.8783186382329367,False
TUFM,5.2993090257346385,0.018157687591022452,0.054511499873269004,False
TWF2,6.7970752119642475,0.00791781702904728,0.032337117445871345,False
TXN,2.2100167488972557,0.14414833577771577,0.2366108612251411,False
TXNDC12,0.6057001960791879,0.5585093543234451,0.6573814001889232,False
TXNDC17,1.679321471829061,0.21972533121908006,0.3257242136320006,False
TXNDC5,1.4392504021860248,0.26804098495379985,0.37755354853656287,False
TXNL1,1.4814585713656874,0.2587366454349605,0.36746196179383456,False
TXNRD1,3.2527420264902855,0.06707570963296725,0.13634630806254197,False
TXNRD2,1.9152603614552168,0.18164229042750693,0.2813015053748835,False
TYMP,6.65852764885156,0.00851772817033863,0.03379858744677887,False
U2AF1,4.06030681376375,0.038966309117045184,0.09124073162111425,False
U2AF2,6.03808056986442,0.011920137563568111,0.041350290864924165,False
UBA1,4.1111235119971115,0.037705320710376126,0.08970573638656046,False
UBA2,11.155368002225151,0.0010762937581948195,0.012112618179228818,False
UBA5,2.378113650469749,0.1267372666487186,0.21563675071838337,False
UBA6,2.9756987143493783,0.08158061588877803,0.15670773507784191,False
UBAC2,0.2992829542548984,0.7456746872988436,0.8055305857957527,False
UBB,4.301149756356263,0.033383130757980335,0.08195375177288798,False
UBE2D3,2.498523634670587,0.11572851860483264,0.20261560388965216,False
UBE2I,4.941529507630481,0.022459814813203555,0.06271903286587092,False
UBE2K,2.357118521594421,0.12877591266177865,0.21794347642910114,False
UBE2M,2.025119238897387,0.16650654819497102,0.2638125026011101,False
UBE2N,2.0108160924461105,0.16839379939793675,0.26585989247702524,False
UBE2V1,4.167666904868486,0.03635626910530102,0.08733323137768008,False
UBE2Z,1.625440138145723,0.22964437998380494,0.33553011437790725,False
UBR4,4.860128269395927,0.023593215924018193,0.06488888804260157,False
UCHL1,6.081850292233986,0.01163502798695478,0.040804792029602785,False
UCHL3,7.0515120413291115,0.006936630366689472,0.02980083122920054,False
UFL1,2.602603049922508,0.10708035622633079,0.19122103581904315,False
UFM1,1.4026501488238916,0.2764169511846073,0.3852248714575251,False
UGDH,0.04606088322410382,0.9551183501337142,0.9641818319921904,False
UGGT1,5.728711848632606,0.014176786553464148,0.046574913471233687,False
UGP2,0.7476252435106897,0.490334646852902,0.5976037103488179,False
UGT1A10,2.1229192812233837,0.15422619852270952,0.24876630144385062,False
UMPS,11.9132716132344,0.0007983971795727809,0.010744694573286702,False
UPF1,2.210593709980461,0.14408411319433345,0.2366108612251411,False
UPF2,3.4206189614013147,0.05971797458261478,0.12491568840595639,False
UQCR10,0.021399436896258707,0.9788577329218082,0.9819345196889626,False
UQCRB,0.7962429542317068,0.4691897456162868,0.5784602051361947,False
UQCRC1,0.6992854483171556,0.5124357605398782,0.6156463721714783,False
UQCRC2,0.695162207000663,0.514372593264688,0.6168053533834208,False
UQCRFS1,1.8009578373968207,0.19906820846793316,0.30191335893914645,False
UQCRH,1.3480728980170398,0.28946381722089615,0.39721263370484156,False
UQCRQ,0.10947068975339669,0.8970179036936039,0.9277490726164404,False
USH1C,4.912073821898489,0.022862664905411067,0.06344744521576189,False
USO1,5.692652221096606,0.014470002998811512,0.04705383799031283,False
USP14,3.712710414816731,0.04899253714196266,0.10890480395536774,False
USP15,2.6813137532144977,0.10102545544961632,0.18319063918380102,False
USP39,2.546219877218783,0.11167073687007553,0.19705562888447767,False
USP43,0.614606785698701,0.5539280745194456,0.6533660604416269,False
USP5,2.702806434961002,0.0994402299436824,0.18105091580618296,False
USP7,2.707187500734544,0.09912056773093458,0.18061610792080576,False
USP8,0.06175326465063944,0.940352550262199,0.9535849284093294,False
UTRN,3.5326798061573044,0.05531614029646595,0.11843379794323668,False
VAC14,3.426944524331646,0.059459183213906225,0.12459256141982995,False
VAMP2,1.8429021016428886,0.19246244077020397,0.2937880899027559,False
VAMP7,6.11199045455258,0.011443192568066677,0.04044951297003316,False
VAMP8,0.49536350609065044,0.6189746653974825,0.7093778245890378,False
VAPA,2.805136141147822,0.09226914011590241,0.17148856823537936,False
VAPB,4.343913081401722,0.03248967660960746,0.08020103596227962,False
VARS1,9.504859698539246,0.002156063648899753,0.01609653948959205,False
VASP,0.409296543629328,0.6713137365822456,0.7499621863136803,False
VAT1,8.907008388622653,0.002819934198128749,0.018037020104589126,False
VBP1,11.936481088386191,0.0007912745081673606,0.010744694573286702,False
VCAN,1.9362093795946083,0.1786395882249237,0.27752492357056996,False
VCL,15.984919400145793,0.00019144385031263968,0.0056274415999794354,True
VCP,6.888208846464596,0.007549339871257552,0.031348002365036,False
VDAC1,7.142145076783498,0.0066210090795185686,0.028776914948724672,False
VDAC2,4.417087320824354,0.031022983617984546,0.07760956931979561,False
VDAC3,2.201531989106597,0.1450965463287874,0.23746936593297516,False
VIL1,3.129572076599305,0.0731292495939474,0.14457587928573318,False
VILL,0.732630524386118,0.49707255865541466,0.6031831048539904,False
VIM,0.9105256126626278,0.4234342100321859,0.5347382844612228,False
VKORC1L1,6.270050575549441,0.010494045918543124,0.03855871477306799,False
VPS13C,1.274813117541106,0.3080884426479602,0.41482540459206246,False
VPS26A,1.9726834559244344,0.1735448731868104,0.2714980719183014,False
VPS29,1.7875111094875122,0.20124003235535717,0.3038044007476645,False
VPS35,0.11978138600582319,0.8879543505661734,0.9200788586107752,False
VPS36,1.6292990543827928,0.22891735650144332,0.3353136096737522,False
VPS4B,1.466054098233677,0.262089313625159,0.3710440599737676,False
VTA1,0.29590714463638945,0.7480998071222871,0.8074571840825284,False
VTN,2.762303526064896,0.0951969553716033,0.17535461045510523,False
VWA1,8.372636611497871,0.0036148595101545304,0.020653698582315146,False
VWA5A,0.16149798132528892,0.8523280657402349,0.8922684624478373,False
VWA8,4.823929367182026,0.024117954486993536,0.06570671990724825,False
VWF,1.7141162253873945,0.21357815468882993,0.31852621707423834,False
WARS1,8.068183643977228,0.0041799865168152305,0.022002174562496445,False
WASHC4,1.2912547476918788,0.3037931578120976,0.4108195608669649,False
WBP2,0.9304108650072263,0.4160005629854796,0.5268397152548534,False
WDR1,0.23949627684260094,0.7899766560773142,0.842333011996523,False
WDR11,0.6906049460578404,0.5165229594797883,0.6190516585181582,False
WDR36,3.591344466881246,0.05315914952076976,0.11563538464401134,False
WDR43,10.63572463638516,0.0013302939852236995,0.013091968118897552,False
WDR44,1.3703097481301725,0.2840655605918875,0.3914882556213921,False
XDH,1.6812860727920698,0.21937295205916163,0.325417778818172,False
XPNPEP1,3.281591950581893,0.06574122495682816,0.13400173043207492,False
XPO1,4.713932045219925,0.025795457221896037,0.06829594313323822,False
XPO7,6.424208141238748,0.009653408316577307,0.036738865722714995,False
XRCC5,5.097674028151127,0.02045416364991459,0.05880901106037219,False
XRCC6,8.459574121752913,0.0034697624253991186,0.0200295846468776,False
XRN2,4.099588993210371,0.03798743469271148,0.09000101987520466,False
YARS1,3.774846439977755,0.04700344701123865,0.10557199319514668,False
YBX1,10.64385913257505,0.0013258273844019481,0.013091968118897552,False
YBX3,5.920747938168559,0.012724305201551385,0.04313520154820302,False
YTHDF3,4.586330270109847,0.027909434932761174,0.07208055218472655,False
YWHAB,3.0077421704426572,0.07973314890912608,0.1539220052546104,False
YWHAE,7.136792436872874,0.006639190330682196,0.02879990524027966,False
YWHAG,4.160528813839651,0.036523520040072185,0.08764075592859427,False
YWHAH,3.444533790555848,0.05874622672208945,0.12389368425226534,False
YWHAQ,1.4377556777221328,0.2683773657457752,0.37755354853656287,False
YWHAZ,5.060049515296321,0.02091820135177927,0.05976567669523428,False
ZC3H15,0.47146227262107004,0.6330303216611175,0.7207898769576638,False
ZFR,8.692221464660244,0.0031128716331447646,0.01889716094686251,False
ZG16,5.866927044208722,0.01311362144589374,0.04396011211175426,False
ZMPSTE24,3.44355306520287,0.05878572305613306,0.12389368425226534,False
ZNF30,10.951936697527566,0.001168543288238244,0.012313800499642627,False
ZNF318,5.624796702148102,0.01504059743143087,0.04845048892472819,False
ZNF326,7.417680516376614,0.005757046156616295,0.02664839500862104,False
ZNF483,4.421284893519862,0.030941151641977572,0.07749162866387656,False
ZYX,1.5562943515110184,0.24312549490213275,0.35109395967121176,False
