Protein,Mean_Normal,Mean_Tumor,Log2FC,T_statistic,P_value,Neg_log10_P,Significant
A1BG,27.08248965203967,26.104442669686044,-0.9780469823536251,-2.9709862907678697,0.009186678760217249,2.0368414697686723,NS
A2M,30.910959565254743,30.00001254285803,-0.9109470223967122,-2.6168016854210303,0.019298861754029607,1.7144683049052625,NS
AAR2,19.93042912049643,20.411126947692367,0.4806978271959359,0.9147799454402561,0.37457800565540894,0.4264577269685756,NS
AARS1,26.078619427218886,26.87694312811069,0.7983237008918032,3.2104472399940387,0.005523106064732129,2.257816616583386,NS
ABCE1,26.022570653737365,27.612250603037744,1.589679949300379,5.457481181736282,8.108734808671893e-05,4.091046902690963,Up
ABCF1,23.798631522560736,24.40938319798162,0.6107516754208824,1.2010889771702657,0.24995259365634517,0.602142352390909,NS
ABHD10,23.512006869947513,23.875835428098828,0.3638285581513152,0.8044639606949197,0.4336974957029708,0.3628130855882012,NS
ABHD11,23.43642143916066,24.83005504895265,1.3936336097919906,3.3416187955831225,0.004152766900094157,2.381662445688576,Up
ABHD14B,25.16120639534641,26.209031793421175,1.0478253980747638,2.352660696064862,0.034571105667309476,1.4612867304508677,Up
ABI3BP,23.44747907229881,23.55778165819259,0.1103025858937805,0.3210064207718417,0.7526008432496865,0.12343529941174239,NS
ABLIM1,21.88058111540687,22.152559788701122,0.27197867329425307,1.0538732979428271,0.3121061619083375,0.5056976569791022,NS
ABRAXAS2,26.601534880612107,22.887595496406234,-3.7139393842058723,-3.259581458852554,0.005097876346602868,2.292610702927036,Down
ACAA1,22.810672155079605,23.289055241706595,0.4783830866269909,0.455671489525465,0.6547927579441212,0.18389613256232393,NS
ACAA2,27.770927029864463,28.258422079778917,0.4874950499144539,1.2443775410310387,0.23128306060145046,0.6358561742190726,NS
ACAD10,18.963435506280867,19.230419730277916,0.26698422399704924,0.35893194915970783,0.7244134333596886,0.14001350482416733,NS
ACAD9,23.672569733099625,24.31942604620599,0.6468563131063654,0.6454445761760371,0.5296160985218774,0.27603882229766497,NS
ACADM,23.012200959196466,23.226125723127367,0.2139247639309012,0.23216775660497657,0.8202277218622558,0.0860655566184558,NS
ACADS,26.01962970819285,25.265526664215688,-0.7541030439771603,-1.3208154690915355,0.21349757781895798,0.6706070477856925,NS
ACADSB,21.96627988642676,22.724199965924267,0.7579200794975058,0.6958214905722565,0.49767396958465737,0.30305507406687804,NS
ACADVL,27.962607300633312,28.277005728978413,0.31439842834510046,0.9745754069011364,0.3455910383335016,0.46143752791991244,NS
ACAT1,27.07802198496677,26.86815445221987,-0.20986753274690173,-0.5152624202902616,0.61483828340752,0.21123909863000323,NS
ACBD3,22.32738633033185,24.084262976079135,1.7568766457472833,2.7789762933001345,0.01683786254162324,1.773713040229233,Up
ACLY,24.874699779191474,26.401846869281606,1.527147090090132,4.287656706765035,0.000793566687605071,3.100416571313743,Up
ACO1,26.21804144715125,26.348923289643324,0.13088184249207302,0.31916750086694806,0.7562088723742527,0.12135823149533603,NS
ACO2,29.235271087969426,29.49025687879653,0.25498579082710293,0.6532369647568469,0.5246478144382869,0.28013213196825876,NS
ACOT13,23.252068122229574,24.33025148730464,1.0781833650750663,1.9754560820282756,0.07400555858171053,1.13073565904333,NS
ACOT7,25.054760657095315,26.622473089999367,1.5677124329040524,4.640761042179093,0.00036005996680610813,3.4436251628878223,Up
ACOX1,22.375917641495416,23.298858944694786,0.9229413031993694,2.0956006964363887,0.05484108748690929,1.260893941831447,NS
ACOX2,27.469019164889197,25.99717774081607,-1.4718414240731263,-2.8725222158600006,0.013942393457534395,1.8556626655368993,Down
ACP1,24.20522217861801,25.60038737788791,1.3951651992699006,2.878671003062175,0.011274067673827822,1.947919362607743,Up
ACSF2,21.96924112817083,22.6540470125199,0.6848058843490712,1.0403639630189192,0.31705557077723134,0.49886461170409147,NS
ACSF3,19.65975162332099,20.69854611335098,1.0387944900299892,1.8448316758978085,0.0837889919054436,1.076813034696134,NS
ACSL1,23.765805903306727,24.880482897688335,1.1146769943816075,2.267273694237368,0.03950252330098358,1.4033751620775234,Up
ACSL5,24.440413515164114,25.678099739666457,1.237686224502344,2.393155739318071,0.029838750278874105,1.5252193701522687,Up
ACSL6,23.509572224074027,24.675746682485187,1.1661744584111595,2.468953341746427,0.025242793636033455,1.5978625831214401,Up
ACSS1,19.261887486390002,22.607765412091275,3.3458779257012736,3.4596466481567676,0.003473026557372601,2.459291895734364,Up
ACSS2,23.263473797967023,23.024673172070997,-0.23880062589602602,-0.3825342748994386,0.7087415501500345,0.14951210586988523,NS
ACTA2,33.00630379994348,30.684406197846858,-2.321897602096623,-4.206874533787071,0.0007490131722066414,3.1255105446952505,Down
ACTB,33.37023880956575,33.4047587640329,0.03451995446715017,0.24049526541741797,0.8133770196843028,0.08970810186662163,NS
ACTL6A,22.38769869357307,22.86780441300117,0.4801057194280993,0.8621791776159194,0.40235920049935114,0.395386063479776,NS
ACTL6B,22.123921254205072,23.860190817023295,1.7362695628182223,4.804551800477853,0.0004509527169447164,3.3458689921497777,Up
ACTN1,31.11092561956103,29.630435490378407,-1.4804901291826233,-3.6999981708330445,0.0020029436914278673,2.6983312598157108,Down
ACTN2,23.652351347154863,25.107425307345828,1.4550739601909655,3.6573071337175964,0.003172349851820041,2.4986189240225936,Up
ACTN4,31.41045881958168,31.621082950941414,0.210624131359733,0.9281498540035366,0.3707889006963535,0.43087327463129743,NS
ACTR1A,25.18749575312733,25.12104181140763,-0.06645394171970054,-0.20993268373074772,0.8368459952317467,0.07735445786688298,NS
ACTR1B,24.724301424790987,24.799818628113776,0.07551720332278933,0.12534941137805877,0.9020414214939165,0.04477351931703172,NS
ACTR2,27.937922351659005,28.84716868024852,0.9092463285895143,4.1371530280790205,0.0008718229820744778,3.059571686756081,NS
ACTR3,27.59917306626189,28.41978325350813,0.8206101872462384,3.6273508831162227,0.0030432298750963523,2.5166652412943997,NS
ACY1,21.19202379426034,23.94600778427709,2.7539839900167493,3.3483974281211513,0.004242171997635122,2.3724117271184864,Up
ADAM10,23.152658798386984,23.748629571491687,0.5959707731047033,2.1292567277914562,0.04979179251919629,1.3028422387138414,NS
ADAMTS18,22.809729629316045,23.397970272612476,0.5882406432964302,1.0507173132657002,0.310060168284381,0.5085540215904205,NS
ADAR,21.819231721825574,24.12261947083858,2.3033877490130052,5.350518021241096,0.00013925630154118762,3.8561851432806677,Up
ADD1,24.66408080365465,24.33188818901416,-0.33219261464049055,-0.9805748289332845,0.3455098202268356,0.46153960441216724,NS
ADD3,24.806096859249926,24.979689597292193,0.1735927380422666,0.49546949718783,0.6276782077159532,0.20226294930532257,NS
ADGRE5,21.37995563080507,22.94148539953405,1.5615297687289775,3.440428024954849,0.003475697644069054,2.4589580104810533,Up
ADH1B,29.09748992383513,25.599875836238127,-3.497614087597004,-5.568607711306262,0.0002766128746025078,3.558127610059311,Down
ADH1C,27.306350645023794,25.80411332653782,-1.5022373184859745,-1.9219123975539618,0.08318010619415797,1.0799805295168008,NS
ADH5,26.896169013225286,26.144917122270382,-0.7512518909549044,-1.2399120071807848,0.23429043139776315,0.6302454479630398,NS
ADRM1,20.536081300934878,24.142266624284737,3.606185323349859,5.2469387625221895,0.00020927946219712865,3.6792733893971086,Up
ADSS2,20.459261204216826,21.99011046327498,1.5308492590581544,3.287833839842991,0.0046797365488990324,2.3297785953403873,Up
AEBP1,21.366148354921293,21.688239963646097,0.32209160872480425,0.3120503645207224,0.7590341252295835,0.11973869832620153,NS
AFG3L2,23.977872632494936,24.012775822796883,0.03490319030194655,0.06715977809398735,0.9474706179777148,0.023434249062265565,NS
AGFG2,20.174411372484233,20.869414931482467,0.6950035589982342,1.4158847538205332,0.17633907319553027,0.7536514461065472,NS
AGPAT5,22.300242199766885,24.113917123524022,1.8136749237571372,2.41149236499794,0.03397431543810224,1.4688492852783208,Up
AGPS,22.839574423791774,23.9293602385633,1.0897858147715276,3.06966225249965,0.009237259465684225,2.034456857293856,Up
AGR2,28.913456687618222,29.985459553074918,1.072002865456696,1.2515002621406135,0.22891846781483668,0.6403191695511226,NS
AGR3,24.66612040223238,24.594508514464508,-0.07161188776787242,-0.10864797870455717,0.9150569130239279,0.038551893645494044,NS
AGRN,28.017997869143343,26.723856453126594,-1.2941414160167497,-3.5571703713136538,0.0026835902345283113,2.571283797172597,Down
AGT,24.9585714383646,24.11188406679803,-0.8466873715665706,-2.275394967504966,0.03709048268247865,1.430737514879182,NS
AHCY,27.847836813066596,29.34613419848201,1.4982973854154125,4.064253869330239,0.0009017143753366213,3.0449310066479076,Up
AHNAK,32.018136236350045,30.93959332679233,-1.078542909557715,-4.3195934166331496,0.0013346330643358457,2.8746381200961193,Down
AHNAK2,26.85807172023883,26.645931479267453,-0.21214024097137596,-0.5283649558882768,0.608506020219269,0.21573512074521464,NS
AHSA1,24.12767302657553,24.94900170007921,0.8213286735036824,2.659734231512562,0.017636091117865918,1.753597666032824,NS
AHSG,28.032911047209907,27.094302810402016,-0.938608236807891,-2.7458991871675504,0.016876248230995008,1.7727240952504246,NS
AIFM1,32.23414846202609,32.158281435841076,-0.07586702618501562,-0.33354482686779663,0.7458906367079401,0.12732484458636936,NS
AIMP1,26.990108801686556,27.126956198506402,0.1368473968198458,0.49763138064937523,0.6270007524909108,0.20273193795324826,NS
AIMP2,22.020815711621296,23.330408636591983,1.309592924970687,3.2782487876793627,0.004809206711139012,2.3179265555155766,Up
AK1,26.613827278864918,26.283047698758363,-0.3307795801065545,-0.9561788090139279,0.35335883730322065,0.451784042755852,NS
AK2,26.29410102408334,27.536551482883908,1.242450458800569,2.988395773481659,0.00880123174496875,2.055456543462504,Up
AK3,24.15089094828813,24.81801581777075,0.6671248694826204,1.8449513312708044,0.08611881466425012,1.0649019564184308,NS
AKAP10,24.825215513394184,25.609638305865943,0.7844227924717586,1.8288336778966212,0.08774208183353939,1.056792065416687,NS
AKAP12,25.70943462291953,23.00835939560547,-2.7010752273140604,-6.30394675721913,5.194719585011811e-05,4.284437891026711,Down
AKAP8,24.441295591317708,23.40347455388119,-1.0378210374365189,-2.68119402901775,0.02446921391891044,1.611379982269098,Down
AKR1A1,27.35721708654975,27.9704783691228,0.6132612825730526,1.907346432835484,0.07656346731387308,1.1159784069816783,NS
AKR1B1,25.73403067597747,26.191349735476425,0.4573190594989569,1.5671954596694915,0.13663617456499572,0.8644343055292639,NS
AKR1B10,23.953969213225907,22.53069019758003,-1.4232790156458783,-2.048245228269809,0.05965800610593946,1.2243312657520073,NS
AKR1C3,25.880899019851935,25.481761447253987,-0.39913757259794735,-0.9349989802348911,0.37291255966469605,0.42839298938952175,NS
AKR1C4,24.25785021750416,24.126465805454597,-0.13138441204956308,-0.21268266952407378,0.8346295167536559,0.07850626048632546,NS
AKR7A2,25.251308977697516,25.40129596642715,0.14998698872963345,0.49612617819071003,0.6277623265324461,0.20220475086917974,NS
AKR7A3,24.14895046114037,24.348818535054615,0.19986807391424577,0.320901891766237,0.7526153335522537,0.12342693774443737,NS
ALB,35.203172031062024,34.16811674621072,-1.0350552848513033,-4.7344912307061575,0.00039269923571546265,3.405939943967372,Down
ALCAM,22.92804620626264,22.91771812365174,-0.01032808261090068,-0.029590228279599198,0.9767844700359317,0.010201253886387474,NS
ALDH18A1,25.37194255830132,27.22576597287126,1.8538234145699413,2.954948776878163,0.009374668545046781,2.028044078437781,Up
ALDH1A1,29.421009301562474,28.381092189474266,-1.039917112088208,-3.742145851994441,0.0017831970424173821,2.7488006648412306,Down
ALDH1B1,27.498506599029913,28.219131885407002,0.7206252863770892,1.451478131163375,0.17833025681084316,0.7487749650064681,NS
ALDH2,28.27239160331088,28.98468013324669,0.7122885299358117,1.3720543232126687,0.18909636508268599,0.7233168193289643,NS
ALDH3A1,24.087742387569552,22.94825218012967,-1.1394902074398807,-3.5824191960262093,0.002490001438780096,2.6038004019588517,Down
ALDH3A2,24.960291547737665,24.983993273245652,0.023701725507986993,0.032479493071686974,0.9745311704573594,0.011204265380496512,NS
ALDH4A1,26.84975214449235,25.68843739369941,-1.1613147507929398,-1.498461166962606,0.1621616258248684,0.7900519100770773,NS
ALDH6A1,23.92847425782012,25.38407575152731,1.4556014937071886,2.5648212753775605,0.020771102612247416,1.6825404487848499,Up
ALDH7A1,25.183509095239955,25.471801342847026,0.28829224760707106,0.7464827531773569,0.4665981339103961,0.3310570024347615,NS
ALDH9A1,25.873421534385177,25.76733589520232,-0.10608563918285796,-0.3870838739949266,0.7042361913559995,0.1522816598930393,NS
ALDOA,30.58718427545392,31.17612148683507,0.5889372113811469,2.202393656522191,0.05143916191493105,1.2887061158747728,NS
ALDOC,22.952495209461553,23.574485573724694,0.6219903642631408,1.2541470258629246,0.22800488957706908,0.6420558394312553,NS
ALOX5AP,23.55869731859336,24.441325548935353,0.882628230341993,2.3379035620820874,0.03387873772022567,1.4700727793139732,NS
ALYREF,24.608375270127375,26.19948303532399,1.5911077651966146,4.152021356241698,0.0007896816062824586,3.1025479777056444,Up
AMACR,18.32001861670529,21.359190500231666,3.0391718835263752,3.0079467989385247,0.011107523078407974,1.9543827757404948,Up
AMBP,24.844361761815016,23.62890464315605,-1.2154571186589642,-4.072016202395428,0.0009283045952567933,3.0323094997139513,Down
ANK2,23.05956847697863,21.86006599598973,-1.199502480988901,-3.7078050987376754,0.002257893280962719,2.6462965887991343,Down
ANKRD22,18.639185995013232,22.45125360451221,3.8120676094989783,3.4305779864053783,0.0034314281734620826,2.464525087315505,Up
ANP32A,25.5387993002182,26.954081394965826,1.4152820947476243,3.2199247973087948,0.005706489313507626,2.243630991696616,Up
ANP32B,25.87333235245677,27.33885475844568,1.46552240598891,4.452121816902297,0.0010479353977867626,2.979665489536937,Up
ANP32CP,23.20833720610949,25.117655453808695,1.909318247699204,2.2089917247029214,0.04427196200284922,1.3538712309434555,Up
ANP32E,23.76893869247035,25.301067874169505,1.5321291816991547,4.114431373432281,0.001005638056668227,2.997558299872344,Up
ANPEP,24.822214540182628,25.03868882336614,0.21647428318351203,0.4559041265454996,0.6574077738740342,0.1821651646738736,NS
ANXA1,29.43447040971611,29.080217599306415,-0.3542528104096938,-1.2082076650874876,0.2477215658141616,0.6060361835377251,NS
ANXA11,27.118790315561967,27.637074348320564,0.5182840327585971,2.6163585367195443,0.020978407251411833,1.678227487933744,NS
ANXA2,29.650420712078105,29.655812033722913,0.005391321644808045,0.018034293990190214,0.9858733157373453,0.006178888112515955,NS
ANXA2P2,31.10225159096674,31.34164205677513,0.23939046580838763,0.767647162001321,0.45810879174167435,0.33903137343182527,NS
ANXA3,26.836360716732596,28.347546162842274,1.5111854461096783,4.862164422232287,0.0002974077764310228,3.526647680007311,Up
ANXA4,28.782397011903576,29.947871144863182,1.1654741329596057,4.2240565778777395,0.0008568098033694321,3.067115573076187,Up
ANXA5,29.73883837517019,29.48569080492404,-0.2531475702461492,-0.9752224247106113,0.3491431937052384,0.45699641979815847,NS
ANXA6,30.87686338610679,30.276946529908166,-0.5999168561986252,-3.029327054435064,0.00805640196151178,2.0938588734733696,NS
ANXA7,26.11353008675634,26.439382237744873,0.32585215098853126,1.4337822190616356,0.1727359615888217,0.762617238033354,NS
AOC1,24.654418119478084,24.88533376744953,0.2309156479714467,0.4029843546540952,0.6923446093854626,0.15967768487593836,NS
AOC2,24.460647481224125,21.829990861075927,-2.630656620148198,-5.860549092891522,5.716082145703514e-05,4.242901538598807,Down
AOC3,29.44081568358749,25.59753690599699,-3.843278777590502,-7.042495949437051,1.5227104233778222e-05,4.817382679386539,Down
AP1B1,25.492375706406623,26.242667857772105,0.7502921513654819,2.6714724050180476,0.01727420204109248,1.7626020051493871,NS
AP1G1,23.26245659701587,24.08657298831711,0.8241163913012386,2.386555634002157,0.029719095594787366,1.5269644110679113,NS
AP1M1,25.797096149640613,22.976122330534658,-2.820973819105955,-4.196733382999895,0.0007558313470120668,3.1215751003099097,Down
AP1M2,21.1546329599836,21.21076716217102,0.056134202187418936,0.1265659697894317,0.9014538633878771,0.04505649566237329,NS
AP1S1,22.884191106243946,23.26365974030619,0.37946863406224196,0.9182357649428917,0.37267641891317427,0.428668086344316,NS
AP2A1,22.88130439659326,22.592298340472134,-0.28900605612112784,-0.2826610778484319,0.7810753123655556,0.10730708882709644,NS
AP2A2,24.529643221880704,24.312810133691066,-0.2168330881896381,-0.7757527533638487,0.44940167993102875,0.34736530845580377,NS
AP2B1,27.016904628201818,26.35170125720416,-0.6652033709976592,-0.8601335619146645,0.4086796506487976,0.38861698653836757,NS
AP2M1,25.87780999149003,25.723584199361035,-0.1542257921289938,-0.5019086517459772,0.6235740374018893,0.2051119750223538,NS
AP2S1,21.384881924356208,21.989141458653148,0.6042595342969399,1.7861098262987098,0.09701632804390706,1.0131551669440053,NS
APCS,28.44157326509796,26.57815342459294,-1.8634198405050206,-6.463273086625938,7.880598573063403e-06,5.103440794299068,Down
APEH,24.82826511399675,25.593326156990216,0.7650610429934659,1.995819289379166,0.06368888358948824,1.1959363638506282,NS
APEX1,26.605023503298384,27.45935307554473,0.8543295722463462,2.5901769627387625,0.021588214825135243,1.6657832689046463,NS
API5,24.162965575916374,26.049322386942514,1.8863568110261397,2.119846577206119,0.06281301003674424,1.201950394447767,NS
APMAP,25.191226665723676,26.77361059540571,1.5823839296820346,4.9842376463644875,0.0002254568866701062,3.646936494457446,Up
APOA1,31.989448309190305,31.01451447095888,-0.9749338382314257,-3.6224885891566903,0.0023489820421335864,2.6291203033722885,NS
APOA4,25.62249217901653,24.547717342870367,-1.0747748361461618,-2.2051871090269994,0.0464687698972132,1.3328388238396884,Down
APOB,27.415731189958322,28.226094316816265,0.8103631268579434,2.9554767950069034,0.012090136880576101,1.9175687821712908,NS
APOBR,26.1874495009897,26.625540677294783,0.43809117630508254,1.1992110348276865,0.24835175638752813,0.6049327642505407,NS
APOC1,24.542625907253125,24.23317933011757,-0.30944657713555657,-0.9573553180490395,0.35410446233714005,0.4508686003354067,NS
APOD,25.222386407034392,24.91758692436442,-0.3047994826699707,-0.5889482648958514,0.5655627421798977,0.2475192084732564,NS
APOE,25.41064386901583,24.811881135971742,-0.5987627330440866,-1.7118279822926983,0.11448377792784001,0.9412560474336241,NS
APOH,27.294403110611118,26.844926162196618,-0.4494769484144996,-1.9968593506345076,0.06325879306641892,1.1988790983765811,NS
APOL2,25.165026210418013,23.763049458370794,-1.4019767520472186,-3.258433165632706,0.008060921487705913,2.0936153087965717,Down
APRT,24.679549206190458,25.518733444230623,0.8391842380401648,2.685297676427949,0.01649937298382982,1.782532559715604,NS
AQP1,23.716878722227882,20.600673844673818,-3.1162048775540647,-4.36673232034337,0.0005194205554126944,3.284480867710827,Down
ARCN1,26.26501888303209,27.641914880882396,1.3768959978503048,3.476217009167901,0.003945817908180125,2.403862960466816,Up
ARF3,27.534705058292317,28.55542503414554,1.020719975853222,2.721453583937735,0.016544457305833128,1.7813474740736386,Up
ARF4,27.480780090266922,28.467065724315407,0.9862856340484853,2.9374644629045954,0.01026131926796717,1.9887967996564242,NS
ARF5,24.706322787822227,25.128054065300958,0.42173127747873096,1.439300920313414,0.17378500459724397,0.759987700278789,NS
ARF6,23.027327499625535,23.29265004399919,0.2653225443736531,0.949706647732514,0.3573793669657468,0.44687052477830147,NS
ARFGAP1,22.22592435241286,23.40508646820561,1.1791621157927494,2.335592406136692,0.033049208121490065,1.4808389420054906,Up
ARFGEF1,23.16569665617748,21.408121474840115,-1.7575751813373657,-1.9293875715105606,0.08170315556732893,1.087761169673056,NS
ARFGEF2,25.382312410035766,23.703170547318685,-1.6791418627170813,-6.265885918938124,1.3809984362692828e-05,4.859806813180968,Down
ARFIP1,19.891422131167225,24.435672213892225,4.544250082725,4.3991757342061515,0.001802675794834384,2.7440823726535943,Up
ARHGAP1,26.09972987884172,26.16812511007434,0.0683952312326177,0.21762865463627576,0.832540847562184,0.07959444919022333,NS
ARHGDIA,26.978220061434925,27.94390403888153,0.9656839774466057,3.854965118560858,0.0016677462369996787,2.777870030589706,NS
ARHGDIB,25.928962427907308,27.22703221576289,1.2980697878555816,2.88964563278102,0.01388465152465911,1.8574650156484576,Up
ARHGEF1,21.88451665734491,25.20669642373292,3.322179766388011,2.7937988653471755,0.016034146185875828,1.794954161188313,Up
ARL1,24.25536511311943,24.413400543566663,0.15803543044723156,0.27529506928176717,0.7878722843232832,0.10354417681120608,NS
ARL6IP1,23.621563820305724,24.185690981482672,0.5641271611769483,1.3433169111350234,0.19907273398627912,0.7009882190795722,NS
ARL8A,24.464125932937478,24.564248359329813,0.10012242639233548,0.3281872226388532,0.7483932256150271,0.12587015234697116,NS
ARL8B,23.84882438342445,24.35960571526881,0.5107813318443597,0.8267794243848181,0.42099943873530665,0.3757184831532193,NS
ARPC1A,23.15361591419893,23.86683765402684,0.7132217398279082,2.082508891839212,0.05381325892169155,1.2691107063580664,NS
ARPC1B,27.10904785142942,28.554381531234146,1.445333679804726,4.3691320290322055,0.0009868613736148874,3.0057438492578585,Up
ARPC2,27.61885538048982,28.673263393502353,1.0544080130125337,3.9314058024250778,0.0013526923209974586,2.8688009753821326,Up
ARPC3,26.20058844967823,27.153026620799988,0.9524381711217593,3.522170585631226,0.004901631006891698,2.30965938539371,NS
ARPC4,26.242738347074013,27.47412344013491,1.2313850930608972,2.8670926617477943,0.014088347156114126,1.851139955299784,Up
ARPC5,26.995423793473012,27.67896309705568,0.6835393035826662,2.9531951278495345,0.013027397404403262,1.8851423383782022,NS
ARPC5L,24.310884650418423,24.722261168834436,0.41137651841601297,1.885398028194484,0.07779332882590809,1.109057644376886,NS
ARRB1,19.42399242830203,21.050385376973352,1.6263929486713238,2.0237522814873925,0.06013012969791015,1.220907859400369,NS
ARSL,17.567319155143895,18.69775808490927,1.1304389297653756,0.9277183093796734,0.3693105582334937,0.43260827611019514,NS
ASAH1,24.273197915686918,25.004402245977147,0.7312043302902289,1.4295654224268992,0.1868503258390935,0.7285061404688958,NS
ASL,24.451014196238596,25.472162310571797,1.0211481143332009,1.844052376597041,0.09166947879742829,1.0377752378987897,NS
ASNS,20.40056871835134,22.509712007538386,2.1091432891870454,3.9568276350620524,0.0011523803216104567,2.9384041664702085,Up
ASPH,19.38187682338,22.521129767542728,3.1392529441627275,3.321833163900387,0.005838810690241131,2.233675605501661,Up
ASPN,28.100255017819574,25.142712828218563,-2.9575421896010106,-7.510867525164679,1.2460820942069302e-06,5.904453344605746,Down
ASS1,25.399552989693134,26.803214365559256,1.4036613758661218,3.1720670050506135,0.007726841436470721,2.1119979998777056,Up
ATAD1,21.20618820600893,23.171463790032146,1.965275584023214,2.4387634581262376,0.028517896403594718,1.5448825129718144,Up
ATAD3A,18.97486192247588,21.99313483608158,3.018272913605699,3.2522645487537583,0.0050405673339028794,2.297520579404304,Up
ATAD3B,24.238692416071142,26.178877310351904,1.9401848942807618,4.222837099560355,0.0008806944771293446,3.05517472712649,Up
ATAD3C,24.50057973122553,25.54145953583572,1.0408798046101921,2.3979004289686507,0.03550429123159715,1.4497191527034128,Up
ATIC,26.941585181247547,27.600873548175247,0.6592883669277008,2.0078299469884016,0.06595689816260905,1.1807397766560557,NS
ATL3,25.12201569061589,24.98471858669684,-0.1372971039190496,-0.6762292415660639,0.5088742698420015,0.2933895077593231,NS
ATP1A1,29.694379548973473,30.343681838025418,0.6493022890519455,1.5486088204763049,0.14186352472880154,0.8481292539104974,NS
ATP1B1,26.977277367432734,27.548675851211573,0.5713984837788395,1.1775349817743275,0.25621065792145004,0.5914028083142033,NS
ATP1B3,23.3977627084848,23.866795229918882,0.46903252143408025,1.12582374713866,0.2782378588339976,0.5555837774207103,NS
ATP2A1,24.905439677911893,26.238446038067973,1.3330063601560802,4.294824447583585,0.0011245830897903108,2.94900845120717,Up
ATP2A2,25.744836835462323,26.712436315277596,0.9675994798152736,3.2410516261721436,0.005827476162673829,2.2345194942879334,NS
ATP2B1,26.78185485930029,27.211453009606814,0.42959815030652493,1.3680174192172523,0.19081935518614757,0.7193775760458931,NS
ATP2B4,26.13711841465983,23.963266445535606,-2.1738519691242253,-5.485708331542989,0.00013765533891936917,3.861206939968025,Down
ATP5F1A,30.92138211567952,31.094327572312523,0.17294545663300198,0.5472080856704964,0.5923424262418333,0.22742716011130673,NS
ATP5F1B,31.20034353969592,31.297914580870106,0.09757104117418791,0.36484601446220183,0.7202738343739193,0.14250236169620245,NS
ATP5F1C,27.48149829123504,27.621005662205558,0.13950737097051658,0.4881977467912178,0.6329211285645564,0.19865040619646637,NS
ATP5IF1,22.879000926960906,24.87797880260649,1.9989778756455827,2.9187077484659008,0.010831664182782351,1.9653048130076518,Up
ATP5ME,24.68089967814928,25.447805834990863,0.766906156841582,1.3143905386900046,0.2143808942757431,0.6688139217793867,NS
ATP5MF,25.191657896052998,25.001494869586267,-0.1901630264667311,-0.6338848163610098,0.5371632788644962,0.2698936838879297,NS
ATP5MG,25.491559877173803,25.891576133431617,0.400016256257814,1.034717096433151,0.31906505519285744,0.4961207582256627,NS
ATP5PB,28.175442726127827,28.437795761050708,0.26235303492288153,0.7958425102120783,0.4388332464875574,0.3577004772251144,NS
ATP5PD,25.872681695485333,26.507920898962375,0.6352392034770418,1.7367409600852888,0.10250641150885265,0.9892489697708368,NS
ATP5PO,28.118584886763603,28.369711418318225,0.25112653155462183,0.8350493926570727,0.42047440946766046,0.3762604306988324,NS
ATP6AP1,20.677784726480077,21.845012602363322,1.1672278758832455,3.033303526520467,0.00792670399428827,2.100907359297135,Up
ATP6V0A1,25.796203938339843,25.906710614205547,0.11050667586570384,0.35759210188382495,0.726482429148778,0.13877488517326708,NS
ATP6V0D1,22.784324706839225,23.927633437493956,1.1433087306547307,2.6634564242625305,0.01922243357569432,1.7161916311528511,Up
ATP6V1A,23.279444980050656,23.967783545864318,0.6883385658136625,2.3199481602357057,0.04078837839954185,1.3894635603394367,NS
ATP6V1B2,24.332279448085234,25.108662728677857,0.7763832805926221,1.8790170165638531,0.08255065877625455,1.0832794566016652,NS
ATP6V1E1,25.02557277138466,25.50309779371115,0.4775250223264891,1.3381431804265147,0.20504575706093361,0.6881492129850723,NS
ATP6V1G1,22.324628708128472,23.195111279218786,0.8704825710903137,1.2022350386287248,0.24818095723746394,0.6052315446904869,NS
AZGP1,25.483747405112197,24.568809166604005,-0.9149382385081921,-3.814272605981996,0.0015410145790077038,2.8121932525517646,NS
AZU1,23.23048904310738,25.39281121234682,2.1623221692394416,2.645700399511374,0.020952615954582882,1.6787617472219798,Up
B2M,25.706435018407635,26.35857669462443,0.6521416762167931,2.2229901258777134,0.043579669283008764,1.3607160698472058,NS
BABAM2,19.869171926482306,21.218784447132457,1.349612520650151,2.39587497504441,0.029418953081331668,1.5313727863702373,Up
BACC1,20.35800437137873,23.377227594421704,3.0192232230429745,3.6289682769949896,0.00451999838984616,2.3448617198968154,Up
BAG2,24.94847112957573,21.80662049836754,-3.1418506312081895,-8.222909948801638,1.184695617697353e-06,5.926393218037739,Down
BAIAP2L1,21.33404626359392,22.8955184629927,1.5614721993987821,2.883014542267911,0.010930467373070454,1.961361267766135,Up
BASP1,22.84611701510373,23.179131367586486,0.33301435248275624,0.31605044466969207,0.7560793045282067,0.12143264932332277,NS
BAX,22.960903765239564,24.08667303692376,1.1257692716841952,2.9470404109823107,0.010201089377740242,1.991353447308811,Up
BCAM,22.88570551997907,23.642992434155797,0.7572869141767278,1.7924030638125343,0.09646083532764219,1.0156489815120546,NS
BCAP31,27.117365258156163,28.285774280641096,1.1684090224849335,4.00072463214636,0.0010324577788623408,2.9861276992667407,Up
BCAS1,22.339550579820212,21.67647107033162,-0.6630795094885933,-0.5645757732162695,0.583091412732838,0.23426335444622473,NS
BCAT2,23.52082247728829,23.615479165707754,0.0946566884194624,0.26712802076567277,0.7929935417471565,0.10073034962438095,NS
BCCIP,21.666850889647613,23.78383173843561,2.116980848787996,4.660225586980464,0.0004952723632314514,3.3051559054739315,Up
BCKDHA,22.200603355216728,23.327234354839117,1.1266309996223889,1.477133179675903,0.1607349701251228,0.793889626160458,NS
BCL2L13,19.2860569178572,19.316508921597546,0.030452003740347067,0.060867955858507836,0.952250679112127,0.021248708943157738,NS
BCLAF1,21.844109138804797,24.34660740545171,2.5024982666469135,3.936929856944693,0.0019431464300379158,2.7114944709590088,Up
BDH1,24.401854289757907,25.307221851682087,0.9053675619241801,1.5651256503611317,0.13737278122672109,0.8620993090090235,NS
BGN,29.643514708963217,27.67951465021723,-1.964000058745988,-5.515679690952844,9.927868931997777e-05,4.003143965039329,Down
BICD2,23.14352411789958,24.0112913991871,0.8677672812875201,2.478282546756012,0.024925915012177835,1.6033488900896962,NS
BIRC6,19.421730834415087,19.893382241572308,0.4716514071572213,0.4757605316932542,0.6436439639132144,0.19135429920194463,NS
BKGD,21.71299148946816,20.808255989375805,-0.9047355000923538,-1.628807677610674,0.13534962320227015,0.8685429489175062,NS
BLMH,23.313226406344654,23.343101448176608,0.029875041831953553,0.08964212728280775,0.9298119804075222,0.031604862335166795,NS
BLTP3A,26.582236845795833,27.28083589254789,0.698599046752058,2.2494418284099993,0.038941085804541954,1.4095919430998434,NS
BLVRA,25.420909047195018,25.020728892000076,-0.400180155194942,-1.4269734809191128,0.1731358941926873,0.7616128857132792,NS
BLVRB,27.80369350002583,27.415470702334247,-0.38822279769158285,-1.3084226335231266,0.21180350037815,0.6740668667858838,NS
BMS1,18.116406210615214,20.920826150475275,2.804419939860061,5.542439734428717,5.0973711060624275e-05,4.292653747135613,Up
BOLA2,22.874635397199437,25.168950392859493,2.2943149956600557,4.563454389592828,0.00032138451972164124,3.4929750459341613,Up
BPNT1,24.048079657587508,25.077025299705767,1.0289456421182592,2.1487987048084136,0.048150419938077574,1.3173999208760088,Up
BRIX1,19.137619158019117,22.22127449786965,3.0836553398505337,2.989443030085408,0.008883168976043961,2.051432076643094,Up
BROX,19.206329247614825,24.254617255905867,5.048288008291042,5.605501635052902,0.00012333512191195522,3.9089132325646108,Up
BSG,25.42763466228599,25.867994556404383,0.4403598941183944,1.3529725061353284,0.19497580485886962,0.7100192782181398,NS
BTF3,23.286260098237975,25.706973101730608,2.420713003492633,3.09867118368795,0.011660197574764693,1.9332940906659324,Up
BUB3,27.048228194557772,27.86065276625189,0.8124245716941161,2.8581367619915654,0.01354994018303138,1.8680626220026189,NS
C1QB,26.335602225126006,25.910390522313353,-0.4252117028126534,-1.4987312099839232,0.15529429327544358,0.8088445033475644,NS
C1QBP,26.89950807258924,28.113022038684303,1.2135139660950642,4.996941590005871,0.00033485909708391736,3.475137898132369,Up
C1QC,24.686371744751725,23.850210695566183,-0.8361610491855416,-2.3114552291134456,0.03684405003599505,1.4336326365748704,NS
C1S,22.465999885104047,23.247157715541903,0.7811578304378557,1.2477687104151616,0.23977735769651162,0.6201918299600052,NS
C3,30.638176806038196,30.10706113280373,-0.5311156732344671,-2.357595736143931,0.03343061762520661,1.4758555998136134,NS
C4A,28.3812504978669,27.841730700615145,-0.5395197972517565,-2.0428420633733584,0.06070405615992354,1.2167822890068107,NS
C4B,22.371508091159296,20.924309716725247,-1.4471983744340484,-1.7171503763483054,0.10935855630636848,0.9611472317276911,NS
C4BPA,25.71275469864752,25.809645357503666,0.09689065885614667,0.30208479619222633,0.7671862915469971,0.1150991659503807,NS
C5,23.146442314759796,23.498774626802348,0.35233231204255233,0.44101806272266114,0.667944251993713,0.17525978312599869,NS
C6,22.336841533530965,22.693915917113305,0.35707438358234,0.7337490342222668,0.4752927730323883,0.32303878923147006,NS
C7,22.08598927940897,21.342315716100032,-0.7436735633089384,-1.0292209395907121,0.3194416173934282,0.4956085038929116,NS
C9,26.619903272912996,26.378974950305533,-0.24092832260746277,-0.517136918185854,0.6148683922460564,0.2112178316031677,NS
CA1,30.91526274578593,30.04726965214248,-0.8679930936434523,-1.737642506158485,0.1023888958991049,0.9897471401495799,NS
CA12,23.512128535787227,22.919094107692885,-0.5930344280943416,-0.619875706540962,0.544639397056241,0.26389094671753477,NS
CA2,29.24836484423004,28.235266522491447,-1.0130983217385925,-1.6975536523635206,0.11533160709344575,0.9380516562338354,NS
CAB39,24.429327726678306,25.332515034734392,0.9031873080560864,1.4657632262080456,0.1645025175261432,0.783827451274215,NS
CAB39L,21.748493737171657,19.363338540019573,-2.385155197152084,-3.7449894225091858,0.001794622201493766,2.746026963840922,Down
CACYBP,23.499534725524125,25.103767218312807,1.6042324927886824,3.9889611209639,0.0016497781864305775,2.7825744429890595,Up
CAD,19.057412703120622,22.497366039716294,3.4399533365956714,5.2610266027743116,0.0002221514998707862,3.6533507502448206,Up
CALB2,22.464339034990314,20.897934505408404,-1.5664045295819093,-3.4706280678683354,0.004388635907571566,2.357670447838451,Down
CALD1,31.821249413992987,30.12930809695435,-1.691941317038637,-3.985568261262281,0.0010689620538821079,2.9710377111449238,Down
CALM1,28.47332521457137,29.616456901234212,1.1431316866628407,1.39995218771702,0.19505851418319473,0.7098350882536106,NS
CALR,29.041196930956282,30.31465079439042,1.2734538634341384,3.684002337315887,0.0032104060860912026,2.4934400299645616,Up
CALU,26.496333634561797,27.57371332115502,1.077379686593222,4.569215186272201,0.0004807933968761412,3.318041505481081,Up
CAMK2B,24.876044793462157,24.237192474254478,-0.6388523192076789,-2.709151754220708,0.01607280921890561,1.7939082102531971,NS
CAMK2D,24.74921358651773,25.079536743027393,0.3303231565096638,1.4708663245955431,0.16074049976864876,0.7938746857130812,NS
CAMP,20.459179979917124,22.87613418450407,2.416954204586947,2.8008224021709687,0.01644499522953797,1.7839662481640348,Up
CAND1,26.391468953312636,26.93968187103748,0.5482129177248432,1.6034729286865697,0.12976180143388522,0.8868531339454555,NS
CANX,28.947427629502403,30.170681300144963,1.2232536706425599,3.6446182760866837,0.002211532433393143,2.6553066870696957,Up
CAP1,28.325842373818755,29.046417894774322,0.7205755209555669,2.8726756611546813,0.011074296316779352,1.9556838601792887,NS
CAPG,26.39696935654036,28.187029290036982,1.7900599334966216,3.9728965575189705,0.0013851541525205556,2.8585018916799347,Up
CAPN1,27.44682095084996,27.90877213474197,0.4619511838920083,1.6677424015132245,0.12357826089705291,0.9080579208557653,NS
CAPN2,24.790910435803216,24.790020529577927,-0.0008899062252893941,-0.002407710367060823,0.9981092531585054,0.0008219181846325393,NS
CAPN5,24.141936711780428,24.11519451968902,-0.026742192091408157,-0.06861176717175019,0.9465865416082284,0.023839674542472693,NS
CAPNS1,26.64386107167907,26.896724503575903,0.25286343189683436,0.680846530048297,0.5063975968766047,0.295508363941938,NS
CAPRIN1,28.78024574413844,27.63245058272041,-1.1477951614180313,-4.530199531648199,0.0004151770270883766,3.3817666852289006,Down
CAPZA1,27.198483191299754,28.018816114537106,0.820332923237352,2.737006045862582,0.015551445290789535,1.808229243122894,NS
CAPZA2,28.322887913970895,28.36468488946887,0.041796975497973676,0.17306222554068296,0.865036019275995,0.06296580855007244,NS
CAPZB,27.94579377624042,28.40167419563489,0.4558804193944681,1.8969689040589477,0.07829913765459257,1.1062430210060958,NS
CARHSP1,23.281435968418858,25.3376688666811,2.056232898262241,4.037682688699481,0.002134693801687682,2.670664410931335,Up
CARS1,22.732473162246606,23.986699358325453,1.2542261960788466,3.105191290081951,0.008182320749125876,2.087123500046015,Up
CARS2,27.5435352633583,24.50471117312164,-3.0388240902366626,-3.5313486469945023,0.004696728268010514,2.3282045654538264,Down
CASP1,23.878245962274843,25.20265636963762,1.3244104073627767,3.4178044452712335,0.0039376571095086224,2.4047621048388046,Up
CASP6,21.250512846901945,22.458497970905047,1.2079851240031019,1.7452362584506445,0.10227589264882284,0.990226721355218,NS
CASP7,24.948947297696137,24.39316339075624,-0.5557839069398973,-1.9520867748168758,0.06880622820904801,1.1623722484738224,NS
CAST,25.867118380668515,26.54864074874225,0.6815223680737361,2.5619022275290484,0.023560138409985033,1.6278221625047928,NS
CAT,28.326053644453964,28.573132655526,0.24707901107203512,0.8868775706549541,0.3888130865066651,0.41025912619950206,NS
CAV1,26.897341620671746,23.564107487847863,-3.3332341328238826,-5.280569291012951,0.00012441556644205413,3.9051252788337107,Down
CAV3,26.40025933365141,24.05633941986452,-2.3439199137868876,-3.8070267812861807,0.0017085128410093701,2.767381752739638,Down
CAVIN1,29.493443285149688,26.62282625199978,-2.870617033149909,-7.547491491641829,1.1731832271281062e-06,5.930634154707664,Down
CAVIN2,27.60622956503015,24.267004324378977,-3.3392252406511744,-8.289304501955137,3.6120570153719154e-07,6.442245403080022,Down
CAVIN3,25.260298950155956,23.046021293572224,-2.2142776565837323,-4.49850314018675,0.0014478583681415214,2.8392739194531,Down
CBR1,27.12228484671338,27.146293869737452,0.02400902302407104,0.10069461768506223,0.9218437428434378,0.03534268780967991,NS
CBR3,27.120698386233457,26.552481956102895,-0.5682164301305619,-1.4672594747672276,0.17463392779941095,0.757871377900475,NS
CBX1,25.608638082002326,24.93666675059019,-0.6719713314121343,-1.252109359901983,0.2327301495465279,0.6331473514209591,NS
CBX3,25.15683747604504,27.514957764469358,2.358120288424317,6.464773856509225,1.1056684883252215e-05,4.956375067672046,Up
CBX8,24.09581135854414,25.509335393199542,1.4135240346554028,3.09723687912105,0.0070678380380849734,2.1507134110571653,Up
CCAR2,22.459437469795922,23.35654309144457,0.8971056216486488,2.2290504070032338,0.04169620766461901,1.3799034429932784,NS
CCDC6,21.91841721487251,22.850562876595575,0.9321456617230659,1.586700508624417,0.1335723605290695,0.8742833989828708,NS
CCNY,20.991515191815292,20.417401566563797,-0.5741136252514956,-1.0436227433728198,0.3202293478843021,0.494538869043376,NS
CCT2,27.813603939641084,28.93386269593406,1.1202587562929764,4.794156643704597,0.0001995348473238492,3.699981246950377,Up
CCT3,27.57279252892581,28.817826379948194,1.2450338510223844,4.949608002413726,0.00015521041939556515,3.8090791275745506,Up
CCT4,26.27917575571006,27.682377888301122,1.403202132591062,4.258037976964853,0.0006140458706075781,3.211799184872433,Up
CCT5,28.914677342516217,28.510589050679343,-0.40408829183687445,-0.6791536026752973,0.5125680039714422,0.2902485072667611,NS
CCT6A,26.611181161529466,28.18349095776492,1.572309796235455,4.456343612081696,0.0003984015149026677,3.3996790188612445,Up
CCT7,26.017011246022758,27.792249037094468,1.77523779107171,4.812413713638932,0.00023710353625699775,3.625061968731858,Up
CCT8,28.133570917685663,29.221503545913734,1.0879326282280708,4.685773689945212,0.00026242825093281304,3.58098941409896,Up
CD151,25.903671835150245,22.302139347634405,-3.60153248751584,-2.4653273589810007,0.025382304377546787,1.5954689522561805,Down
CD2AP,23.897626177904332,25.219176474995518,1.3215502970911857,3.8174299864099526,0.002192245136611504,2.6591108847108385,Up
CD44,24.49287039662711,24.380299384289597,-0.11257101233751499,-0.6256714179685753,0.5406502285752245,0.26708360906326684,NS
CD46,21.44246649830318,23.395993344062475,1.9535268457592956,3.0303439554966647,0.00797510583569064,2.0982635448160547,Up
CD59,25.367533747069317,24.912722902175545,-0.4548108448937711,-1.259361942167446,0.22616829497236865,0.6455682759959673,NS
CD63,24.30757704832165,25.431071469528987,1.1234944212073366,1.4173765583325157,0.176577201863679,0.7530653695237238,NS
CD74,24.295996840354096,26.062674005831745,1.766677165477649,2.84540955396399,0.01169681581783005,1.9319323485919535,Up
CD9,27.346608564572602,27.4056686857264,0.05906012115379866,0.220111786975673,0.8298167837728546,0.0810177854310979,NS
CD99,25.660111668774025,25.317134817014992,-0.34297685175903325,-0.7737222825050333,0.4512511409816569,0.34558168697789543,NS
CDC37,24.474424700593087,25.25251651875395,0.7780918181608634,2.2682658628949803,0.03760999172153944,1.4246967621715954,NS
CDC42,25.23199302968408,26.23952684316724,1.0075338134831604,2.3168943728208875,0.039487503949913,1.4035403176445576,Up
CDH1,24.987523264828837,25.7928302357781,0.805306970949264,1.7251333212824198,0.10482142632249603,0.9795499350763277,NS
CDH17,28.304793986081226,28.871976472045056,0.5671824859638299,0.9201198233175046,0.37273539176935305,0.42859936839349494,NS
CDK11B,20.10184828385747,22.944455039020188,2.8426067551627163,3.4143492098898935,0.007351770006578855,2.1336080879162957,Up
CDK5RAP3,18.778585568641976,18.44120966062883,-0.3373759080131471,-0.30210535705838615,0.7678994321313755,0.11469565357563846,NS
CDV3,22.95120459768038,24.549886816624124,1.5986822189437433,5.3982435791463494,6.0932317989748864e-05,4.215152300112712,Up
CEACAM5,23.696742108733375,28.758689179505616,5.061947070772241,6.591977623272402,6.225711207234847e-06,5.205811028853188,Up
CEACAM6,21.8130165400996,26.10193462834425,4.28891808824465,5.495896386254933,5.006800510846137e-05,4.300439712129085,Up
CEACAM7,24.22026478159862,24.3254125446056,0.10514776300698259,0.14338541216380607,0.8886161945260429,0.05128577625246378,NS
CEACAM8,19.761246508334434,23.16493111958728,3.403684611252846,3.9313319799493276,0.0019961212298619255,2.699813086364644,Up
CEL,18.71563807917575,20.03456896338575,1.3189308842100012,1.710425886772429,0.11261522091775733,0.948402906875012,NS
CELA2A,24.034900542400024,24.86527343107737,0.8303728886773456,0.8657904778214557,0.399416806082815,0.39857366546563455,NS
CES1,26.52133361185741,24.87511235147447,-1.6462212603829407,-5.790017171124007,3.3640527693996094e-05,4.47313720036541,Down
CES2,26.41246040282971,25.521977226056162,-0.8904831767735466,-1.307560540119355,0.2157404402844156,0.6660684392915922,NS
CFAP43,24.82149994577871,23.571394100618477,-1.2501058451602347,-3.5488826809894607,0.0029509436263645754,2.530039087007205,Down
CFB,25.375047985565025,25.215501903071072,-0.15954608249395363,-0.5125237794027853,0.616999235906064,0.20971537379817737,NS
CFH,25.60415302039987,25.0156062295993,-0.5885467908005708,-1.6461599717900985,0.12474802776998918,0.9039663117196541,NS
CFI,21.648373525670245,21.7636786839049,0.11530515823465493,0.15334901674252666,0.8807684188912044,0.055138265956346695,NS
CFL1,29.81778970805564,30.158335463056194,0.34054575500055506,1.4360483199238145,0.1708860255184992,0.7672934509618219,NS
CFL2,24.600119239492713,21.583785800621214,-3.0163334388714986,-4.8030165258839785,0.00025032131135787646,3.601502174718056,Down
CGN,24.06671845938361,24.943877691723433,0.8771592323398245,2.0463960566875343,0.05752832783585752,1.2401182493399472,NS
CHAMP1,28.076861053370948,28.420854418260642,0.3439933648896947,0.6852545327705711,0.5042322241880235,0.29736940312635707,NS
CHCHD2P9,22.900218150209877,24.859239479007876,1.9590213287979985,3.393561208366996,0.0037752700370555126,2.4230519787609435,Up
CHCHD3,23.690027916947585,25.00713039916137,1.3171024822137838,2.6937392069970882,0.01624254772488593,1.7893458484890732,Up
CHCHD4,22.3550201054052,23.996324176363565,1.6413040709583662,3.5760318189941205,0.0029460305612430725,2.530762752228492,Up
CHD3,20.81163599581351,22.740532248659797,1.928896252846286,3.828023532933298,0.0016820549761977584,2.774159813847774,Up
CHD4,19.754401424243326,23.560637489346064,3.8062360651027376,3.3756825405078486,0.00847144922235071,2.072042287965438,Up
CHMP4A,22.86191228652578,23.941949049865194,1.0800367633394146,2.4323989659779883,0.03215669100616691,1.4927286474764174,Up
CHMP4B,25.458600491834897,26.58261875346778,1.1240182616328838,4.46350068583585,0.0005000773340019727,3.300962829397443,Up
CHTOP,24.304459063442117,25.351717631884927,1.0472585684428104,2.9317509430302886,0.01034954834072569,1.9850786026138827,Up
CIRBP,23.739022011217617,24.129732588359804,0.3907105771421868,1.4111137047086961,0.1844352922795947,0.7341559717003399,NS
CISD1,26.361963708648148,26.94445972148361,0.5824960128354633,1.2469905132424202,0.2309115599186752,0.6365543248427904,NS
CKAP4,27.427646859443488,28.47861377477002,1.0509669153265335,3.216331037042985,0.005613167109588367,2.2507920282075897,Up
CKAP5,21.93968707413307,23.408137645782652,1.4684505716495835,4.349600718756191,0.0007922432056078295,3.1011414766939014,Up
CKB,31.430878732494453,29.449204935029375,-1.9816737974650778,-3.7017131195466986,0.002532754367306323,2.5964069271048986,Down
CKMT1A,27.224659795896084,27.61347123772166,0.3888114418255775,0.7191404917858671,0.48284840339951735,0.31618920030701386,NS
CKMT2,23.486741224145224,25.70755520705072,2.220813982905497,3.327343717369612,0.0055784349471846,2.253487627072841,Up
CLC,25.35782337684499,25.74330939560126,0.38548601875626787,0.4250254690518613,0.6769481323274833,0.16944460562342978,NS
CLCA1,29.254755373112783,26.71567520734312,-2.5390801657696613,-3.150929784380779,0.008510513375784703,2.070044241378907,Down
CLCA4,21.131066534675384,20.506479114637287,-0.6245874200380968,-0.5475987432659805,0.5927118881210378,0.22715636195688274,NS
CLEC3B,24.271244516051993,22.350294242501157,-1.9209502735508366,-3.511446469751087,0.0055036633251896875,2.2593481409942835,Down
CLIC1,27.642092051185045,29.18777916763643,1.5456871164513863,4.471269398413685,0.00040744998066918783,3.389925698464351,Up
CLIC4,26.466232975518363,26.01740798573398,-0.44882498978438434,-1.6120300397522542,0.1273175598381469,0.8951116936371422,NS
CLINT1,28.994340768469655,28.516755891122514,-0.47758487734714095,-1.7116181379464321,0.10788530750846702,0.9670376962111726,NS
CLIP1,24.14965964946508,24.300479977257332,0.1508203277922533,0.47368214409970133,0.642315988052384,0.1922512677157614,NS
CLPTM1,22.63558149150471,23.28164903200197,0.6460675404972598,0.8695093289892794,0.3975673739228004,0.4005892628730033,NS
CLTB,24.312802878389434,25.67888909486033,1.3660862164708973,3.8338109309090416,0.0017467258755386257,2.757775246180277,Up
CLTC,29.271206870778265,30.029458226604326,0.7582513558260615,2.407100624869107,0.028597092014688835,1.5436781272270415,NS
CLTCL1,27.229019621828517,27.850248628752794,0.6212290069242776,2.221449751147988,0.0412995450585594,1.384054732354385,NS
CLU,27.74052738332229,26.835745880734734,-0.9047815025875572,-2.2920415653625326,0.04345842869931994,1.3619259802601171,NS
CLYBL,21.83584348675052,22.91195206691458,1.0761085801640604,2.002906569164734,0.0670232253213805,1.1737746766861565,NS
CMA1,26.174150016886713,23.867374087020043,-2.306775929866671,-4.22320427532224,0.0006465799309049395,3.1893777795149143,Down
CMAS,30.041827702283715,27.160202271657838,-2.8816254306258777,-3.8272097045931175,0.0015191935558379315,2.8183868904708564,Down
CMBL,21.022003063237417,21.180476752239755,0.1584736890023386,0.11854935664831957,0.9071116122143582,0.04233927348387175,NS
CMPK1,26.685680193042842,28.0258384564292,1.340158263386357,3.220708502417409,0.005756286176075514,2.239857623074389,Up
CNDP2,26.817491963392982,28.02369701992923,1.2062050565362483,3.3628017201408573,0.004522297577375196,2.344640863494446,Up
CNN1,32.19809990502333,28.67845223679449,-3.519647668228835,-4.381298869013974,0.0005503019199396098,3.2593989719830945,Down
CNN3,25.713749116582214,26.613537471946117,0.8997883553639028,3.17128572331144,0.006680025964547825,2.175221849464884,NS
CNP,23.65286805592062,24.88642498104521,1.2335569251245886,2.9988897888489623,0.008499162068283455,2.070623889233825,Up
COASY,23.10314779610403,23.84136443896157,0.738216642857541,1.1028502311056776,0.28980230751340685,0.5378981608374122,NS
COG1,19.201878915838325,21.76745603027606,2.5655771144377333,4.170696592718066,0.0008572487164437427,3.0668931564805213,Up
COL12A1,28.234476258143747,29.527586719796446,1.2931104616526987,4.772178490493937,0.0003282494300637471,3.4837960192990605,Up
COL14A1,31.186990872462943,28.429551297580296,-2.757439574882646,-7.259530190717485,1.8453492431354436e-05,4.7339214289558535,Down
COL15A1,23.77175638233208,22.207627623532847,-1.5641287587992316,-3.6301978599305977,0.0025997452304832194,2.5850692098817225,Down
COL18A1,27.306082916671965,26.718947257796557,-0.5871356588754075,-1.716194133555059,0.11039987374031712,0.9570314232908318,NS
COL1A1,30.88866003922018,29.88533447989711,-1.0033255593230699,-2.0456324325045365,0.057828652575287263,1.237856926768425,NS
COL1A2,24.428979545192064,21.911303110695243,-2.5176764344968205,-2.7456412721836836,0.01481862930712106,1.8291919658495484,Down
COL3A1,25.767113245418184,23.845508843509087,-1.9216044019090965,-3.46111132417315,0.0040079067993328416,2.3970823861942234,Down
COL4A1,27.063236428846736,26.451943795731115,-0.611292633115621,-1.4209028771091197,0.17465267513089727,0.7578247579468069,NS
COL4A2,27.321027013043096,26.813501847559024,-0.507525165484072,-1.4657963327129464,0.16691985039979604,0.7774920131921296,NS
COL6A1,32.014076124172234,30.100714983240593,-1.9133611409316416,-5.791126823949311,3.536758652494338e-05,4.451394575318456,Down
COL6A2,31.307768553521733,29.268358036359523,-2.03941051716221,-5.460374789380725,0.00010873599243435802,3.9636266773644437,Down
COL6A3,33.931121480697605,32.059659308338325,-1.87146217235928,-6.220631401830187,2.186769540050515e-05,4.660196984112889,Down
COL8A1,20.75528343820975,22.641517446072086,1.8862340078623347,3.5002214207285354,0.005276316409148225,2.2776691686550916,Up
COLGALT1,19.794591395421225,23.616768732834807,3.8221773374135815,4.210141434565484,0.0023539662357173353,2.6281997707817983,Up
COMMD3,21.54807950195814,21.5443519958086,-0.0037275061495378736,-0.012700174689712547,0.9900411221225293,0.004346766271139488,NS
COMT,22.06010678257422,22.223383881391022,0.16327709881680263,0.16461216787967944,0.8725708626865201,0.059199293281053667,NS
COPA,27.348005195385497,28.586516349813742,1.2385111544282452,3.725185080651858,0.001979760059427624,2.703387441648045,Up
COPB1,26.366151901180714,27.493357725218104,1.1272058240373894,3.2709779215375603,0.0049591753417277265,2.3045905360729626,Up
COPB2,27.177461866584125,28.140472564178285,0.9630106975941608,3.073763991782656,0.007271340210506462,2.138385535167839,NS
COPE,24.389742361320554,25.762856902884792,1.373114541564238,3.1971849670948074,0.007790180422938087,2.108452483819216,Up
COPG1,24.91395976661175,26.228835498690785,1.3148757320790345,3.2510359615093654,0.005020466341033047,2.2992559402392887,Up
COPG2,22.393594083916117,23.305371075732506,0.9117769918163887,1.8680025293749472,0.08762238470444622,1.0573849313691117,NS
COPS4,23.565347829855984,23.856316541367793,0.2909687115118089,0.6973196975059436,0.4969449605687585,0.30369170914381,NS
COPS5,23.45504315595454,23.562233383261724,0.10719022730718208,0.27343976236409384,0.7901535299039779,0.10228851540339849,NS
COPZ1,23.54504775789433,24.388204925075705,0.8431571671813742,1.4398596638212657,0.16950759103158014,0.7708108480844545,NS
COQ8A,19.939099800972947,22.191581805546114,2.2524820045731673,2.5520938320738265,0.023550946071446834,1.6279916420231497,Up
CORO1A,26.339869364278268,27.45900450804207,1.1191351437638026,2.1337155178225884,0.05270361331432286,1.2781596089112177,NS
CORO1C,27.67757536761971,27.07737467448561,-0.6002006931340986,-1.9794925678422888,0.0655777405268862,1.1832435509726924,NS
CORO7,21.60746723635144,22.799050279237505,1.1915830428860659,2.556682397587488,0.026911586180651096,1.5700607039752816,Up
COTL1,25.1431509550172,25.88728265277453,0.7441316977573287,1.753017879723935,0.10453019867128797,0.9807582241783183,NS
COX20,23.08790645136631,23.61909158849358,0.5311851371272667,1.5364490543557663,0.15059014640339255,0.8222034444874874,NS
COX4I1,27.511773543309445,28.146609582855827,0.6348360395463821,1.2836928092219204,0.21829533992293326,0.66095553532777,NS
COX5A,27.48966126519767,28.191971028414503,0.7023097632168316,1.4401426913298236,0.17662630145558134,0.752944625070377,NS
COX5B,25.10205344875153,25.794646992252694,0.6925935435011645,1.1854924202417128,0.2539953153270074,0.595174293405229,NS
COX6B1,23.371800037277467,24.64852380889658,1.276723771619114,2.070892959795581,0.05533638917520173,1.256989182969677,NS
COX7A2,24.50807316289706,25.197754798845814,0.6896816359487552,1.2819272734345175,0.21943407758089215,0.6586959266423497,NS
CP,28.315198029621868,27.26204414987714,-1.0531538797447269,-4.3459933855183195,0.0006773713834679991,3.169173154701213,Down
CPA3,27.4338572334986,24.417534508260815,-3.016322725237785,-4.182707470138097,0.0011176292347824372,2.951702246533608,Down
CPAP,25.354567863337415,24.2651274354647,-1.0894404278727166,-3.4859147462551685,0.003991820193571942,2.3988290291828123,Down
CPNE1,24.44758447850427,25.528862324471643,1.0812778459673709,1.6723074359084056,0.12227734397089474,0.9126540033063665,NS
CPNE3,26.152464662626237,26.638456843396924,0.48599218077068684,2.0911171923240923,0.054747044974181876,1.2616393173287783,NS
CPS1,17.760803596985966,18.39660687521384,0.6358032782278755,0.5778557073474535,0.5743011123975749,0.24086034250751442,NS
CPSF3,19.2475246467483,21.320079600323695,2.072554953575395,2.9462982995617515,0.015525388509936946,1.8089575231571389,Up
CPSF6,22.60416183283639,24.180132530100796,1.575970697264406,3.9655054960208056,0.0012764928921266516,2.893981599127469,Up
CPT1A,26.040296857122456,26.37493962796492,0.3346427708424642,0.7567619449893964,0.4603072532817654,0.3369521816660349,NS
CPT2,25.36048585547908,25.283601184862565,-0.07688467061651494,-0.24122331317508477,0.813436690450736,0.08967624242943709,NS
CRAT,22.44857148288449,22.7584556693699,0.30988418648541227,0.7491372812030109,0.46910001137719426,0.32873455651979405,NS
CRKL,23.716563921177766,24.371819762721742,0.6552558415439762,2.651534612613177,0.018349852523282164,1.7363674217978395,NS
CRMP1,26.484513188959767,26.090275689520062,-0.3942374994397042,-1.7260258774265473,0.10383620592354938,0.9836511889621344,NS
CRNKL1,22.897639024586116,22.33012398709532,-0.5675150374907965,-0.8204480879649099,0.4246075821644542,0.3720122549585674,NS
CRYAB,27.288156371229373,26.223091413715437,-1.0650649575139362,-3.410170334532318,0.0043822008224436,2.3583077239727923,Down
CRYBG1,18.353432973384557,20.72464676579174,2.3712137924071826,3.1591298022600567,0.006293192333284405,2.2011289950906403,Up
CRYL1,24.5495073729531,24.283484035538816,-0.2660233374142855,-0.5327847903024877,0.6066245360077429,0.21708002785774844,NS
CRYZ,25.923304885554295,25.53839345661047,-0.38491142894382335,-1.2561942639784462,0.23929204649481822,0.621071736074468,NS
CS,25.788197739390597,26.57953986564985,0.7913421262592522,1.3617853771928365,0.19490073175923264,0.7101865303108023,NS
CSDE1,24.884971959709286,25.4033339784813,0.518362018772013,0.907880610435982,0.3842099133572039,0.41543143369403474,NS
CSE1L,24.42750741419346,26.299600663234035,1.8720932490405744,5.407202212908322,7.793508703201971e-05,4.108266975270745,Up
CSK,22.493567852714758,24.073260709509785,1.5796928567950275,3.117143454281495,0.011739620123231903,1.9303459559890335,Up
CSNK1A1,21.187398871856523,23.091612965941977,1.9042140940854537,2.310890243489706,0.03881003326251436,1.4110559850435396,Up
CSNK2A1,23.783763139901378,24.769771836296147,0.9860086963947694,3.079028517199096,0.007355002697796161,2.1334171636383177,NS
CSNK2B,24.221041871106948,25.089816226190912,0.8687743550839642,2.8582595223657026,0.013065410636019676,1.8838769361735566,NS
CSRP1,31.700215965736415,29.12516011386692,-2.5750558518694966,-3.935541793673402,0.0013278597037045946,2.8768478083457247,Down
CSRP2,24.40173726059281,25.694007919443965,1.2922706588511552,2.8675373024554225,0.0142350376430171,1.8466413800707322,Up
CST3,25.426514041818304,26.12483125304608,0.6983172112277742,1.482017956876919,0.1606153103858426,0.7942130586889414,NS
CSTB,26.613974607393438,27.375691523862976,0.7617169164695383,2.4104070707229077,0.029555258406500726,1.5293652391901824,NS
CSTF2,19.593875489295996,21.87960262343706,2.2857271341410623,3.711231894717472,0.004497836553134023,2.346996330439228,Up
CTBP2,22.846949505296564,22.487787969083303,-0.35916153621326075,-0.4811010601198845,0.6381297472674757,0.19509100969042503,NS
CTNNA1,27.394392155466903,28.201784960229688,0.8073928047627845,2.16143505855987,0.04654425166632747,1.3321339478458598,NS
CTNNA2,24.87459578669313,25.572658034612523,0.6980622479193919,1.7647710650060067,0.0967209775716273,1.0144793226537168,NS
CTNNB1,25.812164196206943,26.973566643029805,1.161402446822862,2.8298530554474333,0.012154645880221486,1.9152576895977784,Up
CTNNBL1,21.514349839005373,22.596852602640514,1.0825027636351408,3.1673325243253356,0.0062020189362345735,2.207466912092625,Up
CTNND1,27.436509021729254,27.34659866861389,-0.08991035311536422,-0.25111636471896404,0.8049322963020162,0.0942406470594322,NS
CTSA,23.65040463382077,25.044048194386164,1.393643560565394,2.5628740416263893,0.02088592626467747,1.6801462595552903,Up
CTSB,26.042682705093014,27.145550295891795,1.1028675907987804,2.0033059252450833,0.07265091623714835,1.1387589042258568,NS
CTSD,28.57022904948753,29.080532226266616,0.510303176779086,1.17190511957723,0.2656851381354172,0.5756327384248718,NS
CTSG,26.80639551933183,27.419636323590787,0.6132408042589574,1.4226276046124768,0.1742250619475835,0.7588893723899908,NS
CTSS,25.222792642718076,26.29103304949081,1.068240406772734,1.814502148479531,0.08993966682573527,1.0460487255740887,NS
CTSZ,24.967164217066472,25.186425650543672,0.21926143347720028,0.4335416000867998,0.6706087484292544,0.17353078527974886,NS
CTTN,24.91748147367138,26.96644255516152,2.048961081490141,4.898619613072822,0.0001924915936118564,3.715588232013669,Up
CUL1,21.99250354763528,22.737748529221662,0.7452449815863815,0.8686906342971622,0.3978615712249965,0.40026800659602196,NS
CUL3,20.87865444659941,21.071599314987143,0.19294486838773395,0.4908462868549243,0.6311792634994303,0.1998472776942402,NS
CUL4A,18.029714291835635,18.67211129019044,0.6423969983548048,0.8621572090119869,0.405151827649016,0.39238219764026355,NS
CUL5,21.234885269371958,21.63311170976773,0.3982264403957707,1.302853403717469,0.2111162067215175,0.6754784260028286,NS
CYB561A3,23.742388077573953,23.9677194522691,0.2253313746951484,0.73298392443815,0.47761870961493696,0.32091866905755034,NS
CYB5A,25.38995782098576,25.441805106098847,0.05184728511308734,0.135234558343411,0.8941221663591272,0.0486031383060143,NS
CYB5B,25.77263662456693,27.67071414662045,1.8980775220535229,3.5763620033655186,0.002790469305946534,2.5543227501877657,Up
CYB5R1,21.546272088795956,22.60996262070053,1.063690531904573,0.9906425605243745,0.340075291718642,0.4684249207284418,NS
CYB5R3,27.26008342413055,26.829694441535267,-0.43038898259528224,-1.4002727496177292,0.1832321514658383,0.7369983189919896,NS
CYC1,21.798192949616716,23.54667740657608,1.748484456959364,1.6852535398538115,0.11204418524705667,0.950610677108785,NS
CYCS,25.386082607261216,27.387221150142825,2.001138542881609,2.7787057853414816,0.013730645088183335,1.8623090584182256,Up
CYFIP1,24.413421121820004,25.569199769914768,1.1557786480947634,3.727220443208434,0.0018525347371865773,2.732233639744313,Up
CYP2S1,18.739406567911377,22.264204234470338,3.5247976665589604,7.236326333136122,1.9919190744084557e-06,5.700728309613008,Up
CYRIA,24.410413184334445,25.05935257477241,0.6489393904379668,2.451850409746314,0.033040459119185885,1.4809539264986407,NS
CYRIB,23.013683721711402,24.334020984864384,1.3203372631529824,3.5313575445876677,0.005114088883970766,2.2912317281120735,Up
CZIB,25.56730257338305,25.39121720994069,-0.1760853634423576,-0.6680932634647956,0.5137181525472594,0.2892750879415757,NS
DARS1,26.77478582814237,27.87007949847295,1.0952936703305802,2.1585887837726863,0.04833838886000709,1.3157078289153188,Up
DARS2,23.03908863655705,23.66754416096961,0.6284555244125585,0.9777933768527352,0.34288096553648933,0.46485662334792144,NS
DAZAP1,22.89447198708838,24.520416981605777,1.625944994517397,3.5756748989506857,0.0033217258033081233,2.4786362198752943,Up
DBI,27.61713318661311,28.726611549580955,1.1094783629678453,3.0309538890074257,0.008903336864332957,2.0504471944601748,Up
DBN1,23.446816628114185,23.272831519619686,-0.17398510849449877,-0.3396167343538384,0.7387152396017692,0.13152294144647622,NS
DBNL,25.281204287182256,26.440120003161002,1.1589157159787469,3.260818416052623,0.005939051174603269,2.226282932552232,Up
DBR1,24.419291743246973,24.551367123346225,0.13207538009925202,0.2817662201408663,0.7817395631650786,0.10693790821751656,NS
DBT,23.36246178166078,23.861175538159543,0.4987137564987627,1.1802091269350912,0.25521212373239127,0.5930986985048975,NS
DCAF8,23.948352933283363,23.802826077916745,-0.1455268553666187,-0.10429596063760209,0.9182703431708042,0.0370294416061803,NS
DCK,23.584637949017292,24.452908193357278,0.8682702443399855,0.9491480021288689,0.35832810633013346,0.44571912556162924,NS
DCN,30.77936675819976,27.29932075926617,-3.4800459989335906,-8.96351875417646,2.5486556352554947e-06,5.593688840800465,Down
DCTD,19.52755562187054,21.382748707665268,1.8551930857947276,4.011115458739364,0.002379987223954541,2.6234253742800155,Up
DCTN1,24.330369267317582,25.00863898279388,0.6782697154762971,1.604644078647508,0.12812737710083882,0.892358064217141,NS
DCTN2,25.313777953773858,25.03001623965078,-0.28376171412307727,-1.2085105829838865,0.24588112048044244,0.6092748164664052,NS
DCTPP1,24.298082069483996,25.16071984060958,0.8626377711255842,1.3700922752134845,0.19743161470009962,0.7045833025759929,NS
DCUN1D5,23.44581566554729,24.537811887672923,1.0919962221256334,2.7826091500267656,0.017235974398270824,1.7635641596694187,Up
DCXR,21.96794365264104,23.038795137549076,1.0708514849080366,1.2953902567755196,0.2136082666107591,0.6703819441810899,NS
DDAH1,25.407753303085524,26.821485425467053,1.4137321223815285,2.3905329876664063,0.03086952355672833,1.5104700734100525,Up
DDAH2,25.421892803415037,24.819810199470545,-0.602082603944492,-1.273928255809387,0.22454022126528883,0.648705853729741,NS
DDB1,24.7362991491121,25.503156333512308,0.7668571844002088,3.3793001445501196,0.0038845586016140617,2.410658322493461,NS
DDOST,26.54657332893173,27.746861781195662,1.2002884522639334,3.507568798859461,0.0029333657467641213,2.5326337836275545,Up
DDT,24.078995885849434,24.70567828134206,0.6266823954926259,1.7387407063228295,0.10761178803702624,0.9681401524705303,NS
DDX1,25.319197248953955,25.773846376137598,0.45464912718364303,2.273518116877337,0.03716935798555167,1.4298149402693592,NS
DDX17,26.8791822438426,27.842989183661718,0.9638069398191185,4.020541573295085,0.0014509929031913732,2.83833471169208,NS
DDX18,21.15590312417767,23.88908664346797,2.7331835192903,3.5924742554930056,0.003517016229635755,2.4538256275815535,Up
DDX21,23.711135813975055,26.387626136158627,2.6764903221835716,5.008606528348387,0.00020589785675751205,3.6863481740387454,Up
DDX27,19.168076566954362,22.43808544973241,3.270008882778047,4.888942839923923,0.0003529522311648124,3.452284068395005,Up
DDX39A,25.923359324913356,27.41202934999302,1.4886700250796636,4.454711256967548,0.0006166754199710116,3.2099433617467104,Up
DDX39B,21.933965458476525,23.555727771392597,1.621762312916072,3.182737138970406,0.008360065924665738,2.0777902978473874,Up
DDX3X,25.243432903788626,26.314754225478396,1.0713213216897692,3.361024214739339,0.003976106634668076,2.4005419768333467,Up
DDX42,22.532530417544663,23.593371693073053,1.0608412755283894,2.1630326251009953,0.04700735545863526,1.3278341806778975,Up
DDX5,25.832350515386572,27.75169580268275,1.9193452872961778,4.9777849573959685,0.00016795044018164142,3.7748188535775573,Up
DDX50,18.07710897728775,20.355020672794854,2.277911695507104,3.058185447227908,0.014394730586059945,1.8417964590305986,Up
DDX6,22.794275420983674,23.849590265924775,1.0553148449411012,3.419057757006821,0.0035539403845505084,2.449289861527313,Up
DECR1,27.330701307439277,28.000605747466068,0.6699044400267908,1.3225680425567554,0.2110046675946326,0.6757079376493601,NS
DEFA1,24.440169712286718,27.77265078875288,3.3324810764661628,4.661400386457076,0.000544807779872148,3.263756699312196,Up
DEK,24.974588837084585,26.578777017516774,1.604188180432189,4.10788522649112,0.0009155438431895997,3.0383208535475448,Up
DERA,21.976034183402604,22.478476525395806,0.502442341993202,1.4656821206683779,0.1629637170879121,0.7879090779428568,NS
DERL1,20.409018745668288,19.7200016993662,-0.6890170463020873,-0.3412452109588208,0.7374874788030095,0.13224534881816857,NS
DES,33.73203321476152,29.70282020745099,-4.029213007310531,-4.863837696511345,0.00018237532493815245,3.7390339213152384,Down
DHRS7,22.27845198432694,22.827253906683143,0.5488019223562048,1.6994593539405143,0.11300326259603265,0.94690901751659,NS
DHX15,25.35611878483846,26.90989164469809,1.5537728598596274,3.821016219046005,0.0032135993187923815,2.493008273336611,Up
DHX9,27.408971406556613,28.584757998448172,1.1757865918915584,4.063544765163616,0.0010002798217242457,2.9998784919687442,Up
DIABLO,27.820473455585415,28.119036280111093,0.2985628245256784,0.9563814818339154,0.35563851209462694,0.44899121540558307,NS
DIAPH1,23.629696631692997,24.645629784773575,1.015933153080578,1.5714237016362391,0.138362308523617,0.8589822005554477,NS
DIAPH2,26.379136928886325,24.852442985381348,-1.5266939435049771,-0.8587609616734532,0.4059793923483262,0.3914960107985454,NS
DIP2B,19.11665372538161,20.851162798338812,1.7345090729572021,2.931927323721522,0.01572855836567795,1.8033110817329172,Up
DKC1,18.754762794117518,22.432770500510752,3.6780077063932346,4.397746324527011,0.00045611544593765783,3.3409252205196194,Up
DLAT,24.452367331728126,25.264685112548207,0.8123177808200808,2.1199707471655516,0.05239361537301342,1.280721632428641,NS
DLD,27.56620146658873,28.07155933806709,0.5053578714783598,1.675010406834804,0.11466053986245653,0.940586017744198,NS
DLST,23.700739123070587,23.464555290461686,-0.2361838326089014,-0.5980976191582538,0.5581558378116944,0.2532445285665246,NS
DMBT1,24.053617677698305,25.056563063947735,1.0029453862494293,1.4302586229067662,0.18595435712753736,0.7305936411593935,NS
DMD,22.195628899318752,19.58271881183845,-2.6129100874803015,-8.82866593301097,1.5151548340972717e-07,6.819542984219024,Down
DNAJA1,22.744641284883745,24.683926149182888,1.9392848642991432,6.61722761874031,1.362970585588347e-05,4.865513516619114,Up
DNAJA2,23.248906416385598,24.119584791350928,0.8706783749653297,2.992706631815711,0.00915812461239896,2.0381934514275555,NS
DNAJB1,23.218158423985436,24.473064473756384,1.2549060497709483,4.086328124584214,0.0009794539423785328,3.0090159813549455,Up
DNAJB6,24.51078331402083,24.481823545149986,-0.028959768870844727,-0.06200107436430576,0.951331257961364,0.021668233372965605,NS
DNAJC10,22.55911885548301,24.483884592271483,1.9247657367884727,4.279284677034434,0.0008113305319010181,3.090802180392621,Up
DNAJC19,24.382785242905033,25.84849658499897,1.465711342093936,1.9512882978945292,0.07223450613189299,1.1412552921426964,NS
DNAJC5,23.08665628985768,24.96164023877842,1.8749839489207396,4.6200106022120675,0.0003559653549316106,3.448592268583873,Up
DNM1,23.71004518432665,24.65596372024946,0.9459185359228108,2.8071037950329227,0.013564093621834309,1.8676092213043238,NS
DNM1L,18.45292382630872,20.721573912062595,2.268650085753876,3.484492870801957,0.003161964878462294,2.5000429583047374,Up
DNM2,25.340839930692336,26.185898690491697,0.8450587597993611,1.9582486881758159,0.06788107549699646,1.168251285406945,NS
DNPEP,25.29955320781045,26.037069153394196,0.7375159455837448,2.554619671795655,0.021357070893949295,1.6704583107176454,NS
DNPH1,24.557160719202702,25.173809750266855,0.6166490310641528,1.6472099242956884,0.12110242055996677,0.9168471762183786,NS
DOCK2,20.362476545177508,20.717258311182114,0.3547817660046064,0.5040889910015889,0.6211334575297607,0.20681507672900482,NS
DOCK7,23.653214563899333,27.547461266283747,3.8942467023844145,2.5029518238168342,0.030894885761447964,1.5101134063165171,Up
DPEP1,21.611818404316885,23.694700928300684,2.0828825239837983,3.12971219687724,0.010511464413166726,1.978336775669761,Up
DPP3,24.354956165523827,26.172840301081504,1.8178841355576765,3.664017582509897,0.0030893398070903776,2.510134319530291,Up
DPT,26.553563602163095,24.112142107046704,-2.4414214951163906,-7.552657680630831,2.528249330729409e-06,5.597180099052447,Down
DPYSL2,28.546380529702915,28.1533615039357,-0.3930190257672166,-1.6073419174752102,0.13223280819258124,0.878660778970874,NS
DPYSL3,28.985083003820243,27.704203273194963,-1.28087973062528,-3.2999852881961744,0.00468442370979469,2.329343829546863,Down
DRG1,24.51147346820994,25.58147443596516,1.0700009677552202,3.4470466875304075,0.003355624024116705,2.4742267049942828,Up
DSC2,21.468332745551304,22.72635921254704,1.2580264669957373,1.7362201387180818,0.11379838588707071,0.9438638979173081,NS
DSG2,25.470217664120526,26.777398013348396,1.3071803492278704,2.660348693879363,0.017740457451209706,1.7510351857458548,Up
DSP,28.445160816890272,28.908633052896253,0.4634722360059804,1.543702130647098,0.14357600764178255,0.8429181270807136,NS
DST,21.444488772846764,23.1817873918197,1.737298618972936,1.1867055410656526,0.253560590921333,0.5959182447783742,NS
DSTN,28.86401639139498,27.62162774625672,-1.2423886451382593,-3.676128540993445,0.0023442452411818926,2.629996956936893,Down
DUSP3,23.732734857975522,21.574462624930078,-2.1582722330454445,-2.272822599543733,0.03720328220360884,1.4294187434504904,Down
DYNC1H1,28.569385803693105,28.810201503411463,0.24081569971835748,1.0603640978408315,0.3073731575733242,0.5123340614517192,NS
DYNC1I2,23.537105130479574,24.156310251583722,0.619205121104148,1.3754626488014685,0.1886671434443301,0.7243037260314968,NS
DYNC1LI2,24.94872998822119,24.773868405242165,-0.1748615829790232,-0.6168068364902665,0.5462406871177515,0.26261595426472295,NS
DYNLL1,25.78359052125629,25.93191985042166,0.1483293291653709,0.4187239413998732,0.6850007058095848,0.16430898101991012,NS
DYNLT1,23.81970155149527,24.737703621925252,0.9180020704299814,3.578185320186243,0.0025158174248301264,2.5993208792306888,NS
DYSF,21.380372507610907,20.628375368847728,-0.7519971387631799,-2.1807645145216723,0.049303740835147485,1.3071201281380247,NS
EBP,21.360997216652507,23.542461104348703,2.1814638876961965,2.876507107396836,0.010966240731805469,1.9599422246802238,Up
ECH1,26.629950205575753,27.191695638550797,0.5617454329750444,1.5606730651854919,0.14139287305219003,0.8495724807237901,NS
ECHS1,27.109444393752387,27.655544998728526,0.5461006049761394,1.6690026731109047,0.11627812828655637,0.9345019676254025,NS
ECI1,26.22747155890946,26.48068959677094,0.2532180378614797,0.7053772369504745,0.4930484834961689,0.30711037265066415,NS
ECI2,22.3475565537062,22.15038235865223,-0.1971741950539716,-0.27761031554523935,0.7852121263053108,0.10501300205876496,NS
ECPAS,26.931143712556445,25.0737015818227,-1.8574421307337445,-4.200469926776538,0.001118582176563001,2.951332104980957,Down
EDC4,25.344678860290774,26.46967951750638,1.1250006572156046,2.447138543380731,0.028535890868785878,1.544608564560322,Up
EEA1,21.734732352503197,22.812241482519184,1.0775091300159865,1.057036292938429,0.30718683305415284,0.5125974034011883,NS
EEF1A1,30.717868667854006,31.753604498952484,1.0357358310984779,4.353173932190303,0.0005692832188384864,3.244671618003419,Up
EEF1B2,26.525202120781366,28.00304066974961,1.4778385489682435,3.6301270585175125,0.002254348669887981,2.6469789127364023,Up
EEF1D,27.14879279541439,28.55404649828048,1.4052537028660907,4.3313471546792774,0.0005213311477060826,3.282886326726992,Up
EEF1G,27.165371446795575,28.411146576840885,1.2457751300453097,3.146874157039097,0.00651909224121828,2.1858128739116935,Up
EEF2,29.784193953071654,31.210723423940138,1.4265294708684841,4.504790471385104,0.0006363577597015115,3.196298655765524,Up
EEPD1,23.509405521808887,24.855234299285538,1.345828777476651,2.057608605010682,0.06528321216670493,1.1851984848921515,NS
EFHD2,26.03181738024308,27.4367357652928,1.4049183850497187,4.016671955953611,0.0014206222080007278,2.8475214004644824,Up
EFL1,21.396078012923134,22.728781203174343,1.332703190251209,4.095349549698508,0.000981294398903378,3.00820068004285,Up
EFR3A,25.519445667355278,24.4812599171686,-1.0381857501866776,-0.730863820616375,0.47549245643470595,0.32285636864195827,NS
EFTUD2,21.765115870917164,24.77527908570782,3.010163214790655,3.5823167435069623,0.005684068554590421,2.2453406927606157,Up
EHBP1L1,24.436463851277054,25.18071175177521,0.7442479004981557,1.6378852964187571,0.12100745584444089,0.9171878699121343,NS
EHD1,26.61891219816287,25.988528560515217,-0.6303836376476539,-4.093118687289348,0.0008489719929570346,3.071106636616874,NS
EHD2,29.40293892630187,27.58113713251676,-1.821801793785113,-4.728469425353127,0.0005720387466320263,3.2425745535870965,Down
EHD4,25.188479346117482,25.7328800421637,0.5444006960462175,1.66888550303383,0.11549889624384106,0.9374221660532192,NS
EIF1AD,25.43017091495756,24.691817547910336,-0.7383533670472247,-0.8312898144102763,0.41829662081094937,0.3785156438321974,NS
EIF1AY,23.409284913198753,24.508403651099332,1.0991187379005787,3.1560543088998165,0.006565067789477163,2.182760785119991,Up
EIF1B,25.672996309715906,26.324616631868967,0.651620322153061,2.725373555213264,0.015204075962903582,1.8180399692328748,NS
EIF2S1,25.591135183985784,26.824580255886453,1.2334450719006682,4.122574364532857,0.0009227944907342832,3.0348950069672016,Up
EIF2S2,24.544624010338758,26.03165903531643,1.487035024977672,4.069345565930813,0.0009365185165488042,3.0284836314703023,Up
EIF2S3,25.066758751089534,26.501105689698615,1.4343469386090817,4.34976030441577,0.0006697550546992345,3.174084000049427,Up
EIF3A,25.821518667816488,27.034689263682345,1.2131705958658578,4.329895869124785,0.0006284454065854727,3.201732443751264,Up
EIF3B,25.338849722703586,26.58670325669824,1.247853533994654,3.688039580782808,0.002025990457316651,2.6933626045554426,Up
EIF3CL,25.327767125392608,26.598191244315714,1.2704241189231062,4.017319540995948,0.0018437577385442521,2.7342961438709747,Up
EIF3D,24.694643621715905,25.843500417133573,1.148856795417668,3.2032650722136147,0.005660493310487586,2.24714571851371,Up
EIF3E,24.89261877712426,26.296370846989873,1.4037520698656145,4.525553287404551,0.0003671432346232702,3.435164470160381,Up
EIF3F,24.10260050227371,24.782876373763056,0.6802758714893464,1.2298516616656079,0.23814848509343403,0.6231521767711383,NS
EIF3G,24.688147671022836,25.83392516834352,1.1457774973206831,3.7710597463779254,0.0016771558252238615,2.7754265850439106,Up
EIF3H,24.722407940953055,26.617975169123454,1.8955672281703997,5.3144381378177235,7.724263995299614e-05,4.112142891580551,Up
EIF3I,25.83061257047658,26.31352378474491,0.4829112142683307,0.9716473757613503,0.35106356174423087,0.4546142453129116,NS
EIF3J,22.994771178861924,25.133533034890846,2.138761856028921,2.33966189197654,0.042131515703969405,1.3753929166142083,Up
EIF3L,23.52855303570845,24.832028700778277,1.3034756650698291,2.745679950267881,0.014596476977274826,1.8357519533908466,Up
EIF3M,24.771292532579828,25.636175953219915,0.864883420640087,2.6259260125508517,0.018601309372019224,1.7304564841139063,NS
EIF4A1,28.100791294548266,29.518378526686448,1.4175872321381817,4.831176132762886,0.0003008235214837852,3.521688209133464,Up
EIF4A2,26.360980308727086,25.921022227244016,-0.4399580814830699,-1.312387661128071,0.21295041943326748,0.6717215001904944,NS
EIF4A3,26.29864987849831,27.522536239487284,1.223886360988974,3.8412534389890003,0.0017268214186040838,2.7627525732171394,Up
EIF4B,23.18648632341475,25.297233464020266,2.1107471406055147,3.5985085197871087,0.0037995936973559672,2.420262841391189,Up
EIF4E,25.276445684846575,26.284808963923247,1.0083632790766721,3.546078912700211,0.005880752341628746,2.230567109822378,Up
EIF4G1,23.81682993401181,24.967556680203057,1.1507267461912463,3.591619817243519,0.002782721529429844,2.5555302519063496,Up
EIF4G2,26.419085600057727,26.786700260055852,0.36761465999812515,1.4434986604696016,0.16862934610378294,0.7730668440535173,NS
EIF4H,26.511550392481297,27.479095326977657,0.9675449344963596,2.8301513960625972,0.015782653463574034,1.801819979091732,NS
EIF5,24.6682727823318,25.370005566644302,0.701732784312501,2.452106264005216,0.027054599364942915,1.5677588928858193,NS
EIF5A,26.770395808310475,28.218894239905428,1.4484984315949525,6.4701478561037415,1.705926999427455e-05,4.76803955723893,Up
EIF5B,26.518237647690412,25.89516705548616,-0.6230705922042539,-2.2574212846682755,0.038628309359743665,1.413094299150069,NS
EIF6,23.281927448878854,25.661094601312172,2.379167152433318,5.099287136515336,0.0001419673299023622,3.8478115857264727,Up
ELANE,20.8656513338534,25.945861596154586,5.080210262301186,3.8050639890232008,0.004261187173352104,2.3704693889235435,Up
ELAVL1,24.794459875657914,26.227196268467896,1.432736392809982,4.667719921063252,0.00027343627753191173,3.5631438669198348,Up
ELOB,23.63225844808424,24.6508934789844,1.0186350309001604,2.7796478499769104,0.016200466007049285,1.79047249277964,Up
ELOC,22.91684113242496,23.846032775206535,0.929191642781575,2.2572405933168582,0.0389526294789275,1.4094632201571777,NS
EMD,24.3952617922679,25.066426172749964,0.6711643804820646,2.6290940152823525,0.019322521306346742,1.7139362051466942,NS
EMILIN1,27.967647107642613,27.362580876895755,-0.6050662307468571,-2.486752946612734,0.02597694303813247,1.5854119579506172,NS
EML2,23.743855677665977,24.16234806462982,0.4184923869638446,1.1993257842386282,0.24988130462057148,0.6022662352855,NS
EML4,24.001969448242725,25.43986139860384,1.437891950361113,2.4834027645596612,0.02826412241789625,1.5487644945478185,Up
ENO1,31.453399262707826,31.525958907975532,0.07255964526770597,0.40591853908956715,0.6922829430105721,0.159716368731832,NS
ENO2,24.114805531286198,21.685066749014897,-2.4297387822713006,-3.617048516642254,0.002629320907878841,2.5801564051390957,Down
ENO3,25.63137185133241,27.11130431984045,1.4799324685080393,3.3987996437128145,0.004144454569074749,2.3825326166764467,Up
ENOPH1,22.664162114302414,23.52321719260083,0.8590550782984145,2.5698524502307007,0.020727073733598448,1.6834620076532307,NS
ENSA,22.13027213770622,24.11934707931289,1.9890749416066704,3.063868024322537,0.008045220794711627,2.0944620325333707,Up
ENTPD5,23.254975088440734,21.857104688570917,-1.3978703998698165,-1.4590652377333657,0.1711038853428982,0.7667401286013736,NS
EPB41,23.740002888631498,24.710828480829182,0.9708255921976843,0.7358289443650183,0.4725199325766083,0.3255798666775855,NS
EPB41L2,26.509495085560168,27.201319211690347,0.6918241261301787,1.8623327721739555,0.08712013513170973,1.0598814596192425,NS
EPB41L4B,19.857286870556447,21.04348069039844,1.1861938198419928,2.3867175129834943,0.030013702473362994,1.5226804269487524,Up
EPCAM,25.975009350275887,27.08175101745052,1.106741667174635,2.6047146706111968,0.022682151473681595,1.6443157536225017,Up
EPHX1,27.288012347903525,26.515074803529135,-0.7729375443743898,-2.196020802919474,0.05030921235326564,1.2983524819846903,NS
EPHX2,23.556882337344213,22.671255008702616,-0.885627328641597,-1.2688662861752322,0.23233126957316566,0.6338923343704344,NS
EPN1,21.936152225706184,22.239282245598933,0.30313001989274824,1.0437864977804991,0.3124268565001956,0.5052516408366207,NS
EPPK1,27.199764958342474,27.29412462003034,0.09435966168786436,0.31625374660615957,0.7576565841391638,0.12052759833722577,NS
EPRS1,27.106271316713787,28.37497903246351,1.2687077157497235,3.4187960281583134,0.0035193357824437757,2.453539294828511,Up
EPS15L1,19.64220515159943,21.89912311895693,2.2569179673574986,2.4806786652913027,0.02584981553396001,1.5875425517139115,Up
EPS8L2,24.64153764380152,25.16484379260585,0.5233061488043305,0.8741219158330141,0.3951318366484198,0.4032579768391791,NS
EPS8L3,21.54046452960493,23.83235340013038,2.291888870525451,1.2527576896937782,0.2303214310874533,0.6376656496606569,NS
EPX,30.217237347846808,28.61462705220022,-1.6026102956465884,-2.862972233634763,0.011485605508566622,1.9398461043350947,Down
ERAP1,25.44401634019593,26.35932872565038,0.9153123854544489,1.4962848434303868,0.15440977863025082,0.811325199656484,NS
ERGIC1,25.015331734973017,25.79357709763104,0.7782453626580228,1.7963854084422988,0.09358348841579106,1.028800770091779,NS
ERH,24.31786516503333,25.28189032306729,0.9640251580339623,2.7629761907651167,0.014109059360426262,1.8505019393423,NS
ERLIN1,25.680690038172596,26.303983245726183,0.6232932075535871,1.8893052645826425,0.08001701656141448,1.096817645347292,NS
ERLIN2,25.553972417078846,26.22581190172892,0.671839484650075,1.860397347047072,0.08139165018517876,1.089420146271756,NS
ERMP1,24.092852267838875,25.762070209610254,1.6692179417713788,0.8847547378153581,0.39312208248243735,0.4054725602732441,NS
ERO1A,24.639842604693087,25.98074077829176,1.3408981735986742,3.75085249490683,0.0024305311660967224,2.614298805703593,Up
ERO1B,21.03620068002522,24.340927334629132,3.304726654603911,3.0807718516630374,0.00969869286630089,2.013286793486878,Up
ERP29,27.18892756300527,28.234380475801107,1.045452912795838,2.70847451806637,0.015571903645415637,1.8076582922383453,Up
ERP44,25.715731422727927,27.305731125663943,1.5899997029360158,3.7096754577054396,0.0024362847956513334,2.613271945123597,Up
ESD,27.09317316646083,27.365442374410076,0.2722692079492468,0.820932137749224,0.4284430957094073,0.36810685136152843,NS
ESRP1,22.043456188540297,22.837882679482973,0.7944264909426764,0.8216060819548252,0.4251393585790236,0.3714686870290363,NS
ESYT1,22.590264385450578,23.33103363398405,0.7407692485334714,0.9464064743691627,0.3694063349041638,0.4324956611688378,NS
ETF1,25.52051704163714,26.624937757910644,1.104420716273502,3.9628118788949664,0.001419230913361017,2.847946937706902,Up
ETFA,26.56545834053925,26.860898550560755,0.29544021002150345,1.0036662183729448,0.3309097516357049,0.4802904343536756,NS
ETFB,26.760583953151883,27.49858645305184,0.7380024998999559,1.9986690850318887,0.0629478386923672,1.2010191767569536,NS
ETHE1,28.492770408606646,27.860713665333332,-0.6320567432733135,-1.3521396679998638,0.19539367919264794,0.7090894894204919,NS
EVL,23.198077927325116,23.640675175286148,0.4425972479610323,0.6364729599311252,0.5346620866807491,0.2719206109793677,NS
EWSR1,25.242080737871234,26.648120618646594,1.40603988077536,3.3621304386127213,0.004806141839585773,2.318203416378471,Up
EXOC4,22.105978411453062,23.078035926400418,0.9720575149473554,1.1849110200613053,0.25515990768643665,0.5931875636436904,NS
EZR,28.84142002745998,29.42318751043019,0.5817674829702106,2.917358906984616,0.012510068228278243,1.9027403217147376,NS
F13A1,27.282499036148835,25.702482992746887,-1.5800160434019475,-4.235597206284934,0.0009145931995582241,3.0387720321323735,Down
F2,24.21395068606897,23.50867885975722,-0.7052718263117477,-1.449673170995698,0.16902995930646017,0.7720363130884375,NS
F9,26.660793349144328,27.303176113631064,0.6423827644867366,2.4419536111314435,0.02666958751415555,1.5739837012846811,NS
FABP1,30.401284125018623,29.762599907726944,-0.6386842172916793,-0.7606112970325932,0.46197872027441966,0.33537802851365406,NS
FABP5,25.464827974942988,26.04351453354205,0.5786865585990633,1.3890210971334631,0.18637369413404262,0.7296153865026848,NS
FABP5P3,27.474540987082214,25.17083359039134,-2.303707396690875,-4.190918017097343,0.0008046072822338909,3.094416041091525,Down
FAH,21.613911194238412,21.717064141444304,0.10315294720589208,0.33471087519036435,0.7426497563761488,0.12921595708171177,NS
FAHD1,22.976641469683038,23.509074027946752,0.5324325582637144,1.2412727053256782,0.2344123393710568,0.6300195309657561,NS
FAM120A,25.534339697103736,26.319979734653646,0.7856400375499106,3.0630121839889277,0.007753140630890555,2.110522338477824,NS
FAM162A,25.541126534871143,25.801502088118085,0.2603755532469414,0.4671618364375812,0.6471003283568152,0.1890283798045631,NS
FAM3C,22.655278228130314,24.431034478896557,1.7757562507662428,4.735372099414177,0.00031589869661674677,3.5004521659698824,Up
FAM3D,26.066578198920947,26.741212446826296,0.6746342479053489,0.8503013011785889,0.40973206365017545,0.3875000489307423,NS
FAM98B,20.222944287476167,24.526413496320504,4.303469208844337,4.735868075156006,0.001272298507346203,2.89541098233229,Up
FARSA,19.186985737747616,19.166095340081124,-0.020890397666491367,-0.015235276225869175,0.9880874469477129,0.005204618118582638,NS
FARSB,27.582830062435146,26.36740936400988,-1.215420698425266,-2.4587568900246857,0.03151930361057037,1.501423386405438,Down
FASN,26.77964213445587,28.3734671681164,1.5938250336605293,3.4730721671472495,0.00322911989171561,2.4909158300698935,Up
FAU,25.421492383158157,27.05622986656291,1.6347374834047521,4.557333713564191,0.00039438258723913176,3.404082268256439,Up
FBL,28.406940390127847,26.493721565346437,-1.91321882478141,-4.893678202278079,0.00023590036656698975,3.6272713842610886,Down
FBLN1,26.23971432618796,25.746731599730992,-0.49298272645696883,-0.9003631958062568,0.383257217681164,0.41650965755751324,NS
FBLN2,22.653803585492696,24.192214622109514,1.538411036616818,1.0153924007034314,0.3250283750860203,0.48807872331232804,NS
FBLN5,22.75320554694786,22.854538787468343,0.10133324052048209,0.21534448223772462,0.8324805149147843,0.07962592282347071,NS
FBN1,29.28842673771838,27.99475977151026,-1.293666966208118,-4.45945336333876,0.0004153687045426068,3.381566227965718,Down
FBP1,23.918302240851368,24.574465127221277,0.6561628863699092,1.384058483305432,0.18626651395593274,0.729865213334012,NS
FCGBP,30.416744205779633,28.71511123295303,-1.7016329728266015,-1.8146890968601312,0.09802467062736529,1.008664608297922,NS
FDPS,25.949615970706542,27.29590262196768,1.3462866512611384,3.2052790220891114,0.005547229610578256,2.2559238574593072,Up
FEN1,22.002895575184034,23.446785714300955,1.4438901391169203,2.3625912818442227,0.03153906021249357,1.501151251736634,Up
FERMT1,24.303604946973792,23.926633197353127,-0.37697174962066526,-0.8960564844995252,0.3848081687430525,0.41475571729332883,NS
FERMT2,28.705909367739594,27.109415092548666,-1.5964942751909277,-2.4766436822300038,0.025147047288369896,1.5995130015285237,Down
FERMT3,21.121426673022192,22.73542053885872,1.6139938658365267,2.6321529322985784,0.02147112976339922,1.6681451033466366,Up
FGA,30.717852267881288,30.569972184303552,-0.14788008357773563,-0.32356865352007486,0.7510681593156122,0.12432064905246636,NS
FGB,30.358671715122334,30.150345482832865,-0.208326232289469,-0.4453921170610163,0.6637418941595438,0.17800076962915914,NS
FGD5,27.88571499072302,28.01411253751044,0.12839754678741855,0.3864801302203893,0.7049183130907847,0.15186120673817663,NS
FGG,30.9877137680992,30.82931645033345,-0.1583973177657505,-0.34357601026811474,0.7369889779810176,0.13253900717190886,NS
FH,26.776218384453646,26.97457023989905,0.1983518554454058,0.4625474608946651,0.6507824385110257,0.1865641750969808,NS
FHL1,29.817013909087393,25.969385311397808,-3.847628597689585,-7.173289432287479,4.464879040584234e-06,5.350190302221879,Down
FIS1,22.20876316436762,24.64872822176326,2.4399650573956393,4.952008316434211,0.00015851790320359956,3.799921680932404,Up
FKBP10,20.65947037962498,24.10309499260185,3.443624612976869,7.377599064347072,1.642044350799468e-06,5.784615116980674,Up
FKBP1A,25.673133610150558,26.361256853252467,0.6881232431019093,1.3776392683252563,0.19407521824942894,0.7120299167736174,NS
FKBP2,25.433621588689768,25.94825067386911,0.5146290851793438,1.412565581215409,0.17911026207301692,0.746879530655674,NS
FKBP3,25.346058511338672,26.484859453085008,1.1388009417463358,3.5157851277885275,0.003099055935147673,2.5087705850686386,Up
FKBP4,25.274888100043047,25.896426647036915,0.6215385469938681,1.1609005717303293,0.2651463005553623,0.576514427981966,NS
FKBP9,23.453000041999246,25.447988372626924,1.9949883306276774,4.992197561905129,0.00019792219447036378,3.703505502430566,Up
FLII,22.706975670702672,23.329060337105222,0.6220846664025501,2.321263284553516,0.035177175327545884,1.4537390366497722,NS
FLNA,34.72959761269954,32.262492029260244,-2.4671055834392988,-5.279775707047765,8.614337516617276e-05,4.064778116235735,Down
FLNB,30.922417935938988,30.430329434625605,-0.49208850131338266,-1.9673721189786055,0.07111520589725298,1.1480375282266226,NS
FLNC,31.184560650559245,28.48542606209257,-2.6991345884666735,-4.282288026649803,0.0009752849590319275,3.01086847347703,Down
FLOT1,21.98450631732197,21.816236818696442,-0.1682694986255271,-0.43852851258989484,0.6669057940736205,0.17593550941704925,NS
FLOT2,19.79876402939749,23.00388260844345,3.205118579045962,2.7899630842577303,0.013111824117552696,1.8823368850391924,Up
FMOD,21.44018282560079,20.024431299919698,-1.4157515256810917,-2.4196318410943656,0.035482189616699376,1.4499895875689452,Down
FMR1,22.00058437958394,23.026030146121677,1.025445766537736,4.028525191138464,0.0012582612651479165,2.9002291726974216,Up
FN1,30.109737815488202,29.807752552598963,-0.30198526288923944,-0.6493107362161236,0.5253788017384545,0.2795274543397139,NS
FN3K,22.41172786496457,22.498327963545144,0.08660009858057549,0.23826741819617095,0.8155159524155302,0.08856753924874874,NS
FNTA,22.675718044706414,23.39832220292685,0.7226041582204346,1.1437695687350453,0.2762671790956574,0.5586707067747909,NS
FSCN1,24.54722515908634,25.108219679272626,0.5609945201862843,2.125455678309872,0.05259648659592354,1.27904326540833,NS
FTH1,20.700239417081058,22.101564597293194,1.4013251802121367,1.2863667625777555,0.21801916627449286,0.6615053254717107,NS
FTL,25.2395680989256,26.123952496219257,0.8843843972936583,1.4593445621214791,0.16386136266542595,0.7855234378837116,NS
FUBP1,25.058745330799116,26.89717687103429,1.8384315402351739,3.490299197013512,0.0047516856704624974,2.323152296162119,Up
FUCA1,25.918769017304044,25.114588591725596,-0.8041804255784477,-1.4806891310468184,0.15887810920841441,0.7989359373106673,NS
FUNDC2,23.914421758560465,23.96927423576698,0.054852477206516426,0.1592709606208063,0.8756938478677935,0.057647701390250154,NS
FUS,26.725675733475484,28.42497311762677,1.6992973841512864,4.690576237748796,0.0002866348316033926,3.542671035662359,Up
FYCO1,23.73423398630788,24.775389605130325,1.0411556188224438,2.468101851455212,0.032570177299530795,1.4871798772964013,Up
G3BP1,24.314333804341775,26.46328459412014,2.1489507897783646,5.550913510334912,6.54197495024338e-05,4.18429112315691,Up
G6PD,23.88113995191575,25.37486367865368,1.4937237267379295,3.443349016417581,0.004870648026193333,2.3124132532664654,Up
GAA,20.74469123902842,23.814881447892724,3.070190208864304,3.4911358045009844,0.0035169709869734365,2.4538312143527508,Up
GALC,20.39589646856368,20.20964621879761,-0.18625024976607207,-0.31554566319265975,0.7572473599221294,0.12076223212287118,NS
GALE,21.460039741267295,22.035556535193304,0.5755167939260097,1.135940573895815,0.27471081302542005,0.5611242457674618,NS
GALK1,24.376071363333256,24.934906303957703,0.5588349406244468,1.0711945037578159,0.3013852617857103,0.5208779891867464,NS
GALM,24.478568846652404,25.202695069434153,0.7241262227817487,1.0615545077665411,0.30582962940665287,0.5145204415382916,NS
GALNT3,22.724492523135208,24.842485210937824,2.117992687802616,3.0091093809513314,0.009076201130578493,2.042095888620891,Up
GALNT4,24.972891661010237,26.32879297281165,1.3559013118014143,2.171498488488681,0.045835477673176625,1.3387982383022503,Up
GANAB,28.133400645953554,28.92370442246203,0.7903037765084768,1.9498067067887024,0.06899111326160809,1.1612068470888819,NS
GAP43,23.811172113104558,20.793829417072033,-3.017342696032525,-9.451512077165205,1.3967316477371226e-07,6.854887026313858,Down
GAPDH,31.683022297454425,32.187958235634454,0.5049359381800294,2.5055712289804495,0.02813715679875899,1.5507197892393727,NS
GART,27.795586805344357,27.216829169071957,-0.5787576362723996,-2.8416519485518648,0.01294532362890942,1.8878870878716216,NS
GATD1,21.472950765099142,21.893842623778497,0.4208918586793544,1.4021907176650446,0.1860094781706392,0.7304649256082597,NS
GATD3,26.97008264494461,27.637264757358214,0.6671821124136024,1.7598838080954013,0.09884758496877813,1.0050339368464716,NS
GATM,19.517854348727294,20.157362099612133,0.6395077508848388,0.8381841755897026,0.41428145955891554,0.3827045023556507,NS
GBA1,22.58877798937419,23.234363213539147,0.6455852241649573,2.45980502841847,0.025960568400906426,1.5856858029858922,NS
GBE1,23.276103492709094,24.163551882027466,0.8874483893183722,2.100008080792181,0.05379644419751291,1.2692464291000363,NS
GBP1,24.384656742346642,24.853495872222847,0.4688391298762049,1.0921004505811367,0.29101804142408566,0.5360800864503475,NS
GBP2,20.79032609936982,21.003047292688514,0.21272119331869277,0.5622523606611044,0.5820168597655793,0.23506443459907456,NS
GC,26.115447700206317,24.802015253867605,-1.3134324463387124,-3.8553172267264686,0.0016959053424456083,2.7705983917024093,Down
GCA,21.941071586401037,24.021790725464513,2.0807191390634756,2.9402934083096413,0.010039442556087446,1.9982904008898315,Up
GCLC,22.20574878633582,22.74844196427396,0.5426931779381405,1.7357187218666867,0.1019576670512677,0.9915801104168986,NS
GCN1,24.306598071822584,24.209776749192024,-0.09682132263056076,-0.2334440753609129,0.8204583700379233,0.08594345010325115,NS
GCNT3,19.32656506031962,21.48264305102185,2.1560779907022294,3.4735863494125123,0.003336039521802262,2.476768812950676,Up
GDI1,27.912329414582885,28.191348873977926,0.279019459395041,1.3736125660809395,0.1940437510060795,0.7121003387383233,NS
GDI2,28.70479524039469,29.489623217567086,0.7848279771723945,3.2781265965647317,0.004759186212555489,2.3224673022398705,NS
GET3,22.273333998933968,23.792575572789353,1.5192415738553855,3.5265635396107635,0.004775254754265903,2.3210034543586313,Up
GFM1,26.226666718355762,25.231809955621856,-0.9948567627339067,-1.1605527100323945,0.2631853394227375,0.579738306490979,NS
GFPT1,26.93343306410672,28.327207444397708,1.3937743802909885,3.0312116139526943,0.007946629833983239,2.0998170166046815,Up
GFPT2,23.25627665429319,25.04321443399195,1.7869377796987607,3.062103237409111,0.00916278905822397,2.0379723114600705,Up
GFUS,23.91259366480492,25.539117272416863,1.6265236076119436,4.596654964973724,0.00041270768478541566,3.3843574443069118,Up
GGCT,23.128399610844554,25.111611542161878,1.9832119313173244,2.4162824776880854,0.031357912042781884,1.5036528623934258,Up
GGH,25.491083101592015,26.848940882266284,1.3578577806742693,2.5521096716935308,0.022213384618274202,1.6533852636465114,Up
GHDC,23.191906601247222,21.037705923670426,-2.154200677576796,-1.653247854514428,0.13312376984704916,0.8757443923710413,NS
GIT2,24.14169711375552,23.511777144369333,-0.6299199693861866,-1.3351711089000569,0.20523000001190325,0.687759154830599,NS
GLB1,23.890982409298704,25.065141501105497,1.1741590918067928,2.4168661895170263,0.029667727040417282,1.5277157253925437,Up
GLG1,23.025340150252514,22.943508968534402,-0.08183118171811188,-0.24456285056857066,0.8099041139450132,0.0915663950096939,NS
GLIPR2,26.229855787358733,24.71582347717263,-1.5140323101861028,-5.038606977653605,0.0001793454448595818,3.746309649361421,Down
GLO1,26.65020375021725,26.81889842688799,0.16869467667073934,0.5991632919983692,0.5613903867188387,0.25073502852150764,NS
GLOD4,26.244648746590038,26.39789605928554,0.15324731269550185,0.47726193092687785,0.6396318960267696,0.19406988776033263,NS
GLRX3,25.35575300005137,26.385190235785103,1.0294372357337345,1.2089688141425199,0.2445191130627109,0.6116871881835376,NS
GLS,24.211610611641305,25.118868615733472,0.9072580040921672,2.2294977822444224,0.04235120774350813,1.3731342002361748,NS
GLUD1,27.689696409730256,28.202802063790912,0.5131056540606558,1.6073307415484417,0.1281176822173717,0.8923909267777358,NS
GMDS,26.74758539488788,28.289809151983846,1.5422237570959645,2.664492927394779,0.016959989697519568,1.7705744158948569,Up
GMFG,22.23623745459489,23.596255310845397,1.3600178562505079,1.0503861445674176,0.30915365909020737,0.5098256088989519,NS
GMPPA,22.472202404289128,23.0493261273273,0.5771237230381736,1.1896137602350236,0.25243118628563593,0.5978569917611509,NS
GNA12,27.20323745597498,26.818265162192148,-0.3849722937828304,-1.6184487490418096,0.12636692258720397,0.8983665907514345,NS
GNA13,23.913055354700383,24.285724684334124,0.3726693296337409,1.2958511403830808,0.21534194812375382,0.6668713623541236,NS
GNA14,24.737217218192566,23.960217181739594,-0.7770000364529714,-1.5856967719483885,0.14459798379683236,0.8398377625879245,NS
GNAI2,25.854196910996993,26.048090576915765,0.19389366591877177,0.9435026900390933,0.3617605863356953,0.4415787511006874,NS
GNAT3,27.16840277654101,26.81619509621189,-0.35220768032912275,-1.4923809058413235,0.15649751334394948,0.8054925587538324,NS
GNB1,26.730949393989324,26.650767178298846,-0.08018221569047768,-0.3305238366295148,0.745567899091916,0.12751279908133545,NS
GNB3,26.04336164710945,26.15617648946931,0.11281484235986028,0.1294985289935271,0.8989510005845264,0.04626397985265431,NS
GNE,23.144800032378186,23.5541642831065,0.40936425072831284,0.770323752060723,0.45233754612707977,0.3445373622893485,NS
GNL3,21.044452465035242,21.4632724664941,0.4188200014588581,1.0179800465586646,0.326895879428288,0.48559055373237336,NS
GNPDA1,24.55165379561804,25.67310825263682,1.1214544570187783,2.663981626264343,0.017157368259951726,1.7655493270836944,Up
GNS,23.419977145224742,24.77821747785064,1.358240332625897,3.7322716241090284,0.0018950725796704536,2.7223741522675415,Up
GOLGA3,23.203871362380912,24.82864769884533,1.6247763364644179,3.5790640480408533,0.0033261676093457367,2.4780558699752167,Up
GOLGB1,23.218272262796553,24.09220949496966,0.8739372321731054,0.7580104273589334,0.4597286749896729,0.33749840684052496,NS
GOLIM4,22.014797549464397,23.706021541633785,1.6912239921693875,2.022680049191614,0.06225590728718742,1.20581943330037,NS
GOLM1,24.147311479133982,25.95080058162332,1.803489102489337,3.0920945270612017,0.007347181902917675,2.1338792076776816,Up
GOLPH3,22.45382802000312,23.776460619878552,1.3226325998754334,2.0905469030334474,0.060418587937136746,1.2188294289845492,NS
GON7,20.170606748671716,20.046830052514974,-0.12377669615674236,-0.19453665083784263,0.8482139463730618,0.07149459112758287,NS
GOPC,23.068245507350674,23.036816196533856,-0.031429310816818656,-0.0385740685648019,0.9697434749196391,0.013343133940773737,NS
GORASP2,22.14797495137421,24.73734609841616,2.589371147041952,3.2113494864367462,0.007223142178403049,2.1412738365188893,Up
GOT1,26.9431173664629,27.232174544972544,0.2890571785096441,0.6554697327224643,0.5244572193813908,0.28028993195916585,NS
GOT2,25.647967019967854,26.954839919726073,1.3068728997582184,3.0068089677932077,0.008381716462589802,2.0766670346039895,Up
GPA33,26.52756982933476,26.716619732810166,0.18904990347540718,0.29484089712515693,0.772120954178681,0.11231466129935523,NS
GPD1,19.806711578303904,18.137696252790285,-1.6690153255136195,-2.280487999979323,0.039870283228252604,1.3993506792101833,Down
GPD1L,24.26718132508025,24.091963779597947,-0.17521754548230462,-0.3482781874579003,0.7327957396041939,0.13501706427438717,NS
GPD2,23.739417911040388,24.994033078286048,1.2546151672456602,2.782342774872153,0.013536620890448964,1.868489733862403,Up
GPI,29.404406325568523,29.86012493978289,0.45571861421436566,1.7252355280675664,0.11006633176171862,0.9583455072428468,NS
GPS1,23.005792189267634,22.723965212892686,-0.2818269763749477,-1.0621829569566725,0.3041847595573376,0.5168625490139795,NS
GPX2,23.153414151311996,25.22999890387718,2.0765847525651857,2.2460365288035846,0.040425129607612874,1.3933485790212927,Up
GPX3,25.791345977383816,24.423569905556292,-1.3677760718275245,-3.6100480114132383,0.0029007871628540845,2.537484135171474,Down
GRB2,23.74533236292631,24.131383886210628,0.38605152328431913,2.0697250514276933,0.05502850519417642,1.259412284294748,NS
GRHPR,25.413562508537836,25.191924214406335,-0.22163829413150182,-0.5040898880336829,0.6241816627531142,0.20468899421300374,NS
GRK2,22.583895036098603,24.076740535533872,1.4928454994352691,1.7472047097161494,0.1077259482867521,0.9676796742283063,NS
GRPEL1,22.333986649698158,23.936125861436846,1.6021392117386881,3.1602672406139605,0.007396364807697277,2.130981676465997,Up
GSN,29.764982672688355,28.91165181781082,-0.8533308548775338,-2.6407815057173307,0.018029957807119936,1.7440052895924305,NS
GSPT1,21.549198283187962,24.007950597295288,2.4587523141073255,2.756761362491612,0.02128279190250091,1.6719714013620668,Up
GSPT2,21.431870173432163,24.060573543420997,2.628703369988834,2.6159535043550193,0.027709624962399284,1.5573693521630128,Up
GSR,27.30040587922232,27.86446399058269,0.5640581113603673,1.5870925313646589,0.13439801464991655,0.871607146705961,NS
GSTK1,25.803381822554712,27.2252879161675,1.4219060936127867,3.246412183417917,0.005415264069389583,2.2663803606300785,Up
GSTM1,25.95407494143295,24.228850193402195,-1.7252247480307545,-3.3596835711935147,0.004102467267885999,2.386954875340854,Down
GSTM2,25.509296009988216,22.64208213516736,-2.8672138748208553,-4.793953808942828,0.0005882518151757359,3.230436724042142,Down
GSTM3,27.485001592876458,26.271170886227832,-1.2138307066486256,-3.46826867562072,0.003709604434117572,2.4306723979965406,Down
GSTO1,27.47691767633457,28.09666268109081,0.6197450047562398,2.806132606559567,0.01299035802379228,1.8863788792876588,NS
GSTP1,28.879330132922714,29.722414783945364,0.8430846510226502,3.006389713904432,0.008654572349585615,2.0627543871535488,NS
GTF2F2,19.76785792634618,23.0176225679792,3.2497646416330177,4.631997361291307,0.0006594079544649897,3.180845818249258,Up
GTPBP10,20.350137542945024,21.507923325654975,1.1577857827099507,2.5903068364941864,0.019725549114212097,1.704970898184302,Up
GUK1,24.03820866153428,23.573417911570168,-0.46479074996411285,-0.816356360994718,0.4262880754562865,0.37029681568964007,NS
GUSB,22.661935112674634,23.399854903475646,0.737919790801012,1.848852656404922,0.08652659749564127,1.062850373806301,NS
GYG1,22.93832348326293,21.986694743283717,-0.9516287399792134,-0.8107311970896208,0.42942087466729784,0.36711684780739273,NS
H1-0,28.469303266018333,27.98567185965361,-0.48363140636472224,-1.9954423429131805,0.06341894405670404,1.1977809933742793,NS
H1-10,24.574816129214746,25.183939921828678,0.6091237926139321,1.633815284104064,0.12190044259355727,0.9139947175515056,NS
H1-4,30.99307721890824,31.47617292941687,0.48309571050862843,1.6226795439142607,0.13109883605261152,0.8824011641312127,NS
H1-5,29.00591688601873,30.755277162663063,1.7493602766443317,5.282962569953626,0.00022012747918767587,3.65732573975169,Up
H2AC21,24.655825405141503,25.379993220783494,0.7241678156419908,0.9109269230082429,0.3761833849327085,0.4246003900493064,NS
H2AC4,30.535751061824,31.45829941370637,0.9225483518823694,2.204347129081728,0.0484067288310613,1.3150942645729058,NS
H2AX,22.331476306902218,22.360245993720373,0.028769686818154838,0.02191331835506074,0.9828061009085239,0.007532156238881128,NS
H2AZ1,25.1816004980056,25.40709772247229,0.22549722446668952,0.4619109863779114,0.6513994455721718,0.1861526154135296,NS
H2BC12,31.065335306772965,31.91177894442501,0.8464436376520439,3.345827571659878,0.005383290192157086,2.26895220843332,NS
H3-7,27.675894937753945,27.859602387363854,0.18370744960990848,0.5510276546612572,0.589293216815783,0.22966855791457394,NS
H3C1,29.879388483824844,30.60156380928516,0.7221753254603165,2.1835290101660076,0.05081719040782714,1.2939893499922124,NS
H4C1,31.588919608434985,32.6038541315656,1.0149345231306128,4.075538666446827,0.002580559616629337,2.5882861033159528,Up
H6PD,19.07652058007573,21.39205466988104,2.315534089805311,4.052141012551437,0.0013245214512573459,2.8779410037032886,Up
HACL2,19.49973069561377,18.975845805170678,-0.5238848904430924,-0.46408188149513924,0.6495599390306552,0.18738076762529446,NS
HADH,27.587456388780456,27.648391626873728,0.06093523809327195,0.16100778029775803,0.8745644142596064,0.05820819793228492,NS
HADHA,29.55121992893974,30.425287338438206,0.8740674094984655,2.4959295406182167,0.027788352028606706,1.5561372080302656,NS
HADHB,28.32812184174331,28.41958658830649,0.09146474656317949,0.3001407987770082,0.7683476501765641,0.11444223258434076,NS
HARS1,24.012309794632124,24.993411453766743,0.9811016591346196,2.450981491682861,0.02788188613566452,1.5546778507101713,NS
HBA1,33.11680291132804,32.896315885176286,-0.2204870261517513,-0.7835686533669808,0.4482156257190787,0.34851300713768124,NS
HBB,32.62261412757923,32.6751697453674,0.05255561778816542,0.20247807150684627,0.8422619412980094,0.07455282302648704,NS
HBD,34.28229063779848,34.15320489750943,-0.1290857402890495,-0.602422873683422,0.5576478363879454,0.25363997847492337,NS
HBE1,24.331939255843622,23.285421326172624,-1.0465179296709977,-0.9684662711251752,0.35132882295434914,0.45428621930407737,NS
HBG1,25.899240354604384,25.7019314094828,-0.19730894512158414,-0.25584009155479986,0.8014761922748802,0.09610937376799263,NS
HBG2,25.894497533671554,25.523226195811663,-0.3712713378598913,-0.5576445942288447,0.5859466516689981,0.23214192312945656,NS
HDGF,26.26565933121915,27.881322187125775,1.6156628559066242,4.773391538443296,0.00022979929985458798,3.638651298840737,Up
HDHD3,18.985546643616445,22.181009007705942,3.1954623640894972,4.432274806453611,0.000901687855592052,3.0449437795928795,Up
HDHD5,23.03953106189835,23.69279482759769,0.6532637656993394,0.9469247414191254,0.35997085398293227,0.44373266164052094,NS
HDLBP,25.262453281089492,26.56571853476459,1.3032652536750966,3.2614960467879275,0.006024540643586866,2.2200760613772923,Up
HEBP1,24.764078200375106,25.432583453172448,0.6685052527973419,1.8729245255988765,0.08417114471798694,1.0748367664284202,NS
HEBP2,25.45111478473137,26.51116783781955,1.060053053088179,3.188426418153249,0.005849582437734758,2.2328751341673905,Up
HEPH,22.202684011641704,22.98210810031786,0.779424088676155,1.2732661971807933,0.22185789682569232,0.6539251083637607,NS
HERC4,25.113871417635444,25.978854974873244,0.8649835572377995,2.444226244379561,0.02667198728224625,1.5739446245965885,NS
HEXA,23.077581403071427,23.422937213221385,0.3453558101499574,0.6415372775553881,0.5306533117658416,0.27518912102790716,NS
HEXB,26.10601124378291,26.6040215046234,0.49801026084049127,1.1979486485174466,0.24878866097013153,0.604169417350679,NS
HIBADH,25.879661795004495,26.548242651416924,0.6685808564124294,1.3619781452092306,0.2002228436050734,0.6984863749802308,NS
HIBCH,25.025642952252724,25.353753726825488,0.32811077457276383,0.6541742357623342,0.5233683883034931,0.28119251249468724,NS
HINT1,26.05657789916033,26.333189446930945,0.2766115477706137,0.8583639148296035,0.4036700378983765,0.3939734845711228,NS
HINT2,22.885034997883444,23.72282749631769,0.8377924984342471,1.2203641692000524,0.24023991479014595,0.6193548348474369,NS
HINT3,23.36706110683495,22.9191950398549,-0.44786606698005116,-0.40768417283017494,0.6889912526095309,0.16178629183334264,NS
HIP1,22.74871116320478,22.958716276429023,0.2100051132242413,0.4149370312295213,0.686479009105729,0.16337273791583057,NS
HK1,26.679495091576154,27.171541663302385,0.492046571726231,2.0832275702703487,0.05620271900404045,1.250242673400926,NS
HK2,23.461787662132952,24.196925334927105,0.7351376727941528,1.026397132020547,0.3283683942906549,0.48363865071740175,NS
HK3,24.197294241525917,24.16789054960573,-0.029403691920187214,-0.08290711838189904,0.9350614627241105,0.029159841486171376,NS
HKDC1,21.722097134620327,25.1791617876044,3.457064652984073,5.566391717250146,0.00037279491476295036,3.428530020420665,Up
HLA-A,25.666117679533862,26.9923214558244,1.3262037762905372,3.8543188561109774,0.0017482395167672238,2.7573990673055397,Up
HLA-B,27.015448601266648,28.18622408294246,1.1707754816758111,3.4479188238701304,0.0036421208255886244,2.4386456507937058,Up
HLA-C,24.478757493576854,25.969214633165215,1.4904571395883615,2.7994681659938205,0.014253027254356756,1.8460928844110212,Up
HLA-DQB1,22.935156214102108,23.01341792503618,0.07826171093407197,0.11162013557127486,0.9134201918804615,0.03932939219766539,NS
HLA-DRA,22.184721704540856,22.881395546867445,0.6966738423265895,1.2118351447209932,0.24635632824982504,0.6084362773562725,NS
HLA-DRB1,24.339474235189765,25.392152461835153,1.0526782266453871,1.2552924746054233,0.22857398160263964,0.6409732065281917,NS
HLA-DRB3,25.05763304897945,25.860199610454238,0.8025665614747872,1.3132117724683559,0.2086525732371916,0.6805762549214945,NS
HLA-H,23.056447105724512,23.771054814321094,0.7146077085965814,0.6598750953549082,0.5195342309313823,0.28438583248631205,NS
HM13,23.989596797894034,26.051120136398367,2.0615233385043332,3.924729754680668,0.0012385160580090221,2.907098358186341,Up
HMGA1,21.625925234930847,24.358248451241863,2.7323232163110163,1.7078935786349747,0.1073191295102635,0.9693228586465982,NS
HMGB1,27.829700807638453,28.29574487090452,0.46604406326606806,0.7966187596822768,0.4379513362796801,0.35857414419761785,NS
HMGB1P1,27.843382416751787,29.26484094221369,1.4214585254619045,3.583607048955508,0.0024840858987513446,2.6048333904967853,Up
HMGB2,26.80992812031329,28.273441825711913,1.463513705398622,3.833171282634094,0.003270384075683698,2.485401240564477,Up
HMGB3,23.947560401958825,25.818635044840537,1.8710746428817124,4.411099527469346,0.0006832053711813218,3.1654487279963934,Up
HMGCL,24.77224654541913,25.16012073198032,0.38787418656119144,0.810708783135894,0.43151813277239115,0.36500095012830275,NS
HMGCS1,22.24119119771132,24.124876713501187,1.8836855157898675,4.118940744267498,0.0008685103790868666,3.0612249871728765,Up
HMGCS2,26.297142213749478,25.190978715980226,-1.106163497769252,-1.9020179454586366,0.07595794997206073,1.1194267649439198,NS
HMGN1,25.047445043800302,26.741397487816812,1.6939524440165101,3.3743640793184024,0.00459185573687302,2.338011764700711,Up
HMGN2,21.456370098246296,23.24166869549915,1.7852985972528543,3.0211454878127637,0.012440911329297746,1.9051478052731181,Up
HMGN5,22.061459360697146,21.701466804762497,-0.3599925559346495,-0.6936132819755314,0.4994137628248896,0.30153949354945764,NS
HMOX2,22.83801286183332,24.39986750929431,1.56185464746099,3.4810840032960804,0.003257123145315799,2.4871658213184245,Up
HNF4A,20.942412663524706,22.46439586592642,1.5219832024017137,2.4688653110199956,0.031089017126913962,1.507393007873344,Up
HNMT,23.75634683000542,24.425686451289597,0.6693396212841769,0.8774277070633419,0.3934125425866365,0.40515179823129316,NS
HNRNPA0,25.85998889350698,27.162274087749818,1.3022851942428382,4.431345349058047,0.00043529485577970987,3.3612164652103638,Up
HNRNPA1,23.31666833135749,24.72215204935771,1.4054837180002195,3.8717696553119243,0.001656696774977476,2.7807569731768185,Up
HNRNPA1L3,28.197318870489607,30.13429252124775,1.9369736507581443,5.5376890771910166,0.0003529813640515795,3.4522482229498874,Up
HNRNPA2B1,29.928260787718784,31.45393137872395,1.5256705910051664,4.7005304532290655,0.0002694998192367053,3.5694415217741913,Up
HNRNPA3,28.101072428407544,29.24359323190296,1.1425208034954153,4.673362248603939,0.0006065054348735133,3.2171653030826493,Up
HNRNPAB,28.08107035265691,27.99957690018599,-0.08149345247091944,-0.3446428979497584,0.7348641534664867,0.13379293690582683,NS
HNRNPC,26.99765992160407,28.164283180641203,1.1666232590371344,4.236328233038294,0.0009296471974046183,3.0316818356292448,Up
HNRNPCL2,27.55830293655028,28.839621756065064,1.2813188195147838,3.518850744707645,0.003739198614052067,2.4272214659246902,Up
HNRNPD,27.799671043104766,28.85279138426328,1.0531203411585146,2.670226186191892,0.01811937441445221,1.7418568007564152,Up
HNRNPDL,24.791276024090898,26.254786252112485,1.4635102280215868,4.438240326020442,0.0009117149820613886,3.0401409084524214,Up
HNRNPF,25.284921550058368,27.40567193086931,2.120750380810943,4.599578156014619,0.0004900520722202343,3.3097577700197225,Up
HNRNPH1,27.039656386147357,28.33117908655816,1.2915227004108019,4.1212321773830265,0.0009454868438322407,3.024344509855232,Up
HNRNPH3,25.040959973948148,25.706369742756138,0.6654097688079901,1.282138787794243,0.21810198662945265,0.6613403785373958,NS
HNRNPK,28.394792399154774,29.983639807243478,1.5888474080887036,4.660502994064135,0.00038503329697839246,3.4145017118715133,Up
HNRNPL,27.29562848279712,28.536100973430525,1.2404724906334046,3.347611629780211,0.0041977054721917826,2.3769880365228353,Up
HNRNPM,27.908704902162608,29.28965864996169,1.380953747799083,4.154834067174371,0.0009607988315445549,3.017367533762999,Up
HNRNPR,26.23101198867525,27.650940833588113,1.4199288449128638,4.223885241175661,0.0007672404091214158,3.115068531754634,Up
HNRNPU,28.28443491945758,29.743717614978657,1.4592826955210754,4.378535688438577,0.0004766960257459232,3.321758468806774,Up
HNRNPUL1,23.91444975524163,25.842476821418852,1.928027066177222,5.868138888889138,8.804210241730242e-05,4.055309595181262,Up
HNRNPUL2,25.61506599433267,26.774714180188756,1.159648185856085,2.9954581838804155,0.008583255490522928,2.066347960005324,Up
HP,31.231771883710856,30.351360286456938,-0.8804115972539179,-4.354004884395303,0.0006417974568789116,3.1926020081280866,NS
HP1BP3,26.8975090117927,27.307197751726463,0.4096887399337632,1.4093048524275795,0.17789092179858626,0.7498462144420918,NS
HPCAL1,23.570581451594222,23.57031079227327,-0.0002706593209538255,-0.0008586562306804404,0.9993255303481199,0.00029301727476416576,NS
HPRT1,25.54570506850835,26.32601961202443,0.7803145435160808,2.230183700458685,0.040981691334103176,1.3874101220229031,NS
HPX,29.41125538930806,28.20182831054128,-1.2094270787667796,-6.566189238062525,7.881302547967327e-06,5.103402000448754,Down
HRG,25.730288067017355,24.862260812979226,-0.8680272540381289,-2.0888760266068673,0.05671198069800395,1.246325184468689,NS
HSD17B10,26.014834338688825,26.935959318934152,0.9211249802453274,2.328699962752307,0.03592027871911598,1.4446603021354556,NS
HSD17B11,24.57306438415058,25.439383689375035,0.8663193052244544,1.8315490807933592,0.0881222134463293,1.0549146028120788,NS
HSD17B12,27.596338790891398,27.434028276575035,-0.16231051431636345,-0.46749052171320093,0.6474205207507803,0.18881353924362798,NS
HSD17B4,26.309339121334656,28.2264261888933,1.9170870675586436,3.9442266902510883,0.001163299194906888,2.934308572472032,Up
HSDL2,21.20899251062277,21.53740193884267,0.32840942821989927,0.48902510225851104,0.6343822237715715,0.19764899502538089,NS
HSF1,24.45854872432413,22.837549364191503,-1.620999360132629,-4.1799310384870445,0.0007143879136714203,3.146065901642202,Down
HSP90AA1,31.168299530912186,32.44440593516778,1.276106404255593,5.146651384974204,0.0001448458868044504,3.839093832966214,Up
HSP90AB1,29.736942853442024,31.606352648316445,1.8694097948744215,5.869424519704192,3.998824414186039e-05,4.398067665039835,Up
HSP90AB2P,25.08231711002732,27.399562219886324,2.3172451098590052,4.482299025392453,0.0010769653004847229,2.9677982893211263,Up
HSP90B1,30.315515906121416,31.63362442000211,1.318108513880695,3.780139741615236,0.002253886510268437,2.6470679557278207,Up
HSPA1A,31.192753917122356,31.112978573488434,-0.0797753436339228,-0.3442570026914957,0.7352547304172541,0.13356217268624246,NS
HSPA2,27.151723197426307,25.702001056677716,-1.449722140748591,-4.072699420104657,0.001202333063590961,2.919975209834876,Down
HSPA4,26.11604283680288,26.514034169778846,0.3979913329759661,1.458450223829158,0.16678960164539172,0.7778310285711565,NS
HSPA4L,23.45366190093425,24.567380846104065,1.1137189451698148,2.862034548787036,0.016850981461778096,1.7733747991830753,Up
HSPA5,30.611054645111395,31.718815964104213,1.107761318992818,3.5626687228639815,0.0035437871027480332,2.4505323767621348,Up
HSPA6,28.530476254528214,28.610964836003866,0.08048858147565241,0.2760563647525798,0.7881911341389735,0.10336845454549362,NS
HSPA8,30.86422508495102,31.40627852664632,0.5420534416953018,2.0918764682874773,0.054075087952536995,1.2670027655130887,NS
HSPA9,29.041587904894072,30.422359045506216,1.3807711406121435,3.141270466231294,0.0069587213203368605,2.1574705555819134,Up
HSPB1,30.609348773628344,29.13585740577998,-1.4734913678483643,-3.2651717249947145,0.004999844290707658,2.3010435206118673,Down
HSPB6,27.117702584106826,23.108942477973756,-4.008760106133071,-8.368711155273184,4.1098449298352075e-07,6.386174564349574,Down
HSPD1,29.502365111808874,31.254058649629517,1.7516935378206426,4.347394992500252,0.0005049909499310557,3.296716404911481,Up
HSPE1,27.946050343558515,29.701890726426466,1.7558403828679516,4.084796922192824,0.0009278403278608563,3.03252675513391,Up
HSPG2,30.14150163981539,28.584947998462837,-1.5565536413525543,-5.18715956020016,9.033026190243595e-05,4.044166730577743,Down
HSPH1,26.896208812171263,27.910886780008187,1.0146779678369242,2.376926458745293,0.03093444702596717,1.509557642880364,Up
HTATIP2,23.13618959766954,24.055355145236835,0.919165547567296,2.0788466878979497,0.056354414447898335,1.249072058406314,NS
HUWE1,21.84377860286869,23.459547440095996,1.6157688372273071,3.629796477759409,0.0024239296050007878,2.615479996965999,Up
HYOU1,26.793500690811857,27.90978094368503,1.116280252873171,3.030406177240305,0.008428185721611846,2.0742659029426145,Up
HYPK,22.77692705283573,24.266728772415618,1.4898017195798872,3.552721533255586,0.0027555014704898247,2.5597993528746033,Up
IARS1,23.5150509445656,24.31380299999436,0.798752055428757,1.245461877771125,0.23811591325788148,0.6232115797771869,NS
IARS2,21.925586060414354,22.607689900183377,0.6821038397690238,1.4644785611483742,0.16806193366658562,0.7745306439113361,NS
IDE,25.377330995614514,25.59177410922116,0.21444311360664514,0.40806566475331496,0.6887935553259826,0.1619109249972838,NS
IDH1,28.12477056760172,28.844718213042754,0.7199476454410352,1.5879411307690499,0.1354868894798631,0.8681027276827546,NS
IDH2,28.636713472051483,28.936809507490125,0.30009603543864216,1.0836244885762751,0.2947309150680908,0.5305743075185899,NS
IDH3A,25.66899587000904,26.419270088746575,0.750274218737534,1.9365017652412633,0.07207743761766339,1.142200661100717,NS
IDH3B,23.587673994641616,24.567556328676062,0.9798823340344462,2.0553298889610567,0.05841766236141634,1.2334558257234733,NS
IDI1,20.295053683815038,23.779986925615177,3.484933241800139,4.677179811971062,0.0005834773652977231,3.233975986777077,Up
IFI16,22.819292014669657,23.127222369923018,0.30793035525336165,0.70230102623413,0.4930369662617613,0.30712051755514774,NS
IFI30,24.08520592807316,24.70548740443619,0.6202814763630293,0.9862724909156986,0.3476198371618037,0.4588954482070074,NS
IFIT5,21.554871990386115,22.296864767911146,0.7419927775250308,1.8837244625733192,0.08071057018552831,1.09306958457614,NS
IGBP1,21.480655833030866,22.987736485454988,1.507080652424122,2.2799594575881734,0.04249291876006876,1.371683437000477,Up
IGHA1,30.70217226862622,30.036745480280146,-0.6654267883460747,-1.4362706219073005,0.17039600763242566,0.7685405849420843,NS
IGHA2,28.737084458599107,27.655325371092466,-1.08175908750664,-1.5298011505911198,0.14822135437844117,0.8290892226682534,NS
IGHG1,32.40031512372155,31.914670663515146,-0.4856444602064016,-1.6829903404053341,0.1117957176380642,0.9515748318858919,NS
IGHG2,30.772345272777798,30.034956827114165,-0.7373884456636333,-2.7958911974111915,0.01323932778226296,1.8781340653393133,NS
IGHG3,25.382547093495248,25.09537127412711,-0.2871758193681373,-0.5199365831482188,0.6112021396861428,0.21381513405890729,NS
IGHM,27.73778789216626,26.82759527271089,-0.9101926194553691,-1.6164090369581186,0.12675841343049699,0.8970232052871367,NS
IGHV1OR15-1,24.66137699184724,24.46793301800383,-0.1934439738434115,-0.27683428474905364,0.7854931998952661,0.10485757034488064,NS
IGHV3-21,25.997561163307054,25.310604058084223,-0.6869571052228309,-1.3959901215347457,0.18353557577374838,0.7362797414134473,NS
IGHV3-49,25.061096754139555,24.357070626002766,-0.704026128136789,-1.3634171338566112,0.19222025608917187,0.7162008484873577,NS
IGHV3-74,26.042770659468957,25.327271957507637,-0.7154987019613195,-1.0603470738571514,0.3091910214980259,0.5097731259130854,NS
IGHV3OR16-9,25.755264253945167,25.156790081610445,-0.598474172334722,-1.748446456661136,0.10133183938036276,0.994254073942956,NS
IGHV5-51,22.217706107833386,21.6171943362899,-0.6005117715434878,-0.5398944108736539,0.5968672344436685,0.22412226143482192,NS
IGKC,30.87121844431568,30.167288427941337,-0.7039300163743434,-2.4801136309001066,0.02473350756320034,1.6067142901359193,NS
IGKV1-5,24.768029726540185,24.216132124248393,-0.5518976022917919,-0.7958635195175842,0.4378954827520974,0.35862953488541804,NS
IGKV2-28,27.135321008140583,26.575519732901853,-0.5598012752387298,-1.261263948720559,0.2253353751770781,0.6471706234638832,NS
IGKV2-30,24.527569299599524,23.552571579186306,-0.9749977204132172,-1.6808210053954427,0.11441557947850853,0.941514835500406,NS
IGKV3D-11,26.101072120188714,25.676116843466623,-0.4249552767220912,-0.7443264436829166,0.46968826422489335,0.328190291096385,NS
IGKV3D-20,25.139163243119988,23.53867992532082,-1.600483317799167,-3.4694557693195454,0.0031743636472667744,2.4983433230269996,Down
IGKV4-1,25.056494314831454,24.295369180841945,-0.7611251339895091,-1.4626969609666376,0.16317363545098076,0.7873500104296706,NS
IGLC7,26.967551183221133,26.174861835935182,-0.7926893472859504,-2.2544053730536517,0.03885931102364403,1.4105049037177628,NS
IGLL5,29.582162181660312,29.28636983281317,-0.29579234884714367,-1.026531648472795,0.322099349359111,0.4920101524545501,NS
IGLV1-47,24.566858958289053,22.386329493991582,-2.1805294642974715,-2.524658298831374,0.02372228684611163,1.6248434469783146,Down
IGLV3-9,24.896464827242095,23.99317525273589,-0.9032895745062035,-1.6613212306204959,0.1163778796480363,0.9341295597181903,NS
IGLV4-69,23.718308629010973,23.19509154686909,-0.5232170821418833,-0.7513593563387341,0.46338119375488934,0.3340615959543554,NS
IK,20.21923179749659,22.358618337941895,2.1393865404453045,3.683784779147163,0.00270562880523311,2.567731786044679,Up
IL16,26.229721387638264,24.117264345369534,-2.11245704226873,-1.6591895771079173,0.12902781708903904,0.8893166501199077,NS
IL18,23.318282150526052,24.451345520522327,1.1330633699962753,2.7754363868894845,0.014029062826124749,1.8529713398794725,Up
ILF2,26.417741574984515,28.0426931425012,1.6249515675166855,5.067047709301932,0.00030694174786273797,3.5129440381457213,Up
ILF3,27.074375639406036,28.7092968436071,1.6349212042010635,5.390223247418359,8.74476354062102e-05,4.058251929397642,Up
ILK,28.000887942259844,26.308822029759146,-1.6920659125006985,-5.823372996810411,3.235805618422138e-05,4.49001757524957,Down
IMMT,27.867500782183356,28.663123097771088,0.7956223155877318,2.1482461892220988,0.04888674770093544,1.3108088541765317,NS
IMPDH2,25.042537137568747,26.923178954182944,1.8806418166141974,4.783190920568505,0.00020325849843873042,3.6919512870727096,Up
INF2,23.7537310025215,24.35657842264523,0.6028474201237302,1.2401082172178926,0.23290648175102246,0.6328184249495125,NS
INTS14,19.23774416513442,19.909133371212103,0.6713892060776843,0.7926273183839975,0.4400188102072306,0.35652875761701536,NS
INTS4,17.87318347586208,19.710635861218005,1.837452385355924,3.115932277835976,0.006686513511309327,2.174800273486159,Up
INTS5,18.206315156752847,19.91580530888541,1.7094901521325632,3.0233925672624373,0.008500552915370621,2.070552824840445,Up
IPO5,24.898742956560476,25.787973433708753,0.8892304771482777,1.8932816336840277,0.0773492461971917,1.1115439143368862,NS
IPO7,24.467858743123998,25.38252890493631,0.9146701618123139,2.096904749536006,0.062198232203433956,1.2062219586404364,NS
IQGAP1,29.1503070581705,29.812124475843728,0.6618174176732268,2.259415246804145,0.03839778451881887,1.415693832898327,NS
IQGAP2,24.12606152525966,24.34418466702862,0.21812314176895953,0.42732143599296096,0.6749346191892541,0.17073829516982175,NS
IRAG1,22.924100983152538,23.884333362552567,0.9602323794000291,1.752977994757867,0.1029038678872164,0.9875683009372306,NS
IREB2,18.065782021303487,20.513149364934364,2.4473673436308765,4.357497485604145,0.0004983552335853952,3.3024609765415507,Up
ISG15,19.23475197291143,22.664300766926857,3.429548794015428,3.8232264730369336,0.0015015520593352376,2.823459606062344,Up
ISOC1,22.162101888542217,22.46550465699466,0.3034027684524432,0.43883583745870264,0.6678009572406577,0.17535296275388895,NS
IST1,23.52398384485733,24.29497877981516,0.7709949349578302,2.5105265804010117,0.0231780579117425,1.6349229563598446,NS
ITGA1,26.574807206865763,25.275056638562138,-1.299750568303626,-3.220098652051144,0.006183322333628972,2.208778113347868,Down
ITGA5,25.236213312522384,23.818950535527744,-1.4172627769946402,-2.7551553614024913,0.015399939831072976,1.8124809759871756,Down
ITGA6,21.997898181504112,22.606939529944437,0.609041348440325,1.6366787276487291,0.12121536217321909,0.9164423365701174,NS
ITGA7,24.6144586166784,22.462474190650912,-2.1519844260274894,-4.692527305657275,0.0002970384482755868,3.5271873325238525,Down
ITGAM,20.830243685110716,21.9668400453625,1.136596360251783,2.2763731070430415,0.037367717223672124,1.427503432186327,Up
ITGAV,21.56993987018546,21.494462970443028,-0.07547689974243355,-0.28403683286391873,0.780069503940906,0.10786670008744105,NS
ITGB1,28.853355351745627,27.81581792145471,-1.037537430290918,-4.315088644506862,0.0005342784422030214,3.2722323489710363,Down
ITGB2,22.986643741726358,24.30783067967463,1.3211869379482728,2.936860123853628,0.013372948935261706,1.8737728137482013,Up
ITGB3,22.675717004678297,22.05164020420321,-0.6240768004750876,-1.623986490398517,0.12663185618214506,0.8974570271482399,NS
ITGB4,24.96079482629061,26.200076474032294,1.2392816477416844,2.002856093782374,0.06250137205380346,1.2041104487542411,NS
ITIH1,26.686350211313663,25.928125067704837,-0.7582251436088256,-2.564986094862532,0.024003965992809028,1.6197169971844716,NS
ITIH2,26.997978051939747,26.46692680293469,-0.5310512490050563,-1.7810159409539001,0.09586664855675127,1.0183324550502333,NS
ITIH4,26.277231374866723,25.44320090890448,-0.8340304659622433,-2.346850926759167,0.03489560783654859,1.4572292324216094,NS
ITIH5,22.977829082939355,21.703665618731183,-1.274163464208172,-4.404577665176016,0.0006820722623450708,3.1661696114502558,Down
ITLN1,27.09891006029434,26.280388298593873,-0.8185217617004668,-1.4986911562070944,0.1576746752381747,0.8022380548481287,NS
ITPR3,23.094938487191197,25.0398995117332,1.9449610245420033,2.366372485575954,0.03514354063928882,1.4541544863625255,Up
ITPRID2,25.79213560914522,23.4960919188717,-2.296043690273521,-5.409155065913493,5.826551374632182e-05,4.234588419874899,Down
ITSN1,22.41574417416817,21.90699688914647,-0.5087472850217019,-0.6158022001727309,0.5476276834767793,0.26151460568539175,NS
IVD,22.557277301432258,24.459292320544634,1.9020150191123761,2.1324984143103514,0.0562808847281459,1.249639084131185,NS
JCHAIN,27.14592474710231,25.902732510856787,-1.2431922362455232,-1.6670692090713488,0.11745946357775304,0.9301119868555152,NS
JPT1,23.28961646621842,25.32154692624691,2.031930460028491,4.246371242461546,0.0009540051434236356,3.0204492838341843,Up
JUP,26.99059459005953,28.058314453009643,1.0677198629501135,2.516646182340056,0.02355151061103836,1.6279812316774185,Up
KANK2,24.89034926117479,23.727189209720194,-1.1631600514545966,-1.6621849439629328,0.12169615195929032,0.9147231539742697,NS
KARS1,24.89104224818274,26.49994372135012,1.608901473167382,5.307526073518389,9.343148184064636e-05,4.029506763106623,Up
KATNAL2,25.43911996343322,26.74669825325605,1.3075782898228283,3.9987276824480924,0.0011482267539622928,2.9399723381835816,Up
KCTD12,25.726109418159908,24.323722513441187,-1.4023869047187212,-3.241981682868864,0.007098709175109685,2.148820615941951,Down
KDM3B,21.19444557725817,22.82710439220361,1.6326588149454402,3.180536104899253,0.00826361535231368,2.0828299061853675,Up
KGD4,23.871157142335086,24.43057625969863,0.559419117363543,1.1248408997338308,0.27729621392794496,0.5570560600342068,NS
KHDRBS1,24.355017603318743,26.002835618403306,1.6478180150845638,4.481857957668618,0.0005484564687728701,3.2608578368622454,Up
KHSRP,25.650188594305877,27.06493628232877,1.4147476880228922,3.83153104609922,0.0018160179892009656,2.7408798537378316,Up
KIAA0232,24.385474188647905,20.10501694227461,-4.280457246373295,-4.421645597614805,0.00042996867820785953,3.36656318018074,Down
KIAA0930,25.12587439594736,21.974765995478926,-3.151108400468434,-3.574623825313792,0.0025559140482133464,2.5924537549793247,Down
KIF13B,26.249270603150066,27.477063872465195,1.2277932693151286,4.425920758730022,0.0005452751194656498,3.263384318424117,Up
KIF2A,24.20912391601343,23.034035623950814,-1.1750882920626147,-2.3056390196377845,0.035591782909752734,1.4486502562087642,Down
KIF3B,24.832060248813804,22.69246692649561,-2.139593322318195,-5.119774835044167,0.00010329959732283663,3.9859013714214337,Down
KIF5B,26.652738103037123,26.59414470448178,-0.058593398555341736,-0.22555046182020447,0.8244069789089216,0.08385834041440958,NS
KIF5C,25.16046744593414,26.041010556287286,0.8805431103531447,3.100312661460679,0.006930930206914514,2.1592084743897426,NS
KLC1,22.56305842136077,22.769913016133252,0.20685459477248358,0.6730097272526787,0.5105747869285009,0.2919406352195514,NS
KLC4,23.139608761314953,22.8968518722882,-0.2427568890267544,-0.7843975986851305,0.45046736200515286,0.346336669756055,NS
KLHL42,23.60634933555759,24.51564750696861,0.9092981714110202,2.9148729392448702,0.010692345813587486,1.9709270036655815,NS
KNG1,27.157814906025948,26.465918255143322,-0.6918966508826259,-2.2445507492803753,0.040446590329399616,1.393118083780789,NS
KPNA3,24.054743489686768,25.250081131417204,1.1953376417304362,4.945570589714303,0.00014652007667439852,3.8341028627398197,Up
KPNB1,27.060934191950842,27.70375785712993,0.6428236651790868,2.2392476334222966,0.043852935212526145,1.358001332652764,NS
KRAS,24.02406535056936,23.15389364471004,-0.8701717058593204,-1.4959795809617509,0.16510000166537875,0.7822529223564384,NS
KRT1,24.94356076530282,25.268979343762265,0.3254185784594448,0.8334760184935247,0.4172537261495933,0.3795997763048416,NS
KRT10,23.275277688661824,23.87049401007491,0.595216321413087,0.8610214920962637,0.4050072637466147,0.3925371877068528,NS
KRT13,27.822846302272286,28.308891062884456,0.4860447606121703,1.0128259026156399,0.3266671253331592,0.48589456924292196,NS
KRT14,28.19134790672073,28.96287340980154,0.7715255030808095,1.5372009888315954,0.1452475205501255,0.8378912725045127,NS
KRT15,22.93773092959762,24.126604019569772,1.1888730899721516,1.347814650845718,0.19856645914886656,0.7020941084929812,NS
KRT18,30.23591040230397,32.47729698885777,2.241386586553805,4.519026352955759,0.00035294337932296864,3.4522949603909616,Up
KRT19,31.15603733464256,32.123250413931096,0.9672130792885376,1.8618410420733134,0.084137021528713,1.075012866178541,NS
KRT20,29.670073785631555,29.379053673535665,-0.2910201120958895,-0.4215231616556788,0.6803130850964654,0.16729117576802502,NS
KRT34,23.646048325461862,21.051528262692145,-2.5945200627697176,-4.8795303368025555,0.00020591431615528074,3.6863134580876378,Down
KRT6A,27.782174023318415,28.919086864774563,1.136912841456148,1.7241539865591151,0.10420903619864187,0.9820946207576352,NS
KRT75,26.457443682530954,28.010967967762998,1.5535242852320437,2.930289395740244,0.00983066236320434,2.00741721960494,Up
KRT79,28.7897234527503,30.02976113490107,1.240037682150767,2.3162220004843883,0.03448495354231001,1.4623703547506377,Up
KRT8,31.993905246521233,33.400038571127645,1.4061333246064116,2.966659256202014,0.009736188292968314,2.0116110356606565,Up
KRT86,26.375911160305257,27.823824259349706,1.4479130990444489,2.4249046863155854,0.031057741284170316,1.5078301321068333,Up
KTN1,22.407155981231476,21.914573861322427,-0.49258211990904854,-0.9825094600892259,0.34205445205028223,0.4659047525913163,NS
KYNU,21.9461789587993,22.481627272424202,0.5354483136249009,0.36099693168675095,0.7231167434424004,0.1407915824566401,NS
L1CAM,24.93787930042688,26.297572559952982,1.3596932595261038,4.98649981926145,0.00020578107569806626,3.686594566880691,Up
LACTB2,21.327454186651092,22.81709664623716,1.4896424595860687,4.1752627485874125,0.0007207097080070104,3.142239627926018,Up
LAD1,21.996213648707453,24.404326962970426,2.408113314262973,4.500143699654362,0.000836595090037283,3.077484688615025,Up
LAMA4,28.054320250835318,27.676530501847786,-0.3777897489875315,-1.3168292920769682,0.21213254730034573,0.6733926929708645,NS
LAMA5,27.569707487645346,26.684687943577117,-0.8850195440682285,-1.8124950844156942,0.09630361589190174,1.0163574062044511,NS
LAMB1,25.33202252315783,24.879594259563923,-0.4524282635939052,-1.0009653060947012,0.33220452477324236,0.47859445656051747,NS
LAMB2,29.002426959591283,28.088349736354484,-0.9140772232367986,-3.6636525825045103,0.0043178405492797466,2.3647333994836184,NS
LAMC1,28.355806309016305,27.162386991460252,-1.193419317556053,-3.890430379960914,0.0013000989969813445,2.886023576765638,Down
LAMP1,25.695932713733594,26.813127555321014,1.1171948415874198,2.87997561004758,0.011970789277756907,1.9218772140318574,Up
LAMTOR1,19.75172242641027,23.421741845643993,3.6700194192337214,5.568502656704351,0.00010452471212864196,3.980781019865703,Up
LAMTOR3,22.071933063362508,22.514048171364482,0.44211510800197473,0.4559601992638268,0.6545470529640556,0.18405912816878484,NS
LANCL1,25.679925189663614,24.778580990252674,-0.9013441994109392,-3.2123638489264423,0.005641094051054367,2.248636659446132,NS
LAP3,28.093719677299205,29.386654470468176,1.2929347931689712,4.491169761497838,0.0003702435234300507,3.4315125297363736,Up
LARS1,23.591044487189112,24.614086472566843,1.0230419853777306,3.329668851581681,0.004565795263910153,2.3404835667283033,Up
LARS2,23.660034087063426,23.895205098532074,0.2351710114686476,0.6116336810204361,0.5496814933538086,0.25988888459078796,NS
LASP1,27.916660028835672,28.87549516836854,0.9588351395328694,3.609137700574883,0.002411996279801432,2.617623366375566,NS
LBP,22.996107564836937,22.588378042135915,-0.4077295227010218,-0.9872102040188839,0.33823566693551554,0.47078059799036265,NS
LCLAT1,23.415591320575984,24.454635115752247,1.039043795176262,1.742881218308005,0.10230015371338887,0.9901237137284418,NS
LCN2,23.47800421500394,28.270746154810112,4.792741939806174,7.029464985191051,2.967644011687573e-06,5.527588196732702,Up
LCP1,27.971636256751047,28.81685874165099,0.8452224848999421,2.153470092333212,0.05677357857680937,1.2458537302738082,NS
LDHA,29.97278479007362,31.01107447945479,1.0382896893811697,3.321319873651629,0.006527807978769962,2.18523262922159,Up
LDHB,29.228051228673266,29.252772100927093,0.024720872253826798,0.10038413951480844,0.9218426069147976,0.03534322296311354,NS
LETM1,25.500404657821377,26.43493445694118,0.9345297991198009,2.6623681728033968,0.017153549047841284,1.7656460113394228,NS
LGALS1,29.603292305285297,28.644510976267636,-0.9587813290176612,-2.5708603559864946,0.020697989562455128,1.6840718363949965,NS
LGALS3,28.422100036531084,28.434793632348025,0.012693595816941183,0.019369919027077836,0.9848459876632554,0.0066316800990018155,NS
LGALS3BP,26.05665866056657,27.858472920046026,1.8018142594794568,3.7700825154970263,0.0019226320191237036,2.716103829311498,Up
LGALS4,30.49725521632883,30.335215077870778,-0.1620401384580532,-0.2709003102906462,0.7908516707895427,0.10190496352922875,NS
LIG1,19.26215280274191,21.73079257555265,2.4686397728107394,2.0708223152116414,0.05512788936711279,1.258628634652297,NS
LIMA1,26.493495407271478,27.590893451130448,1.0973980438589699,2.579477042716837,0.020845477684759476,1.680988148343962,Up
LIN7A,23.268138790513778,24.49235612685921,1.2242173363454327,1.9961362973926329,0.0633514317084399,1.1982435658468522,NS
LIPA,22.64829573820359,23.28430678062403,0.6360110424204386,0.7068609621793169,0.4969401748883401,0.30369589150759374,NS
LLGL2,23.128421530045742,23.587749981865752,0.45932845182001003,1.3814800755221315,0.18726789821326598,0.7275366637551343,NS
LMAN1,24.768708335526025,25.745023902314788,0.9763155667887631,2.449016794151296,0.026339227081450794,1.5793969734587443,NS
LMAN2,26.111898410791483,27.117940894704667,1.006042483913184,3.1390883386304687,0.007076633354851929,2.15017330490195,Up
LMNA,31.36603636389698,31.12531651393266,-0.2407198499643215,-1.1145201602870471,0.2843610797692528,0.5461298453478025,NS
LMNB1,28.03091403329157,29.314090171255447,1.2831761379638777,3.316850745608644,0.005243531014132306,2.2803761589122975,Up
LMNB2,27.179215662794054,27.328895155466235,0.14967949267218117,0.7320723450443891,0.47574080522698764,0.32262959668838403,NS
LMO7,23.108485428583126,24.92694939817464,1.8184639695915124,4.0338851383464895,0.0010264353195201734,2.988668412353311,Up
LMOD1,26.84228634730758,23.78012968265075,-3.0621566646568326,-5.2165975486875915,0.00011769645379367484,3.9292366222970934,Down
LONP1,24.7406291609662,25.807095238090163,1.0664660771239625,3.5226870037237044,0.003289940937922972,2.4828118985741545,Up
LPP,28.502894716623057,27.464890413887712,-1.0380043027353452,-3.38051416516174,0.0043359422267817286,2.362916513083381,Down
LPXN,20.122463286110275,21.45019772299938,1.3277344368891058,2.179715563732549,0.05445348246461359,1.263974340576667,NS
LRP1,23.315690992624766,23.980107000467257,0.6644160078424903,1.846886804129121,0.08611878076721946,1.0649021273601271,NS
LRPPRC,30.733528244251254,31.305109590664287,0.5715813464130335,2.3245169634994873,0.03366989852403368,1.4727581925076236,NS
LRRC47,22.160302301850674,23.01795296648011,0.8576506646294355,2.8582835437821013,0.011703003361643533,1.931702670219078,NS
LRRC59,26.268033568660197,27.770747498264548,1.5027139296043508,3.755453807114407,0.00194914707092816,2.71015539039352,Up
LRRFIP1,24.955550870722462,25.55350976886878,0.5979588981463166,2.0723248601438864,0.05909885568972741,1.2284209281280212,NS
LSM2,23.721435621293057,25.311662967651365,1.5902273463583079,3.0711282320691655,0.009502697163894491,2.0221531108010917,Up
LSM4,22.98590096267776,23.923372080672767,0.9374711179950062,2.3969934324846727,0.029455930869786387,1.5308272480859029,NS
LSP1,19.926284689492995,23.45419501987856,3.5279103303855663,3.493216793310542,0.0037197778255319332,2.4294829988350353,Up
LTA4H,26.751381703006544,27.385392795653942,0.6340110926473983,2.5728619816014584,0.02113203860458531,1.675058604603352,NS
LTF,27.958208731144133,29.064941367886313,1.10673263674218,2.3621806298099473,0.03237657353139043,1.4897691152846426,Up
LUC7L3,20.8488891523116,23.380364785944415,2.531475633632816,3.132933203942224,0.011198612099185603,1.9508357983132993,Up
LUM,30.715846350316035,27.762642881887484,-2.9532034684285513,-9.08804364565323,1.442303376616491e-06,5.84094337974645,Down
LXN,23.331402769992877,24.17504215249646,0.8436393825035822,1.7929652031023369,0.09259538489543741,1.0334106587218805,NS
LYN,23.613270476443372,23.315548017496685,-0.29772245894668714,-0.8862121058488744,0.3929130786696575,0.40570351483917755,NS
LYPLA1,23.204827327595485,25.180597370990043,1.975770043394558,3.234498760980084,0.005752115337366161,2.2401724143707424,Up
LYZ,25.849970988700473,27.42380164047711,1.5738306517766354,3.284454662547353,0.0061532526203108414,2.2108952546901457,Up
LZIC,22.978972222922906,23.09338690867638,0.11441468575347358,0.35423363247762774,0.7280449196513549,0.13784182432037365,NS
MACF1,29.449233546091573,28.132419393799506,-1.3168141522920678,-2.8469489661556993,0.01341147722951845,1.8725233834239694,Down
MACROD1,21.759721517449915,23.193319080528273,1.433597563078358,2.7196989094432062,0.015214748240887808,1.8177352295363627,Up
MACROH2A1,27.862967397201476,28.649306801693243,0.7863394044917662,2.4001412939169615,0.029001816528089287,1.537574799224552,NS
MAGEB2,20.835470343441596,20.614298240672635,-0.2211721027689606,-0.16017301417343524,0.8748114983405979,0.05808551732043768,NS
MAGOH,19.971250222235142,25.119141152439568,5.147890930204426,4.916628953303687,0.0010524718172632986,2.97778952472831,Up
MAIP1,20.385419126021006,21.68636756553444,1.3009484395134336,3.3188351548650226,0.00471658249135067,2.326372565502772,Up
MAL2,19.443223029095222,21.63566316812969,2.192440139034467,1.9690184284348173,0.06680889876991027,1.1751656867868305,NS
MAN2A1,25.241908002175446,26.687228219142483,1.445320216967037,3.8865001321165558,0.0017751302482589908,2.7507697755526235,Up
MANBA,23.07790246132301,24.2084583811981,1.1305559198750892,2.29882981260701,0.03540020208669992,1.4509942587400841,Up
MANF,24.92168384167328,26.588727336142508,1.6670434944692296,4.033095355627758,0.0017549122165559966,2.7557446027416472,Up
MAOA,28.587648334433318,28.15463162020582,-0.43301671422749877,-0.8730984661500186,0.40059649838408395,0.3972928511960033,NS
MAOB,23.054060450387748,20.924219292553857,-2.1298411578338907,-3.7266281332986857,0.0018829718399261397,2.7251561748617927,Down
MAP1B,26.136987438975673,26.977258353331067,0.8402709143553935,2.6261949823942135,0.01885313024617318,1.724616532154372,NS
MAP4,27.70930511693179,28.386111427917076,0.6768063109852847,4.551943752771902,0.00038633633424167414,3.413034445314639,NS
MAP7,22.0115159571828,23.477157731393326,1.4656417742105248,1.0452355071032726,0.31188405084796605,0.5060068336616559,NS
MAPK14,21.813756820351543,22.43019865487336,0.6164418345218188,1.9526804691934345,0.0753912842686011,1.1226788585445575,NS
MAPK3,24.123458448837795,25.31925157066684,1.1957931218290447,3.2206092891408367,0.005626525266791509,2.249759726521937,Up
MAPRE1,23.604059076654565,24.49439194703637,0.8903328703818048,0.8879222328541067,0.387924829989138,0.4112524215287159,NS
MAPRE2,24.19434836545607,26.22128832612117,2.0269399606651,4.343518983647548,0.000610005758908384,3.2146660649067296,Up
MARCKS,28.145735844843877,28.41538779169754,0.26965194685366356,0.6422714193422161,0.5305410102114388,0.2752810399998773,NS
MARCKSL1,23.304558514858954,25.91401062319339,2.6094521083344375,5.2036400080623935,8.701856276187e-05,4.060388093989103,Up
MARS1,23.26569694146822,25.099440312233753,1.8337433707655322,4.7271592279337025,0.00026303364472625294,3.579988697196851,Up
MAT2A,20.282218750241583,23.525830612129273,3.2436118618876897,3.749563912731591,0.0050862711735628835,2.2936004892168333,Up
MAT2B,23.545750031969746,24.61922073449454,1.0734707025247943,3.4981349360194507,0.0031898851173409537,2.496224957633514,Up
MATN2,25.243052937983382,23.935632947435938,-1.3074199905474444,-6.058357002383098,4.2388583053819914e-05,4.372751100586585,Down
MATR3,25.7834227071354,27.002013607684134,1.2185909005487332,4.190404422245525,0.0007556585417658352,3.1216744041369036,Up
MAVS,24.82198470091826,24.199250828542333,-0.6227338723759281,-0.5642656018094236,0.5818187538570975,0.2352122841797369,NS
MBOAT7,21.621261965320794,23.477489399963382,1.8562274346425873,1.9494836201927934,0.06959789790608586,1.1574038773660755,NS
MCAM,26.189137831494335,24.390235618130376,-1.7989022133639594,-6.081004061923891,1.7142684502336166e-05,4.765921167636816,Down
MCCC2,26.19976869854066,27.03841804184356,0.838649343302901,2.0103369284057258,0.0630138554510217,1.200563947620558,NS
MCM2,25.870601106399242,27.682396527861936,1.8117954214626941,3.2332546826292767,0.00822480616160171,2.0848743285073184,Up
MCM5,18.938745973729855,22.93454455325454,3.995798579524685,5.46818519464552,0.00016796724549633736,3.7747753997449287,Up
MCM6,22.22884011545426,22.2303200564607,0.001479941006440555,0.0038363811983996637,0.9970055722438145,0.0013024144185571358,NS
MCM7,20.50647119193415,23.899120778233794,3.392649586299644,3.830734819067258,0.003950217519235937,2.4033789892335657,Up
MCTS1,25.492913702975603,27.530346148065185,2.037432445089582,2.7959547951723587,0.021776845466097983,1.662005030727572,Up
MDH1,29.191535110044867,29.043006264754695,-0.14852884529017274,-0.4945909170458241,0.6299793399417882,0.20067369292165976,NS
MDH2,29.698571558343374,30.764341511471173,1.0657699531277984,2.6204063870858074,0.021161552154507223,1.674452480898887,Up
ME2,24.216853163308567,25.181070452962928,0.9642172896543606,2.6179260955853487,0.019455026422983822,1.7109681750196692,NS
MECP2,23.400063050138254,22.734402173630155,-0.6656608765080989,-1.2875641242080575,0.2162371940096864,0.6650696028717439,NS
MED24,18.950342765061496,18.667703557689794,-0.2826392073717017,-0.22186226628061947,0.8276432946386083,0.08215679914351255,NS
MESD,21.032631785198724,23.685604076581466,2.652972291382742,2.3456572987716826,0.03880928440776967,1.4110643650059802,Up
MFAP4,24.994381543644987,22.315413751158047,-2.67896779248694,-4.338871023149975,0.001230026920609147,2.9100853834028295,Down
MFAP5,24.238082545484527,22.373996296221417,-1.86408624926311,-4.472109726092064,0.00039537185382732166,3.402994250962075,Down
MGLL,21.889535675555624,21.801297851285785,-0.0882378242698394,-0.14415380231602581,0.887599314614716,0.051783041792847845,NS
MGST1,24.89873522500894,25.769236707110238,0.8705014821012966,1.6714260162357597,0.11647693355042932,0.9337600714072193,NS
MGST2,23.50657655197997,24.84516510412865,1.338588552148682,2.1571072421574784,0.047236593716323806,1.325721427390893,Up
MGST3,25.72318066615647,25.645285352154414,-0.07789531400205618,-0.20756587784908023,0.8388681446833199,0.07630629726028376,NS
MICAL1,18.391277998611805,18.112155737644603,-0.2791222609672026,-0.4217520087313514,0.6789110953797554,0.1681870936340098,NS
MIF,23.471376760895183,24.70951069884799,1.2381339379528065,2.9228818973017496,0.01433348363286023,1.8436482451461504,Up
MISP,22.808262124155664,25.275307420102934,2.467045295947269,2.7868800339511757,0.019167447183917233,1.717435724772649,Up
MIX23,21.957457962414324,23.40968264614142,1.4522246837270956,3.982378917138431,0.0010911405079064834,2.9621193210162935,Up
MLEC,26.500506235553985,27.88522051251875,1.3847142769647647,3.8000420571555313,0.0015771445092108525,2.802128511694857,Up
MMAB,26.427168492570573,27.112225749508344,0.6850572569377711,2.1528433072483173,0.04706446237531249,1.3273068979611593,NS
MMP9,21.27534916679863,23.8958617142661,2.62051254746747,3.310670604460524,0.00973502299438692,2.0116630183274564,Up
MMUT,21.7788178164821,22.85860741277441,1.0797895962923114,1.6630415562386882,0.12320175838705892,0.9093830936947501,NS
MOB1B,24.02196167099281,24.879924307739643,0.8579626367468336,2.505457600480532,0.024115163986920474,1.6177097804610487,NS
MOGS,21.543243980837875,22.492068745150945,0.9488247643130698,2.6462418248305255,0.01802429382398667,1.7441417415518705,NS
MPC2,22.276442779960234,22.47502758123166,0.19858480127142641,0.36704249621548857,0.7195567484842165,0.14293494935534087,NS
MPI,22.353747134577592,22.139294693185146,-0.2144524413924458,-0.9520546889744033,0.3555596935796417,0.44908747674594346,NS
MPO,26.284482393872633,28.279439472049646,1.9949570781770127,3.0100784481627723,0.012198490141426977,1.913693920458519,Up
MPST,24.712383385579507,25.61289805047681,0.9005146648973046,1.9933733831031812,0.06355798026919589,1.1968299121550305,NS
MRC2,21.58476221810009,20.021172211191967,-1.5635900069081217,-2.512634700095502,0.02575025518844988,1.5892184626854515,Down
MROH1,18.81763098183363,19.880116446838823,1.0624854650051923,1.9492737536453448,0.06903116840102742,1.1609547758102379,NS
MRPL12,24.872318879358513,26.327509812003754,1.455190932645241,2.985226319924973,0.008747628848047084,2.0581096518649207,Up
MRPL14,22.352654170783985,23.652795097079238,1.3001409262952528,2.7094945706321645,0.015623890334648673,1.806210818057637,Up
MRPL15,23.82662535112915,24.218891735163496,0.39226638403434677,0.4421055838261955,0.6682116443063474,0.17508596058365572,NS
MRPL23,19.699090998615425,22.735195962080244,3.036104963464819,3.1105592053848574,0.007264804063000995,2.1387760944430396,Up
MRPL37,21.401922172514876,22.25342621519853,0.8515040426836542,1.9644717950196102,0.0681634503470353,1.1664484342514472,NS
MRPL47,19.686090597960614,20.34470636355455,0.658615765593936,1.3999909732855955,0.18118300580945026,0.7418825397127279,NS
MRPL49,20.182191198322315,21.809739471019817,1.6275482726975028,1.7279425532181727,0.1105110983030185,0.9565941048772816,NS
MRPS11,19.62518622477833,21.77496829040463,2.149782065626301,1.6939156830742752,0.11379279449465082,0.943885237152603,NS
MRPS23,21.628644914648632,23.25389845092739,1.625253536278759,4.1713921884765135,0.0007243162701960075,3.1400717592049405,Up
MRPS25,18.881309998014096,20.308134356351193,1.4268243583370968,1.1234097597360646,0.2835617753039301,0.5473523133106712,NS
MRPS27,26.113743194828995,26.931151745689448,0.8174085508604527,2.01762680731339,0.06247010507614048,1.2043277635601475,NS
MRPS28,21.432203414496005,23.15021789945774,1.718014484961735,3.034732286472428,0.008572279252111186,2.0669036897445876,Up
MRPS35,20.02313342217113,21.976147537062097,1.9530141148909657,3.0261858348894637,0.008043460218067188,2.0945570818073405,Up
MSN,28.70384395953616,28.679305613558686,-0.02453834597747573,-0.10356913961929687,0.9187988802071091,0.03677954277628205,NS
MSRB3,23.80978895456751,20.882767700461066,-2.9270212541064424,-4.509773170102299,0.0003960464712502107,3.4022538518941374,Down
MT-CO1,24.55932944355063,24.303863636474865,-0.2554658070757654,-0.4550481940321724,0.6581928411115581,0.18164684565552375,NS
MT-CO2,25.846973843874416,26.983744343414827,1.136770499540411,2.1425539902922486,0.04803276574185387,1.318462405827337,Up
MT-CO3,26.861076490508353,26.763225721276175,-0.09785076923217773,-0.1887018388786795,0.8531400770132532,0.0689796561954272,NS
MTCH2,24.358171420960108,25.600058309309897,1.2418868883497893,1.8357144432949284,0.08571514900331016,1.0669424155666116,NS
MTHFD1,26.472427597709487,27.655856212595612,1.1834286148861253,3.8152002047074784,0.0017511759692290132,2.756670211069432,Up
MTOR,24.928037357397578,25.070811650469725,0.14277429307214717,0.16831812529933274,0.8686323332333191,0.061164008863424865,NS
MTPN,22.40527119761198,23.48956429206527,1.0842930944532903,2.0210824278697315,0.07366935422479062,1.132713137092845,NS
MTREX,20.189548385201334,21.54094691921636,1.3513985340150256,2.71854649219249,0.015316126477674876,1.8148510559878726,Up
MUC1,22.34859837606091,24.06329282929786,1.7146944532369517,2.716800409149965,0.015312889472791127,1.814942852170056,Up
MUC13,23.943771577490768,26.30551715733419,2.361745579843422,5.1449841533893705,0.00015718932276306512,3.8035769571679072,Up
MUC2,29.06510643210357,28.33995768604712,-0.7251487460564476,-0.8291389046465674,0.42298295875010244,0.3736771292440555,NS
MVK,27.70777352021674,27.651861767493642,-0.05591175272309812,-0.047446469274354586,0.9628108615963572,0.016459019036023818,NS
MVP,28.998052944136834,30.222453729460014,1.22440078532318,2.778487385955752,0.013595785176528357,1.8665957062091156,Up
MX1,25.71914274330167,25.837814136503635,0.11867139320196429,0.2546050806555632,0.8040050106580704,0.09474124466651168,NS
MYADM,26.07585282931156,24.202900443008623,-1.8729523863029378,-4.176252512663704,0.0009010992630806702,3.0452273654763347,Down
MYBBP1A,18.79126486865145,23.240010177112467,4.448745308461017,6.3266340473232985,0.0001235008300350805,3.908330123550519,Up
MYDGF,24.77139245879355,25.938911904596534,1.1675194458029843,3.010103182654324,0.008756023344835603,2.057693089210117,Up
MYG1,21.92053916726505,22.37046346717974,0.44992429991468796,1.074336905179314,0.29879210047275323,0.5246308886720457,NS
MYH10,30.903265676396327,27.15929332903336,-3.7439723473629662,-5.644976437928003,3.9845857230360795e-05,4.399616825472919,Down
MYH11,34.68982934568408,31.320457493597125,-3.3693718520869567,-5.70464824473504,3.261968824651412e-05,4.486520193923138,Down
MYH14,28.072297770905124,29.31672652512116,1.2444287542160382,3.1757335611734923,0.005955009664098852,2.225117529384999,Up
MYH7B,26.55593370493306,24.09837156888618,-2.4575621360468816,-2.0758061160371435,0.054908481010052364,1.2603605704606664,NS
MYH9,32.369328926203615,32.63978951251824,0.270460586314627,1.3248777914720669,0.2043131940220575,0.689703586838172,NS
MYL1,29.638430012371437,28.238223746198358,-1.400206266173079,-3.4173029388369573,0.0043461614077478046,2.361894148886978,Down
MYL12B,31.573259231202137,30.160404450001636,-1.412854781200501,-4.164338941884782,0.001263061739574594,2.898575420227547,Down
MYL6,31.549083725970515,30.09143229386177,-1.4576514321087437,-4.449747087643291,0.0008222481053902676,3.0849971185379195,Down
MYL6B,30.900401611686302,29.67700206461095,-1.2233995470753527,-3.5136211785173277,0.003853580533908981,2.41413556049611,Down
MYL9,30.28266023553857,26.668367464872,-3.614292770666573,-5.458673314050751,5.855861093514346e-05,4.232409233697567,Down
MYLK,30.34983221790481,27.528374536025467,-2.8214576818793446,-5.078863703079539,0.00021751646708245443,3.6625078592043705,Down
MYO18A,24.562238007006684,24.479464778184255,-0.08277322882242899,-0.2892967211774721,0.7761502622130367,0.11005419145754149,NS
MYO1A,24.917925850004522,24.602746277207604,-0.315179572796918,-0.7917011623401349,0.445764220732981,0.3508947931052756,NS
MYO1B,24.50923129477874,26.130875988592365,1.621644693813625,4.405337254042746,0.0008619344337299545,3.0645257691547347,Up
MYO1C,29.131430187670432,29.01593971520717,-0.11549047246326083,-0.6786272717402863,0.5071020737028712,0.2949046134791971,NS
MYO1D,25.637146029099867,25.783975032720193,0.1468290036203257,0.2932217135782037,0.7732116237038195,0.11170162583789263,NS
MYO1E,20.11799029406102,22.48149634719544,2.3635060531344187,4.149027439593126,0.002329440517762257,2.6327483747789455,Up
MYO5A,23.42643243935068,24.487308737574203,1.0608762982235227,2.5761177923094234,0.02823242997244063,1.5492517404076378,Up
MYO6,24.175713787390784,25.720501783651763,1.544787996260979,4.36216264091833,0.0005260916331496256,3.2789386050757603,Up
MYO9B,21.97860136733589,23.27721609890003,1.2986147315641396,0.9925272738315585,0.3361580319593116,0.47345650751223345,NS
MYOF,24.413084920998525,24.151030129086983,-0.2620547919115417,-0.525816587746352,0.6066728052697313,0.21704547231489016,NS
MZB1,26.189404922698234,26.94801079941371,0.7586058767154746,1.2707926780950995,0.22197674721428645,0.6536925169251907,NS
NAA10,21.960512148165705,22.959008630108798,0.9984964819430928,2.0785666145843176,0.05579709045510972,1.2533884468014065,NS
NAA15,24.047925499099605,25.885680822976425,1.83775532387682,2.7835843579891635,0.015181347410182839,1.8186896812179962,Up
NAA50,21.019998123718228,22.58094924816724,1.5609511244490122,4.820641963506313,0.000224073570194635,3.649609366113504,Up
NAAA,20.621008633478894,20.327736720300962,-0.2932719131779322,-0.5610893782848235,0.5825448816164825,0.234670609207535,NS
NACA,26.89063878666605,28.214133556215707,1.323494769549658,4.415458287920936,0.0005134178051843026,3.289529074193585,Up
NADSYN1,19.655180293038242,20.16886172220559,0.5136814291673488,0.8123842674094568,0.4289784746144669,0.36756449940197966,NS
NAE1,23.52686004389023,25.91766418389203,2.390804140001798,3.090275684483336,0.0071223709212077544,2.1473754127399665,Up
NAGA,21.43672875171916,22.53499102789282,1.09826227617366,1.5945822262172444,0.13154442997188548,0.880927536659908,NS
NAGK,25.374156531659988,25.170439317196273,-0.20371721446371538,-0.8012326821570277,0.4347525064489346,0.3617579055097154,NS
NAGLU,25.757223505651588,25.17773501154802,-0.5794884941035683,-0.764465537191018,0.45913826286299114,0.3380565132504772,NS
NAMPT,26.71382234569903,29.15622466362859,2.4424023179295595,6.590137503925072,6.520283507377098e-06,5.18573352037044,Up
NANS,27.12835061289214,28.080048019821547,0.9516974069294051,2.186295528305549,0.04714194473550072,1.326592505594561,NS
NAP1L1,24.853717206154748,25.624758327292206,0.7710411211374577,2.9329474523980177,0.010052199178050917,1.9977389147201865,NS
NAP1L4,25.621015608809667,26.375996565895807,0.7549809570861399,2.4440925930098087,0.026545925028462803,1.5760021364837802,NS
NAPA,25.93021793948136,26.641385677567307,0.7111677380859476,2.2138232525841195,0.04188142613916479,1.3779785382199305,NS
NARS1,25.900711575280415,26.539933641565632,0.6392220662852175,2.093338151029475,0.05350086521067655,1.271639194554769,NS
NARS2,25.2267405919544,24.33228855487464,-0.8944520370797591,-2.320178567846742,0.035639414021905645,1.4480694451835636,NS
NASP,26.443929988679475,28.726771956497114,2.282841967817639,2.741582552490797,0.015289111696520433,1.8156177465370817,Up
NAXE,23.79818079481136,24.02981317484298,0.23163238003162334,0.7025434653233509,0.49369387204297593,0.30654226341129265,NS
NCBP1,23.189468441120034,24.266040047969973,1.0765716068499387,2.6522235296440178,0.017633023675292403,1.7536732093740395,Up
NCBP2AS2,20.567986776064725,19.650059624763916,-0.9179271513008089,-0.5160728683879118,0.6150086975538779,0.2111187423173548,NS
NCEH1,18.905254822508798,22.87496933058944,3.969714508080642,4.374759384942896,0.0005303046476299487,3.2754745666751472,Up
NCF1B,21.858030877502816,23.488683311104307,1.6306524336014903,0.9040370795826966,0.38005853065034456,0.42014951501211834,NS
NCF2,19.4334032538488,21.931384165113766,2.497980911264964,2.850816435735675,0.018357756364430614,1.736180398194087,Up
NCKAP1,24.45592225707641,25.069088931745306,0.6131666746688964,1.7997561918645584,0.10078089529045743,0.9966217878935433,NS
NCL,27.537731497247243,29.68920629973347,2.151474802486227,5.167926194884519,0.00015612030222607304,3.8065406166593725,Up
NCLN,21.087459475463714,23.32716156361694,2.2397020881532264,2.7128806029215866,0.023305464362311526,1.6325422393102265,Up
NDRG1,25.94146964942893,26.14645305651969,0.2049834070907579,0.5464833209743443,0.5928366684022457,0.2270649420188619,NS
NDRG2,24.655768239814527,23.970318963274153,-0.6854492765403748,-1.5310161393678952,0.14995077649348273,0.8240512809817355,NS
NDUFA10,24.342633058158953,24.240830442020968,-0.10180261613798436,-0.33376695003541984,0.7442901607671094,0.12825772217808004,NS
NDUFA11,25.377293499135085,25.100591724114842,-0.27670177502024274,-0.9441010383272109,0.3657748730246731,0.4367861317779759,NS
NDUFA13,25.552462332103232,26.16097196027648,0.6085096281732483,2.2081878507134562,0.04379969349089719,1.3585289286666258,NS
NDUFA5,22.654007576840637,23.796939203702877,1.1429316268622394,2.3645571527915914,0.031816772918794235,1.4973438716609362,Up
NDUFA9,25.504927205059868,25.604025863547033,0.09909865848716493,0.3938306989187026,0.699274163615468,0.15535251752912763,NS
NDUFAB1,24.0233894150857,24.81514249527955,0.7917530801938497,1.774286985286216,0.09537704588955567,1.0205561330840887,NS
NDUFAF4,22.61964612865998,21.00779905018902,-1.6118470784709586,-1.9827784538628506,0.08013570617662298,1.0961739316033108,NS
NDUFB10,24.430280268206623,24.704901597413013,0.27462132920638993,0.6610183183547869,0.5191616388935243,0.2846974052530557,NS
NDUFB3,23.28387818191673,23.101157157437065,-0.18272102447966532,-0.29223370072134497,0.774248278192779,0.11111975177318589,NS
NDUFB4,24.095820218751143,22.783820555319036,-1.3119996634321076,-1.3948958668844247,0.19007644144805286,0.7210717073488422,NS
NDUFB5,23.577461421528053,24.13998094331445,0.5625195217863954,1.63773331313843,0.12380051314596165,0.9072775551866787,NS
NDUFB6,21.62074526351377,21.811674223610453,0.19092896009668436,0.6268081092246176,0.5413764035611222,0.2665006773178663,NS
NDUFB8,22.613695333325555,21.89783614088927,-0.7158591924362838,-0.6481455295529256,0.5260940843268143,0.27893658160650114,NS
NDUFS1,26.510191117155035,25.93678213347084,-0.573408983684196,-1.9290960972094688,0.07443343142842886,1.1282319592953725,NS
NDUFS2,22.68311344418011,23.923188728536914,1.2400752843568057,1.514255504774202,0.15351780938453963,0.8138412353739017,NS
NDUFS3,25.3318617901134,25.07487850670476,-0.2569832834086405,-0.5518940124430595,0.588650563073533,0.23014243622097535,NS
NDUFS4,25.097238118403087,24.99617866460133,-0.1010594538017564,-0.2346895466956395,0.8175829442763187,0.08746817699891796,NS
NDUFS7,23.985354230474645,24.36400758996452,0.3786533594898742,1.0599883018454612,0.308459662153037,0.5108016214192703,NS
NDUFS8,22.123793439627903,21.87986731518758,-0.24392612444032125,-0.6527415428458619,0.5243225823930615,0.28040143696968145,NS
NDUFV1,24.683709750541908,24.49402832428311,-0.18968142625879736,-0.5919997140122039,0.5630215140151006,0.24947500969656586,NS
NDUFV2,25.221285442883314,25.386755769899988,0.1654703270166742,0.5418860091946694,0.5972060436838281,0.22387580589467498,NS
NEBL,18.190718886363953,21.2388786911202,3.0481598047562457,7.031106765236415,5.196848717935409e-06,5.28425992545579,Up
NEFL,30.205671030661783,27.78553153820648,-2.420139492455302,-5.0642498634653625,0.0001939490144266518,3.7123124229737168,Down
NEFM,29.57912451427782,28.345762585314606,-1.2333619289632125,-2.4864605868782643,0.025742653188788645,1.5893466941888694,Down
NELFCD,18.538615643880863,20.270941884388545,1.7323262405076818,2.338760388514131,0.03276521615027422,1.4845869626823056,Up
NEXN,23.908046272333053,23.15847517285397,-0.7495710994790841,-0.9790573882229268,0.3513770878785035,0.45422656080415713,NS
NFKB1,25.83955555794591,26.124136655543737,0.284581097597826,0.5779588730485361,0.5721018601678391,0.24252664013974254,NS
NFU1,22.057618795823764,22.761604554611733,0.7039857587879688,2.006214159272543,0.06463370444979065,1.1895409519839146,NS
NHERF1,26.013308116335736,25.31489257599138,-0.6984155403443566,-1.5194886384495168,0.15829247699313143,0.8005397249229099,NS
NHLRC2,22.30910593458135,22.37415433101546,0.06504839643411131,0.2877901146037515,0.7772210923154635,0.1094554219786898,NS
NIBAN1,24.97815772188192,23.09664672549247,-1.8815109963894514,-6.028667756576596,2.758603411393117e-05,4.559310731062558,Down
NIBAN2,25.730546942370623,26.54173524804849,0.8111883056778666,2.7480622952769105,0.014414772221427665,1.8411922158327372,NS
NID1,28.379061102690187,27.000043384330006,-1.3790177183601813,-3.414242006965741,0.004176107761939039,2.3792283031543455,Down
NID2,25.706753886515177,24.936631754129184,-0.7701221323859926,-2.3474391009178737,0.032154892139793896,1.4927529428739639,NS
NIF3L1,21.809973358370495,22.406958502378092,0.5969851440075971,2.0195820440386254,0.06404446608079162,1.193518390578252,NS
NIN,24.681825371790293,24.763961403735866,0.0821360319455735,0.16486014637112592,0.8712234621066899,0.05987043751506091,NS
NIPSNAP1,24.300678900499527,25.19903431385263,0.8983554133531015,2.3579513896675293,0.033284263526551734,1.477761048142781,NS
NIPSNAP2,29.71930225291838,27.305635688056373,-2.4136665648620053,-3.7341295664469056,0.0018456568927656364,2.7338490310610015,Down
NIPSNAP3A,25.235402549644924,25.92376964755466,0.6883670979097367,1.814188541288342,0.08920278843460702,1.0496215695831244,NS
NIPSNAP3B,23.205157010726776,23.673170925022998,0.46801391429622186,0.9084652032406124,0.37740842042182177,0.4231884144468244,NS
NIT2,25.173526965474828,24.991409162002316,-0.1821178034725115,-0.26839200647411937,0.7931414087619298,0.10064937564579611,NS
NLGN4X,22.60394638414727,23.950570888030715,1.3466245038834437,1.19916640839516,0.24890716203936894,0.603962606848912,NS
NME1,27.805970837498933,29.26715807667496,1.4611872391760272,4.661344098397313,0.00036772011618567364,3.4344826113346487,Up
NME2,27.332079863572798,28.330802799349883,0.998722935777085,4.2630359740441035,0.0006495015517882732,3.1874198069738955,NS
NME3,22.37314301279759,22.909031067737914,0.5358880549403224,0.7361905968979434,0.4728891990121031,0.3252406053396432,NS
NMT1,22.684704086471346,23.513527542756847,0.8288234562855017,2.1731412443260547,0.04534832033346433,1.3434387942360184,NS
NNT,26.36419414124021,26.911424508517545,0.5472303672773364,1.5243393697359229,0.15185468782560888,0.8185717966639301,NS
NOC3L,22.786631276414084,23.5979575892346,0.8113263128205155,2.498547898150098,0.024818750330882045,1.6052200898020546,NS
NOLC1,22.02619701611706,24.928624314559986,2.9024272984429267,6.642903531837771,8.705298032564943e-06,5.060216355886946,Up
NONO,26.54839940717818,28.1153387354466,1.5669393282684183,4.43506676068221,0.000696616811889969,3.157006048650479,Up
NOP14,24.815759244874133,23.595704957324568,-1.2200542875495657,-1.078584308362387,0.29869117722645194,0.5247776054456098,NS
NOP16,25.149258874761912,22.76861082845015,-2.3806480463117623,-3.659136694021375,0.0029184867387198636,2.5348422757353086,Down
NOP2,24.457914166742686,25.462344274184133,1.004430107441447,4.498147603310286,0.0006681593554931642,3.1751199462703337,Up
NOP56,24.984087447008253,26.62430704556638,1.6402195985581258,3.7801381383506554,0.002238860925193893,2.6499728833288696,Up
NOP58,22.936418077166866,25.763730660312742,2.8273125831458756,4.109106538104507,0.0018291348706451392,2.7377542707852287,Up
NPC2,22.88041685317455,24.42498095428426,1.5445641011097067,1.0850942956318392,0.2940191339480295,0.5316244059903867,NS
NPEPPS,26.481932515137164,26.639406431092503,0.15747391595533955,0.6916836319118168,0.4990538910378041,0.30185255394252475,NS
NPEPPSL1,25.523119775994402,25.409397199683056,-0.1137225763113463,-0.5163783416340795,0.6127959193867486,0.21268413533648114,NS
NPLOC4,21.443762135258893,22.4795527116782,1.0357905764193056,3.6340772300904822,0.0022960049887301073,2.6390271726435746,Up
NPM1,27.637730722414474,29.843092991024076,2.2053622686096013,4.5060758263253025,0.0004091069162956468,3.3881631783269883,Up
NQO1,19.986858744158905,22.895618796849288,2.9087600526903827,2.772431333648412,0.01384066521932737,1.85884303602519,Up
NRAS,23.853366350090326,23.984851822998515,0.13148547290818868,0.6458021153311156,0.527764056459194,0.27756019087418216,NS
NRBP1,21.060319847645715,20.861089163436716,-0.1992306842089988,-0.30417732951710924,0.7667208900382283,0.11536270381728228,NS
NSF,24.338785592153865,25.288213521832812,0.9494279296789472,3.512450756786863,0.003446175312185991,2.4626626331043724,NS
NSFL1C,23.88746807734387,25.45463828024644,1.5671702029025703,5.247586781120765,8.501737690564443e-05,4.070492298721732,Up
NT5E,20.51307842295529,23.366824648542494,2.853746225587205,2.822970046556304,0.012256319544057006,1.9116399247340239,Up
NUCB1,25.267187773797115,26.560060984143604,1.2928732103464888,3.9215273473015873,0.001233750626594006,2.908772613753918,Up
NUCB2,24.755940557569144,25.434153705243844,0.6782131476747004,1.5199802499298827,0.14819466775772674,0.8291674225716507,NS
NUDC,25.098643129692814,26.903102638989466,1.8044595092966524,5.7891674318139215,6.324597490786237e-05,4.1989671085858005,Up
NUDT5,22.110534099908115,25.245811232387997,3.1352771324798816,4.062100717142296,0.0027985765985780306,2.553062801716159,Up
NUMA1,25.735710902553752,26.576178476688224,0.8404675741344718,2.877238366417987,0.011193027392022192,1.951052433415464,NS
NUP155,21.65143460837074,22.870481646443565,1.2190470380728264,2.264229268450118,0.037894417240028545,1.4214247673522122,Up
NUP214,23.633554279008244,23.675789783720823,0.042235504712579086,0.0477427005584387,0.9629283674806843,0.016406018965767964,NS
NUP54,18.38283823108211,21.52076894886729,3.137930717785178,4.088665935318938,0.0008693000995294105,3.0608302706508246,Up
NUP93,23.4915159487445,26.13333328511965,2.6418173363751514,3.440488490686786,0.004136523468568269,2.383364507359625,Up
NUTF2,22.513150351083613,22.880529646116823,0.36737929503321,1.0037904100407518,0.33255666894132,0.47813433859700893,NS
OARD1,20.758288753322695,21.760441247380758,1.0021524940580626,1.4012825847935875,0.18083366755194763,0.7427207095308973,NS
OAT,21.415273527093817,22.998018781653368,1.5827452545595513,3.2851990632916963,0.00506516404699438,2.2954064844496616,Up
OCIAD1,21.63886245776431,22.219854048911028,0.5809915911467165,1.6777798271057502,0.1133071414899168,0.9457427166862863,NS
OCIAD2,18.390008454648882,22.362027473858788,3.972019019209906,4.1440877699534076,0.0013994885449592459,2.854030651954053,Up
OGDH,26.714713582367185,26.842795812459624,0.12808223009243846,0.3841919451128601,0.7090951963688634,0.14929545666122912,NS
OGN,31.402369183335217,28.297080021153494,-3.105289162181723,-8.121320323315853,1.2045016893790627e-06,5.919192586543604,Down
OLA1,24.674844113438205,25.729845343111005,1.0550012296728006,3.93687646248714,0.0013930060226768936,2.856047005894998,Up
OLFM4,24.38023029108409,26.43352353292531,2.053293241841221,2.1288094424738904,0.04982647897897366,1.3025398014508713,Up
OPA1,24.06188229227365,25.056247158251168,0.9943648659775164,2.917873288331311,0.010846957962677083,1.9646920429456927,NS
ORM1,29.799943274763418,28.527750349831397,-1.2721929249320212,-4.4252686237202985,0.0004448142055027082,3.35182135165773,Down
ORM2,26.803100359112488,25.550955471751028,-1.2521448873614602,-3.231783162793046,0.005597962737154179,2.251969996741986,Down
OSBP,21.07898181195664,23.340076342668443,2.2610945307118016,3.5862661679170533,0.005687704768377146,2.2450629546116803,Up
OSTC,23.821910165063823,25.123113757806586,1.3012035927427625,3.918566851491141,0.0015185598789223464,2.818568078574269,Up
OSTF1,19.579436623546243,23.43964580736692,3.8602091838206753,3.3215042747393486,0.009960172490724069,2.0017331403794163,Up
OTUB1,24.45309704206421,25.068821418965356,0.6157243769011451,1.3062681832850733,0.21003853521375884,0.6777010190976064,NS
OVCA2,20.69743887751707,20.93954291385616,0.24210403633909294,0.6685713204809623,0.5140870726736652,0.2889633168431024,NS
OXSR1,22.89404698637639,23.583009490196037,0.6889625038196456,1.6261896549832808,0.12344205263043306,0.9085368653096294,NS
P4HB,29.144366421320164,30.655508889405382,1.5111424680852181,4.053183333828483,0.0011661257166317271,2.9332546270244246,Up
PA2G4,26.72474198987712,28.083922634053554,1.3591806441764334,4.639966745235087,0.00027725916783470026,3.557114084586579,Up
PABPC1,26.728059628295593,28.44308284039586,1.7150232121002666,6.5120096650422505,1.2329182077062991e-05,4.909065733720619,Up
PABPC4,24.607877861787326,26.285153995259588,1.6772761334722617,4.649837471845942,0.0006219043182828499,3.2062764275892714,Up
PABPN1,22.539874278434052,24.08786226358157,1.5479879851475182,3.748837916640165,0.002432069280259597,2.614024057850825,Up
PACS1,19.8409237597077,20.442679967294186,0.6017562075864866,1.60726066592451,0.12790425779762313,0.8931149980761974,NS
PACSIN2,23.998836647157603,23.970446445981057,-0.02839020117654556,-0.07939608702869268,0.9380234337221081,0.02778631193108671,NS
PADI2,22.790253298143803,22.10107130289103,-0.689181995252774,-1.4361929184139905,0.17093304710105636,0.7671739654468256,NS
PAFAH1B1,24.114873458667805,24.575717059624623,0.4608436009568173,0.6243674927196309,0.5453438222769852,0.2633296022427788,NS
PAFAH1B3,20.32854031169846,23.36841864226852,3.0398783305700583,4.201492717255876,0.0017585759698031391,2.7548388655877916,Up
PAFAH2,19.135439779432254,19.055192741012405,-0.0802470384198486,-0.13231600011703457,0.8964484524888932,0.04747467815228272,NS
PAICS,25.898570640142392,27.28534540393285,1.3867747637904593,5.642549658733641,3.774852696849913e-05,4.4230999908409965,Up
PAIP1,20.962221320407746,24.647494800459757,3.685273480052011,2.926734847683183,0.010180891671669207,1.992214183578144,Up
PAK2,21.425997777322905,23.190161073157427,1.7641632958345213,3.6292643841622434,0.0026267444556296073,2.580582175751508,Up
PALLD,28.5545835294622,27.031804793545167,-1.5227787359170328,-3.1737525257627204,0.006643630983650229,2.177594498167539,Down
PALM2AKAP2,24.620662686133155,22.87503006686491,-1.745632619268246,-3.243048361604145,0.008546441524606225,2.0682146745018666,Down
PANK4,21.306942794672885,21.234038466824494,-0.0729043278483914,-0.08117523434153659,0.9365480414246813,0.028469940028725934,NS
PAPSS2,25.72535317013667,26.462655040018248,0.737301869881577,1.1236506969985234,0.2778545674384459,0.5561824597855308,NS
PARK7,27.653144678909907,27.88615980536338,0.23301512645347344,0.8896154018823916,0.39093526848127236,0.40789514763920715,NS
PARN,26.660321566916647,26.145371636556643,-0.5149499303600038,-2.0650756541556987,0.05851140679237596,1.2327594600020606,NS
PARP1,26.542410996919,27.498612056666467,0.9562010597474675,3.271797026630528,0.007914865756045308,2.1015564468032895,NS
PARP4,23.925949088911565,25.688580952769613,1.7626318638580472,2.7550525309036784,0.014971097693941487,1.8247463556392904,Up
PARVA,26.846130871991342,25.21672705411712,-1.6294038178742234,-4.484763949405162,0.00038381171624589784,3.415881772114152,Down
PBLD,21.937322273819223,20.97389083681464,-0.9634314370045836,-1.4231744276516067,0.18511670986840872,0.7325543771622736,NS
PCBP1,27.753696886751275,28.909991947205526,1.1562950604542515,4.394161697917994,0.0004534777027754839,3.3434440620760637,Up
PCBP2,24.755070841810742,26.485938183183222,1.7308673413724804,5.509957281292071,4.8357195532110276e-05,4.315538893920578,Up
PCBP3,25.79202159075983,27.076015342547578,1.2839937517877473,4.1009393494744595,0.0008447689039119379,3.0732620809703115,Up
PCCA,24.619214933168738,24.13006387227691,-0.48915106089182814,-1.0295548724111794,0.3246502668720232,0.4885842357883008,NS
PCCB,24.506330727791052,24.429866240038127,-0.07646448775292569,-0.15226885652516015,0.8809454393950527,0.05505098841362638,NS
PCK1,23.557839136936554,23.713553663787227,0.155714526850673,0.29379008616173174,0.7729732700925115,0.11183552400151857,NS
PCK2,26.33739452976354,27.27871823467335,0.9413237049098093,2.005830725390484,0.06236453222794814,1.2050623307817079,NS
PCNA,25.45197382368933,26.745210747742746,1.2932369240534172,3.307266330529176,0.00513514639520287,2.2894471708159707,Up
PCNP,26.218679191862147,24.21145025130189,-2.007228940560257,-5.527349693613621,0.00012686841343790946,3.896646491200431,Down
PCOLCE,23.242559148355532,23.851373717512455,0.6088145691569231,1.5808668624257027,0.1336633596483989,0.8739876270188228,NS
PCYOX1,25.835298500905033,25.569945405986694,-0.26535309491833914,-0.8804841025398809,0.392291139177644,0.4063915013267843,NS
PCYT1A,21.611873950854513,23.218424872097714,1.6065509212432012,5.592144394882299,6.513587075672945e-05,4.186179776695438,Up
PDAP1,24.26959668218045,25.537196584246686,1.2675999020662374,3.38745293675444,0.004075046307458209,2.3898674517192675,Up
PDCD10,23.330086300407313,24.3314378275405,1.0013515271331883,2.0816712828993236,0.05624547938858667,1.2499123773141398,NS
PDCD4,25.042910295087278,24.90614098371617,-0.1367693113711077,-0.2681497294354651,0.7920281213845873,0.10125939827750992,NS
PDCD5,22.86325933236731,24.487923695690316,1.6246643633230065,2.880839911897755,0.014214147723918377,1.8472791753612134,Up
PDCD6,24.309520186274433,24.727306265081502,0.41778607880706886,1.37754241185312,0.18842922977957458,0.7248517270880899,NS
PDCD6IP,27.42416913821124,28.342781823373524,0.9186126851622838,2.850715731031467,0.011575833196203044,1.9364477398788693,NS
PDE12,20.22258064755156,21.592535953024715,1.3699553054731552,3.112289580073122,0.00723347804224029,2.1406528325322665,Up
PDHA1,26.168853804797603,26.764561402221215,0.5957075974236119,1.726435703613607,0.10577457340528902,0.9756187175268269,NS
PDHB,23.76801126898206,24.752490294216546,0.984479025234485,2.5826423483825436,0.020524861345419483,1.6877197680512794,NS
PDHX,22.076798449477547,22.506988496829536,0.4301900473519886,0.9482461225584817,0.3571115054608659,0.4471961574306516,NS
PDIA3,30.141055811730457,31.246322567180087,1.1052667554496303,3.5831468690123334,0.004201470808007952,2.3765986496061977,Up
PDIA4,29.482532229595247,30.86347144994285,1.380939220347603,3.514015900007058,0.0036690326240628656,2.435448426595786,Up
PDIA5,20.84232216818587,22.41904114899941,1.5767189808135385,1.5389245857960163,0.14336851145166202,0.8435462238736209,NS
PDIA6,28.23261864405375,29.392714017829842,1.160095373776091,3.31904814070788,0.00487483634518023,2.312039959571225,Up
PDK1,22.78861173354916,22.37174825525262,-0.41686347829654125,-0.5038075411474536,0.6262320714679906,0.2032646944563969,NS
PDK2,23.700304194837543,20.807622844077596,-2.892681350759947,-5.999827890003119,4.649794481774631e-05,4.332566242250627,Down
PDLIM1,28.156505269562007,28.819788907436557,0.6632836378745495,2.596012814960323,0.021787673872682406,1.6617891340577293,NS
PDLIM3,27.20525112059018,25.35338053418015,-1.8518705864100298,-3.1532777824554863,0.006211194299975561,2.2068248848443934,Down
PDLIM4,24.525608565108936,23.32486858235938,-1.2007399827495568,-2.622845331720571,0.019478541303467104,1.7104435694068454,Down
PDLIM5,25.931180366091127,26.217500440969115,0.28632007487798816,0.8454134544892112,0.411008634988166,0.38614905382145437,NS
PDLIM7,30.01329927017764,27.3790635247578,-2.63423574541984,-4.216330224567959,0.000701453496164761,3.15400111583803,Down
PDS5B,21.675418569074242,22.673611491541646,0.9981929224674033,1.554477806255953,0.14405406090604964,0.8414744943830117,NS
PDXDC1,22.84999131710488,23.784768188528133,0.9347768714232529,1.2910696908361912,0.22284651394131044,0.651994155330976,NS
PDXDC2P,22.908915590809556,24.39923913616324,1.4903235453536823,2.3367757994311793,0.03303029399523904,1.4810875607335996,Up
PDXK,24.64622698091696,25.867967347375046,1.2217403664580857,3.0311659355336174,0.00801197298307748,2.096260523846778,Up
PEA15,25.444692119352723,24.87119293848783,-0.5734991808648928,-1.7918208985881074,0.09365995955959207,1.0284460340731552,NS
PEBP1,29.420282750407026,28.887900371561898,-0.5323823788451278,-1.646674540546213,0.1253990826629681,0.9017056405058462,NS
PF4,23.145539410161025,23.23775906530919,0.09221965514816688,0.22008828217098836,0.8286015057962486,0.08165428180479313,NS
PFDN2,23.0967803382198,24.363361265212415,1.2665809269926136,3.5302328222669956,0.0027806581051187953,2.555852406385127,Up
PFDN6,21.94064939540913,24.678986696341227,2.738337300932095,3.4268569218618823,0.005005914843868967,2.3005165424929506,Up
PFKL,26.13480914515603,27.18736643952011,1.0525572943640782,2.399840421324074,0.029170570186755656,1.5350550817955981,Up
PFKM,25.232234396603623,25.231182025278233,-0.0010523713253896005,-0.002602841167299223,0.9979554378658783,0.000888851018275567,NS
PFKP,26.226788136514894,26.144817357526957,-0.08197077898793736,-0.1992797153456385,0.8449148344802475,0.07318706475363705,NS
PFN1,30.73234661876042,30.639995643550744,-0.09235097520967628,-0.6050542843114803,0.5538837969143496,0.2565813393371838,NS
PFN2,24.462402151321456,23.671027538657718,-0.7913746126637378,-2.239233690688989,0.046568991833973256,1.3319031639500603,NS
PGAM1,28.134781250877914,28.169819794582263,0.03503854370434922,0.1421010541646497,0.8887858815551029,0.051202852819902396,NS
PGAM2,28.34012706485103,28.363896780171928,0.02376971532089911,0.08369079774015743,0.9347206434965449,0.02931816572192601,NS
PGD,26.75035736502061,28.232593407407023,1.4822360423864147,3.7479104271539505,0.002388400934780477,2.621892767514574,Up
PGK1,30.9329639601658,31.763337270981456,0.8303733108156557,3.470413125948094,0.003820294246108228,2.4179031856381057,NS
PGLS,23.047914386205065,24.231912602437035,1.18399821623197,1.9434899179277274,0.07020089671246334,1.1536573403661003,NS
PGM1,26.602317967960293,26.341305491810072,-0.2610124761502206,-0.7142409149063548,0.48913664946722996,0.31056979564309073,NS
PGM2,25.775557308641453,26.34313835817823,0.567581049536777,1.7191637989040285,0.10603721256260028,0.9745416972402695,NS
PGM2L1,21.852777765368543,22.61893039066903,0.7661526253004851,2.7801554362418255,0.013715847713266446,1.8627773454917105,NS
PGM3,21.133121148466884,23.20670430698379,2.0735831585169073,4.058656215096081,0.0009716365384643997,3.0124961618834827,Up
PGM5,29.983245024466207,26.767974645981823,-3.2152703784843837,-4.919771202684269,0.0003820568123280639,3.417872052151073,Down
PGRMC1,25.952921880095147,26.471736780669367,0.5188149005742204,2.0926017290511196,0.055471142005137454,1.2559328930462745,NS
PGRMC2,28.012903714888797,26.212078413679592,-1.8008253012092048,-2.3468386933261853,0.03996430066961039,1.3983277822934175,Down
PHAX,18.458709188653355,20.457987717628054,1.999278528974699,3.3169116651832997,0.00479386743659429,2.3193139795538458,Up
PHB1,28.043810252357552,29.210570615185663,1.1667603628281107,3.7742046487266405,0.0016741349394397448,2.776209539716584,Up
PHB2,28.62926640245424,29.480550217284687,0.8512838148304489,2.674498870598979,0.016663457692441857,1.778234876822459,NS
PHGDH,25.583253100257473,24.65962956962275,-0.9236235306347211,-1.6039198574055338,0.1359021912838763,0.8667735406565902,NS
PHLDB1,22.256701340658857,22.092197640663553,-0.16450369999530423,-0.5381609865426308,0.5998062198509898,0.22198903502037723,NS
PHPT1,24.693388377493235,25.12692822301906,0.43353984552582503,1.2733457338969747,0.2242783075352302,0.6492127298648027,NS
PIGK,21.171881234008787,21.861482365405337,0.6896011313965502,2.0870034779281346,0.055387619467119044,1.256587300217301,NS
PIGR,27.787016149697063,28.33602119144838,0.5490050417513181,0.6919304613134587,0.5048532044560714,0.2968348827970121,NS
PIK3R4,25.197590963665988,25.952965940585994,0.755374976920006,1.3252376266823818,0.20371337251279403,0.6909804613390856,NS
PITPNB,23.171433216325443,24.07128778894942,0.8998545726239762,2.8337378224845304,0.012927201055922771,1.8884954965854264,NS
PITRM1,22.967539339068487,23.581652692526717,0.6141133534582295,1.2855898940468387,0.22849990266114098,0.6411139805995505,NS
PKM,30.63889631412671,31.505046628504196,0.8661503143774851,4.80074228420411,0.0002002267648446286,3.698477869676866,NS
PKN1,18.453195114237953,19.906986883118087,1.4537917688801336,3.0478102167764987,0.010845700738398925,1.9647423830699398,Up
PKP2,25.317053864103386,26.662914072204735,1.3458602081013495,2.1778312142061327,0.04809062109444164,1.3179396139399815,Up
PKP3,23.45398390766158,25.814154722541367,2.360170814879787,4.299878724231153,0.0010526578095554483,2.9777127832057566,Up
PLA2G15,26.290376892901005,27.370124820835965,1.0797479279349602,3.9283026614572036,0.0014242204655565928,2.846422777859551,Up
PLAA,21.380420817148075,23.518978577694796,2.138557760546721,3.4133911795446097,0.00385938843314637,2.413481509098326,Up
PLBD1,23.536664680572194,24.64310010037454,1.1064354198023452,2.576422893958098,0.021028758411891686,1.6771863683399362,Up
PLCB3,19.2123858452194,21.135467062076273,1.9230812168568718,2.3431822081458527,0.039740564190672484,1.4007659715705292,Up
PLCG2,23.88682598468572,20.783530492438125,-3.1032954922475966,-4.0496043591874615,0.0009349212131793857,3.029224986050624,Down
PLEC,30.471218990733128,30.698001356718617,0.22678236598548906,1.0211593174881264,0.32410999109377475,0.4893075810936304,NS
PLEKHA6,19.162168308291246,19.66894502222922,0.506776713937974,0.45961756790950103,0.6522658240747805,0.18557537604530228,NS
PLEKHO2,20.945956606451084,21.602072166133986,0.6561155596829025,1.3346012116541617,0.20069497484571466,0.6974635015737943,NS
PLG,22.40682095148378,21.89052600270803,-0.5162949487757515,-0.6884175716587917,0.501056705743043,0.3001131212431405,NS
PLIN3,26.14603523620887,27.24996161626387,1.1039263800550003,3.293559265688433,0.004631553587932204,2.3342733067160006,Up
PLIN4,31.137126509486222,29.521844154095504,-1.6152823553907183,-4.128838963920238,0.000954311393274072,3.020309891213817,Down
PLOD3,23.172484069317235,23.84888881050979,0.676404741192556,0.7681804640307428,0.4617295988976622,0.3356122843704597,NS
PLP2,23.251674226421166,23.629875056355516,0.3782008299343502,0.3677410100515681,0.7179205803164773,0.14392359675776106,NS
PLRG1,20.31691496985505,22.732197268368353,2.4152822985133042,3.563977277890608,0.004124094668895414,2.3846713740124317,Up
PLS1,26.68111179805415,27.632894957978372,0.9517831599242221,1.986740370464889,0.06436939762767531,1.1913205550034018,NS
PLS3,24.23562713401866,25.41592752342487,1.1803003894062094,2.7792258866901225,0.01369012381192424,1.8635926241383005,Up
PML,21.84464609676743,23.217780517169142,1.373134420401712,4.292562521156738,0.0009010582578123568,3.0452471288561216,Up
PMM2,20.786201566170117,23.182626100981185,2.396424534811068,2.109403573162776,0.052113407803550386,1.2830505264899943,NS
PMP2,26.17544212076524,20.58861646063851,-5.586825660126731,-7.981897789415793,9.592692976632344e-07,6.018059455320309,Down
PMPCA,21.054864178380527,23.396065743636072,2.3412015652555453,3.2947285658959795,0.00668825103584468,2.174687434517,Up
PNP,26.17883518182025,27.62134077363497,1.4425055918147187,3.6123818295274632,0.0023996591827691698,2.6198504356022614,Up
POF1B,25.55830718723122,27.456322832493907,1.898015645262685,3.5704108799550216,0.00280369207894098,2.5522696853416202,Up
POLD3,24.112858213026716,25.119904412127198,1.0070461991004827,0.5897910371704433,0.5635859182235343,0.24903986672346287,NS
POLR1B,22.27112053336772,21.707329471456287,-0.5637910619114344,-0.6782882850697342,0.5079646826120257,0.29416648196787154,NS
POLR2H,21.383178564415307,23.60410036569748,2.2209218012821736,3.2411886579209384,0.006932126877955214,2.1591334970412777,Up
PON2,20.901326729147755,20.935198452714026,0.03387172356627133,0.035278395366469754,0.9725275366558863,0.0120980929859123,NS
POR,25.620299014274636,26.95186927587539,1.3315702616007528,3.6280724931733452,0.0040133446769972025,2.3964935402687053,Up
POSTN,28.385324087555333,27.901643941713044,-0.483680145842289,-1.0637578688144465,0.3044575088041558,0.5164733105173352,NS
POTEF,32.89344425991588,32.84373068819424,-0.04971357172163948,-0.3317459109090806,0.7443869678885499,0.12820123874335734,NS
PPA1,27.13606089472636,28.685203690496117,1.5491427957697574,4.779412608930204,0.0002489036135651806,3.6039687982888515,Up
PPA2,26.7598773084369,27.229791523790766,0.46991421535386735,1.0440365246228223,0.3143191993627707,0.5026290904343946,NS
PPCS,20.84535907205084,23.4483762900856,2.6030172180347613,3.259430082163466,0.008875603492058366,2.0518021076407362,Up
PPIA,30.149430675951514,30.86587596955182,0.7164452936003052,2.7762595596681736,0.016719634001864974,1.7767732336380406,NS
PPIB,29.031598595547457,30.201687537640527,1.17008894209307,3.3338782918762853,0.006215525296498286,2.206522161675577,Up
PPIG,22.473565370512645,23.138580187048767,0.6650148165361216,2.7533967737959877,0.01416540492936032,1.848771006313103,NS
PPIH,21.564460143594186,22.29976407326479,0.7353039296706037,1.0952522195973047,0.290312498147022,0.5371342670982362,NS
PPP1CA,22.553339370458332,24.91022240374835,2.3568830332900177,3.8590915758193693,0.002076316147911227,2.6827065184344816,Up
PPP1CC,26.740660999238678,27.197329075404422,0.45666807616574445,1.788483894829235,0.09816682250983919,1.0080352661387204,NS
PPP1R12A,25.606430489031506,25.860299287459817,0.2538687984283108,0.5160169781582254,0.6166422273252036,0.20996673834064664,NS
PPP1R12B,25.756492199895703,23.120847521248084,-2.635644678647619,-5.682797357255808,3.810924166151475e-05,4.418969693198348,Down
PPP1R1B,22.464992668279116,23.657161758342053,1.1921690900629365,2.4456583048920897,0.03122321007773973,1.5055224488911136,Up
PPP1R7,28.37901708163727,27.35835012171933,-1.0206669599179392,-1.1754427535069385,0.26778287339950074,0.5722172026262554,NS
PPP2CB,24.108710253537517,25.27102661082799,1.162316357290475,3.6240000892219273,0.002527477239505044,2.597312746637801,Up
PPP2R1A,27.88505642348608,28.245351365260557,0.36029494177447674,1.3576183029602518,0.19780298195931373,0.70376716552593,NS
PPP2R5D,22.209394121921907,22.763866060873415,0.554471938951508,1.554584604311675,0.1421486982675964,0.8472571130244594,NS
PPP3R1,22.156375290398035,21.768713477139322,-0.3876618132587133,-0.9167062652319424,0.37376512208124835,0.4274012272866871,NS
PPP4C,21.478354291247044,23.25618411941389,1.7778298281668476,2.9065919075404856,0.010738495493605473,1.9690565607775148,Up
PPP4R3B,22.972488750452598,22.801137081265285,-0.17135166918731315,-0.17608449423464761,0.8625970700195098,0.06419202135412935,NS
PPT1,24.375184167518285,25.216714176775454,0.8415300092571698,1.9191144516392016,0.0843096929622508,1.0741224923026151,NS
PRDX1,30.026486500573924,30.705721385133252,0.6792348845593281,2.430357640869149,0.02789950382055074,1.5544035203791986,NS
PRDX2,29.849475549113304,30.20649634038303,0.35702079126972563,1.0412997048661516,0.32078841465070596,0.4937813247523513,NS
PRDX3,27.964881243259185,28.345863921995985,0.3809826787367996,1.1648748597300274,0.261148762714394,0.5831120274474515,NS
PRDX4,26.343892303628653,27.55623012488517,1.2123378212565186,2.4793977910180547,0.025666450752665024,1.5906341829492803,Up
PRDX5,28.45295620126066,29.579665924583733,1.1267097233230743,2.288107457148752,0.04099058773683411,1.387315854578499,Up
PRDX6,28.75140071627976,28.409501521873977,-0.34189919440578365,-1.512373075762492,0.1515226104362222,0.8195225562375751,NS
PRELP,30.736670933413514,27.08054206070447,-3.6561288727090435,-9.369513172347407,3.310656999697506e-07,6.480085811955589,Down
PREP,23.966088410487583,25.442253181940114,1.476164771452531,3.9940066129541267,0.0012770855212122254,2.893780018831398,Up
PRG2,24.97212413870411,25.67862499866488,0.7065008599607694,0.9088485415798416,0.37895306337580237,0.42141457783990477,NS
PRKACA,18.627333797687072,19.969530449484715,1.342196651797643,1.3676334875497143,0.19244492422664844,0.7156935390221218,NS
PRKAG1,19.649296377033735,23.43643086569334,3.7871344886596034,4.694115785971602,0.0009044969229632837,3.043592906241801,Up
PRKAR1A,24.190437902004124,24.10475787595598,-0.08568002604814495,-0.3006687748341457,0.7675650371461811,0.11488481575040416,NS
PRKAR2A,25.24109658133039,26.11969982317315,0.878603241842761,2.772314182664483,0.01546463322307512,1.8106603757631943,NS
PRKCSH,27.621550084014185,28.504632443546054,0.8830823595318691,2.71284801903012,0.016315685000261686,1.7873946880061282,NS
PRKDC,28.36607311142176,28.82906054838745,0.46298743696569034,0.6477299166566813,0.5291075097820097,0.2764560743520075,NS
PRMT1,24.54323432144012,26.619254505671744,2.0760201842316235,5.384818623490846,8.480465246478112e-05,4.07158032127682,Up
PRMT5,20.186085491302165,22.73623820959279,2.550152718290626,2.452753995776457,0.026545271490254815,1.5760128285779904,Up
PRP4K,22.247836544329502,20.712213498182667,-1.535623046146835,-2.6095478906191376,0.029275241720654283,1.5334995103456788,Down
PRPF19,24.219735576145556,26.31376512164241,2.0940295454968556,4.46947060902559,0.001332819628317528,2.8752286200735258,Up
PRPF38B,24.507973435417,24.070910913997935,-0.4370625214190653,-0.6224114190832103,0.5424751982384978,0.2656201128054924,NS
PRPF6,20.75292187093359,22.844204450025238,2.091282579091647,2.624568418394952,0.019534388214314195,1.7092001856323364,Up
PRPF8,23.824105769706208,25.18924853268939,1.365142762983183,1.7118941413226532,0.11062029967502661,0.956165169343312,NS
PRPH,27.868195164795235,25.413575313243207,-2.454619851552028,-6.732005490162028,6.988115225360391e-06,5.15563994265224,Down
PRPS2,21.587376815078926,23.58569064224202,1.998313827163095,2.967853827984154,0.014121457461710106,1.8501204778654345,Up
PRSS29P,25.05432410379215,22.976096142635118,-2.078227961157033,-3.4334372112649834,0.004718159508309154,2.326227380871472,Down
PRTN3,19.34322997196656,21.533805333215806,2.1905753612492447,2.7197508608237495,0.021811770755399338,1.6613090754537778,Up
PRXL2A,23.834733415292604,23.28991104024746,-0.5448223750451433,-0.9927152744794729,0.33941868434550343,0.46926425428468954,NS
PSAP,26.20038317947807,26.897240643137312,0.6968574636592422,1.51543369399371,0.15686319121030234,0.8044789539891487,NS
PSMA1,25.152316548486382,26.80471973353573,1.652403185049348,4.5097528132005715,0.0004921041776269917,3.3079429480879496,Up
PSMA2,22.54879787059177,24.321263036040637,1.7724651654488675,1.8782134321954371,0.07954687347360971,1.0993768852800363,NS
PSMA3,26.352836822196746,27.368748106451754,1.015911284255008,3.4000415560538926,0.0036686513967453377,2.4354935538920914,Up
PSMA4,24.891809367584656,25.774002514988045,0.8821931474033882,4.497404509324394,0.0004840129663056309,3.315143003811046,NS
PSMA5,27.181778481922,28.41312927175449,1.23135078983249,3.9915283273635835,0.0010620298745893687,2.9738632665061244,Up
PSMA6,26.42456706294407,27.492071331419968,1.067504268475897,3.8478907321006997,0.0014670917734818621,2.8335427181470925,Up
PSMA7,25.98995714224246,27.54199874504179,1.5520416027993313,5.289287902258258,0.0001656410095878549,3.7808321311212523,Up
PSMB1,27.015585471983385,27.86015735980761,0.8445718878242232,2.2641277278120064,0.0387999368757942,1.4111689809654977,NS
PSMB10,21.25314025800012,23.874898440592293,2.621758182592174,2.44362512412984,0.03473451639741635,1.4592387433534832,Up
PSMB2,24.83246941281087,25.753198799378655,0.9207293865677855,2.1010929557034603,0.052433424470295836,1.2803917772283746,NS
PSMB3,25.011485971638905,25.902974749433117,0.891488777794212,3.3859761094079746,0.004420356684437391,2.354542685439826,NS
PSMB4,23.4110918011174,24.47049627035858,1.05940446924118,2.0647509711126544,0.05619615753021694,1.250293378745424,NS
PSMB6,24.8796319773922,25.9928298458967,1.1131978685044999,2.2750695262357223,0.037394362874111665,1.4271938618954132,Up
PSMB7,23.92752467797051,24.105378364347008,0.17785368637649768,0.25138677347401867,0.8049759359758731,0.09421710227697472,NS
PSMB8,26.49800608345869,28.136045819380016,1.6380397359213248,4.861118364854216,0.0003790911241833517,3.421256383770132,Up
PSMB9,24.739857843428787,25.749581601563094,1.0097237581343066,3.2448204687373488,0.005076209945283105,2.294460424364483,Up
PSMC1,24.55035594812594,25.64707149681959,1.0967155486936484,2.031868885515195,0.06408049422982205,1.1932741473536443,NS
PSMC2,24.99967652712387,26.255225277144273,1.2555487500204023,4.497105189786895,0.00040376082131858744,3.393875824844195,Up
PSMC3,25.404952904484652,26.730555615084008,1.3256027105993553,4.277832648183678,0.0008795930920907517,3.055718190041862,Up
PSMC5,24.52891417806904,26.243586596912074,1.7146724188430333,5.6493098816844345,8.268128746515897e-05,4.082592769409761,Up
PSMC6,22.53479871600382,23.659314940861933,1.1245162248581124,2.1164730564508436,0.05100536091553065,1.292384175006473,NS
PSMD1,23.75478941137582,24.934202824205776,1.1794134128299554,4.27333350759802,0.0006198655312968657,3.207702512678538,Up
PSMD11,25.273393184588762,26.32989948084206,1.0565062962532963,4.019627520470245,0.0010821171699898274,2.965725711942034,Up
PSMD12,25.168926109068593,26.11466316042591,0.945737051357316,3.455494324166174,0.003458907359446568,2.4610610696190407,NS
PSMD13,24.9067895651032,26.381199480682053,1.4744099155788533,4.668733174244185,0.00035374898037265635,3.4513048032532847,Up
PSMD14,23.681717058881596,24.925064854576686,1.2433477956950902,3.1475574860909696,0.00794862851987281,2.099707799347793,Up
PSMD2,25.57698339972957,26.54757183512965,0.970588435400078,2.156281753678454,0.04665597380700112,1.3310927415141118,NS
PSMD3,25.981015759118343,26.735203160675994,0.7541874015576511,2.494344174032297,0.024388765953203436,1.6128101739902025,NS
PSMD5,23.236131000911847,23.09098573793133,-0.14514526298051678,-0.35313720642081986,0.7286002544953915,0.13751068139780195,NS
PSMD6,25.575947128749142,26.20744572285837,0.6314985941092282,2.149971729819614,0.04719512768920198,1.3261028345632897,NS
PSMD7,23.85669525185011,25.437585666975977,1.580890415125868,3.9184178621867845,0.001225559351423566,2.91166565187694,Up
PSMD8,22.57124493862596,23.002935659107216,0.43169072048125656,0.49944446179076946,0.6252942093519226,0.20391559316188898,NS
PSMD9,23.78349100303009,23.861897503888873,0.07840650085878309,0.3142135584831172,0.7574481758364002,0.1206470759850227,NS
PSME1,29.142318598411837,29.463630048945138,0.321311450533301,1.6758651508790052,0.11409299804283524,0.9427410076822986,NS
PSME2,27.432848096479855,28.828989931128724,1.3961418346488692,4.4911888527895165,0.000605736096585369,3.2177165454043237,Up
PSME3,21.469796114630995,23.921174927922316,2.4513788132913206,4.620547359774793,0.00028540052366907506,3.5445452343524826,Up
PSMF1,24.0351840495177,24.40935530142834,0.37417125191064216,0.6378930267746401,0.5343525235674786,0.27217213524173645,NS
PTBP1,26.510436694537905,27.720500348497367,1.2100636539594625,3.6159663532959128,0.002724389258546775,2.564730840679496,Up
PTBP3,25.65811156619641,26.56459198728426,0.9064804210878492,2.5252326991813776,0.024715982717852907,1.6070221171289167,NS
PTGES2,21.048345343986732,21.69441787075109,0.6460725267643568,1.8362926924211616,0.08621400191513716,1.0644221951885928,NS
PTGES3,25.272463799963504,26.772670217698508,1.5002064177350043,3.9336768260880355,0.0012140580494159501,2.91576054724898,Up
PTMA,26.75225859015023,27.890171112673492,1.137912522523262,1.3907030982726336,0.1837255142083982,0.7358305284492956,NS
PTMS,26.65972375912321,26.80265485444506,0.142931095321849,0.6884341759712972,0.5012316950797965,0.2999614744635235,NS
PTPA,25.61574032515883,26.601374475325567,0.9856341501667387,2.816396091588885,0.01319297914970366,1.879657123924122,NS
PTPN11,24.50823274264185,25.33949590345064,0.8312631608087884,2.173951816395705,0.04534273029090607,1.3434923325867822,NS
PTPN6,22.2404155176954,23.967012431469552,1.7265969137741521,2.467162237919141,0.0356991692995326,1.4473418895692218,Up
PTRH2,21.629984888572267,22.1717016990399,0.5417168104676335,0.5873961146768002,0.5668600402791855,0.24652415669382882,NS
PUDP,22.205571293859176,23.34572674189548,1.1401554480363032,2.418596880581761,0.02973672882771059,1.526706807509115,Up
PUF60,24.282001222744007,25.55638203452008,1.2743808117760729,3.1721571057209785,0.006233015972910173,2.2053017601707547,Up
PUM1,22.880665793507912,23.502302553546038,0.6216367600381254,0.6337067333295229,0.5352820718073972,0.2714173021900908,NS
PURA,24.39094421781992,23.974197981096395,-0.41674623672352595,-1.5262269434135802,0.14744065767627892,0.8313827405633872,NS
PYCARD,24.826618024964205,25.483183114324348,0.6565650893601429,1.2807519880470246,0.2201397145938113,0.6573016009130713,NS
PYCR1,21.059770227907023,24.896893530262634,3.837123302355611,6.5293363694290765,6.9593571238905055e-06,5.157430876832262,Up
PYGB,28.40551775852825,28.472251883875913,0.06673412534766143,0.12314058435426561,0.9045561702930732,0.04356445954944002,NS
PYGL,27.1253710525299,27.18836343028362,0.06299237775371935,0.1561025842614326,0.8790575031449308,0.05598271482189447,NS
PYGM,25.687573139874196,24.780666630106545,-0.9069065097676514,-1.484990200127567,0.1584536874180984,0.8000976497731515,NS
QARS1,25.62322209826959,27.199994956048577,1.5767728577789875,3.3265621104616665,0.004275141485059441,2.3690495077980773,Up
QDPR,26.7588668880217,27.033516554078016,0.274649666056316,0.38458354342149853,0.7056687853881081,0.1513990927593208,NS
QPRT,21.634473476194152,22.066925912974185,0.4324524367800322,0.6075995916826783,0.5544920226626353,0.25610469755543286,NS
RAB10,24.76187605668115,25.419268157593685,0.657392100912535,2.364794974294155,0.03217406694354219,1.4924940388958876,NS
RAB11A,27.313300585948866,28.105688308248247,0.7923877222993809,3.326924269316339,0.004311629029259406,2.3653586127277024,NS
RAB11B,23.97200863731038,24.28402127395573,0.31201263664534906,0.47211642646410446,0.6442423517290948,0.1909507285730479,NS
RAB13,27.212589025076166,28.050800124586587,0.8382110995104206,2.8775765241412943,0.011639250454121243,1.9340749865349627,NS
RAB14,24.677838163554597,25.946591560315312,1.2687533967607152,3.6745967496674115,0.002064022514369336,2.685285569732308,Up
RAB15,27.32628565511999,28.109468582220664,0.7831829271006754,2.530586287693768,0.022276890778478557,1.6521454244488656,NS
RAB18,21.600344620625904,22.69506336413003,1.0947187435041243,1.395032693498733,0.19015135133196157,0.720900583878858,NS
RAB1A,26.25388200645902,27.04229674696701,0.7884147405079922,1.5964562521695747,0.13217734913434961,0.8788429623147989,NS
RAB1C,21.91529414250637,22.37953149479906,0.4642373522926917,0.557469745411483,0.5861231203761116,0.23201114697920505,NS
RAB21,22.35587759111138,21.84191911565044,-0.5139584754609388,-0.4468987356753371,0.6614395496375671,0.17950984075609866,NS
RAB23,23.74239629150339,22.161735270182035,-1.5806610213213546,-3.3006516466076143,0.004575576858329819,2.339554145183005,Down
RAB27A,23.83387170873813,24.173339304284955,0.33946759554682515,0.882717639237095,0.39188545446873824,0.4068408558411015,NS
RAB2A,26.52266872337769,27.682148816379204,1.1594800930015126,3.22009853713162,0.005460171733672088,2.2627936976225085,Up
RAB33B,27.268020783977992,28.05505407024932,0.7870332862713276,2.538925830431683,0.021906578590624014,1.6594254460468485,NS
RAB35,27.268724522847325,28.060202437841852,0.7914779149945268,2.6349094120333527,0.018930272804761374,1.7228431273595628,NS
RAB3D,27.28312560447569,28.053845093166576,0.7707194886908866,2.476749108672072,0.02482587614978549,1.6050954155293509,NS
RAB3GAP2,20.671899955806364,21.9979866102663,1.3260866544599352,2.8973982855418376,0.011826089688665147,1.9271588316497272,Up
RAB5A,26.61839722647114,27.338743508692684,0.720346282221545,2.981875648970188,0.008847343693721614,2.053187101315916,NS
RAB5B,23.809680291719907,23.055801828385032,-0.7538784633348747,-2.432183316079636,0.03511710323180121,1.4544813157252234,NS
RAB5C,25.940764124095526,26.730204138092276,0.7894400139967495,2.959234300289174,0.009367573327966273,2.0283728986284557,NS
RAB6A,27.785230728740764,28.555781007358476,0.7705502786177121,2.4956676169756786,0.024706452853188673,1.6071896025083983,NS
RAB7A,27.509207019412468,28.65585369389797,1.1466466744855026,4.161889567648946,0.0007448722488077067,3.127918205634736,Up
RAB8A,21.73197926475736,22.32479964676639,0.5928203820090303,0.7834907428740874,0.4458327676731638,0.3508280150467615,NS
RAB9A,21.13296776521183,21.639063106433994,0.5060953412221636,1.5294746769441936,0.14791077235715216,0.8300001951383282,NS
RAC1,25.94554926088799,25.77450365775394,-0.1710456031340506,-0.24418835481047346,0.8119287617436667,0.09048207388548228,NS
RAC2,24.995246861406617,25.877991022504066,0.8827441610974489,1.0554607364364303,0.30733131214722426,0.5123931898250151,NS
RAC3,24.430604546704966,21.62341579974172,-2.807188746963245,-1.604402049219541,0.13048077162588032,0.8844534836671136,NS
RACK1,27.89001897101212,29.16218998121353,1.2721710102014114,4.430369184579146,0.0006529804458650026,3.1850998239011603,Up
RAD21,23.32917013972279,24.321854816509383,0.9926846767865918,0.7411674276181277,0.47034728736829035,0.32758135633635727,NS
RAD23A,23.826953001985984,24.686762025099256,0.8598090231132716,2.2656924552556257,0.03843380021310675,1.4152866717421078,NS
RAD23B,24.12575352523352,25.119403200051668,0.9936496748181476,3.0969590379877228,0.008484973330552946,2.071349518391903,NS
RALA,25.679654115954065,25.37984024067468,-0.2998138752793835,-1.139022287616983,0.28136941786331704,0.5507231079495096,NS
RALGAPA2,23.152848970262784,24.761186881786685,1.6083379115239005,2.3080120102606037,0.03473569675941186,1.4592239852383702,Up
RALY,26.293220254011448,27.90066065555606,1.6074404015446113,4.313150999561158,0.0005362349847112065,3.270644855456852,Up
RALYL,23.62982556670316,25.25517486560322,1.6253492989000584,1.8112841994673416,0.08892187375359631,1.0509913944629985,NS
RAN,27.93969563334699,29.142193710762925,1.2024980774159353,4.778485651661567,0.00020687725686062452,3.6842872510589646,Up
RANBP2,19.567667614800534,22.501997824612168,2.934330209811634,4.558340625376454,0.0012276204158667378,2.9109358976721635,Up
RANGAP1,21.287533589712577,23.823568130781723,2.536034541069146,3.4325055848712624,0.006480840977249504,2.188368634857656,Up
RAP1A,25.322440437583893,24.798572595851248,-0.5238678417326454,-1.766898951423184,0.10243516424030948,0.9895509318955292,NS
RAP1B,23.958158463381988,23.05768170834714,-0.9004767550348483,-0.8764796871418775,0.3937760658098552,0.40475068434466827,NS
RAP1BL,26.854128349923723,26.984547885145794,0.13041953522207095,0.4410376409567329,0.6660704709838865,0.176479819567913,NS
RAP1GDS1,24.901450360934533,24.45233179929739,-0.4491185616371425,-0.9022845952376245,0.38096564593405613,0.41911418562085145,NS
RAP2B,21.671480347659156,21.46144795519138,-0.21003239246777383,-0.8185719039204218,0.4251309828413586,0.37147724321751585,NS
RARS1,25.594525626157477,27.108782370634618,1.5142567444771409,4.202477304392978,0.0007354126160265252,3.133468924067773,Up
RBBP4,24.8574871456425,26.21364000861635,1.3561528629738469,3.734346349465463,0.002265453110560778,2.6448449222446513,Up
RBBP7,21.942211995314484,24.68580727293801,2.743595277623527,3.184949552100503,0.009136161374525291,2.0392362379678755,Up
RBM14,23.68340866911002,25.423044021466012,1.739635352355993,3.986176437311077,0.0013178984999039274,2.8801180363498053,Up
RBM25,19.699077112192,22.83231209221354,3.133234980021541,5.72252109522285,0.00011203841438030803,3.9506330461422525,Up
RBM3,24.92260631883999,26.087328577279234,1.1647222584392445,3.1949643360188844,0.0056631207516199406,2.246944178051535,Up
RBM39,23.528250289668417,24.638727138693437,1.1104768490250194,2.8718643485675863,0.015181417808142698,1.8186876673404535,Up
RBM8A,23.37245437750941,24.6264794819662,1.2540251044567903,2.5259133404599092,0.025117299946649654,1.6000270481074352,Up
RBMX,25.525021024184294,27.429467431948584,1.90444640776429,4.0598203485178885,0.001525735863660586,2.8165206452040046,Up
RBMXL2,24.745619752119666,26.291908654762796,1.5462889026431306,4.27208611799111,0.0008131576255029731,3.089825260985455,Up
RBP4,24.143847688668817,24.639629302090754,0.4957816134219364,0.86279789243061,0.4012086004174655,0.39662976589635135,NS
RBX1,23.05929097917789,24.24604537008519,1.1867543909073,2.96788368349478,0.01354887024652221,1.8680969163140513,Up
RCC2,21.228428241769276,24.75835123952106,3.5299229977517825,5.079462040382476,0.0006892528506119153,3.1616214290633713,Up
RCN1,25.975467125668704,27.637480384330317,1.662013258661613,4.35937550202386,0.0004866400153404654,3.3127921828547677,Up
RDH11,25.241177855694843,26.232594210477426,0.9914163547825829,2.4901260863594294,0.028394627922307687,1.5467638178538214,NS
RECQL,24.22018657522638,25.07009488760515,0.8499083123787727,2.8100476348274888,0.01330930548137243,1.8758446066949155,NS
REEP5,26.18978820625057,26.915104997153485,0.7253167909029159,3.0659550965017455,0.0074697261154390805,2.1266953217099163,NS
REG1A,20.919209887798853,21.950399128720942,1.0311892409220889,1.0798034964574963,0.2993139792004306,0.5238729993381122,NS
REG4,24.681671651094128,25.943323523128484,1.2616518720343564,1.693240224096885,0.11570413777909329,0.9366511096524424,NS
RER1,22.577058709285097,24.138916877000888,1.5618581677157906,3.6617893618190394,0.0030394320574635295,2.5172075602573223,Up
RETREG3,19.98590600040053,21.16084735201665,1.1749413516161198,1.770187849489977,0.10100351060054483,0.9956635310891548,NS
RETSAT,23.429983505875192,23.910551547320082,0.48056804144489007,1.6057455444438253,0.12789979548797575,0.8931301499585206,NS
RFC4,24.43442174183513,23.948917735538235,-0.48550400629689605,-1.072224318139517,0.30185805366845603,0.5201972325416339,NS
RGS14,21.929580108291084,23.587564603955197,1.6579844956641132,2.1956852658328376,0.04322631266222457,1.3642518095449652,Up
RHOA,26.23404591177868,27.082490160944197,0.8484442491655173,2.2986784712414785,0.03589909058263196,1.4449165530915211,NS
RHOC,26.600423195246147,27.522033199761896,0.9216100045157489,3.5556309745242736,0.003020635632013954,2.519901658887418,NS
RMDN3,21.96014453139672,23.071006379604107,1.1108618482073886,4.866327586501251,0.00019184272619514187,3.717054662627763,Up
RNASE2,26.072493298545634,26.29214385815546,0.21965055960982482,0.24754287056568125,0.8081282026589119,0.0925197366379137,NS
RNASE3,26.450372185450878,27.009877457212934,0.5595052717620561,0.8594780014111046,0.4029334102327505,0.39476672050404094,NS
RNASE6,21.03229232656332,21.816494259916553,0.7842019333532342,0.934730398433859,0.37178615262822456,0.429706789790435,NS
RNASET2,24.988398428774378,25.522133791846286,0.5337353630719086,0.9272950751836837,0.3676243548499894,0.4345957246347157,NS
RNF40,26.588128469787748,24.128734769933608,-2.4593936998541395,-1.815824645281253,0.0966284782805139,1.0148948597401615,NS
RNH1,27.09612345739355,27.063130885688558,-0.032992571704991036,-0.12050243199594887,0.9058343949410073,0.04295119298239609,NS
RNMT,19.481560900197724,22.332887671343045,2.8513267711453203,4.537830368166391,0.0008220656916379154,3.0850934764065188,Up
RNPEP,26.314624151106702,26.476555505544052,0.16193135443734974,0.5649868462889861,0.5840207164758908,0.23357174725131702,NS
ROCK1,24.563205290117633,24.598415334379848,0.035210044262214524,0.10684851484205628,0.9164342649760726,0.03789868114585539,NS
ROCK2,24.42061254551652,25.53455795873461,1.1139454132180902,3.125134900933419,0.006801631129058767,2.1673869247347044,Up
RP2,22.5483693129303,24.049247278795434,1.5008779658651328,3.892153433759334,0.0031134722900403376,2.5067549951541204,Up
RPA1,24.451897844157365,25.561060717654073,1.1091628734967074,3.1790037613414435,0.009847791914423367,2.006661136698639,Up
RPA3,22.525355147007627,23.35439515654828,0.8290400095406518,2.6454522860378935,0.02210399521180368,1.6555292221689728,NS
RPF2,18.95266571402148,20.688741779012112,1.7360760649906304,2.9489575332668974,0.010269957035431137,1.9884313732784964,Up
RPL10,22.894573308140846,24.54909662946561,1.6545233213247634,1.854986644643101,0.08335031788445749,1.079092739504812,NS
RPL10A,27.35745082272962,28.4988734687562,1.1414226460265802,3.00662284831676,0.008957914529732759,2.047793085611192,Up
RPL11,25.761278871331356,27.461808659265685,1.7005297879343289,4.602161388503182,0.0003406045911904685,3.4677495022476186,Up
RPL12,27.05984220505582,28.109616109305293,1.0497739042494736,3.2527956606381982,0.005699021978912535,2.2441996681179353,Up
RPL13,27.420739811087692,28.978356398903404,1.557616587815712,4.422879673591311,0.0006507496730895615,3.1865860413907363,Up
RPL13A,24.882084865696523,26.42374708358116,1.5416622178846353,3.6547284390012442,0.0025510858453374422,2.593274926913903,Up
RPL14,26.026530545497955,27.87167439822192,1.8451438527239645,5.887853458583461,2.600441763417903e-05,4.584952867753195,Up
RPL15,26.900362229225173,28.264340830098075,1.3639786008729011,4.960823845763568,0.00016968174933950291,3.770364867095356,Up
RPL17,27.31580593870676,28.563637594070897,1.2478316553641378,4.168487939294633,0.0012848670414534718,2.8911418109713005,Up
RPL18,27.437402639105226,29.055818351019,1.618415711913773,4.687713866301186,0.00036370091525377403,3.4392556060413466,Up
RPL18A,23.579893990518755,24.91419849668834,1.334304506169584,4.046085546352706,0.0010590115326081595,2.975099310411104,Up
RPL19,23.81475201880727,25.536076023859337,1.7213240050520682,3.0648858214938137,0.008824550336638658,2.054307415265008,Up
RPL21,26.021208020628034,27.9442621008916,1.9230540802635652,2.626104950329236,0.023229685489675918,1.6339566701404835,Up
RPL22,27.154441265139905,28.320559667957617,1.1661184028177125,3.1641365325758555,0.006409588912673105,2.1931698236298174,Up
RPL23,24.450304775847385,26.10977840630224,1.6594736304548547,3.6684650081080226,0.002881527508333959,2.5403772300959444,Up
RPL23A,26.756294148849435,28.45181532310096,1.6955211742515246,5.542835483044354,8.268982130993039e-05,4.082547946565863,Up
RPL24,27.050834984118303,27.888124216554647,0.8372892324363441,1.8941068326907977,0.07798760944452207,1.1079743918905927,NS
RPL26,24.86852489624586,25.03192651353798,0.16340161729212,0.5418690885611611,0.5953793219838219,0.2252062528338498,NS
RPL27,26.9283592237256,27.809751017910923,0.8813917941853227,2.537769490296099,0.021960257045065504,1.6583625807702056,NS
RPL27A,26.536384161946483,28.24409311480226,1.7077089528557785,5.210739382582958,0.0002926719654149587,3.5336188759559994,Up
RPL28,25.787166046925883,27.3024043664447,1.5152383195188186,4.134385519600126,0.000864133513820476,3.0634191512296747,Up
RPL29,24.05330099275345,24.423476238635946,0.3701752458824963,0.2521712926561668,0.8043750653440181,0.09454140047129524,NS
RPL3,26.45465850820702,27.772278574132052,1.3176200659250306,4.905798484554167,0.00027479718973095894,3.560987712990136,Up
RPL30,26.22890481651139,27.921648422554412,1.6927436060430239,4.804221341282906,0.0002809207886792736,3.551416120981311,Up
RPL31,25.471313854839607,26.391389472944336,0.9200756181047289,2.0528330820888083,0.05691990639263319,1.2447358228041323,NS
RPL32,25.0513070642402,26.81127239903705,1.7599653347968527,5.035818126165202,0.00016728204083390962,3.7765506817835286,Up
RPL34,24.560048819446422,26.414331033046803,1.8542822136003814,5.382074310855355,6.676821296135444e-05,4.175430247420984,Up
RPL35,24.978077967720147,27.233278396104357,2.25520042838421,2.4336698680620503,0.030087497255579018,1.5216139363309376,Up
RPL35A,23.83654181568648,25.39659638300344,1.5600545673169606,3.2773850782104748,0.006640120554898959,2.1778240357144973,Up
RPL36,22.658100822024792,24.385207089597117,1.7271062675723243,2.7033299866747322,0.018042214036303645,1.7437101694132875,Up
RPL37A,22.848156826542876,24.54113484363964,1.6929780170967632,4.39054146710794,0.00045820934130268284,3.3389360612949064,Up
RPL38,22.206703641286087,24.2916990503524,2.0849954090663125,2.586685051382898,0.029184794494341217,1.5348433604414635,Up
RPL4,27.791567076182464,29.36862428638037,1.577057210197907,4.050199754357375,0.001216854725116498,2.9147612671653795,Up
RPL5,26.387745414358122,27.871379901890617,1.4836344875324947,3.9044942336371258,0.0015571777538031862,2.8076618093396526,Up
RPL6,26.558458526804102,28.02703012916705,1.468571602362946,4.304358536338013,0.0005460721615733539,3.262749962968658,Up
RPL7,27.71274013642945,29.006904865674713,1.2941647292452636,4.399535650293949,0.0011804509941511204,2.9279520377352073,Up
RPL7A,27.782222818650347,29.268666618414322,1.4864437997639754,4.623765342091714,0.00042404606249443354,3.372586965103966,Up
RPL8,21.97076122383858,25.642963470832292,3.672202246993713,3.3448488394998286,0.007464313485621611,2.1270101294147348,Up
RPL9,26.11223490420343,27.59719853568301,1.4849636314795802,4.216587719512231,0.001460510979504801,2.8354951738356378,Up
RPLP0,27.600446544698894,29.03331999977873,1.4328734550798359,3.860557553369232,0.0016404576497762453,2.7850349769243175,Up
RPLP1,25.819502269561305,26.855780277408627,1.0362780078473222,3.2832678590652375,0.00475340131085718,2.3229955183933524,Up
RPLP2,27.947454161912532,29.30840663570217,1.360952473789638,3.98861844411585,0.0015519926502914636,2.809110339743693,Up
RPN1,28.029604950419987,29.213687768662087,1.1840828182421,3.5450713934079756,0.0038693940079868056,2.412357045212296,Up
RPN2,26.919165211144573,28.263298136316823,1.34413292517225,3.8718664533566907,0.0017008628415740733,2.769330706698556,Up
RPRD1B,23.32164884330252,24.408113986137543,1.0864651428350243,3.3873633304639457,0.004040398603946632,2.3935757876232855,Up
RPS10,26.790002623229324,28.041594937014718,1.2515923137853946,4.084290623871632,0.0015906780850850055,2.7984177021993895,Up
RPS11,25.40148696731272,26.926116062737023,1.5246290954243022,3.360333392848014,0.004230507040062146,2.3736075778957755,Up
RPS12,25.985268217876783,27.386747087420268,1.4014788695434852,4.353003897195276,0.000686454749573364,3.163388085751768,Up
RPS13,27.237927056686008,28.449964356698356,1.2120373000123479,3.42433879722651,0.004419154364158207,2.3546608279622077,Up
RPS14,27.443155541521374,28.865605874745047,1.4224503332236722,4.458792226393296,0.0006301631446609409,3.2005470003026626,Up
RPS15A,26.348915600336973,27.608375376546064,1.2594597762090913,4.607970288116665,0.0004401050013490346,3.356443696090665,Up
RPS16,27.69349676330542,28.882279145682432,1.1887823823770134,3.82009839899538,0.0031199956369774586,2.5058460133014093,Up
RPS17,23.64910783398672,25.465284735202204,1.816176901215485,6.070501230785935,8.054770669356021e-05,4.093946820043153,Up
RPS18,27.915301942124444,29.32541228479025,1.4101103426658064,4.316092108951957,0.000778425631802297,3.1087828721654174,Up
RPS19,26.857048095302748,28.522322999746045,1.6652749044432973,4.6446701648008455,0.0006603326093538518,3.180237255335279,Up
RPS2,27.00270575583331,28.36680353420015,1.3640977783668404,4.761806494283253,0.00043040488212116556,3.3661228110724832,Up
RPS20,25.199287947921704,26.94516742540982,1.745879477488117,4.2581648345956555,0.0013850131770100863,2.858546094703832,Up
RPS21,26.528527474627495,27.932868538392583,1.404341063765088,4.744091346004027,0.00046784658174383144,3.3298965392879873,Up
RPS23,26.337617867419013,27.426199818242335,1.0885819508233219,2.283980171604592,0.037013427453716774,1.4316406972524924,Up
RPS24,25.389740210354862,26.874301089892555,1.4845608795376926,4.624204176819902,0.0007924313615649585,3.101038344989771,Up
RPS25,26.87990541358609,28.068312089391114,1.1884066758050231,3.7870633328968104,0.00197521921559841,2.704384698092445,Up
RPS26,24.414057609725972,25.115596740436736,0.7015391307107635,2.201508059029535,0.04277621472834503,1.3687976488277342,NS
RPS27,25.93873724871388,26.87699100320556,0.9382537544916794,2.293497964671546,0.036508575655856766,1.4376051102677008,NS
RPS28,25.80270077832899,27.0613043119548,1.2586035336258092,3.8746462767764283,0.001826186758146386,2.738454810654426,Up
RPS3,27.974478457819636,29.33580891402121,1.361330456201575,3.59645045094454,0.0024852585306970056,2.604628426803893,Up
RPS3A,27.5379129347531,28.732085396480315,1.1941724617272165,4.392081810852171,0.0008423133425727177,3.074526319859559,Up
RPS4X,24.748673071994347,26.22156782454841,1.4728947525540619,4.516455042108816,0.000783327850578561,3.1060564321991726,Up
RPS4Y1,26.53670040407315,28.017047108254676,1.4803467041815246,3.2122951210796873,0.007040980610047242,2.1523668516711045,Up
RPS6,26.142966368711914,28.027658898488923,1.8846925297770092,5.205770741935148,0.00020474283367955337,3.6887912902898514,Up
RPS6KA3,25.455826439225017,25.346755979837724,-0.10907045938729354,-0.4167920588756809,0.6837728489752374,0.16508814801783395,NS
RPS7,26.772683613349386,27.75912905268937,0.9864454393399846,2.9021329542128105,0.014122279224366926,1.8500952059269968,NS
RPS8,27.27825483510267,28.747087150233295,1.4688323151306264,5.257735028871201,0.000134042028578554,3.872759008218103,Up
RPS9,26.383717985044946,27.91190078673349,1.5281828016885441,4.825410191550492,0.0001942238017661173,3.711697549184606,Up
RPSA,24.379447820766476,25.775519522957616,1.39607170219114,1.9913911322705031,0.07128194994810857,1.1470204284981114,NS
RPSA2,26.572404722385983,27.316446315418478,0.7440415930324953,1.5315772782204669,0.14821179511119628,0.8291172326059009,NS
RRAGC,22.04464968458653,22.397359559232182,0.35270987464565096,1.6222580110244393,0.1250611546219896,0.9028775660308183,NS
RRAS,26.949267560985433,25.385083737274652,-1.5641838237107812,-5.015748448557156,0.00022278886331315523,3.652106522306776,Down
RRBP1,28.214378306047948,29.411081447261104,1.1967031412131561,3.446586716559408,0.0034520526384605515,2.461922590587576,Up
RRP1,21.00555036736575,24.277483724620485,3.271933357254735,1.5745320460918306,0.13494812235667178,0.8698331537588867,NS
RSU1,26.045417397848105,24.667926304257826,-1.3774910935902795,-3.8933206292610185,0.0013663903735794635,2.8644252063125983,Down
RTCA,20.164095450825,23.16465743621522,3.0005619853902203,3.542330904992273,0.006637882687892176,2.177970427198775,Up
RTCB,26.327452632389832,27.372981665606577,1.045529033216745,4.314800364593758,0.0006184141183629982,3.2087206040555274,Up
RTN3,25.621645199444032,25.344505181155387,-0.27714001828864454,-0.7530354257047623,0.46581844398799205,0.3317833196578698,NS
RTN4,27.73399817960698,27.657691038093212,-0.0763071415137695,-0.32019946941620403,0.7530841193901273,0.1231565104572875,NS
RTRAF,24.870659265600466,25.11112580753839,0.2404665419379235,0.5990235664638192,0.5576616840960393,0.2536291940548102,NS
RUVBL1,24.90253270078553,26.40408240674785,1.5015497059623186,3.7762211162436365,0.0027796240510904466,2.5560139391818675,Up
RUVBL2,25.443397419257067,26.861632283730962,1.4182348644738951,4.785254600960013,0.00037012541603059134,3.4316510914440803,Up
S100A10,26.34148866698662,26.5002801277207,0.15879146073407924,0.5368238141899044,0.5998371473021484,0.2219666423297689,NS
S100A11,26.62230049915651,28.74771741891213,2.1254169197556223,6.629414794917108,6.518182609751949e-06,5.185873476749564,Up
S100A12,22.49918885240399,24.749199393739158,2.2500105413351683,2.1243728926780316,0.05001513400269276,1.3008985632767875,NS
S100A13,25.70131224140142,25.32796719571021,-0.3733450456912095,-1.1575459730645428,0.26413072089185513,0.5781810833145201,NS
S100A14,22.24295498140377,22.00258102696372,-0.24037395444004872,-0.2156664666348338,0.8319746855738299,0.07988988775116548,NS
S100A16,24.3532003266357,25.117555426490874,0.7643550998551731,1.5102360621352382,0.15048347466769066,0.8225111894700207,NS
S100A4,27.761797358290508,27.19108327380851,-0.5707140844819989,-1.9475494382783685,0.069245025677414,1.1596114193529496,NS
S100A6,28.145172589333857,29.055115089698138,0.9099425003642807,2.9607691889644743,0.010644173506116305,1.9728880548144916,NS
S100A8,27.44319289104859,29.807480465480978,2.364287574432389,3.727825798308669,0.0024011768768328777,2.6195758475218267,Up
S100A9,27.31539408312193,29.209113418899115,1.8937193357771847,2.5871384849781154,0.022634247179157532,1.645233945673913,Up
S100B,24.66747745889594,21.015832546596613,-3.6516449122993286,-8.835322752165185,5.063901775456334e-06,5.295514726922578,Down
S100P,23.004384605843093,27.74621444088837,4.7418298350452766,8.222437865399868,6.880341097708941e-07,6.1623900307789174,Up
SAE1,21.91661717276144,23.654473816249148,1.7378566434877065,3.0637794487312853,0.008356064205219,2.0779982317045107,Up
SAFB,23.638197417611778,24.195586668543953,0.5573892509321752,2.195502012301569,0.04584470552155485,1.3387108125684792,NS
SAMD9L,24.473419624458778,21.47248935621862,-3.0009302682401575,-3.821569652721849,0.002808371803231862,2.551545396042677,Down
SAMHD1,25.790111116961302,26.260319212045502,0.4702080950841996,1.6756636690248814,0.11422349845140983,0.942244542342542,NS
SAMM50,24.723549761971544,25.468933276554626,0.7453835145830823,2.110452486146097,0.05471996105151783,1.2618542204092287,NS
SAR1A,25.31959596966651,26.552656634498817,1.2330606648323084,4.130704092733616,0.0007868381941209192,3.104114567037702,Up
SAR1B,20.36731771038417,20.161302670868828,-0.20601503951534283,-0.7046068782672128,0.49552428379878816,0.30493505750284067,NS
SARNP,23.172169010745424,25.699286591438117,2.5271175806926927,5.2157316660476445,0.000384509361721996,3.4150930818841134,Up
SARS1,25.382746719561364,26.01997758535506,0.6372308657936969,1.9344074141042649,0.07315612443319648,1.1357493100553764,NS
SBDS,22.52878629400862,22.84694130682188,0.31815501281326064,0.4328639070595801,0.6716168797875411,0.17287839724741744,NS
SCAF11,19.555801060711694,21.25343954547673,1.6976384847650365,3.374312255387617,0.005797398683677081,2.236766832427699,Up
SCAMP4,22.23661808786102,22.0422526890422,-0.19436539881882098,-0.2945142118899521,0.7747704680324874,0.11082694166351514,NS
SCARB2,24.513960652884766,25.248148791189678,0.734188138304912,2.9704779530752226,0.01079956071175338,1.9665939097298613,NS
SCP2,25.92007807385378,27.42676615227096,1.5066880784171808,2.9757878836604,0.009351002754832494,2.0291418150590665,Up
SCRIB,19.937841102293806,20.608031644548927,0.6701905422551206,0.7719490992775585,0.4516236203315111,0.3452233521514648,NS
SCRN2,21.479957590278374,20.932044903568464,-0.5479126867099104,-1.1276965481469223,0.2773515487474694,0.5569694046522743,NS
SDCBP,22.700688688267128,23.8289500602487,1.1282613719815728,2.818251293666619,0.01410497490568024,1.8506276821661332,Up
SDHA,24.31357226383031,24.43396586178412,0.12039359795381088,0.35513563640868645,0.7292797410054392,0.13710585073393378,NS
SDHB,25.745556076477182,26.160770300474034,0.4152142239968519,0.9017714355513311,0.3810398427609994,0.419029610711363,NS
SDR16C5,25.791822069925008,21.65212128478636,-4.139700785138647,-5.250614884052846,0.00020622456153898615,3.685659611091289,Down
SEC11C,24.229225348536055,24.491685816946806,0.262460468410751,0.6275097803486539,0.5392080754176268,0.2682436122385892,NS
SEC13,23.503766017357687,24.704338242761406,1.200572225403718,4.114546294800812,0.0008871895512654568,3.051983581663311,Up
SEC16A,20.533889286187623,21.990400284380833,1.4565109981932096,3.3569406982841836,0.005266900097644544,2.278444919245174,Up
SEC22B,25.971005365757023,26.61524365810981,0.6442382923527887,1.6537489160830645,0.11770143483821598,0.9292182428615662,NS
SEC23A,21.547699079313258,21.679491810116584,0.1317927308033262,0.21427547530616153,0.8331335719360689,0.07928536485450957,NS
SEC23B,20.474706198429786,21.69427816355791,1.2195719651281252,1.7711442538458033,0.10578329588724598,0.9755829058049824,NS
SEC24C,23.10232104554458,24.473524017805186,1.3712029722606047,3.0045745673287794,0.009093489327969105,2.0412694385488104,Up
SEC24D,22.483785835608693,23.696104600029784,1.2123187644210915,2.4661500902649265,0.026405524627608774,1.5783051994834914,Up
SEC31A,26.46294144034634,26.229038227109957,-0.23390321323638474,-0.875724766737443,0.396104630826436,0.4021900802652054,NS
SEC61A1,21.221967407385094,23.51097911533821,2.289011707953115,2.666684695043637,0.020516533627381473,1.6878960136220154,Up
SEC61B,23.453674844459318,25.864799185257922,2.4111243407986045,4.244250808619998,0.0011751079851900588,2.929922222568999,Up
SEH1L,23.87411376376498,24.157514115086588,0.2834003513216068,0.6930186172544335,0.4990908533626668,0.3018203892012414,NS
SELENBP1,30.104886551475197,29.531123413314113,-0.5737631381610839,-0.9249818731778526,0.3779216538667782,0.4225982234959719,NS
SELENOH,20.31083430299783,21.56021648190472,1.2493821789068917,1.625520463746944,0.125763759506876,0.9004444885701993,NS
SEPHS1,20.525506062507578,23.114632116922127,2.5891260544145496,3.8198724861363567,0.0036844637083144486,2.433625716887532,Up
SEPTIN10,21.246730435551264,21.76460502985872,0.5178745943074574,0.8657591990059311,0.40011733084778583,0.3978126370025309,NS
SEPTIN11,25.41073945091174,26.266528253278434,0.8557888023666926,2.706445174699784,0.01814578614784445,1.7412242116863585,NS
SEPTIN2,26.35834660820943,25.91057293362383,-0.44777367458560136,-1.9202112890508711,0.07468572477785322,1.1267624000943806,NS
SEPTIN6,25.538151546223897,25.38815173986171,-0.1499998063621888,-0.7561853331861356,0.46054507246575044,0.3367278600051044,NS
SEPTIN7,27.460845729499184,27.619817323284085,0.15897159378490144,0.658596554286021,0.5200782934314674,0.28393127204647306,NS
SEPTIN9,27.227026413516466,27.423691002902437,0.1966645893859713,0.651115712675218,0.5255491841106908,0.2793866337968784,NS
SERBP1,26.19462819113297,27.58341817479121,1.3887899836582385,4.081590946744636,0.0009048652895099799,3.0434160709352436,Up
SERPINA1,32.22986067784275,31.24067251640027,-0.9891881614424811,-4.371939948214896,0.0004777144648882656,3.320831608358584,NS
SERPINA3,28.958519484941505,28.111154086278983,-0.8473653986625216,-3.771043200744767,0.0016789866303586819,2.774952762101717,NS
SERPINA7,21.619198865038523,20.604753990077306,-1.0144448749612174,-1.537338803418404,0.14886346049318397,0.8272118895788216,NS
SERPINB1,30.42238157541282,30.302631832049226,-0.11974974336359523,-0.5567213376923623,0.5855660770307278,0.23242409073569453,NS
SERPINB5,22.5763747681164,25.844919226141833,3.268544458025435,4.675461845725709,0.0003579284883894345,3.446203733691739,Up
SERPINB6,28.15969566665814,28.461170231809636,0.3014745651514943,1.0972385878817976,0.2907108631438963,0.5365387394187607,NS
SERPINB8,20.690598332834522,21.469244828201543,0.7786464953670205,1.4972385434075517,0.15405367205540285,0.8123279452899674,NS
SERPINB9,21.42473637681631,22.693481301121494,1.2687449243051852,1.9194075169830127,0.07485928842179522,1.1257543054069634,NS
SERPINC1,28.295540274221693,28.063146123017077,-0.23239415120461615,-0.7247744604332782,0.4801416060608201,0.3186306591636817,NS
SERPIND1,25.32695056141536,24.67436660171365,-0.6525839597017082,-2.3009322559027434,0.04141616258308186,1.3828301431585959,NS
SERPINF1,25.466121342192096,25.164324060379343,-0.3017972818127532,-0.8334587623797268,0.4217357909908075,0.3749595406255912,NS
SERPING1,26.679540312382393,25.732446559878046,-0.9470937525043475,-4.8275387091016135,0.00021423010503720817,3.669119499270552,NS
SERPINH1,27.642974722184036,29.155331221578706,1.51235649939467,5.447545214910564,7.411268628648684e-05,4.130107445021523,Up
SERPINI2,23.92544132232503,25.13438450000598,1.208943177680947,3.259142414453734,0.00492607261370182,2.307499190650066,Up
SET,29.038017303528946,27.436257418496204,-1.6017598850327417,-4.113589067390007,0.0009215299545444942,3.0354905433727994,Down
SETD3,19.067472603282383,20.840423394660093,1.7729507913777098,1.788906029522734,0.09562239756575817,1.0194403713228806,NS
SETSIP,26.013164057927227,27.819384614425672,1.8062205564984453,4.515953116315297,0.0007642996540679437,3.116736336982365,Up
SF1,23.860130750904215,25.322507362548766,1.462376611644551,4.3220094385845815,0.0006344448023101572,3.19760615622473,Up
SF3A1,24.547112548932976,26.14938355361518,1.6022710046822048,3.7765767198472293,0.002419253689290306,2.616318587991146,Up
SF3A3,27.988446897908464,25.673437813544634,-2.3150090843638296,-3.606648455442489,0.004060389963631256,2.3914322543734867,Down
SF3B1,24.414580812669854,26.2128887071022,1.7983078944323445,2.815653027098364,0.0130715715479038,1.883672195621224,Up
SF3B2,23.38664443709383,24.837728244551474,1.4510838074576462,3.602554685245139,0.004285371181755257,2.3680115552561753,Up
SF3B3,26.757701138796957,27.42894463698006,0.6712434981831024,2.5829073936752103,0.02002414114931503,1.6984461020658046,NS
SF3B6,21.906369724849576,23.47308652979371,1.5667168049441358,3.928321644994538,0.002837740049199023,2.547027390544911,Up
SFN,26.10693765946924,27.906683963723317,1.7997463042540787,4.493697331754341,0.0003951884123374477,3.403195798223287,Up
SFPQ,24.89154850673755,26.81286319453947,1.921314687801921,3.6880846155800104,0.003911338405488718,2.4076746076534796,Up
SFXN1,21.16985197383023,23.097996259613407,1.9281442857831763,2.4140596601281357,0.0363419419696107,1.4395918694288672,Up
SFXN3,24.268923116522746,22.646190603733075,-1.6227325127896712,-2.8975127476924207,0.013311051423658292,1.875787638780904,Down
SGTA,23.568232087172383,24.660052680002934,1.091820592830551,3.518289368847966,0.0034097753573182478,2.4672742322364676,Up
SH2D4A,26.165675110087836,28.41066998932248,2.2449948792346426,3.7085600707081516,0.0021460023612713663,2.6683698045105335,Up
SH3BGRL,27.888374437737795,26.812900298939635,-1.0754741387981603,-4.534520561712277,0.0003931639277614189,3.405426334921309,Down
SH3BGRL3,26.282294960848603,27.90676129281037,1.6244663319617665,6.702040542465767,5.3489477148317514e-06,5.271731647248194,Up
SH3GLB1,21.006759586666213,20.603080355180325,-0.4036792314858886,-0.4652653105969174,0.6497608680229418,0.1872464476747075,NS
SHANK2,24.034047668504893,25.1773580751588,1.1433104066539066,2.296787098003288,0.04058242670393641,1.391661987055801,Up
SHMT2,25.865556027324285,27.374090891868708,1.5085348645444228,2.889136731365882,0.011403302623848493,1.9429693501029512,Up
SIAE,25.45794737675018,24.880174607693682,-0.577772769056498,-0.8486735560401757,0.4089314144547108,0.3883495252972626,NS
SKIC3,23.848765396079912,23.479379599147965,-0.3693857969319474,-0.5566641192290249,0.5879497348069196,0.2306598011842431,NS
SKP1,24.526276589241515,25.826523399191743,1.3002468099502273,2.6015018906797054,0.022584384597118774,1.646191739050641,Up
SLC12A2,25.382399318013242,27.14112179801302,1.7587224799997792,3.507835633611596,0.0031118156235588773,2.5069861430586746,Up
SLC12A5,19.902694901250804,20.98451590638864,1.0818210051378365,2.4467008888116806,0.027267374629538304,1.5643566749953914,Up
SLC16A1,23.27914880160765,24.132061376125932,0.8529125745182817,1.480939466963197,0.15825010247758434,0.8006560000756311,NS
SLC16A3,20.091706127321263,23.471234744182098,3.379528616860835,7.5170189373408425,5.7578242028197675e-06,5.239741599081212,Up
SLC16A7,18.755850328549812,19.77385790510603,1.0180075765562187,1.4815722243447327,0.1580336287724688,0.8012504874994213,NS
SLC1A5,21.141481367245568,22.570465507070697,1.428984139825129,3.9964069213577895,0.00106119297318214,2.974205634413724,Up
SLC25A1,24.648742032236807,25.39808972395097,0.7493476917141635,1.5370331767192476,0.1480583217691125,0.829567177623981,NS
SLC25A11,23.07366381421309,24.4654817585136,1.3918179443005094,1.5989349206490309,0.13742976119145564,0.8619192081671598,NS
SLC25A12,23.170307293976137,24.037554044901068,0.8672467509249309,1.2997330916165775,0.21436135864553893,0.6688534990141763,NS
SLC25A13,23.03569910809351,24.753688285886042,1.717989177792532,2.4526429560519123,0.02609163965554453,1.5834986280297143,Up
SLC25A20,20.454579504191287,21.17867448110687,0.724094976915584,2.0470362977917547,0.05806784904218747,1.2360642608688632,NS
SLC25A24,25.702595182224076,26.418945816396306,0.7163506341722297,1.7920509812836432,0.09206941446572839,1.0358846188243132,NS
SLC25A3,28.212675169884186,29.017103357520714,0.8044281876365282,2.6050628382682417,0.022654267558760148,1.644849974549944,NS
SLC25A4,27.087186076344082,26.735650592997942,-0.35153548334614015,-0.9512033261344751,0.3556502875832832,0.4489768357900235,NS
SLC25A5,29.08821453270628,29.815931838821477,0.7277173061151956,1.9678451395225554,0.06671357057368131,1.1757858148720857,NS
SLC25A6,21.729550411347898,25.65857399146537,3.929023580117473,3.1318190044911938,0.009057022719446287,2.0430145428327307,Up
SLC26A2,24.181507402574884,22.582233113049547,-1.5992742895253365,-2.232421233651288,0.04553910026526965,1.3416155541707804,Down
SLC26A3,25.127755871197078,23.851260056156573,-1.276495815040505,-2.0478113658905226,0.06723365560952498,1.1724132747651583,NS
SLC2A1,23.822927036080888,25.427254302124183,1.6043272660432955,6.071191128651367,1.647509093723763e-05,4.783172179560569,Up
SLC3A2,23.105092023862667,25.125628719092575,2.0205366952299073,4.272677540162721,0.0015177751278057892,2.8187925683531776,Up
SLC44A1,21.952205572077247,22.885076351377045,0.9328707792997974,0.7599106017311433,0.4597664323789906,0.33746273981911384,NS
SLC4A1,25.676070551196126,25.418393643810624,-0.25767690738550186,-0.6851182307945699,0.506876822908021,0.2950975665656645,NS
SLC5A1,26.553866534526477,24.666355252983323,-1.887511281543155,-1.7257470529596883,0.10753946496622632,0.9684321285692731,NS
SLC75A1,19.46592107314825,19.768834004702928,0.30291293155467613,0.28350111299714004,0.7812405614289368,0.10721521655230545,NS
SLIRP,24.210799295739342,25.61935790661179,1.408558610872447,2.813566773118409,0.01266855365470901,1.8972729648824795,Up
SLMAP,28.29234046574062,25.91781844410786,-2.3745220216327603,-4.971091616178853,0.00042407886676755155,3.372553369310909,Down
SMARCA5,22.745433399342105,24.836539364340947,2.0911059649988424,4.643700190219543,0.0009103123985293437,3.0408095421021515,Up
SMARCC2,25.568972472424647,26.27637454507906,0.7074020726544141,2.2566805455294947,0.040582085512407357,1.3916656383461075,NS
SMC1A,21.64791814431669,22.47385039135878,0.8259322470420898,1.8719065757739377,0.0873173933523669,1.058899237571012,NS
SMCHD1,18.572192359421948,19.90976089375671,1.337568534334764,2.037476122672922,0.062109848618617014,1.2068395292664347,NS
SMG8,26.180376914933063,22.496218326162726,-3.6841585887703374,-4.034061474646655,0.0018908439013360298,2.72334432286656,Down
SMTN,28.619729607365926,25.736562510812394,-2.8831670965535316,-4.205059176492922,0.0018673457885148837,2.728775253481714,Down
SNAP23,23.560402204446458,24.022766382138393,0.46236417769193494,1.4251151643365478,0.17336871289796607,0.7610292750360571,NS
SNAP91,23.05280151750333,23.038123682090642,-0.014677835412687301,-0.050028948419735444,0.9607274901784262,0.017399782253487903,NS
SND1,27.216379016249192,28.529315656163533,1.3129366399143407,4.447872118563925,0.00042120996890928735,3.3755013587803293,Up
SNRNP200,25.442585022076116,26.376859872078253,0.9342748500021365,1.2804698694749326,0.21873618751656843,0.6600793617329886,NS
SNRNP70,24.482657977233135,25.81899849988612,1.3363405226529856,3.8181908015419186,0.0016616601552659996,2.779457793900024,Up
SNRPA1,22.96367773168926,24.99464376540406,2.030966033714801,5.572118321268709,0.00011407034856520567,3.942827231375377,Up
SNRPB,22.86125726964446,23.586388292132156,0.7251310224876946,0.9463797993779779,0.35871186760135315,0.4452542549144368,NS
SNRPB2,22.546706340144404,24.538821598703226,1.9921152585588224,4.928249109938034,0.00024519853737988063,3.6104821247316874,Up
SNRPC,23.689969991301812,24.84329306874843,1.1533230774466183,3.737600817786975,0.001817276583242245,2.740578969535877,Up
SNRPD1,25.260492328130287,26.9316340218938,1.6711416937635128,5.125644358133078,0.00011113790907192703,3.954137778209865,Up
SNRPD2,25.543400522291833,27.12590294906677,1.582502426774937,4.769367016601377,0.000408200657670272,3.3891262999081895,Up
SNRPD3,23.61941298052737,25.623597451702732,2.004184471175364,2.1570475769439557,0.0481276963185384,1.3176049257751838,Up
SNRPE,24.57256720960948,25.652036750280494,1.0794695406710133,3.2150215489932217,0.007491923935450965,2.12540664061095,Up
SNRPGP15,22.8400538917154,24.220482358937833,1.3804284672224334,4.915939389593239,0.0002577600035306092,3.588784470976207,Up
SNU13,22.764130135368145,25.830143252099518,3.066013116731373,5.9029664017195005,2.352204674523257e-05,4.628524891291208,Up
SNX2,25.48182990783632,24.50810660630069,-0.9737233015356317,-2.4154968314928027,0.02871127455032924,1.541947527883551,NS
SNX3,26.394257497109017,26.13409908617469,-0.2601584109343271,-1.0681496187883983,0.3015611320503424,0.5206246350298677,NS
SNX9,22.009677140392576,22.90257910334262,0.8929019629500452,2.9620906105429996,0.009615313666939185,2.017036543812511,NS
SOD1,27.879886751115386,28.05904436068885,0.1791576095734655,0.5318287477372775,0.6041723768926928,0.2188391348014296,NS
SOD2,27.16046518226285,28.641809003114318,1.4813438208514675,4.727210761760202,0.00039289217335399814,3.4057266225066614,Up
SOD3,25.3678598797213,23.99349691715759,-1.374362962563712,-3.602044319943715,0.00242646234022408,2.6150264447401206,Down
SON,23.396401428673894,25.25789167503605,1.8614902463621554,1.9407623296413183,0.07329600076232554,1.1349197210510498,NS
SORBS1,28.47922729890751,25.40455010161074,-3.0746771972967686,-5.672574180045288,3.598624383275438e-05,4.443863481711629,Down
SORBS2,24.946446437183095,21.54335078115238,-3.4030956560307146,-5.836660285152536,2.8752796158578624e-05,4.541319914550271,Down
SORBS3,22.908803788175096,22.937276226848834,0.028472438673738054,0.04450509884710596,0.9651803671554325,0.015391520707281758,NS
SORD,24.74472279756752,26.069615768520165,1.3248929709526465,4.753287982289283,0.0003804818943502096,3.4196660047827154,Up
SPATS2L,22.172334688086536,22.527277308591994,0.354942620505458,0.7852385452730343,0.4438108263157472,0.3528021078006307,NS
SPCS1,25.08759942109588,25.932583977667953,0.8449845565720722,2.258973188134499,0.03881043534132889,1.4110514856991376,NS
SPCS3,25.088309331858113,26.108631620061306,1.020322288203193,2.2329032622330685,0.04385992455527322,1.3579321197003726,Up
SPR,19.35815528773675,21.306555830993386,1.9484005432566356,1.9853716547978795,0.0645288599667679,1.1902460075182497,NS
SPRYD4,21.9580061440276,23.11170379330414,1.1536976492765412,2.5844563181846665,0.020697998530297263,1.6840716482277593,Up
SPTAN1,30.255745464861278,30.528048452814808,0.27230298795353036,1.1504650860619579,0.2672301464052168,0.5731145503921317,NS
SPTBN1,29.452777346193518,30.10261688997102,0.6498395437775031,2.0969628307183723,0.05397500524923197,1.267807306757282,NS
SPTBN2,25.88622563615626,26.203623858632017,0.3173982224757559,1.7930953246201409,0.09403981110144663,1.0266882519171723,NS
SQOR,28.47722474219241,28.883261895659626,0.40603715346721714,0.9535487635154263,0.355369000856303,0.4493204587598062,NS
SRBD1,23.373184232777433,25.33615745515478,1.9629732223773466,3.6041917364685365,0.0036931894802026623,2.4325984101677465,Up
SRI,24.76788256876829,25.413203250596794,0.6453206818285047,0.950287059866312,0.3588603079209142,0.4450745745567084,NS
SRP14,25.06756935439429,26.420914693464834,1.3533453390705432,4.252123190002488,0.0006661181327245967,3.1764487440416107,Up
SRP68,20.38366056249022,22.390470044226888,2.006809481736667,2.5507420596562502,0.031113719791093498,1.5070480638455717,Up
SRP72,23.25222484222461,24.322533984306045,1.0703091420814346,3.525286604779388,0.003832677477702346,2.416497725370608,Up
SRPRA,24.922599564209452,24.572077261495263,-0.3505223027141895,-1.1157980661297995,0.28157972898273886,0.5503986134071206,NS
SRPRB,25.18487870227963,26.665736053639236,1.4808573513596066,4.148097998021715,0.0010168341013586453,2.992749897364019,Up
SRRM1,22.483439583739184,24.169659291194606,1.6862197074554217,3.043975123415224,0.012957418882691318,1.8874815012929707,Up
SRRM2,23.84601256235542,24.986404015183197,1.140391452827778,4.958840154961413,0.0003691212687408435,3.4328309300666957,Up
SRRT,22.721351297605082,24.53062531363269,1.809274016027608,5.585376243729167,7.05664309416146e-05,4.151401847445555,Up
SRSF1,25.194367395037588,26.44498364263793,1.250616247600341,3.354409231773212,0.00440865948366277,2.3556934439446597,Up
SRSF3,26.909107228632852,28.241695197765765,1.3325879691329128,3.8784759842430683,0.0014304391913384212,2.844530599534702,Up
SRSF4,22.34818712349747,26.410366732181355,4.062179608683884,3.4231391142935697,0.008484723201709373,2.071362321163753,Up
SRSF5,23.785688534958563,24.5595055275347,0.7738169925761369,1.6950994171303397,0.10948698808638814,0.9606374912171256,NS
SRSF7,25.399775285328538,26.889887923540517,1.4901126382119791,4.597133908835582,0.0006428304225459844,3.191903578033151,Up
SRSF9,21.62075580365121,23.945837562047,2.3250817583957897,2.4549692197483637,0.03132122691773918,1.5041612340608554,Up
SSB,26.16512119791107,27.714130697638264,1.5490094997271946,4.835146296722214,0.00027145411528870005,3.5663035699831536,Up
SSBP1,24.723107779680447,26.373443118843554,1.6503353391631066,5.41887889303043,5.7120003722471464e-05,4.243211772929207,Up
SSH3,23.887558709632508,25.81321204950614,1.9256533398736337,3.167813281530882,0.007140386901915435,2.1462782553366417,Up
SSR4,25.110698047032415,26.817176992883645,1.7064789458512308,4.017894712267195,0.0010251664082928554,2.9892056328155956,Up
SSRP1,25.437534988038657,25.234888690064587,-0.20264629797406997,-0.6484478361981703,0.5263022965010201,0.2787647349503365,NS
ST13,27.01301731565622,27.2681499648573,0.25513264920108014,0.8562631906397252,0.40857795643952416,0.3887250680876217,NS
ST3GAL4,18.926094807889477,20.166150109830582,1.240055301941105,1.3166903460130701,0.21532290369580184,0.666909772221755,NS
ST6GALNAC1,20.842047007708192,20.722336065723102,-0.11971094198509036,-0.1716877037114823,0.8667116107088298,0.06212538546798497,NS
STARD10,23.29998319508462,24.49959107286619,1.1996078777815669,1.9190845478692848,0.07670345926819438,1.1151850492555757,NS
STARD5,20.17642615954064,20.11314599463475,-0.0632801649058905,-0.06739147537097356,0.9472412241330894,0.023539409624601167,NS
STAT1,26.360937435221874,28.18163080565458,1.820693370432707,5.648565920595784,4.8780309769716867e-05,4.311755446112253,Up
STAT3,23.976618052399274,25.079712904942358,1.1030948525430837,3.3503861992957122,0.004543877424433964,2.342573392660144,Up
STAT5A,20.64969357393879,20.630592892648153,-0.019100681290638022,-0.029808888352516303,0.9766143371323398,0.010276904369162251,NS
STAT5B,21.31501426302104,21.243312412743112,-0.07170185027792897,-0.1249805889931193,0.9026091334881632,0.04450027617434778,NS
STAT6,22.190750273174885,21.955555716905998,-0.23519455626888686,-0.6125547651151173,0.5513896527848771,0.25854138799556026,NS
STIM1,22.14663732283171,22.286275992506084,0.13963866967437255,0.3319336826058149,0.7443650541427214,0.1282140239738739,NS
STIP1,28.102183451761547,28.958072564056028,0.8558891122944807,3.524293550735519,0.0031737487549627673,2.4984274564885736,NS
STK26,19.98653081573824,22.871858400304415,2.8853275845661734,2.7189304170973854,0.019362179777033323,1.713045751787543,Up
STK38L,22.26363818542237,21.865869885460537,-0.3977682999618324,-1.6294279002571073,0.12645360828476052,0.8980687737865369,NS
STK39,21.612172739975748,20.451960965345805,-1.1602117746299427,-1.1236682744693318,0.27788073520116285,0.556141560764338,NS
STMN1,25.556160796418457,27.42168673233009,1.8655259359116343,5.083814818686688,0.00013779635780894844,3.8607622614151866,Up
STMN2,24.02483869560497,25.913934256340067,1.8890955607350968,5.877620790183658,9.051846616630952e-05,4.0432628137667095,Up
STOML2,24.258739509724787,25.74862545816881,1.489885948444023,2.9291143512452633,0.010328785976633175,1.9859507215233072,Up
STRAP,25.90295051410771,26.45260886085559,0.5496583467478793,1.626229046524655,0.12415828139407273,0.9060243075729718,NS
STT3A,25.5263674492292,26.599661321299966,1.0732938720707672,2.919100541801421,0.012137036006728327,1.9158873596437156,Up
STT3B,23.349828020651856,24.792622084017896,1.4427940633660405,2.812763269814626,0.013963620758469136,1.8550019548120797,Up
STX4,22.898638254761128,23.44575430921106,0.5471160544499334,1.3749137088345251,0.1881496225407709,0.7254966486097283,NS
STX7,25.107711781080248,24.250303168188726,-0.8574086128915219,-5.344531465218614,7.659738619733588e-05,4.115786049942352,NS
STXBP3,22.72576858733404,23.010106783347915,0.28433819601387356,0.9470000192320238,0.3599642313398023,0.44374065174247784,NS
STXBP5,28.028276872613034,24.287771402958224,-3.74050546965481,-4.164347380073318,0.0010050325506202747,2.997819872247631,Down
SUB1,26.46396779952658,27.609957028958146,1.1459892294315672,2.584863191085335,0.020124408621955272,1.6962768729971203,Up
SUCLA2,26.367998084955502,27.0756363748839,0.7076382899283971,1.7490849543275824,0.10183158757114529,0.9921174854574614,NS
SUCLG1,27.223775976102438,27.548510327659958,0.3247343515575203,0.7856547018475322,0.4459408977482837,0.35072269618166513,NS
SUCLG2,28.40391880075483,28.571470446656278,0.16755164590144744,0.3950902855603389,0.6986436253555468,0.15574429923137664,NS
SUGT1,25.633959513529867,26.353036976845075,0.7190774633152088,2.14579400915073,0.04801595646403437,1.3186144156929274,NS
SULT1A1,24.842598967963426,24.9480010715099,0.10540210354647428,0.22165061174122394,0.8274055740039364,0.0822815577080946,NS
SULT1A3,25.310195452066278,25.250949358451766,-0.05924609361451161,-0.1003179673017806,0.9215133031522488,0.03549839083675666,NS
SULT1B1,25.977156413831935,25.677577886809175,-0.29957852702276,-0.40945799445203673,0.6889684194028258,0.16180068461402916,NS
SUMF2,21.327826057295844,22.40122557303374,1.073399515737897,2.1441084760138183,0.04939140116121283,1.3063486533697022,Up
SUMO1,22.252101669987045,22.313625532918163,0.06152386293111789,0.07925556240337307,0.9380856787135912,0.027757494144148877,NS
SUMO2,22.975332559905173,24.814036209385293,1.83870364948012,4.922312063100362,0.0004569300423318508,3.3401502869212676,Up
SUMO3,26.187048836280535,27.428820582062247,1.241771745781712,4.1529885073882555,0.0013328494306583914,2.8752189091965197,Up
SUN2,24.152168991592177,25.464698097911263,1.3125291063190865,3.3546916968585663,0.005719104237045535,2.2426719878804757,Up
SUPT16H,23.050567271055783,24.627677246333306,1.5771099752775228,4.397143038275141,0.0011315323756796284,2.946333015392102,Up
SUPV3L1,25.25836197922095,26.201416785044945,0.9430548058239943,1.7535969763478274,0.09992224282014246,1.0003378265006126,NS
SURF4,24.968023204841852,26.029484685012175,1.0614614801703226,2.7723177960248075,0.01742369924735944,1.7588596339346898,Up
SVIL,24.1518363137441,22.96624906283113,-1.1855872509129668,-3.9988251566572455,0.0011176648807033052,2.951688395267567,Down
SWAP70,22.209433491342704,23.942281596665957,1.732848105323253,3.6853260650841366,0.0026330432697693907,2.5795420039141854,Up
SYAP1,21.287052947297397,23.70535491177482,2.418301964477422,3.3192661276273356,0.005876187567701078,2.2309043499958974,Up
SYNCRIP,26.564068167736835,28.088658322542685,1.5245901548058498,5.729690887637677,6.248541091558996e-05,4.204221369831238,Up
SYNM,30.602824145201502,28.73017358049411,-1.872650564707392,-5.94365657673215,2.4632071682306667e-05,4.60849906025357,Down
SYNPO2,29.68595996724985,26.69071182851706,-2.9952481387327907,-4.754527799543583,0.00026981193417426074,3.5689388447627017,Down
SYPL1,25.635302115667283,25.833486887888117,0.1981847722208343,0.6449942157881882,0.5300131941293179,0.2757133189534887,NS
TAGLN,33.07266843719337,29.769290118285053,-3.303378318908319,-4.830659171674794,0.00022401600625702228,3.649720949608917,Down
TAGLN2,28.87603949532842,30.460809296390078,1.5847698010616575,7.144152088212225,3.467745819377494e-06,5.4599527431702635,Up
TALDO1,28.65257107622257,30.036645935273214,1.3840748590506422,3.8330715242505806,0.0018754256367650185,2.7269001515521185,Up
TAP1,19.086872150790036,23.708689330013318,4.621817179223282,5.927339427902077,2.1813564883096197e-05,4.661273354020459,Up
TAPBP,23.045001933846454,25.164505663402817,2.1195037295563637,6.116536449476982,2.418881301852122e-05,4.61638544259944,Up
TARDBP,22.505155662875573,24.019585780353637,1.5144301174780637,4.857882990422192,0.0003929010288933986,3.4057168338959047,Up
TARS1,24.937192707049196,26.078195754671288,1.1410030476220925,4.795149340694355,0.00020626604956376342,3.6855722490044847,Up
TARS3,20.97154109255184,21.85235182372039,0.8808107311685518,2.3317278590887414,0.033152274485143976,1.4794866705032066,NS
TATDN1,21.920665339394937,23.202548601204285,1.281883261809348,2.1629575257770175,0.0509204079219336,1.2931081258837553,NS
TAX1BP3,23.77722832160502,24.59387782742526,0.8166495058202408,2.213014844268317,0.04287522301514064,1.367793607963912,NS
TBCA,25.34046851645586,26.291267773211374,0.9507992567555128,2.655895390461461,0.01757251030733838,1.7551661932713247,NS
TBCB,23.52764633697747,22.929467963769223,-0.5981783732082455,-1.0943124380929339,0.2957394298236092,0.5290907687670321,NS
TBR1,19.723816414942327,22.726876904225467,3.00306048928314,3.326901480752375,0.009433640563651641,2.025320675068958,Up
TCEA3,21.624781133009304,22.09627206157181,0.4714909285625062,0.5963585224301485,0.5612194659852946,0.25086727381013724,NS
TCP1,27.41770925136148,28.464132525602547,1.046423274241068,3.5710816291497913,0.002583450771136258,2.5877998097241153,Up
TECPR1,22.672265933810948,22.853623050169755,0.18135711635880725,0.4070474886091749,0.6923863367139174,0.15965151091261504,NS
TECR,23.2538341612222,24.987228255016117,1.7333940937939154,3.204170390406851,0.0055393093605273155,2.256544379605409,Up
TES,28.293578485090265,28.089037774647313,-0.2045407104429522,-0.8523107136280305,0.4072000694090033,0.3901921566439289,NS
TF,32.009918506588775,31.03237208667862,-0.9775464199101549,-3.7937330256928146,0.0018508080136221492,2.732638628761321,NS
TFAM,21.615589678545916,24.69005175039688,3.074462071850963,3.2733659586523434,0.007927587529938352,2.100858954149897,Up
TFG,24.63652351486198,25.662117390773368,1.0255938759113867,2.6074202953115986,0.019076007622629662,1.719512512697316,Up
TFRC,25.477451892086226,27.943776856316305,2.466324964230079,4.541694058158094,0.00035857921557751627,3.445414887170918,Up
TGFB1I1,26.97066150194906,27.424774734392244,0.45411323244318424,2.076140864173919,0.06046722968769804,1.2184799281843057,NS
TGFBI,28.79477073979344,29.050823440149152,0.25605270035571337,0.8386410284762275,0.41465495446524586,0.3823131411243892,NS
TGM2,27.678347850427116,27.816735069909374,0.13838721948225796,0.5582787800526797,0.5847037650338994,0.23306410963769097,NS
TGOLN2,22.460446013030953,24.61106154717428,2.150615534143327,4.199078067118313,0.0006854242479165163,3.164040535812093,Up
THBS1,22.633062709839248,23.64158386674269,1.0085211569034414,2.3967071831636773,0.029456016213533116,1.5308259897904262,Up
THEM6,22.69438248765677,24.136461831668935,1.4420793440121642,3.4810747338015124,0.0032124841768563822,2.4931590027799904,Up
THOP1,24.759003182968925,22.846150622943604,-1.9128525600253212,-1.4053138495837287,0.1883825645980905,0.7249592950104402,NS
THRAP3,24.520193792860862,25.97116667677329,1.4509728839124278,4.085740544270675,0.0014219828725262787,2.847105634557112,Up
THUMPD1,21.437514611603895,21.896175088359893,0.4586604767559983,0.946273258630135,0.3595870810099873,0.4441959196831379,NS
THY1,26.89282159267266,27.397424539007574,0.5046029463349129,1.9475116691528593,0.07175180756993638,1.1441671537192541,NS
TIA1,22.32439139088183,23.352262019448393,1.0278706285665642,3.222367013854469,0.005932424488044507,2.226767781072579,Up
TIAL1,23.89436409194883,24.005866711944243,0.111502619995413,0.306620150749157,0.763253563785675,0.11733115921555673,NS
TIMM13,23.486108360586897,25.42268350939705,1.936575148810153,3.6996824966302873,0.001979267631101782,2.7034954777227913,Up
TIMM44,23.49224548014361,24.474622733601198,0.9823772534575888,2.211705841841988,0.04197124074216063,1.3770481921059006,NS
TIMM50,24.315406994986613,25.346667466124604,1.0312604711379905,3.118946898412822,0.007509706063157212,2.12437706135097,Up
TINAGL1,24.980341924243852,23.461792904961165,-1.5185490192826876,-5.976157446691916,1.944325428488504e-05,4.711231043952669,Down
TJP1,21.77777356065769,21.15801508709565,-0.6197584735620403,-1.385302984270901,0.18662285055493258,0.7290351812629408,NS
TJP2,21.894546089406195,23.107755481427134,1.2132093920209392,2.581954592575309,0.02036864463388532,1.691037868771476,Up
TKT,28.485113336082456,29.44296216844282,0.9578488323603622,3.711942829534452,0.0019765060724743853,2.7041018470239875,NS
TLN1,31.705857382611946,31.403330393592203,-0.30252698901974284,-1.5023681373765265,0.1545700186722195,0.810874740611242,NS
TLN2,28.180879422011614,27.21412580081427,-0.9667536211973449,-2.215865576787906,0.04795230979827017,1.3191904686083775,NS
TM9SF2,25.766800343122853,27.043576845582564,1.276776502459711,3.1767443233816652,0.005871059668916421,2.231283505766186,Up
TM9SF3,22.968029659827224,24.35249060737975,1.384460947552526,2.2070961852254842,0.04511121215387565,1.3457155031025412,Up
TM9SF4,22.23599118542459,22.759694205573307,0.5237030201487158,1.0997278527281342,0.2900651902717733,0.5375043862609662,NS
TMCO1,22.669048995589982,25.01505623494488,2.346007239354897,5.395365014054864,5.962223581469932e-05,4.224591742094396,Up
TMED10,26.406889822019,27.50596702207264,1.0990772000536388,3.3037770915899887,0.00477857295652068,2.3207017790446822,Up
TMED2,25.4694288925846,26.768819886901827,1.2993909943172284,3.699587540324676,0.0029634651355781526,2.528200177760239,Up
TMED4,19.962466303423437,23.812142583605745,3.849676280182308,3.7261009263628697,0.003120016569214105,2.5058430996036254,Up
TMED7,23.28750922647852,24.332748067851927,1.0452388413734077,2.565919884184087,0.026148467714547062,1.58255375546265,Up
TMED9,23.018151659159592,23.635881786373815,0.617730127214223,1.4517984894734954,0.16625958690941378,0.7792133028861215,NS
TMEM109,25.661474836121286,25.8642515645087,0.20277672838741267,0.8457720547850351,0.41017795894585246,0.38702768030449464,NS
TMEM123,21.534396613714627,23.812278912834458,2.277882299119831,6.7078977481937665,6.8145550430231075e-06,5.166562496200328,Up
TMEM126A,20.119970103339515,20.611218796495635,0.49124869315611974,0.751653634244212,0.4632159883167118,0.3342164589570267,NS
TMEM245,21.282671403345702,22.04754435365347,0.7648729503077689,1.1011947416287393,0.2934595508869087,0.5324517514426803,NS
TMEM33,21.60470690832141,24.49731336339632,2.892606455074908,6.008844823835101,8.884316526043112e-05,4.051375977018533,Up
TMEM43,24.18710443394381,24.222707580673656,0.03560314672984788,0.15120925399788132,0.8818107102139191,0.054624630664427715,NS
TMEM63A,21.65200120524989,23.746727198930476,2.094725993680587,1.6855106281855659,0.1149119828766503,0.9396346812694278,NS
TMOD3,22.365709569585373,22.958401037591116,0.5926914680057429,1.9114309308842021,0.0751407701522382,1.1241243579663633,NS
TMPO,25.670324429552622,27.02620757000296,1.355883140450338,4.273771393475428,0.0012131133736344346,2.916098609485475,Up
TMT1A,25.973326030810284,24.85653188952503,-1.1167941412852542,-2.6727150705421323,0.01887481517182193,1.7241172924272958,Down
TMX1,24.347359462906812,25.223303731399223,0.875944268492411,1.7950135060578543,0.09345798214621547,1.029383600074218,NS
TMX3,21.48159165544881,22.357288753270787,0.8756970978219769,3.262753189147943,0.004927554566243079,2.307368557776666,NS
TMX4,23.631909966612735,24.776939364581953,1.1450293979692177,5.023341655615111,0.00014640806895125906,3.8344349874549564,Up
TNC,29.415773221477977,29.291424140490992,-0.12434908098698472,-0.17688307559927166,0.8618536428812428,0.06456647835824465,NS
TNPO1,22.201152076189963,23.18675389804349,0.9856018218535283,4.052459293535059,0.001690740732320994,2.7719229844514195,NS
TNPO3,19.083363241279322,21.584921521459464,2.5015582801801415,3.29326443000024,0.0053248237998478,2.273694758597183,Up
TNS1,28.791887206840563,26.694828590986987,-2.0970586158535767,-4.819897750060305,0.00019422766658190016,3.7116889073422916,Down
TNS2,25.029674939460143,23.061902773163368,-1.9677721662967755,-4.367924130136412,0.00048097257788761973,3.317879683733402,Down
TNXB,27.106736090144402,26.814390809832712,-0.2923452803116895,-1.3221011384500179,0.20499656017858386,0.688253426300311,NS
TOLLIP,22.115098413724795,22.99525412108519,0.8801557073603945,2.670431303190171,0.01675633552141177,1.775820952104157,NS
TOMM22,20.164823510195138,21.1842532186256,1.0194297084304615,2.3126117789990266,0.03459102407990411,1.4610365803485241,Up
TOMM34,19.16044623744351,21.764748569875962,2.6043023324324537,5.220514614329282,0.00032863989525977656,3.4832797164959985,Up
TOMM40,23.96087743513187,25.870566352816496,1.9096889176846261,4.400848712172635,0.0006307722536038531,3.200127418659186,Up
TOMM70,25.530234455677103,26.727194485103826,1.196960029426723,3.268005790603087,0.005414009229540638,2.266481008200689,Up
TOP1,27.845556018139188,26.01231426417032,-1.833241753968867,-3.534368503022163,0.004374329808683325,2.3590884758270856,Down
TOP2B,23.261182261051275,23.587694203758637,0.32651194270736283,1.0801946450368072,0.2960743380060969,0.5285992330879672,NS
TP53BP1,21.945185042440993,22.6732948070413,0.7281097646003083,0.5722581110947023,0.5751970883242036,0.24018332103952014,NS
TP53I11,22.00124071285368,23.984916427046848,1.9836757141931685,2.650371953791627,0.017480536452130935,1.7574452436338037,Up
TP53I3,21.87827815118613,21.11174133339551,-0.7665368177906196,-1.7763028318194483,0.10505164050629603,0.9785971611802667,NS
TPD52,25.99986250062844,27.636300525441477,1.6364380248130388,2.7373089210183417,0.016634282739944183,1.7789959209027706,Up
TPD52L2,26.081266884486944,27.419822416056995,1.3385555315700515,4.140597995216414,0.0009410022924653364,3.0264093185452907,Up
TPI1,30.85587245502483,31.44971437028773,0.5938419152628995,2.0653871383051987,0.05611855563073323,1.250893515292907,NS
TPM1,32.179386251453494,28.923584837506514,-3.2558014139469797,-4.914267571356579,0.00018524180386254944,3.7322609985497865,Down
TPM2,33.01270442159083,30.18257652818622,-2.8301278934046117,-4.255485840722861,0.000697236916673038,3.1566196263197317,Down
TPM3,32.0601641452703,30.6599644499816,-1.4001996952886984,-4.779865587655265,0.00026319030481425804,3.5797301129426584,Down
TPM4,30.66135271314064,29.12981424353458,-1.5315384696060619,-3.2562216927111236,0.005212638410232209,2.2829424001233134,Down
TPP1,26.50140005415282,26.471549096629595,-0.02985095752322664,-0.06751312224722657,0.9474527964336599,0.02344241804490985,NS
TPP2,26.456222030929318,25.261225925574248,-1.1949961053550702,-2.081683464109201,0.05531644609816616,1.2571457296750752,NS
TPPP3,25.195611331681373,24.67936524086862,-0.5162460908127535,-1.455185029667328,0.16877555710916958,0.7726904497794393,NS
TPR,22.900663011460214,23.986758534814104,1.0860955233538903,2.802752104634368,0.012779541905073867,1.8934847136004909,Up
TPSB2,28.81179427865475,26.50568582892711,-2.306108449727642,-3.2505869289400247,0.005710367782139041,2.2433359196683784,Down
TPT1,25.32893030953595,27.08022439628998,1.751294086754033,3.8765745542401646,0.0019120177383713096,2.7185080829589547,Up
TRAP1,28.306786865794134,29.76858189551251,1.4617950297183775,4.404792510878178,0.0004457998934135754,3.3508600396913613,Up
TRAPPC6B,20.152123373480634,20.21132075765948,0.05919738417884446,0.32917889936993106,0.7466636485063722,0.12687499188506735,NS
TRIM25,24.944149252156574,26.035178637309443,1.0910293851528685,2.5680067332786654,0.0246450850620552,1.6082696785472996,Up
TRIM28,25.427828926363887,27.420440671679295,1.9926117453154077,4.878276536422225,0.00016748308149191297,3.7760290571991115,Up
TRIP12,19.121009332644793,20.64121580045857,1.5202064678137788,2.5195049883897016,0.023049629781414047,1.6373360457702206,Up
TRMT10C,21.35408833591034,23.436995651183242,2.0829073152729016,3.126485980584737,0.0076181994668695656,2.1181476604192726,Up
TSN,25.553410792132755,26.292692328581424,0.7392815364486687,1.9151358265156762,0.07654810976716006,1.1160655290392334,NS
TSNAX,22.427096283447103,22.99867604735535,0.5715797639082467,1.3440296101375415,0.1976909997344177,0.7040131023335395,NS
TSPAN8,25.916257462396448,27.27589876243394,1.3596413000374916,2.2514615809768173,0.038982590753186795,1.4091293013799193,Up
TST,27.850619212803323,28.64687985296005,0.7962606401567278,2.0457963092881024,0.05787762580222712,1.2374892923791891,NS
TTC38,19.503271326093255,19.292579219107992,-0.2106921069852632,-0.31163839535634247,0.7599657271094806,0.11920599306507335,NS
TTC39A,20.75368445020554,21.0926349190098,0.33895046880425994,0.32454120524230146,0.7501338880074714,0.12486121443050359,NS
TTLL12,24.23593533508649,24.931007211273737,0.6950718761872459,1.4743295685319144,0.16002691634081342,0.7958069633744309,NS
TTR,28.565324890395484,27.385506403409686,-1.1798184869857984,-3.7801636759102486,0.00250710833253213,2.6008268997057566,Down
TUBA1B,29.454482472119643,29.62400365769341,0.1695211855737675,0.8221192222636455,0.42320700471960676,0.3734471526791642,NS
TUBA3C,30.54035682423827,30.80660939972299,0.2662525754847209,1.628704214698184,0.12423178554016899,0.9057672727698298,NS
TUBA4A,25.557920719720187,26.250352762352705,0.6924320426325181,1.9692915440223673,0.06654652608665441,1.1768746109748074,NS
TUBA4B,27.252902977138543,27.60798700634263,0.355084029204086,1.7984132219383593,0.09221438071575498,1.0352013459909837,NS
TUBAL3,27.853475617964015,28.330520902993367,0.4770452850293516,1.7898991834025355,0.09560255509830606,1.0195305005035409,NS
TUBB,30.80707635546905,31.426639955422544,0.6195635999534943,2.5563821389773547,0.02179610512367682,1.6616211061394344,NS
TUBB1,27.760296552585146,28.650986054003788,0.8906895014186418,2.3315515830641176,0.03413640503382762,1.4667822171456757,NS
TUBB2A,27.09090699353058,25.121389898454442,-1.9695170950761387,-8.562474007179107,2.2834743081363502e-07,6.641403870370702,Down
TUBB2B,24.253233314015077,21.885774322967887,-2.36745899104719,-5.482534102426834,0.00010562068298164011,3.976251028532825,Down
TUBB3,25.5828952943364,26.43437753001335,0.8514822356769507,1.5147218951896928,0.1548718533871974,0.8100275043153752,NS
TUBB4A,30.534690384395024,30.971250509175118,0.43656012478009387,2.5644220614354563,0.023133019406609473,1.6357676778196621,NS
TUBB4B,27.24736807886336,28.23910712267949,0.9917390438161284,2.5802546168387717,0.020146679800484953,1.6957965159317474,NS
TUBB8B,29.90336182286789,30.029635617288577,0.12627379442068687,0.5913138853354838,0.5629329621633966,0.2495433207721027,NS
TUFM,28.26242564381389,29.471147994492704,1.208722350678812,3.1577026344569377,0.006268719020097852,2.2028211959061026,Up
TWF2,23.702217663043474,25.298791744722237,1.5965740816787637,3.8041766491738036,0.0022769699223471403,2.642642706163487,Up
TXN,27.430077104937958,29.026459100142876,1.5963819952049185,2.1659778799827767,0.04709503645950828,1.3270248625491947,Up
TXNDC12,27.451754496564615,26.958845428605766,-0.49290906795884837,-1.0186230615587257,0.32519181841818384,0.48786038946337457,NS
TXNDC17,25.218996311785126,25.959395850661362,0.7403995388762361,1.6196275407736354,0.1258987084208202,0.8999787252423197,NS
TXNDC5,28.120209497507837,28.67648868928127,0.5562791917734344,1.2265121880584413,0.23780843209595173,0.6237727504413852,NS
TXNL1,24.636636029936565,25.15384639134796,0.5172103614113972,1.772656192949424,0.095332861789575,1.0207573697307455,NS
TXNRD1,25.697067985126523,25.669117108455502,-0.027950876671020808,-0.10480923129619041,0.9179894129793912,0.03716232741656086,NS
TXNRD2,22.405649813123304,23.118948841533477,0.713299028410173,2.0160695542820104,0.06221981033280963,1.2060713171029136,NS
TYMP,25.07223788444186,26.783503082637555,1.7112651981956937,3.6884493705178074,0.0038970941722289484,2.4092590994715573,Up
U2AF1,24.036885018715772,25.00546117483366,0.9685761561178872,2.936673086528074,0.012116887359351137,1.9166089293670645,NS
U2AF2,24.170322199623897,26.121007601000034,1.9506854013761377,3.5860842870882466,0.004513618780958389,2.3454751241057545,Up
UBA1,28.539260678002854,29.36277877743111,0.8235180994282558,2.9477435121424187,0.009494504438371838,2.022527698151514,NS
UBA2,22.467484501087004,24.65437672360379,2.1868922225167857,4.869751940807019,0.0003544386728877954,3.4504588982255644,Up
UBA5,21.545566424382283,22.667435655280705,1.1218692308984224,2.0672687454459475,0.06129005392202273,1.2126099965622867,NS
UBA6,23.035789037845365,23.774313539529263,0.7385245016838979,2.127919658323816,0.0512727802122312,1.2901131327625632,NS
UBAC2,23.232045070240165,23.210123175384265,-0.021921894855900348,-0.03888288827976858,0.9694943881080972,0.01345470047979906,NS
UBB,29.52022457331129,30.39415285277336,0.8739282794620706,3.0179030418310355,0.009217292796866896,2.0353966164762567,NS
UBE2D3,24.46970247879453,25.359720195236555,0.8900177164420242,2.306640048540615,0.03944806820091357,1.4039742596339146,NS
UBE2I,23.912211903865856,25.511843214920376,1.5996313110545195,3.2430783234050273,0.0057032101170809545,2.2438806278874823,Up
UBE2K,23.03683633734321,23.861116272063963,0.824279934720753,2.147662423788388,0.047665599294081124,1.3217949422730797,NS
UBE2M,23.065450945755476,24.15973516598024,1.0942842202247647,2.0269979381260628,0.06450497695992015,1.1904067755532197,NS
UBE2N,25.440348811092793,26.788915129241822,1.3485663181490288,2.029427962208672,0.05997311872577318,1.222043366366885,NS
UBE2V1,27.028380287121912,27.628974564089976,0.6005942769680637,2.3902242193991294,0.03419088013779266,1.466089719499783,NS
UBE2Z,23.283396448588512,22.566465791838684,-0.7169306567498275,-1.097770608188481,0.2945755181261114,0.530803349769511,NS
UBR4,19.548320917107155,21.982819904411983,2.4344989873048277,3.2162370101386077,0.00781393564920893,2.107130169680027,Up
UCHL1,25.395444445434205,24.62213453684853,-0.7733099085856736,-2.5829857904077764,0.023709396886299604,1.6250794933555721,NS
UCHL3,24.748209874356057,26.48236617851214,1.734156304156084,3.871573686107059,0.0021656643680633635,2.664408848907623,Up
UFL1,22.175294127706497,23.648003911645006,1.4727097839385088,2.2970914619629514,0.04450338522501698,1.3516069524206993,Up
UFM1,24.325810724604306,24.954210432922114,0.6283997083178079,1.710110502408035,0.11194489444825073,0.9509957088157621,NS
UGDH,28.34227132958767,28.485893943186795,0.1436226135991241,0.29219548804189266,0.7741837146408705,0.11115596853242611,NS
UGGT1,24.977616225461166,26.144962709584895,1.1673464841237298,3.3690761730675,0.004010376961062058,2.3968148033362446,Up
UGP2,27.32201780757704,27.678119370097363,0.35610156252032255,0.7786679538100791,0.4483895618906489,0.3483445059478425,NS
UGT1A10,22.592248337634125,21.09809841609748,-1.4941499215366463,-2.1270442385495993,0.05436172060691186,1.2647068058346576,NS
UMPS,23.174635641761014,24.987920526242036,1.8132848844810212,5.039878593074883,0.000128904761839847,3.8897310391821183,Up
UPF1,21.10659569189518,22.56300271785855,1.4564070259633688,2.0566909101868163,0.06680248782589053,1.1752073634385687,NS
UPF2,19.907721036677017,20.852303747331383,0.944582710654366,2.673388256210088,0.017381996499200556,1.7599003418811272,NS
UQCR10,26.08831197053644,26.015201598835727,-0.07311037170071444,-0.178587094750119,0.860755685182249,0.06512010015378497,NS
UQCRB,25.695582015414246,26.54200732214171,0.8464253067274647,1.2263575491517071,0.2378694241478943,0.6236613788002794,NS
UQCRC1,28.095197929880598,28.602322360279565,0.5071244303989673,1.2046782833739709,0.25048992639083684,0.6012097348699537,NS
UQCRC2,27.869424581399965,28.37825787845331,0.5088332970533465,1.1758823868195907,0.2591917160620532,0.5863788829173009,NS
UQCRFS1,24.857635173579926,24.473312298654516,-0.3843228749254095,-1.0883919953161951,0.29328260837005926,0.5327136898761095,NS
UQCRH,23.764275529235803,23.70297670002758,-0.06129882920822283,-0.07641660610980315,0.9401487461607938,0.026803428819201728,NS
UQCRQ,25.742565521370427,26.026608706855797,0.2840431854853698,0.4551836664856883,0.655897013669599,0.18316434645696297,NS
USH1C,28.294156612078993,25.37496563360016,-2.9191909784788344,-2.777740664664525,0.013849920646904618,1.8585527148818555,Down
USO1,25.031419745073734,26.18554949283217,1.1541297477584358,3.465021083070759,0.003384036656171748,2.4705649412929147,Up
USP14,25.478562388367894,26.423078609685504,0.9445162213176097,2.65335298823109,0.019695936940979625,1.7056233548589623,NS
USP15,20.77119414894744,21.513737411046023,0.7425432620985823,2.3771834081088583,0.03058452488545738,1.5144982616506257,NS
USP39,18.791653638763638,21.024624623959927,2.232970985196289,2.3306451652963838,0.03734937654561811,1.4277166432477153,Up
USP43,24.155983335067887,23.015823533656256,-1.140159801411631,-1.143672235804117,0.26960475124196587,0.5692724585017553,NS
USP5,24.11341922897391,24.764794815760766,0.6513755867868554,2.3772646021760577,0.030516083337889754,1.5154712077386459,NS
USP7,22.25113304015928,23.13845140652687,0.8873183663675874,2.3063190284214494,0.0349661602691943,1.456352056151093,NS
USP8,24.75481965963297,24.592957546312203,-0.16186211332076894,-0.3059057112251201,0.7637957495292305,0.117022762774873,NS
UTRN,26.07188644085052,25.3715395148542,-0.7003469259963211,-2.1210395768830104,0.05305989882829427,1.2752335824418053,NS
VAC14,22.16144260498124,24.341919554207696,2.180476949226456,2.7037345493568554,0.021907462738802393,1.6594079183017032,Up
VAMP2,22.536602312562746,24.283629767717766,1.7470274551550204,1.9822754487692111,0.07388187965502832,1.131462064051742,NS
VAMP7,21.603580495757758,22.469930887123237,0.8663503913654793,3.5723267674742925,0.0037208748756774844,2.4293549340409455,NS
VAMP8,23.793758517630128,23.779730405458775,-0.014028112171352802,-0.027070968571938584,0.9787945593591693,0.009308453344418561,NS
VAPA,25.315706766539353,26.00379394900895,0.688087182469598,2.420069112182596,0.027972920060017507,1.5532621957750958,NS
VAPB,25.367113955048055,26.119061374401028,0.7519474193529732,3.0351199767735744,0.008924244378396864,2.0494285456566783,NS
VARS1,25.71431927393171,27.145501559232862,1.4311822853011513,4.363381160369721,0.000571619311971537,3.242893107136151,Up
VASP,27.21099253454268,27.421520126798654,0.21052759225597484,0.8706916856235108,0.3982577631220251,0.39983574986908327,NS
VAT1,26.27059925547469,25.406505576288485,-0.8640936791862046,-4.288343552740484,0.0005769970445084407,3.238826411379733,NS
VBP1,23.932468630828563,25.033340083681235,1.1008714528526724,5.042059577533357,0.00019521059574748267,3.7094966131561353,Up
VCAN,26.696534111372717,26.693913909805975,-0.002620201566742253,-0.0071405215621289375,0.9944052037709062,0.0024366116762704645,NS
VCL,32.171484297490835,30.539299716025717,-1.6321845814651184,-5.086593617199485,0.00011040075336146162,3.957027963023402,Down
VCP,28.78307318965037,29.7089979516344,0.9259247619840316,3.8316511839429936,0.0014711602706187535,2.8323400119401954,NS
VDAC1,27.903831882265838,29.212148908292633,1.3083170260267956,3.9033214732578783,0.0015999170946624686,2.7959025212587414,Up
VDAC2,28.135410281874087,29.046441502686612,0.9110312208125251,2.3591548797479205,0.03784503645621232,1.4219910720696503,NS
VDAC3,27.755809043174573,28.421130818026043,0.6653217748514706,1.799875449465391,0.09364323688096396,1.0285235828519068,NS
VIL1,28.374307169285668,29.696714663061794,1.3224074937761259,2.342316999103936,0.03244528134220423,1.4888484555987065,Up
VILL,20.780298201636747,21.46821607839793,0.6879178767611833,1.1192933662815268,0.2810873912914809,0.55115863505904,NS
VIM,32.93175621118796,32.64904763296998,-0.2827085782179779,-1.2673357256246087,0.2239588205830614,0.6498318282623236,NS
VKORC1L1,20.893353971301337,22.1090952029203,1.2157412316189635,3.551598838586694,0.003487374678424048,2.457501390154709,Up
VPS13C,25.551362833477597,26.4145035614967,0.8631407280191041,1.6486888609175798,0.11932089038231924,0.9232835145566621,NS
VPS26A,22.665914812102315,22.85910291879638,0.19318810669406616,0.2612145250384885,0.7972769474730451,0.09839079294914489,NS
VPS29,22.822423533664075,23.46874504460877,0.6463215109446949,1.6574680232288035,0.11969518863069366,0.9219233065120209,NS
VPS35,28.3904573848656,28.519806499035628,0.12934911417002937,0.37712713012459825,0.7112749776088533,0.14796246935296742,NS
VPS36,24.74149148834953,22.505707670299657,-2.2357838180498746,-1.4289936542795496,0.17245930670586923,0.763313364115128,NS
VPS4B,24.143531272075975,24.23771368584249,0.09418241376651437,0.3241231627335163,0.7504708279757688,0.12466618482695137,NS
VTA1,25.678366299530538,25.830356075359262,0.1519897758287243,0.5268641945256721,0.6069870548495905,0.216820570979668,NS
VTN,25.550576132423227,24.955982344738874,-0.594593787684353,-0.935977881605507,0.3726304216343459,0.42872169208980576,NS
VWA1,25.397618494660577,23.830482404666967,-1.5671360899936104,-3.471601333097005,0.003318062154398124,2.4791154829713,Down
VWA5A,21.81139706509468,22.268618176284647,0.4572211111899662,0.4489697675393092,0.6594773031243528,0.18080014674001438,NS
VWA8,20.130294221994486,23.090472228585813,2.9601780065913275,3.1966969998141774,0.010805115735872148,1.9663705769360902,Up
VWF,22.001279439221786,21.46129663375895,-0.539982805462838,-1.6374104948831874,0.12126635689200829,0.9162596693951383,NS
WARS1,27.112502916081237,28.346800668814975,1.2342977527337382,4.1419171892701465,0.0007677685604823406,3.1147696758713748,Up
WASHC4,21.040693974631893,21.364786061066216,0.3240920864343231,1.3022360947111313,0.2114638676475559,0.6747638288650312,NS
WBP2,26.855889697476,26.56677982771931,-0.28910986975669317,-1.2996895294762671,0.21405111979232183,0.6694824958448357,NS
WDR1,29.99487328804312,29.936709976254527,-0.058163311788593575,-0.2895022695076686,0.7761740119484244,0.11004090250857894,NS
WDR11,22.24800447198087,23.33904643693416,1.0910419649532912,1.1997495654818462,0.2609492243852104,0.5834439896524518,NS
WDR36,19.884390797014778,21.606948549767182,1.7225577527524045,2.65735103181873,0.01844732606126219,1.734066575900488,Up
WDR43,19.965294185283827,22.577362982241127,2.612068796957299,4.696594922150447,0.0006971522752438096,3.156672350919022,Up
WDR44,22.16297502991839,23.335745350580282,1.1727703206618934,1.1894461803414347,0.2559813606341383,0.5917916568305405,NS
XDH,20.382749193501212,21.346341957179547,0.963592763678335,1.8914190050074704,0.08920989725396063,1.0495869608218937,NS
XPNPEP1,21.912773274859916,23.239480120755765,1.326706845895849,1.9927068578158915,0.06421341792932257,1.1923742129936692,NS
XPO1,23.382130162378033,24.425267057043193,1.0431368946651602,3.0661351052169614,0.0073858320826889435,2.1316005702824654,Up
XPO7,26.7966888194155,23.33239305021732,-3.4642957691981806,-3.698344945739851,0.004852393312903711,2.3140440044458463,Down
XRCC5,26.9032177226715,28.071856038043006,1.1686383153715063,3.1049225284816044,0.00691331059295565,2.160313931215838,Up
XRCC6,28.150049465564248,29.449483065269014,1.2994335997047664,4.161747798022353,0.0009744864822516634,3.011224180891386,Up
XRN2,19.96749164828279,23.13348855583161,3.16599690754882,2.955435752637037,0.011791604409840013,1.928427099151357,Up
YARS1,24.216915367064527,25.385088714898206,1.1681733478336795,2.819622017717684,0.014155515727634243,1.8490743033680708,Up
YBX1,26.32474167640209,28.36490777499069,2.0401660985885997,4.74722622037696,0.0003952670174186478,3.4031094233263803,Up
YBX3,24.638849905998274,26.100522485787884,1.4616725797896102,3.4423342994838877,0.0039564460705357385,2.4026947496706725,Up
YTHDF3,23.211513063315834,25.16425763181185,1.9527445684960156,3.1277112473888353,0.008921613734663533,2.0495565836650806,Up
YWHAB,28.700200895976188,29.649974792013868,0.94977389603768,2.526849004521546,0.022485591133207958,1.6480956905947866,NS
YWHAE,28.349379416055555,29.259354299482766,0.9099748834272106,3.898689261651837,0.0017558578926931546,2.755510635876721,NS
YWHAG,25.88767122091651,26.947815170685182,1.0601439497686727,2.9424257479938856,0.012320904320332336,1.909357414986789,Up
YWHAH,27.1280230413805,27.932809835492392,0.8047867941118909,2.3525937465946996,0.0318983576781096,1.4962316764944006,NS
YWHAQ,29.560314778086006,29.842296160530868,0.2819813824448616,1.201987472904616,0.24744255876576304,0.6065256020086534,NS
YWHAZ,29.664511669510425,30.407979734309013,0.7434680647985878,2.9362573255629045,0.009691092187906755,2.013627275121423,NS
ZC3H15,23.956424457814123,23.519478614870188,-0.4369458429439348,-1.0026507063403625,0.3398490566903377,0.4687139311992732,NS
ZFR,24.36035296116291,25.737787667641967,1.3774347064790575,4.305713714687872,0.0005443063076776285,3.2641566328449416,Up
ZG16,29.1412621382802,26.76385379035385,-2.3774083479263517,-3.4732221267728254,0.004157735483134942,2.3811431441216944,Down
ZMPSTE24,22.668545805473055,24.02684674010499,1.3583009346319344,2.04235027876272,0.05820651842733632,1.2350283768878663,NS
ZNF30,27.267188103432815,23.46109381188527,-3.806094291547545,-4.701261608666553,0.00024022945875027072,3.6193737371986425,Down
ZNF318,22.88509129425378,24.27498435984542,1.3898930655916395,3.4543413215066434,0.003545544513696238,2.4503170577633435,Up
ZNF326,20.168431490456598,23.00716890381463,2.8387374133580323,3.977629442830325,0.0029918331103359207,2.5240626358348717,Up
ZNF483,24.217197859276855,25.860167573002563,1.6429697137257087,2.7846216764714686,0.014755405998421987,1.8310488362861141,Up
ZYX,26.39232874229073,26.43631677460034,0.04398803230960979,0.12313688474728375,0.9035334678743182,0.04405575605939742,NS
