Protein,CRC04-N,CRC04-T,CRC05-N,CRC05-T,CRC06-N,CRC06-T,CRC07-N,CRC07-T,CRC08-N,CRC08-T,CRC09-N,CRC09-T,CRC10-N,CRC10-T,CRC11-N,CRC11-T,CRC12-N,CRC12-T
A1BG,27.25129091390242,26.339454378834763,27.236358722611282,26.840662997801825,27.97518313168856,27.08485959524679,27.657960071316406,26.093053195028443,26.264428122298373,25.974016838743907,26.31225602036493,25.608739706399945,26.36010100762317,26.402568296705947,27.02334880170554,24.495315856149624,27.661480076846335,26.101313162263157
A2M,31.25364676941621,29.995793644105426,30.028303360018352,29.49258731166952,31.458208382999114,31.586743251100586,31.799375892704287,30.873176082060585,29.81539978428322,29.331438563384545,30.646787750592658,29.825606688358917,31.16015591061297,30.429833000394073,31.06876720686231,29.20393973096547,30.967991029803574,29.26099461368317
AAR2,20.72185233388881,21.36364756783719,18.449730491715556,19.96416573778417,18.4565605947695,20.267809681349704,20.599850787602502,21.45003011099528,20.68707424940396,20.192923809893713,20.561447554910867,21.24566669413728,20.10721822478312,21.131635716507674,20.681867769625253,20.620265001323535,19.10826007776831,17.46399820940275
AARS1,26.62423484437124,26.899160206700678,26.171418752353876,27.27936035435427,26.544785226370877,27.057275816982095,27.01507416818429,26.59846927132928,25.867502542354643,26.299511282401404,25.3867400130641,26.545530422087644,25.443932621637234,26.790983412026957,25.74175348896013,26.49078088998058,25.912133187673586,27.931416497133274
ABCE1,26.191199479009146,27.961989347622506,26.40311829326327,28.120006443894695,26.514872594465103,28.79060434051945,26.390987351917595,27.505675765172015,25.728610340227657,26.47368674782983,25.896691537710925,26.740436199506476,25.48324867798574,27.752478563002846,25.123643786196393,27.19685501643499,26.470763822860455,27.968523003356903
ABCF1,22.380018179783434,25.1680409955953,25.04516666501688,25.559991010524687,22.998852050030692,25.044507707929885,24.713103173766083,23.76703697469987,23.79263976944239,21.983746560518888,23.600217281858328,23.52561513127458,23.694230397010184,23.736386311874437,23.52648382547409,24.726398965904345,24.436972360664523,26.17272512351254
ABHD10,24.267973440584484,23.9960238427937,24.629518108299894,25.19971022452683,24.66583442015235,25.196965210321125,23.374931473106376,23.221944542826392,23.12437695939175,22.823073900901935,22.46492857115756,22.503704538882573,22.70207003033726,24.03017991187373,22.891225309207357,22.883004024107443,23.48720351729059,25.02791265665572
ABHD11,24.57814347980605,24.56624338249635,23.44231849223688,26.452071566000686,23.92621225174518,24.578657248973037,24.791016997323453,24.643723683316843,22.28488508372944,23.795395703009486,22.587871894837992,24.509532538198144,23.4149929851479,24.69614787664848,22.813193729075554,24.010280189727197,23.089158038543506,26.21844325220366
ABHD14B,25.647262234758482,26.679265165979167,25.217158103176384,27.51531153669181,24.511147226854934,26.827586346172275,24.296410098613116,26.372938271439427,24.628181249869655,24.437524368048283,25.81469057926091,24.98617933743287,26.066895329384135,26.366914056305973,25.85086965045736,25.067314804638546,24.418243085742738,27.628252254082213
ABI3BP,22.536406302822062,23.586594889292602,24.10496322423513,24.59329219615595,23.843536528036182,23.715131097574528,23.603729416806935,22.38925446864426,23.642015793537748,22.935779233398346,23.452968074045998,23.668192694396122,24.243439435873235,22.739356860519642,22.43298263780493,23.513962677551547,23.16727023752705,24.8784708062003
ABLIM1,21.7584152243613,22.161605473663005,22.03626171945537,23.154803803709346,22.04549586890018,22.317171575770292,22.682679600540556,21.823196918810496,21.95448792821856,20.998089572639174,21.86685219453296,21.77410906423501,21.543439777659806,22.39185924335512,21.573116159092617,21.695912354537608,21.464481565900495,23.056290091590057
ABRAXAS2,22.10050199505828,22.08808427988772,27.242781076281396,19.353312469357952,27.68324675335299,21.593229747881683,22.529299766372695,23.00538775484371,30.16521487501368,25.750182803453633,28.395985044284867,26.089154768048523,27.41546178306631,24.43932614499264,26.82628195208896,22.235243892004796,27.055040679989787,21.434437607185416
ACAA1,25.751623230715,24.73392930989429,24.532404374078066,25.364333838935863,24.92546377810624,24.71399305001031,23.674433862800264,23.881468240334236,20.686652475437,21.06926547404784,22.555120295783723,22.129145471013825,19.396940197007616,24.02867447518618,21.00495405515339,18.43166828495796,22.768457126635138,25.24901903097885
ACAA2,28.974003609052833,28.1126846614733,28.348466353897415,28.01103306132983,28.694239135978066,29.99106268291227,28.24486023001331,28.182919651530547,27.01251108025938,26.91216367898187,26.83168825749129,28.16556604143965,26.792816051212363,28.080772899609588,27.325168369905537,27.900399818802843,27.714590180970006,28.969196221930357
ACAD10,21.056911544810262,19.630547327773574,16.83698732290826,20.28019144204022,20.118822286533963,18.878888076970487,21.60349974307346,20.424958077679072,18.21301816150474,18.489592659821174,17.657679186025707,18.975825285831867,17.413245607010026,18.18837127678968,18.3592811456959,16.56840157919,19.411474558965462,21.63700184640514
ACAD9,23.844326243688045,24.028308474084128,30.05149299735914,27.983178693048053,23.569380930512036,24.940597720468134,24.45584582499656,24.39261064322953,22.641562518916626,22.873455368230253,21.825024168045804,22.598253457454135,21.988630874976508,24.17804456455034,22.001576836450425,23.38692971973685,22.675287202951466,24.493455775052478
ACADM,22.72731870597329,21.74802120412315,22.53236028720659,25.781950666963894,24.127986947185068,25.32909502035338,25.163935292110953,23.195176412787482,20.86946371721812,19.97257829618484,21.620158858656673,23.54175709468004,23.162098282725722,22.688235831956543,24.025430520554504,19.984779397508518,22.881056021137287,26.79353758358846
ACADS,26.606283062143664,23.76183542480786,27.136037926995257,26.031143492213623,26.31942128592534,26.544416298730702,26.5061684539586,26.49105297484185,24.940972414527984,23.18170394365263,25.584080357893914,23.381943432201943,25.799521767425105,26.375094435816692,25.35624099509574,24.39692232765927,25.92794110977003,27.22562764801662
ACADSB,21.96035848929562,21.56541288829104,22.985732937581492,25.001907049950688,24.25708982429163,25.31089950275416,23.771873817775354,23.216118371313343,19.106839346966506,20.393125625915363,22.337305712955644,17.847729700602848,21.266085231119632,22.587835458205685,19.01609671317014,22.09909638616303,22.995136904684834,26.49567471012226
ACADVL,28.682294396993676,27.783668615959893,28.465595100830278,28.927325430960064,28.76109822990808,28.880736874874565,29.00686502635821,28.2767745982934,27.122056908262422,27.286536512040403,27.110278103170494,28.168606764067803,27.63845522008127,28.949653087095022,27.052463668744107,27.91407013742808,27.824359051351273,28.3056795400865
ACAT1,27.88826092437792,26.39616233911088,28.066420698213314,27.116926677756616,27.551513716493336,27.25632997363619,26.30895231410806,27.278436178169695,26.946427237597693,25.82496854769852,27.077770560010663,25.724907723498138,26.326795485654895,27.775394136510798,26.61431040536919,25.702820316497462,26.921746522875853,28.73744417710054
ACBD3,23.21223056160962,23.683537904489366,23.579757992914697,25.422944759033516,22.555922617460546,24.331631477470204,24.731509961396686,24.21629043579455,20.38330927400179,22.51628503469332,22.044118215858486,23.640239088658124,22.303833108452608,24.792104702304712,19.10995338507658,23.483735393790337,23.025841856215656,24.67159798847808
ACLY,25.320288652473664,26.951266895931255,25.06735247130109,26.794074040494227,24.937727909078916,25.686778385040153,26.441803276717813,26.011334625394046,23.601357346471502,25.588482939476314,24.9587725496468,26.09535000503159,23.435201652745754,26.852866723006475,25.061783857883885,26.466423214248728,25.04801029640383,27.17004499491169
ACO1,26.138364414847594,25.702155102970195,26.566971871606544,28.039773675212505,27.039795384509205,27.112627142795034,26.238613042465516,26.484253268991203,25.80082182492907,24.48705123728383,26.34990133206019,25.967059005946947,25.814762786136754,27.39333422339115,25.81090883130367,24.99597082048613,26.202233536502728,26.958085129712924
ACO2,29.674000225335508,29.525054419301913,30.160545425479174,31.15251904492009,29.755532140539184,30.015895336507995,29.751170953463916,29.381437504723326,28.482385184660735,28.437489200321174,28.560025866622404,28.33773975307998,28.742677612294596,29.44033286563837,28.763614498273373,28.46651536620727,29.227487885055933,30.65532841846864
ACOT13,24.400815216278442,25.248206115177748,23.826311728079236,24.962108671141124,23.66652276014016,24.119476096282614,22.83721601888963,24.46425066048266,22.30880524162669,21.03163695985998,22.942813537976974,23.585193437389552,22.718664360451132,24.527318599625982,23.00465969804084,24.414561353929535,23.56280453858307,26.619511491852556
ACOT7,25.53420501247725,26.730911406890126,25.94566315901452,28.00577262906672,25.623389788254133,26.53699087999587,25.799289382505613,26.236749388766615,23.36582257319012,25.846510226181973,24.957323105260468,26.52549661216583,24.775010185035836,26.555043122666476,24.255134798955254,26.611831115543538,25.237007909164657,26.552952428717198
ACOX1,23.4876211364594,24.200952927052526,22.818170934825176,24.44905079436602,23.499066794511403,23.344739020878915,23.440760016855393,22.926394413304305,20.352698903582247,22.05880059654372,21.899755185446057,23.067099582236988,21.379748222117026,22.952844523270283,21.759075425814164,23.74223023065633,22.746362153847898,22.947618413943975
ACOX2,27.594373657147045,24.938319424137124,27.601749818418842,27.956471760729066,27.636896764872795,25.980270048329608,29.02247227057781,26.182969463451315,26.38746530674078,24.557638933915506,27.209129311872108,24.887098956788194,27.06694334440486,25.937674301896163,27.638501362670162,25.131884671165636,27.063640647298392,28.402272106932028
ACP1,23.499462596245806,25.84485647457885,25.24100901248536,26.368594648480236,25.472280884440163,26.447178123633606,24.769137628030055,25.24712180525439,23.924205946997226,24.846715181519134,22.124995073251668,23.702361960928112,23.212994029961738,25.707736247330462,24.251629224290625,25.620126634856994,25.35128521185945,26.61879532440938
ACSF2,23.35895399585617,23.16413298853596,20.64759317396691,22.669625911431105,21.854367022611363,23.073348729693052,24.00594145207764,22.714050408058963,22.84238702858852,20.175927647722343,21.962990436109486,22.572907836686923,22.22104808747535,23.90054148814759,22.595452993475607,22.784578356460273,18.234435963376438,22.831309745942896
ACSF3,20.87469525740368,20.24814421514407,21.189739079532778,22.03942903613383,19.864140409222244,21.39102885886361,20.039950132658095,21.206916088084235,17.906916573647724,18.920128150508173,18.47064752731251,20.580041739230523,20.54873392382338,21.178573471660446,19.4408394948144,18.62804034870492,18.602102211474126,22.09461311182898
ACSL1,24.519691369552355,25.476001173644804,24.670904475515023,25.82334042594286,24.82981895603632,25.185193585387978,23.188081237705887,24.163140107658013,22.41809992121485,22.37770425627435,22.879461544146174,24.387382017171916,24.090363600730846,24.523690752895828,23.587636254374882,25.34503192879965,23.708195770484217,26.64286183141963
ACSL5,25.663629116593725,26.08266265164348,24.236955843244786,26.970425831480778,25.193022411381293,26.567316985373626,25.500193745388682,24.850566542143746,22.467489652993258,23.668747894994528,23.79848052392051,24.52723919152873,24.09182529996096,25.405407927494174,24.30426082319615,25.68840242254219,24.707864219797656,27.34212820979687
ACSL6,25.107640276136618,25.31510641206668,24.06994359337584,25.58345324182224,23.79204626969522,25.73443303147537,24.601889339010917,23.74446489110177,21.975072961830694,22.987723501372724,23.39109469798486,23.663381042879617,23.2613459491673,25.278661910543804,23.244366168849574,24.834770793484008,22.142750760615225,24.93972531762047
ACSS1,22.42711969018412,22.5825753033248,18.876937384495204,22.87096686510894,18.184308565134145,22.814994535585345,21.88309887519546,23.577290277927496,16.571646431068217,18.93246220930498,17.08641618704699,22.64209029342306,19.004455142372805,22.392569872387167,17.27912646818868,21.84754617058076,22.043878633824384,25.809393181178944
ACSS2,24.128230657928114,20.897444542480414,23.632138466753005,25.738845652348456,23.77611714844872,24.16706251914692,23.93012093328107,22.65598360087641,22.30803971210588,22.02473030632844,22.31995215373349,22.251447728784093,22.96825303628979,23.279767065769473,22.04613870175345,21.220617714725623,24.262273371409684,24.986159418179156
ACTA2,31.08029808498991,29.062688741366166,33.0044497506315,29.434608146357668,32.22365021052485,31.449248338590557,31.96337683953213,30.922525930771066,33.98052244955012,32.1712903061886,33.7465028061105,32.63459856259947,33.51681612336247,30.88290802817143,33.76385266611869,29.042891521284492,33.77726526867119,30.558896205292303
ACTB,33.047305332108685,33.2661354431376,33.261462083529494,33.57549339252748,32.77386602314144,33.43173565731361,33.78188965981365,33.36888897267853,33.589131844721976,33.508918744460566,33.164371352028084,33.87125185579207,33.29927235511693,33.138867670214516,33.56692427837032,33.04501638078954,33.84792635726112,33.43652075938218
ACTL6A,21.685387112133927,23.043390834339764,24.34059404316337,23.249613075360518,24.432252651181024,23.6983841047154,23.33322174897313,23.236340331356438,21.84576651649637,21.546755657825774,21.677400889726307,22.79090390123301,21.018696124866256,23.294069639028365,22.285587854377226,20.939707906689808,20.87038130124004,24.011074266461463
ACTL6B,23.32972377943495,23.99625410959542,22.3779289883,23.771724789124303,21.45439945071619,24.314797186287116,23.600894662109297,23.764841334022616,21.84204305863366,22.752543421928113,20.72257375757706,23.770648270232027,22.413438429889947,24.066762005238083,22.338896703600525,23.8307686243108,21.035392457584024,24.473377612471193
ACTN1,29.155142317763442,29.114079403861442,31.582561770116,29.139077073448103,31.347938373891896,29.83810078508759,30.054947203579168,29.834478435615736,31.983370060102327,30.132049682274165,31.695554910349948,31.17869173573709,31.535370377197303,29.862580537727393,31.263370829651734,28.46083531989962,31.380074733397436,29.114026439754536
ACTN2,23.826422939037567,24.879450030867886,23.42060776637094,25.574031038377814,25.1668637023999,25.564110525107477,24.880597026625612,24.48572618599798,24.55884973221009,24.008375624259493,23.018609738438766,25.44457057162578,22.023647961543883,24.98656833126583,22.67264809996515,25.40221763274531,23.302915157801834,25.621777825864886
ACTN4,31.011303008102946,31.372490011999425,31.766468191059143,32.63894677463776,31.522354090556775,32.24081858299013,31.742681204786887,31.220739799257036,31.689836103323753,30.760153252984335,31.33818867585627,31.76294091897957,31.06812560343423,31.777685629280402,30.928658753106443,31.02025583471063,31.626513746008683,31.795715753633456
ACTR1A,25.32016602309668,24.680514727952414,25.511069863720067,26.711615775170003,25.193206859996796,25.782921963566025,25.923317746358475,24.591785876134175,24.93443145917306,24.224177872682905,24.904312938821878,24.47716235927462,24.903759548478288,25.270525589770827,24.25354019993486,24.69828458021201,25.743657138565887,25.652387557905673
ACTR1B,25.716805216699967,25.01645640890093,25.28910031011495,25.6024338300305,24.84434447266732,23.76451819359526,26.18825071461995,25.744024536369295,24.666928724300348,24.08865983104529,25.392635137720458,24.57852389120943,24.36993096373755,25.901625157467492,25.066248876677445,25.468956380501144,20.98446840658088,23.033169423904624
ACTR2,28.387218952708135,28.836781244405,28.094173690710704,29.211620601583004,28.258254775745424,28.646291505227552,28.760203907268618,28.5442926884566,27.24058247782814,28.212503612115324,27.87120002125719,28.652756934129187,27.189088950817304,29.136036269393085,27.606624488466203,28.821202576660962,28.033953900129312,29.563032690265942
ACTR3,28.1396593902754,28.20619759812036,27.668271733202484,28.57871792450386,27.839558120459426,28.4898508745269,28.772590794508073,28.388000838303693,27.00801222387621,27.772322107184635,27.434226537767323,28.380507802444733,27.252654757785326,28.885160867689873,26.96132017097901,28.201532301843518,27.316263867503746,28.875758966955583
ACY1,21.97246550799888,24.56350931670554,22.50579201626877,26.60477640447375,22.478603539935452,23.491918507622415,21.53385993838857,22.43455461730437,19.691420782117476,20.304764487390386,21.773534461017647,23.84629361765775,20.43583463233628,23.227052891235214,17.877495195361515,25.237939695262675,22.45920807491849,25.803260520841718
ADAM10,23.90218966158883,22.992858936663524,23.802622139087635,23.935625631462823,23.093726407325786,24.252761762768127,24.04000582767248,24.356193107350904,22.022208704121034,23.30094240625905,22.89604625226632,23.71149914991951,22.7852285359709,23.916489243614777,23.034746534675033,23.018598503053504,22.79715512277485,24.252697402332924
ADAMTS18,23.868662171578837,22.86049958794269,23.05213999254323,25.172298853387566,24.024161412179616,23.70836786816916,24.215544975603958,22.61615496644298,21.562804977135748,21.60759130922663,21.850690458061194,23.68949435591315,22.306623512331058,22.594321361245395,21.86976363853892,22.587295180232598,22.53717552587184,25.745708970952116
ADAR,23.031345885126306,24.050513068546575,20.938416060651214,24.92629477312406,23.414815325469576,24.332993969308994,23.25088060427275,23.17872176682494,20.564897728532543,23.62155383363053,21.161113443139314,23.439544193726963,21.247909510525258,24.06567012850763,21.858850730460755,24.388623470472314,20.90485620825245,25.099660033405215
ADD1,25.2181235850713,24.16962203495571,24.635996945659322,24.23302099811592,25.04485933986888,25.353812945230217,25.3258643405099,24.95250097518979,23.921529025703286,22.42352634800601,24.854242239223105,24.155486077452228,24.31474105812161,24.283855278956352,24.546398678985085,24.027718202466744,24.11497201974935,25.38745084075445
ADD3,25.46807092760127,24.290536482794984,24.300976356370512,25.406635064035676,25.284184780129813,25.228911293541312,25.855165929234808,25.400998448978974,24.06688535932687,24.030230769996756,24.237012325351348,24.117546646889146,24.683726141669403,25.6048846894564,24.87113913091725,24.23082634310842,24.487710782648023,26.50663663682809
ADGRE5,20.52415614960008,22.867743992064124,23.00993371723048,22.520261169740504,21.063343000447368,24.125176759343343,21.675115963040692,21.629014681668927,21.721838939481916,21.227285469794477,21.094364703047933,23.872448775510033,20.866863371680267,23.23764573453201,20.206371732851366,22.85269496966694,22.257613099865527,24.14109704348606
ADH1B,29.38635237403001,24.88221057517048,29.057783268785176,24.705403862362317,29.282589246660905,27.406620206222254,30.26775566750482,28.13308834122203,28.212575551147545,23.094789111146962,28.705986906079456,24.57204172310642,28.820940048766065,27.961024117790206,29.285198193319356,25.41174243962666,28.858228058222853,24.231962149495807
ADH1C,28.056065320562066,25.328551325812413,27.04619907229773,26.7020594886907,28.446226221573273,28.47148704223799,28.147713315030014,28.003981548084962,25.90373650042982,22.565162990444428,26.91372380971304,24.157043544342784,27.419890761484307,28.539725560154036,27.19526025788547,23.966052919562852,26.628340546238448,24.502955519510206
ADH5,24.806265707077152,26.320634950873963,28.555825903278713,27.196654265755416,25.891369414035356,27.666377670717043,27.450863463326716,24.667854165443288,27.949080632311006,26.042232661562483,24.64789644461996,25.37503915939311,26.808879128564964,25.46325963260194,27.92328486269502,25.116805948555612,28.03205556311868,27.45539564553059
ADRM1,22.116782425974225,24.256195243417977,20.823984343891755,24.8148548656999,20.569418089691634,24.901687338506502,22.056111542273587,23.62933026134535,16.28167072692997,22.530673022623542,22.416452261810495,23.828036384333032,20.347033613283067,24.185308152412684,20.102227947048792,23.40242976096064,20.111050757510363,25.731884589263007
ADSS2,21.683360971741138,22.04771608624339,20.744961731311896,22.917062714723695,18.951304485335285,21.833430763447197,22.093490297806348,22.239182503066072,20.853377481303504,21.6971354644177,19.93510246077323,22.164293035062002,20.084480876869282,22.994262523342275,19.26608974149208,22.25141603133611,20.52118279131869,19.76649504783639
AEBP1,22.25355121120206,22.554184475693326,21.150068909892788,19.120192912594465,17.545783368921526,19.156778179480412,23.321839414333784,22.889649307162497,23.021581494013983,23.16439559465843,22.018383596783572,24.562627534455853,22.373197145581774,23.766805808948583,22.732976698237167,21.314670541759526,17.877953355324973,18.66485531806176
AFG3L2,24.057016645136624,23.412171226752317,25.093824945441135,25.36886059373845,23.169128631901895,25.62479321159168,25.11297034940366,23.374537532370102,22.634456722271665,22.816696181674033,23.85079723830347,23.094228882477324,23.776063592622155,23.871952712581006,23.883801002280876,22.447787853125146,24.222794565092958,26.103954210861858
AGFG2,21.465414003713654,20.951995286607783,20.356751548522396,22.321619232860378,20.160154402157712,20.422750117007855,21.79016667322063,21.92138324248056,19.37219068315433,19.685742531788843,20.117961317556382,19.85653724265178,19.762397927494717,21.23502097078028,18.670322583758924,19.32954377802686,19.874343212779348,22.100141981137863
AGPAT5,23.78076413601607,24.49994092528834,22.046668366888916,23.31870277774105,22.81141456414297,24.88549247459143,24.10661195571745,24.303356138427823,17.130639379162634,23.118858227871474,22.66769760913214,22.690660022480632,23.17262967991007,24.337731012950165,22.40615516355119,24.096089788308483,22.57959894338053,25.774422744056835
AGPS,24.01940590596768,24.372135379259344,23.049689061840322,24.36282804796172,23.189205980812094,24.309343278997495,24.263753305571864,23.889511318960828,21.60254060387514,23.867873114564908,22.371632916820737,23.562314974032194,22.601311709590203,23.90938175476961,21.615765273191368,22.76417543341429,22.84286505645659,24.326678845109324
AGR2,29.853315143574612,28.407899506910773,30.579242171783672,31.51295242613079,30.288238454203604,32.235052830018375,30.691066843683572,30.154618972745062,25.549582979623917,30.097177961275793,28.58518706781002,28.00926649244639,27.979447349792295,31.711977512021697,27.31723046146679,26.6607523939886,29.377799716625503,31.079437882136823
AGR3,25.780167820969226,23.662101944124352,25.84360939633013,25.818267445554444,25.72101950766395,26.92478892714575,25.27173970961892,24.941300019863206,22.77779245112683,21.490226996598793,24.621465507359193,23.094010067873736,24.329837845827942,26.064339078605972,23.705925644368424,24.493977874364038,23.94352573682679,24.861564276050288
AGRN,28.24057506906843,26.525645835355178,27.43939293728074,27.144562366466708,28.518621189520317,27.442085874990216,28.38305439690168,26.87015722752154,27.53971874654199,26.6841163252672,28.57670853007275,27.30296292968692,27.377434995058948,27.559972826286405,26.93902174405445,26.016536617166775,29.14745321379078,24.968668075398394
AGT,25.163363377703064,23.628957156346686,24.69227699135897,24.436258734212217,24.596835331643234,24.409170334523413,26.30512909417187,24.974802208017582,24.281065770781453,22.92826436419675,25.11899934875775,24.890026069793198,24.64155986482149,24.668311710342582,25.895844844850238,22.747171112989857,23.932068321193324,24.32399491075998
AHCY,28.64636484799603,29.969354923888588,27.99785647183511,30.273415427302282,28.488300202868814,29.75495993614975,28.947300428945756,28.84534297662419,26.983147887082236,27.978831291366735,27.44581951182481,28.581166412257616,26.604842856795067,29.60699943765826,27.484250214451436,28.999793223786817,28.03264889580008,30.10534415730386
AHNAK,31.723024639018426,30.35115758343045,32.33346010928257,31.699591983521955,32.09852162783534,31.42113386596517,32.507147921457594,31.2703137053368,31.753305126674316,30.019128046747692,32.046989937536736,31.27179406922841,31.755227146159775,31.825177177495377,31.803236395438365,30.415763276228162,32.14231322374724,30.18228023317701
AHNAK2,26.401333684781502,26.60735149290988,27.441061722397077,28.502452674317375,27.107774414100454,27.481478786589676,26.401238164354766,25.696417728611372,26.917047053332205,24.990856619142452,27.40143869774961,25.836064695483728,26.714647657583264,26.492097322613688,27.015851938138475,26.306214357975225,26.322252149712092,27.90044963576372
AHSA1,24.157477047497537,24.666986431121554,24.666343899557013,26.613347731580678,23.77066964904379,25.542412547032473,25.332531519890527,24.416409076308156,23.945164240922576,24.9745353982707,23.910030241592867,24.78921829821093,23.28220479830603,24.660424041360468,24.00345590765778,24.25561132721097,24.081179934711624,24.62207044961697
AHSG,28.034966601569415,26.528652937411792,27.685200886963067,27.8641140547549,28.72995904008255,27.946866471537124,28.63143338075125,27.54786665834795,27.300519002928393,26.88639773006729,27.925393539933168,27.442074023026855,28.16398224876402,27.392935896194995,27.392771945691788,25.043789659392782,28.431972778205495,27.196027862884456
AIFM1,32.44366524628349,32.60515533077273,32.23838879343256,32.800514795982885,32.35017386934012,32.86599419470607,32.26599062902016,32.54622146794013,31.95157964704056,31.36293037130411,32.218504138944716,31.70226020371701,32.57139308244805,32.57751946001956,32.10480088556581,31.175482518779944,31.962839866159364,31.788454579347263
AIMP1,26.33069779130954,26.791801487641973,26.546809699896286,28.01051546840332,27.476892445918445,27.49474052562397,27.02828027383489,27.111826030830613,26.87279836317246,26.176286903271766,27.29128266599286,26.887697331662867,26.6004999869686,27.500729006024105,27.332400052107698,26.116457238849975,27.431317935978193,28.05255179424905
AIMP2,22.206898578298123,23.268362207990695,22.00701226774183,24.526998942934704,21.84233144468049,23.617261928186082,23.49530599967175,23.410725995488583,21.384017731989758,22.312547212614607,22.500725561250064,22.66569187739606,21.295716392618722,23.957780273314498,20.87190672541625,21.891519534392373,22.583426702924665,24.32278975701024
AK1,25.464181060493623,25.536126627348377,27.366661266994473,27.760441298070443,27.09810027618964,26.354355729162936,25.93747254262047,26.2491697634133,26.301417509548955,25.66539558645369,27.253285040277408,26.48105132928014,25.99393400461265,26.33028181714344,27.0540488453658,25.216788952048297,27.05534496368121,26.953818185904627
AK2,26.645485159138225,27.314021129986546,26.91426858502957,28.350391602719302,26.837656123684347,27.833498945065557,27.737968492055334,27.432879012517358,24.754733631024692,26.01050639311268,26.006645125483516,27.068352955844365,25.410475656863248,27.681493225581285,25.52118943603565,27.2013842862884,26.818487007435504,28.93643579483968
AK3,25.201393350990262,25.18542436489983,24.779599900240452,25.385613233886623,24.832895004934954,24.55431865934038,25.035192014920984,24.937887453578714,23.12212566959487,23.66017492406846,22.87030303070654,24.71635070635632,24.03578540308276,25.131596342998176,23.179408442902428,24.192574627803197,24.30131571721993,25.598202047005028
AKAP10,25.991591823312913,25.4009229188448,25.78421105979874,27.366144983881977,25.185621507840555,26.01872700637115,24.823183217507754,25.13549992709137,23.81206013638111,24.871554360112793,24.498406185530907,24.299412888143152,24.511907486374618,25.231457824649997,23.821780493338515,25.03344437413367,24.99817771046252,27.129580469564562
AKAP12,24.993916143439666,21.953391044390564,25.54567429826837,21.24163020093936,25.47860464520948,22.828924372533173,25.981340049938233,23.983156044432416,26.437287114342052,23.330953955047363,25.408864992955756,24.854872107349806,25.07397713866536,24.152830774019233,26.015661722439898,22.460233362504844,26.449585501016976,22.269242699232496
AKAP8,24.291012134024466,23.022173596234758,24.749925027999673,24.773563167079843,24.96866227545642,23.73942787524809,24.104758749919945,23.453050746444664,24.22597807145942,21.2502721825806,24.659472614198165,22.906057525910956,24.000746953190312,24.716546196524508,24.570731092233565,22.60232982478136,24.400373403377397,24.1678498701259
AKR1A1,27.92371355617362,27.124143035774438,27.63404436014484,28.864807294965473,27.741267986176773,28.7282970946295,28.218088502368996,27.929256598009434,26.520553692636167,27.2302337764872,27.057176828429135,27.470759911663563,26.91779665513944,28.416895789307024,26.878638365708703,27.02205207206218,27.323673832170062,28.947859749206412
AKR1B1,26.48530674015741,25.539032533111676,25.558933364806506,26.96019423174105,25.15013463010754,26.538087890128836,26.948046299608503,26.47810849426428,25.211843932750444,25.689430990503602,25.700577626690524,25.421013879030575,25.184420899230766,26.554632907908818,25.569656541304134,25.598096712728196,25.79735604914136,26.9435499798708
AKR1B10,25.527744467595603,21.449754309866837,23.300507547861574,25.286260877512053,25.114516636662696,24.396031985133604,24.82073854488776,22.90430715412477,22.667309395537252,20.465218199177034,22.790456012070766,20.874505887729384,22.76144378591453,24.02390999512275,23.49801061578518,21.071647158331686,25.104995912717797,22.304576211222173
AKR1C3,26.079560542772466,25.715680562026055,26.10747816692666,25.876853073917832,26.187072199657937,26.487993620264763,26.385480760660567,26.519278795206446,25.16332552695606,22.8087925503667,25.876369015814742,25.290662721240246,25.583954960795424,26.831529610884527,25.575203203613306,24.86292512421242,25.969646801470255,24.942136967166892
AKR1C4,25.28683281305652,24.016908290317687,24.794442420793565,24.880706239166365,25.529700300180718,26.066550300874216,23.409288072751508,24.622040380658838,22.19235962379968,21.419148970751724,24.44684734777413,22.62745141135108,23.60543014332673,25.56317606094616,24.35337828901316,22.83576662486075,24.702372946841432,25.106443970164538
AKR7A2,25.43710641887327,25.00393047927948,25.705321022499053,26.60056275507396,25.749064241930938,25.608497392989207,25.540782137752718,25.460074316531877,24.55494389338133,24.204537313547927,25.263080261222242,24.850138377252893,24.533501467957507,25.81340583302281,24.842429247085658,24.7906619973958,25.63555210857494,26.279855232750368
AKR7A3,25.41712115123835,23.58497778341087,24.34849118659293,26.98732701332865,25.760525549116174,25.55427214479037,25.002127171437387,24.588112886986615,22.87871251246802,22.286794896369127,22.961791394271838,23.659728764263885,22.592707346312057,24.64645722701616,23.62169782782362,22.771666511220516,24.75738001100294,25.060029588105348
ALB,35.087923416273114,33.72694145344715,35.55693700835411,34.82856369843991,35.60517710600063,34.867575192762246,35.392248254090774,34.44635657736852,34.618830238292134,34.07547779678444,35.24953377767944,34.32665509406993,34.864106147283415,34.283717224157385,35.0108840953158,33.05593911476442,35.44290823626881,33.90182456410251
ALCAM,22.309567775281362,22.050709358392748,23.578586929876877,22.859271942553796,22.10168159464451,23.013721891122852,23.244948084262184,22.27690835692935,23.261610609681824,22.878823681391005,23.250742995013,22.830072988493477,23.311100524932268,23.388447022180962,21.894501557333896,22.159778273313183,23.39967578533786,24.801729598488276
ALDH18A1,27.28263187314272,27.904960053455987,26.05798732620747,28.85427852715404,26.51701899820676,27.319744574502444,26.49196450616994,26.45465109399763,23.27832244831045,25.23354703130877,24.110922954783412,25.830155369468304,24.4190166252272,27.826452767112496,24.172261208012642,26.743259831917232,26.01735708465127,28.864844506924463
ALDH1A1,29.159302654230476,28.369921488728718,30.44511598743596,28.77450969481602,29.835739665745738,29.285985539052742,29.187941500010464,28.650125982478862,28.50465835824201,27.21121041185597,30.06654910566634,28.613476546442453,28.983425786235504,28.32662112990335,29.520157283196998,28.009919574248226,29.086193373298734,28.188059337742054
ALDH1B1,27.21405136722392,27.130890538185383,27.74520158902258,29.608557745449076,27.375689190682984,28.95420578563023,27.988380094787487,27.8128633898848,27.927499875415727,26.741159711189958,26.777292853692742,29.073196133589942,27.952526942132497,28.020380926994406,26.89330863602899,26.16270776523767,27.612608842282285,30.468224972501528
ALDH2,29.661258903594966,29.64076165411911,29.037519898559523,30.26253831083457,29.545173432733314,29.6298452546331,28.56884264955083,27.899297760050302,26.72392841427628,27.14357511140694,26.882228474206002,27.552008615546377,27.916436087894258,29.731177717118257,28.340414587062085,29.125503207397255,27.775721981920668,29.877413568114324
ALDH3A1,23.193168560818524,22.882833612744403,24.746342495203123,23.38117353175935,24.582698848592372,23.91494731558904,22.94993800548288,22.0550437332272,24.81783933980325,22.424078604494316,24.2339723401221,22.770769359778086,24.483259720300296,23.956505816018417,24.09543617899916,22.336622058371248,23.68702599880428,22.812295589185005
ALDH3A2,24.702620111601487,23.30042538670449,25.920201837842388,27.586422803510764,26.895974090727936,26.607199141390144,25.108809681427978,23.844615934443517,23.30957376581971,25.11718737435447,24.021432748060842,23.29639633952992,23.69902631713645,24.099757229211,24.35502652238867,23.564221487255224,26.62995885463351,27.43971376281136
ALDH4A1,25.00179894548575,25.602712797107518,26.060197216017286,24.758206841507086,26.816680020649223,25.063748423869743,22.309918739157848,24.86413093147451,29.011981089782925,25.931577396949415,27.7750174885518,27.45545448831071,28.14863656656596,26.4811222949284,28.68246769695843,24.736315237637083,27.84107153726193,26.302668131510224
ALDH6A1,22.489185322846087,24.476146988100556,25.156471991132772,26.693098426881555,25.093799708515025,26.154651761949115,25.107915614955044,25.282487745752245,24.530939070046422,23.63575079316708,23.123241929342406,25.822841773435968,22.971333946692624,26.02069870062344,22.23675848337672,23.655612398365044,24.64662225347397,26.71539317547079
ALDH7A1,25.239356428428643,25.032241660270206,25.698398336750977,25.896131351834736,26.083458264063907,26.441213311197775,26.249633176597516,25.485378996922968,24.86850329783858,25.330718013372476,24.247766084510822,24.85042116749017,24.507027920846678,25.656297114396562,24.376453418159798,23.764940618289295,25.38098492996269,26.78886985184906
ALDH9A1,26.394396887754922,25.05235117497634,26.150909210127395,26.075567144041013,26.121123593272152,26.313763362555576,26.662415312682256,26.15701071200184,25.42238604818212,24.635642038222088,25.382450844088844,25.307840896353113,25.252769645594043,26.39645909744165,25.689345245009978,25.500795347421604,25.78499702275489,26.466593283807658
ALDOA,30.41756260893891,30.893761627804096,30.63324574765042,32.484463613946964,30.958761179422794,31.42737287069988,30.91245489763589,30.497091311877348,30.397876157539088,30.62974292261683,30.382856905684392,30.614467339618535,30.364616223082976,31.47093383101442,30.24799488106059,30.43338106943288,30.969289878070242,32.13387879450465
ALDOC,22.537217383448507,23.1778287423061,23.509195034616827,25.12662832983055,23.203985383098697,22.828080375423898,25.129821346783807,23.458351711617365,22.561243687249988,22.40613270982452,22.502233990670433,23.701871161019884,22.04895751437359,23.47798645751893,21.795279334017565,22.428765021466315,23.284523210894587,25.564725654514696
ALOX5AP,24.00965576255255,23.832743546245805,23.717207315976278,25.3652975581499,24.174794188322572,24.333005868692496,24.992309096791775,24.224388858102316,22.700669252620568,25.262694670494792,23.686345228866376,23.8604405252517,22.15030160911135,25.1905869464334,22.56878300352361,24.355034849184953,24.02821040957513,23.547737117862834
ALYREF,25.90893081445388,26.9788097067553,25.40925490125417,26.712655465914104,24.880218036006557,25.79883878652769,25.540711421402303,25.964855233206567,23.476387470326852,24.847635708671874,23.773837328744296,26.027751807191706,24.606267268191296,26.361488628638657,23.912824211466198,25.774891370806348,23.966945979300817,27.328420610203676
AMACR,21.56416095376448,17.118291715255925,18.932729796098638,20.04389436891931,16.967452069695877,23.213656790715195,18.33434496355806,22.34082400937464,17.772598880144855,17.45458702902071,17.13172327999156,23.389069306364053,18.313609934685207,21.808635569527397,18.013144151208486,21.633497635597063,17.850403521200427,25.230258077310708
AMBP,24.100581199277645,23.962710510444104,24.18572513830543,23.94741925888534,25.668180391132754,23.961944499582472,24.93162582307806,23.496443049041023,24.794694882218977,23.67297969339557,24.099305520384277,24.43990683196144,24.781638507860364,22.53967248422109,24.986814910104076,22.91595235729262,26.05068948397356,23.723113103580836
ANK2,22.807893093302454,21.340335562792163,23.704926033318127,21.76822079939079,23.206599558384454,22.493117141342648,23.84337411981567,22.583056575560455,22.70621718273141,21.239461407766637,23.340130397831697,21.169357998406674,22.060718734979837,21.725323290194897,22.675916290612598,21.043507399317154,23.190340881831396,23.378213789136144
ANKRD22,22.338696329676797,23.069177380772306,17.429830551326372,24.130402061175808,19.56709591919597,22.742299244474644,21.5523789119244,22.095053021225944,16.599970401071648,22.980425250300325,19.130942269937634,16.405118089481405,17.968528524522682,24.123748468793252,14.750622389217797,23.117138425053003,18.414608658245793,23.397920499333186
ANP32A,26.71033491063309,27.276578745995604,25.458015617153162,27.38065808072855,25.94034828884424,27.74609818456197,27.379861858462462,26.850296600956906,23.95381448472626,25.956345888546107,25.306558172485538,25.835804969565164,24.491346565378567,27.279453034583096,25.342549921369493,26.164861189134683,25.266363882911023,28.096635860620363
ANP32B,26.758811193538932,27.759260710952233,26.519283028139345,27.354331882903743,26.20867241153381,27.85655381607818,27.43198250841688,27.47115755640793,24.990486630341568,26.711743973944927,25.406993094819914,26.918872422695937,24.768110948769532,27.305513934121095,25.720052906728373,27.09679425615325,25.055598449822586,27.57546427275387
ANP32CP,22.828009976842093,24.146055463142748,25.906764248706697,26.140499887341733,25.295596551638003,26.830906914980254,23.906451157696992,23.81944489272336,18.358494419276703,23.129439153737117,23.76689808426235,23.70339392653717,23.497167327204274,25.13116445354389,22.880066625603572,26.401088866155163,22.435586463754767,26.75690552611682
ANP32E,25.082722890724767,25.86666309931114,24.01980137803901,25.158603913887777,24.57179945174131,25.543919750348795,24.809446576286014,25.791919314956942,23.080090553225403,24.917478727167364,23.21531065220234,23.87136428701883,22.443700101397674,25.1873167053158,22.966065524874356,25.41817423377161,23.731511103742296,25.954170835747256
ANPEP,26.162733990304798,24.9747724246424,23.85220794507197,25.106098982986214,27.01308630254407,25.607530773083347,25.722092212528562,25.32593387948402,23.968439207156422,25.16449567095312,23.549378816611377,25.296997777857,23.30124296858815,25.500780044690902,24.349227040924212,23.73918998285756,25.48152237791408,24.632399873740678
ANXA1,29.382704923876148,28.714387620890427,29.192842454187186,28.789664332732123,29.132626624498943,29.318847572379912,30.522727353396313,29.119004735000793,29.44161641133548,30.282999248339937,29.344552090119222,29.71891937138448,29.577846605742675,29.27324977673311,28.81015853472261,28.919844487936988,29.505158689566425,27.585041248359946
ANXA11,27.407573966807984,27.596358743204362,27.070726466744368,28.247853619667094,27.095949401132525,27.281795051202902,27.737158510983157,27.401227156467854,27.11154391840683,27.504135368838565,27.13751503830553,27.41234453152827,26.695956000816036,27.97997009760481,26.76040968518729,26.848224838008182,27.05227985167396,28.461759728363
ANXA2,30.14681633679686,30.165496304691228,29.27842508302664,30.447263209296985,30.00456733613762,29.9679177469961,30.44208314639286,29.368552251000608,29.18208241428756,28.230258368847945,29.664586655580393,29.75200327864525,29.47775601993681,30.63135808592588,28.95863945727906,29.03622131440347,29.698829959265115,29.303237743698737
ANXA2P2,31.537579577592417,31.904353364931353,31.263439328694282,32.58113049623066,31.681043366091203,32.31026168002688,31.275579580799352,31.23238453981944,30.94471887038574,30.15516969547608,30.596278577046466,31.19105778387166,30.635853517899708,31.651273298279875,30.658446176945368,30.45073985675479,31.327325323246136,30.598407795585423
ANXA3,26.567583327366112,28.269224271582328,26.904107924920428,28.496925692354196,26.068214165085852,28.990284646502307,27.371141624079243,27.628228137304255,28.127708261320855,29.089491605382097,25.987253789762264,28.27063186883103,26.017536789355187,28.47304207438882,26.633584553508616,28.087744584403655,27.850116015194796,27.82234258483178
ANXA4,29.225855911273104,30.335236785826776,28.94986795165263,30.653925207248506,29.091872091745007,30.906316610457,29.115445827071284,29.676974526068147,28.560549385501616,28.852311360411942,28.48507795065117,29.22887304600738,28.06947551006028,29.97935205856483,28.21885694516763,29.483273955363263,29.32457153400948,30.414576753820754
ANXA5,29.70390380108287,28.650004764677398,29.74559685137222,29.076635986973518,29.825341096754727,30.22931600193739,30.527077234805393,29.877383924463988,29.72951966925869,29.384021840878816,29.85157339919425,30.10899918122011,29.506790234827605,30.45889695286317,29.323510542557823,28.873308744513487,29.43623254667812,28.7126498467885
ANXA6,30.269562544987956,29.98580431083143,30.620665743315993,30.04684632184053,31.342531818410013,30.133182041890866,31.53885415433907,30.523480651040035,30.942326286810992,30.32563816633276,30.82805902780105,31.007023202712595,30.342669763032667,30.42506305964417,31.27632501709542,29.601116954942942,30.730776119167963,30.444364059938163
ANXA7,25.93846731714784,26.504477074737107,26.0631580223037,26.403697840221763,26.088742719783234,26.725184373863172,26.9527036241751,26.533142141372316,25.789406452689,25.49071509313917,26.18725202729125,26.300891166754106,26.283403340696935,26.77942749909973,25.490619938163757,25.817117800924947,26.22801733855623,27.39978714959155
AOC1,26.26059463703167,24.563805660739416,25.022294050794095,26.074270001763885,25.658742453028616,26.262403140377174,25.74346456578223,25.365047124629562,22.038178941095453,23.177285671757108,23.973948414950925,23.778508176598855,24.61535559900867,25.900522073919692,23.789007411643123,23.583121444628922,24.788177001967995,25.263040612631187
AOC2,23.17050681091855,21.67134193031333,24.598788576092705,22.15105121215412,24.879537194384103,21.25776880280848,23.777859048254264,22.451079116530998,25.3441455941395,22.261137870061404,24.014205991477116,23.064710621209958,24.913405511147317,23.190519826604056,24.908550661298634,20.968202917097756,24.538827943304952,19.454105452903253
AOC3,27.944555146512236,24.33726532136568,30.454602028083876,24.113263817012385,30.101195574853456,26.163777471587263,29.040858453157266,26.63446122531469,29.622364531512147,26.665988630167043,29.28873054087758,27.68109999352736,29.057160131784197,26.777209561979564,29.844900248485875,24.131557882388414,29.612974497020794,23.873208250630523
AP1B1,25.747909897574136,26.15942314446451,25.752949662764866,26.870887052101928,26.434296907080697,26.85945746229161,26.32564988521656,26.048988850701555,24.347270836366047,25.842012321347852,25.079124509952024,25.270700347210592,25.3881142575738,26.750577530964676,24.97294917236916,26.220644619569498,25.383116228762304,26.16131939129669
AP1G1,24.35806657384033,24.409457628108274,23.342041713667555,24.97483053331552,23.627961910366615,24.753829196007356,24.10447021856745,24.217479758688626,22.976277324860998,23.221227985188627,22.962347083442182,23.90085632677994,22.860407587742145,24.894706166595398,21.936773221431633,22.993122928054966,23.193763739223897,23.413646372115256
AP1M1,22.74851365358482,21.56111075844867,27.513255342914437,24.569407055659315,27.025524336508074,24.355466507675345,23.611318958080087,23.84452207665846,26.455457651074138,22.066584825269377,25.787761251043992,21.65249833290425,26.57895770874503,22.266769800053464,26.12657988602289,22.195361548577328,26.326496558792066,24.273380069565683
AP1M2,21.5134925998801,22.212381321197935,20.580928316807782,23.001488252133885,21.76987410185931,20.711650507225276,20.558629067011797,21.915547573295058,21.143581604220188,20.4271477781009,21.036165396673397,19.899378946205502,21.776770546095708,22.330467066828696,20.27354267538677,20.856573319317917,21.738712331917323,19.542269695234026
AP1S1,23.799504265680813,23.69216051876594,21.993434689980823,24.08658160763179,23.619260332666403,22.92153794435639,24.627838752935588,23.719347143647738,21.82029270920463,21.74855384029112,22.385471946346716,23.05632319466223,22.503496993184072,24.109166534956724,22.107353349433073,22.495040875077514,23.101066916763404,23.54422600336626
AP2A1,23.376847449028293,22.99933980471751,22.361086118944545,23.579719577147255,23.06757020330929,25.26940312631447,23.825644078090065,23.04520138321046,20.77227716093452,22.324002484264504,22.36950376049564,23.719199573450204,21.13577736494058,23.99203430977366,21.292949890919505,20.816222993382755,27.730083542676923,17.58556181198836
AP2A2,24.57048761985351,23.48231620458444,24.691120910551085,25.521515483600826,25.075183851960222,24.94236310985126,25.258769404257794,24.293368232710147,24.852755637832537,23.867403876400342,24.048086271909174,24.555972450741855,23.638095672427305,24.386582699865848,23.889008750113973,23.86095367801934,24.743280878020744,23.90481546744556
AP2B1,26.45598791946898,26.28209621480578,29.863822360952792,27.348202706211783,29.50331075661227,26.92113983580426,26.708301703185615,26.3813677698126,25.055050691127256,25.305264355500245,25.56559619685661,26.608538070626533,25.44566225040332,27.329277044468625,24.67342168791358,26.312985865459673,29.88098808729594,24.67643945214793
AP2M1,26.112224639008566,25.41412756567654,25.525407018349043,26.591642081159044,25.892423098621652,26.477932303881655,26.674591603649,25.881031150495154,25.18296761779421,25.431272300188684,26.147983192352193,26.395915639495644,25.129250277053465,25.799149426376992,25.973589957425606,24.100961872273544,26.261852519156523,25.42022545470206
AP2S1,21.34136024220722,21.924074958964688,21.80706129316911,23.01387965195428,21.440950528991465,21.655933329245755,22.16486606636033,22.522986733524302,20.322137480477746,20.76209958749719,21.16582039506324,22.610644650635994,21.07580940979162,23.0149149645624,21.351766727834743,21.625470478648424,21.79416517531041,20.772268772845297
APCS,26.993847207967654,25.85789897756649,29.018795449526372,26.151968664921256,28.910844767167216,27.026177021037395,28.329639517754696,26.69648509048907,28.381107664512516,26.91932247122204,28.125865882943774,27.331477155963533,28.610181986517954,26.5312896767299,28.95690549186505,25.578573719120282,28.6469714176264,27.110188044286488
APEH,25.398771278097723,25.615007825549682,24.093359279089178,26.392511539255313,25.639882237249548,26.658392586773985,25.834804085521817,25.74718533085353,23.588905884490174,24.75548536881836,24.542518235532327,24.895732746032387,24.405210906045046,25.66081922171418,24.759172694879314,24.091858096027014,25.191761425065636,26.52294269788748
APEX1,27.20546272253828,26.789668076094234,26.763285479515247,28.116983316774295,27.534316842844788,28.31442968814819,27.870959756720932,27.38390966313636,25.660821706403905,26.85864014823745,25.689814241122576,27.031627669198674,25.98152117264639,27.294182565434184,25.919752675090262,27.487762681672873,26.819276932803074,27.85697387120633
API5,26.06422732369665,26.33384748035698,25.346870503784153,26.356355140492038,28.932972992358547,26.211129945360916,25.521833775323802,25.761135137340883,21.52969593032836,24.993546307280663,22.583104049852597,25.56882438837344,20.749084872036992,26.044766450608826,22.515903117961706,25.7543405076839,24.222997617904568,27.419956124984996
APMAP,26.18508316959859,27.176425207106487,24.8426238519658,26.463089220758622,25.9103211283617,27.005813714865653,25.658779751462813,25.935679087896926,24.29991697501739,26.53854583807196,24.47573127707865,26.898696209187634,24.45305989970131,26.470389078424777,24.617403248468023,26.766142894141563,26.278120689858817,27.70771410819777
APOA1,31.756011330441286,30.8410937905806,31.81030197075352,31.44215638565736,31.99988558660085,31.941483207606773,32.630665016787624,31.347389352612172,30.990796028965917,30.939655044283107,31.79090659756685,31.128346449051563,31.95381007529251,31.19075566533237,32.155125880119556,29.80469566077019,32.81753229618467,30.495054682735773
APOA4,23.97447562057103,23.614561149867093,24.269691512251047,24.647009663734714,27.121316835103915,25.666063326476543,26.314324894751522,24.709968965081305,24.632940640450112,24.55162072155261,25.962743847663553,25.048081643080184,24.752328915283503,24.694794193913207,26.063630291970664,23.228507650815693,27.51097705310342,24.768848771311955
APOB,27.962591662640552,28.475168630195828,27.548602688438848,28.477826088331145,27.161406351555847,28.079316622676522,28.88067834148638,28.546050641628646,26.397064340930736,27.646326100974672,26.6320404739904,28.16920646384714,27.61780586828123,28.771102142027313,27.383672550870724,28.121947599457947,27.157718431430208,27.747904562207175
APOBR,25.683454406371,26.98558264480929,26.77822516436701,26.793976644120654,26.788840379771738,26.91554781633392,27.266402726058196,26.741122364201267,24.580253893915042,25.77127135919319,26.242133472522433,25.90944876537908,25.388116328338157,26.64284558581284,26.313651751272616,25.85362012340672,26.645967386291144,28.016450792396085
APOC1,24.550928645898985,23.69123073950889,23.913119343670925,24.97567151557928,24.154126898459545,25.227700509536056,25.135109247557025,23.91966198239244,23.881170488696892,25.283846052847615,24.388363208775118,24.46239024248291,24.415210131313547,23.98016963629856,24.87656581626844,23.217070514864133,25.569039384637637,23.340872777548253
APOD,24.97510651262923,22.456910835914176,24.21324513831506,26.150082571153348,24.78518931003497,25.40008973246131,26.362113536721736,24.116215687922157,24.884975990881717,26.328155280704763,24.087605396241585,24.82849912268352,25.814958797009112,26.46231190967923,25.603941234959997,24.317175070013217,26.2743417465161,24.198842108748085
APOE,25.712357904053032,24.64970723896499,25.52798650939092,24.545245825939887,26.392765394880573,25.24117054790425,25.25054437960249,24.73474143812346,23.971809698586707,25.394025718119998,24.301446746066937,24.54561402833003,25.638812134432836,24.015301798611414,24.88580124076012,24.974554937249287,27.014270813368842,25.20656869050235
APOH,27.05662717339405,26.226996454377762,27.3244895389623,27.25905920450276,26.84732098646716,26.730175827502986,27.49804176244254,26.769298183223174,27.47553548065668,26.99907823598695,27.2102539504635,27.221226246219448,26.719865535652392,27.37187035177432,27.22201139665983,25.906435795355378,28.295482170801574,27.120195160826793
APOL2,22.893550528218938,22.807742618084447,25.980512824032857,23.851398032466427,25.83618251469031,23.75077949079039,23.423331054157362,23.423219462987,26.327604466030895,24.37521191936396,25.245533395291858,23.9715869695349,25.183224200061463,23.599407529588806,25.732770413257924,24.37128778013243,25.862526498020518,23.71681132238878
APRT,25.202262273547717,25.20525291403357,24.606541957140372,26.49181210463529,25.77574921377805,26.03206586839748,25.193306979574693,24.789075728106067,24.14739475746267,24.467933530740847,24.332644711416624,24.901515875956523,24.15144014925127,26.279190450953475,23.943210655031283,25.60316252647636,24.763392158511444,25.89859199877603
AQP1,21.238323189619184,21.41221753388841,23.118461678043705,20.80351750514547,25.83295902944843,22.06369180973484,25.578683519294447,21.550806973981153,22.97806481894434,20.976331934293476,22.221980810904597,19.55347086675526,22.818318814275663,19.686856217211492,25.654562113682918,17.77173050589722,24.01055452583764,21.587441255157042
ARCN1,27.441485818860194,27.019428537071583,26.5120831788831,28.28124090790398,26.742878975215852,27.963505151109914,27.92547665319634,27.870469831269258,25.008227576031935,26.934131852226148,25.874371850469643,27.109382157795306,25.93982791618022,28.267184644680228,24.911111175373417,26.955152675944547,26.029706803078156,28.376738169940612
ARF3,28.333049116850376,28.384273200939564,28.393809222628914,29.52528995047661,28.06743372695716,29.159437162783554,28.760254507609865,28.382338589160245,26.000608014091693,27.34089347937014,26.472575877745474,28.221191688682616,27.09621338969638,28.608645114698554,27.15771996809582,28.40412451625367,27.530681700955167,28.972631604944947
ARF4,27.92487743223515,28.294742103061324,27.83508204615609,29.549861334006284,27.942004387936212,28.691508062188767,28.40237693984543,28.774911160578025,26.74271298161116,27.41684486338648,27.334516794617713,28.099992805413006,27.459252948830226,29.32113417484382,26.54459044854597,27.169154676459556,27.141606832624383,28.885442338901388
ARF5,24.74651193213732,24.925953181881162,24.54590435562885,25.558285412771866,24.770849570018395,25.205532084156427,25.12581006533367,24.942294589124067,24.74355278846945,23.915773578993758,24.809357889897793,24.733658330186934,25.279844129438573,25.61314237355625,23.685974689480517,24.638941789031463,24.649099669995472,26.618905248006712
ARF6,24.0875344735855,23.65590029599301,21.930090871188334,23.036894841805644,22.99798968025783,23.00644949702357,24.001541223339256,23.789774974458485,22.80018810111146,23.287244867148626,23.102461654796635,22.978202374568973,22.928424173907658,24.091795162875993,22.69385193423795,23.38198675714182,22.70386538420519,22.405601624976548
ARFGAP1,22.338080005686322,23.636289867356798,23.31283670084234,24.64218864686724,23.661189425652257,23.854483322257096,23.48824105353347,23.550929164948858,21.535672824014586,21.06755269525265,21.383491333038386,23.39534659181076,20.644421039176056,24.23271766764463,20.998885399560233,23.062494172178504,22.670501390212106,23.203776085533956
ARFGEF1,23.353207922082767,20.601524489695507,24.511703182058252,22.001606377310978,23.495844206637585,20.600868906185884,20.640920837669384,21.87914452431471,23.535386780969894,23.16996215579793,17.5916781311297,20.606724332534498,24.52050336002453,20.97180578022287,25.963896920532587,20.472101547305876,24.878128564492645,22.36935516019282
ARFGEF2,23.851592126842817,23.730937604444154,25.716247831773206,24.427020660238075,25.841209729841903,23.34954131215078,25.356303872237483,24.15339793068977,26.04992839772443,23.24241934558082,25.38162167458347,24.038095662558618,25.460350690822654,23.582841018665167,25.29189625646415,22.827627915331067,25.491661110031764,23.976653476209716
ARFIP1,23.68247651173645,24.456049053945023,18.119673146201382,24.809786156598786,18.42246554167516,25.31820042440018,23.24712270404073,24.71693314298353,16.288060272503,23.509021344718366,17.22942925931738,24.22751095057802,20.456635999692292,23.885110758594244,17.618944205142146,23.60625995505467,23.957991540196485,25.392178138157202
ARHGAP1,26.189560452798975,25.868647771932675,25.828060683762647,26.75482800203308,25.689103333371936,25.813432354152816,26.304233914424923,26.059410557126462,26.331153589079275,25.202324134425115,26.237754315289262,27.371570201195556,26.303895226531456,27.311235087721304,26.106513070611054,24.648536246002376,25.90729432370595,26.483141636079655
ARHGDIA,27.42155152313941,27.684690876153525,26.515796900578213,28.514422604834262,27.541932523209315,28.279046785243036,27.504169037971852,27.62041271663928,26.463965316233732,26.861010934598557,26.816406447038286,27.529617527668616,26.80132825016646,28.394166975216574,27.14943131773663,27.761722000420846,26.589399236840435,28.850045929159084
ARHGDIB,26.977741275846288,26.916534601171705,25.389844407047494,26.338634142893298,25.87665010718552,27.33583350256878,28.401546414105045,27.922648134065707,24.51046563384209,27.79392461122758,24.73199812180019,26.879836189739528,25.366277275334884,27.511405684510056,25.629254073350584,27.865219261914653,26.4768845426537,26.479253813774708
ARHGEF1,24.59536952589426,26.532063279221365,22.045953807946027,27.904790412338922,20.06024729091362,25.925862597323995,25.28955988056686,24.780310871672707,17.13526874777869,23.91778151863624,16.89425913169464,24.181110256326924,23.51154595625139,22.813249861004337,24.117576394564434,23.96511334136407,23.310869180494283,26.83998567570774
ARL1,25.275764954244217,25.33544840025977,24.162293825048426,22.28208890588161,24.20500868163326,23.733326105287443,25.483148062843128,25.522710690697757,23.59112950825731,24.26943578629726,23.869913809778147,24.85180535521197,24.60024828088859,26.587876026462922,24.0430957526927,25.234742852443667,23.067683142689138,21.903170769557565
ARL6IP1,25.057448233101624,24.72635538138446,23.64673036991011,23.091639679214197,23.79609336924253,24.792532333062848,24.65363051658048,25.020726411160354,23.52984022452676,24.034674014161563,21.880635283323194,22.810185529985826,24.261523184049164,24.63352677017325,22.532440304359554,24.096818913047613,23.235732897658114,24.464759801153946
ARL8A,24.84309727457118,24.32028543654367,24.73595624215531,24.825252644602376,25.8059863615729,24.38040047208447,25.03921569796549,24.616844833669926,24.112694656671636,24.29410664849965,24.91955155058004,23.767058925569778,23.269488666191467,25.217193921276664,23.90520933777736,24.834929549104935,23.54593360895195,24.82216280261684
ARL8B,25.22892992932903,24.679187498322307,21.370715242232624,24.443900239601525,22.084074126959262,21.97488362982272,26.082349133345645,25.27263163127437,23.832472030716367,24.68898850438239,24.289030650023154,24.907168887973757,24.154143575936818,25.55930786621829,23.946260621693668,22.8527517565773,23.65144414058349,24.857631423246602
ARPC1A,22.81236881598584,23.664392019903147,23.955548692736535,24.404132237537784,23.53442095390033,24.386068689940043,22.245380173484968,23.67285282056925,23.819154693780096,23.722090683522147,22.232222953112338,24.186987483674272,22.445597594717555,22.334526025741038,23.16338922485869,23.70085494456892,24.174460125214,24.729633980784897
ARPC1B,28.27482647580752,28.703742535181057,26.549297061618894,28.829342458368007,26.97445348695894,28.431228449865962,28.86051310529529,28.20053597198852,26.206646413033965,28.014396604409214,27.03587238574901,28.338888525300018,26.34984049690087,28.843527773604226,26.65351436994971,28.213145538110673,27.07646686755059,29.414625924279623
ARPC2,28.355447135087175,28.41279786368714,27.48830032941506,29.2487523181517,27.702453301604397,29.08933884455658,28.972255984191246,28.52230786164755,27.057077342038404,27.987332658704847,27.407648697786165,28.44826967306353,27.208846705447257,28.84623057169241,27.138066871587156,28.15255626919915,27.239602057251513,29.351784480818242
ARPC3,26.789421838200873,27.142708323073666,25.863161333347108,27.28553690682656,25.90406319330771,27.298325406508454,27.943673179099964,27.274359032341998,25.782437071017537,26.532654716746126,25.98884451192108,27.015206233596746,25.69342572056485,27.616692688853583,25.578312615184366,26.847703643181493,26.261956584460602,27.36405263607126
ARPC4,27.178868733186196,27.19441697709337,26.970705848115266,28.4116787368611,27.37121482682384,27.6602647246075,27.392688447887252,27.304500386237233,25.43194255791917,26.397183951271618,24.995390879650937,27.17228913501036,24.913820036720494,27.937910336746437,24.894755915420813,27.182720836773214,27.035257877942147,28.00614587661334
ARPC5,27.417398903849545,27.265723503441485,26.878272366212542,27.83158295053051,27.28460114477103,27.85658201580428,28.345645003723078,27.48922756190685,26.219048059303102,27.338512920454704,26.4887333285608,27.62498762751082,26.565581764296127,27.98086793894159,26.734705559470953,27.629922813344553,27.024828011069918,28.09326054156631
ARPC5L,24.437048868143897,24.810322678214828,24.362517399818753,24.895975839047697,24.65494282357005,25.432123518540216,24.254637933091832,24.606472725002405,24.27057291362975,23.93557126481161,24.240749943297416,24.562426320315282,23.50163379943518,24.645324756978464,23.95992785221344,24.24247995490622,25.115930320565514,25.36965346169321
ARRB1,20.061678699494536,21.795230911995294,21.03696605718091,23.247123587627005,21.51089902108575,23.050454519854757,18.976274599218087,19.351183986106598,19.32223859702729,18.75266705352904,17.35675832526205,22.08175209565884,16.885861406359847,19.4509803135063,18.639872567763327,22.23903319503026,21.025382581326483,19.485042729452047
ARSL,18.264282406544307,24.04555204452962,18.4516685817078,17.663261012807254,15.68285811103674,18.647894521896244,15.330787140572328,19.48638938397583,20.97373311687292,14.649889789452832,16.50471110795035,18.64693181791124,17.584202709239655,15.538999816870653,19.94593708522882,22.51732618671513,15.367692137142164,17.08357819002464
ASAH1,26.844012853127175,24.60538746684749,24.82922085845345,24.773538651097507,24.89638300457763,25.059290838425223,25.5341718267507,25.506645351427654,22.850048587946244,24.911193018479338,22.50404759262237,24.592131004581095,24.719020151568717,25.631086366309702,22.442505774340383,24.925719307664856,23.839370591795586,25.034628208961426
ASL,25.08280631111536,24.377622844747986,24.611278541077592,26.86648268037495,25.19608209934911,26.348417181074737,25.31777241948383,26.21437676928245,23.732847080549572,22.91046573147164,23.998245024097226,24.51337667477903,24.14692012821387,26.167837427212863,23.322378010706117,24.28491014511247,24.65079815155468,27.565971341090023
ASNS,20.873682777418612,22.535252188244662,18.646426514124432,24.317369184617462,21.105722815368118,22.758343672893247,21.86340354978409,22.29112300631778,20.38076982130595,23.03947583915025,20.16520607416742,22.013142338561554,20.17726103318138,22.898496697148055,18.968247977697143,19.842861315178556,21.424397902114915,22.891343825733912
ASPH,19.17487199846322,23.21946295479131,20.016580478367764,26.585304520750416,17.862922003977303,21.531157903905704,20.823881568096102,19.269484820246632,17.0620364681478,18.911197517928496,20.41028692052144,23.53414954613772,20.07356688834446,22.82209625172957,20.745668635997756,21.801209783734702,18.26707644850414,25.01610460866002
ASPN,26.273211030737336,25.38022017133452,27.688443033570522,24.63228909899706,27.80648104758712,24.885004135537166,28.832397147657822,25.554928839344914,28.446157599758223,26.207823955192087,28.1131076092615,26.53858087904263,28.55222674793531,24.39331180781379,29.127946330378883,24.65049448855258,28.062324613489434,24.041762078152317
ASS1,25.342581304668112,25.276811507915617,26.027094228327158,28.246511492510184,25.651688899151875,27.40616218303752,25.922613814869795,27.01911616290685,23.837371899266927,27.79021189863851,25.399627220068552,25.661267003450646,25.70179757866686,27.46501417166652,25.32894265521782,25.06033202608371,25.384259307001113,27.30350284382378
ATAD1,23.00759295717989,23.40408861260269,21.868387107471257,24.374169584302848,21.68421041393713,21.320791512195107,23.32832272808617,21.358456619467425,17.740414542997474,25.310648714744918,21.947583647428736,22.641817825236814,22.372001740463205,23.171394793696006,20.758959265154196,22.584110646164014,18.148221451362346,24.377695801879476
ATAD3A,16.58603675166981,22.82860435482545,22.91916161652896,24.7054658240713,18.828820731138126,21.64541805225666,18.737510116654285,20.151675104991376,17.959988560379724,21.188300556158506,16.957675145089382,19.401815240080285,19.33703462008549,22.034115726695045,19.21613860969344,20.453765388784465,20.23139115104375,25.529053276871114
ATAD3B,24.79670576977334,26.073988018364016,24.99346197725987,26.964576346639948,25.106787263798925,26.485340515219,25.546011284042592,25.490841331768017,21.744364474391215,24.966495020752326,23.46036048147187,26.010497199820517,24.091707529035656,26.47679466014119,23.727711354583626,25.716415152695944,24.681121610283174,27.424947547766173
ATAD3C,24.436672180155757,24.658949818304166,24.999424364159278,26.219885957544165,24.008117823316844,26.61094296989788,25.03812331745754,25.105733491206305,25.049904654477537,24.094996136121775,24.244584635352126,25.947464297905427,24.802513372548958,25.078247023838973,23.550829363268765,24.377747191606634,24.375047870292928,27.779168936096127
ATIC,26.89064730258224,27.8896240361231,26.99648648785113,28.32595241987242,27.659685078359058,27.947697559401693,27.7361823610152,27.01165920809421,26.419871608100596,25.92562567938948,26.630257057650958,27.143126145337213,26.67891106847317,27.944808471198122,26.3269982765399,27.39261306800699,27.135227390655675,28.826755346154012
ATL3,25.282690835984265,24.083722639940493,25.05974274479416,25.084689498662893,25.112146665905435,25.46127852975842,25.996911193513103,25.140410436090434,24.61757194852908,24.69709338009968,25.068290439551387,25.18089103704745,24.732269824817312,25.119421441769337,25.055063752834805,24.529774875619356,25.17345380961345,25.565185441283496
ATP1A1,30.681735175627573,30.301897380724483,29.898450166100048,31.467823018457917,30.459786125494748,31.00079557632412,30.580962034391874,30.9879864979402,28.56337395558082,28.407332457271295,29.29777695021603,29.417194137874766,29.339812788045066,30.78189856697738,28.66680934839239,29.75854108724214,29.760709396912723,30.969667819416465
ATP1B1,28.51731450108987,27.668350052349243,27.482301585358428,28.601438156835304,27.62540842112185,28.232247122922605,27.806738021219008,28.378958939379906,25.193477596907506,25.48058645022243,26.974850643677666,26.984784213328627,25.70033136861034,28.038754933822183,26.643634901310126,26.563559868848134,26.851439267599797,27.989402923195744
ATP1B3,24.099597307671274,23.225669246796805,23.75668536908671,24.542509882230227,24.116265265509444,23.85323707022955,24.67942112420772,24.449976787047408,21.25345103060636,23.05175213997571,23.737405854365306,23.28304769378627,23.11980065613532,25.28275933433013,22.794504539992523,23.484601444343046,23.022733228788578,23.627603470530808
ATP2A1,25.620602426175797,26.214298408779715,25.478930747059934,26.31244584788885,25.640379487779054,26.742231344645433,25.816867569819586,26.108367202976908,23.672592648293993,25.792814906261462,24.12564144877817,25.723846337795052,24.179539779037853,26.617883320353627,24.20728879642843,25.851106193687777,25.407114197834236,26.78302078022293
ATP2A2,26.970888843350693,26.70570837514341,25.738723136580585,27.717063214198777,25.694510929018254,27.036307147735084,26.805883660469643,26.450520990453775,24.775303121195183,26.03980911798458,25.718248225284793,26.168086783218122,24.911264565533973,27.03602556708575,25.488638293344174,26.547237168542722,25.600070744383558,26.71116847313614
ATP2B1,27.10965641805314,26.561818420876477,27.565610775177436,27.984965122353323,27.657893257049167,27.644022348408733,26.55344158117113,26.88346588395091,25.96619353402777,26.172635376940466,26.185612696685943,27.045173858041828,26.284167028877565,27.5031159967119,26.64712183704606,26.70262848546491,27.06699660561437,28.405251593712766
ATP2B4,24.08967329623796,23.555613467972883,27.302166872590217,24.160949963258414,26.56003907649488,23.20784681682336,24.843184839341248,24.24035599964505,26.883044150597193,23.91182748387163,26.995236184615553,25.056826899815533,25.974415134652094,24.04701248498272,26.04470784552372,24.104081217812222,26.54159833188559,23.384883675638644
ATP5F1A,31.404329688211934,30.841799370332723,31.578918219079533,31.651133155927745,31.2927419004014,31.56432337129028,31.473064200389857,31.397741273256628,30.001629119698652,29.612940756372506,30.694976348563685,30.58586661094399,30.543535722335545,31.66007386949848,30.250577211080575,30.54054593174869,31.052666631354512,31.994523811441663
ATP5F1B,31.486499843296738,31.194095429377676,31.56336258835507,31.907862995090206,31.826253712689837,31.99084042293194,31.871232694090747,31.37195365839989,30.76004818303592,30.22922930982702,30.78719701297337,30.868876293901103,30.91184837889025,31.83209918147171,30.54043399560625,30.567830716015028,31.056215448325073,31.718443220816386
ATP5F1C,28.00784168076136,27.62532728686065,28.133350921907077,27.983194523396513,27.676962060353304,27.343172415986267,27.908712609020295,28.02661537393687,27.099560502063788,26.55475185716042,27.34326442845109,26.78673992922046,27.24114167970225,28.285356667892113,26.669891794354342,27.250118605759365,27.252758944501846,28.733774299637368
ATP5IF1,25.585407162198933,24.54677387597072,23.70560072219607,25.721213858501745,23.121318728253108,25.638295233046374,25.018388228074944,25.078499213895036,20.67687364939179,23.880606198521235,21.87982310184735,23.788229952038783,21.741756372184177,24.45438501912615,21.34754087710432,23.48621332161776,22.834299501397464,27.30759255074059
ATP5ME,26.368742530719103,24.486704044280277,25.76653785378867,26.048968339001675,25.454525647155187,25.521319516958457,21.175338063121266,25.49304165091432,24.250592387422316,24.845426927926177,25.140572731313725,25.085287475379182,25.218036418318025,26.017749465289118,23.335961056881334,24.70624320574308,25.41779041462388,26.8255118894255
ATP5MF,25.781585965950605,24.94598503843823,24.9568978624179,25.912842569038684,25.05581434892272,25.395887776285598,25.708681551333083,25.605579352375166,24.948955305787543,24.546035665363238,25.78912701641176,24.11005851641104,24.757346866837057,25.182509366900145,24.572175846228774,23.614360888776357,25.15433630058753,25.70019465268792
ATP5MG,26.6501772311562,25.292293223715735,26.201796213863094,26.50795347213257,25.11274546684651,26.336137663217453,24.928859575846367,26.553375339903177,24.97094811239791,24.07900063713127,24.981830686814,24.82279692353528,25.22619034011953,26.292028667938645,25.51072936586644,25.919853665964432,25.84076190165419,27.220745607346004
ATP5PB,28.441187907464453,27.643013281428875,28.95659656138611,29.218308796260867,28.5438195771127,29.213809931812634,28.878958247914227,28.428436278870702,27.240236259626442,27.283225309993593,27.937377567753405,27.922083069983028,27.531158719232348,28.87898488144858,27.92673177060792,27.854111264768598,28.122917924052835,29.498189034889478
ATP5PD,27.04698053975477,25.87899722995724,26.226376557063258,27.60751057523266,26.25630421808147,26.93866044811767,25.73836070912755,26.315654116270004,24.88110525102135,25.205324319116407,25.92700674878773,25.850619937615342,24.835402785210853,26.87117702527553,26.11639379169621,26.12773136038068,25.826204658624807,27.77561307869583
ATP5PO,28.485590828663167,28.20048206042719,28.661553489711306,28.91159707400926,28.037954626219996,28.84484984282153,28.54862404601164,28.544987726098203,27.479342924604232,26.999106472599205,28.038562575249617,27.826734950328184,28.206731849935366,29.071361563677687,27.686973207225645,27.468980535651305,27.921930433251486,29.459302539251436
ATP6AP1,20.48916409242991,21.717211047051986,21.420395639146356,23.046060495362678,20.37523898771438,21.474063006796747,22.193388220205797,22.1542122893843,19.703461463548624,21.364493627793255,20.728376072327034,21.47850963371207,20.79159200200374,21.599441053224638,19.427147252119447,20.6711118950974,20.971298808825395,23.100010372846835
ATP6V0A1,25.936442730343565,25.655740660177507,26.543846241494634,26.86626775636036,25.48251263077001,25.976385340787864,26.33535328798315,25.568408122961696,25.43505933794854,25.16206857427574,25.286152725166104,25.56692815345984,25.474431953272774,25.952318209159838,25.48313799752016,24.939740310987812,26.188898540559638,27.472538399679262
ATP6V0D1,24.115529468750797,23.98184447420985,22.716340614278373,24.6792525227658,22.931585905001096,23.41272511397422,24.603811033439452,23.667409805614238,21.23149631384104,23.939562405127074,21.686242367003516,23.568654822963445,22.375330513243902,24.37099514109074,22.094740867527705,22.77009980481225,23.303845278467122,24.95815684688799
ATP6V1A,23.91990167368022,24.1073281826974,23.457987560767066,24.18581357336331,23.65146552395841,24.488788853439825,24.797886366978197,23.81657472352967,22.262329518320147,24.059209353890736,22.392709493033124,23.474592539120913,22.860000665332507,24.155787529794065,22.650145822158272,23.37914011912297,23.522578196227993,24.042817037819958
ATP6V1B2,25.503662538476323,25.59453271974533,24.710375245607406,25.11263544190319,25.146485360330374,25.17501682004204,25.634451872883425,25.664439808494702,22.58080750775657,24.212844391995134,23.465785535547173,24.478816754501768,23.31728439641596,25.257006795059805,23.947399449660352,24.377664526651817,24.684263126089558,26.1050072997069
ATP6V1E1,24.99335271262274,25.560034194760416,26.826466834486805,25.597195990727787,25.653669509436686,25.6719714911789,25.442937429888087,25.270130303102352,23.707948736780367,25.084143909425475,24.69101883187753,25.13021631114573,24.346174466154384,25.734168089753098,24.13008523663148,24.874318126621773,25.43850118458387,26.605701726684778
ATP6V1G1,24.209879387067016,24.267841239510524,21.360775071217603,19.02119968110502,21.198256493488273,22.13661466688016,24.287574725528398,24.488259783443155,22.04685928983526,24.060965270381885,22.46935594068754,23.488730503664442,22.275469856119166,24.470114694625945,22.655491830316638,23.84481054960152,20.417995778896334,22.977465123756428
AZGP1,25.17987555496132,24.023535464233188,25.617948625290534,24.059894198896046,25.66176336664351,25.194899220478113,25.227501732281247,24.652784061183816,24.983037065577733,23.95199457525944,25.85187565060311,24.49816091901621,25.09327992417652,24.811524880336446,25.211334550479997,24.452020935049454,26.52711017599579,25.474468244983317
AZU1,21.69099283983344,24.959968686726363,24.615277120759615,24.452323494589578,21.093420499500244,26.07322025796028,25.258748672845975,25.265234132128363,25.115075774470277,28.225534537107997,21.26435314985511,25.01989252958362,22.5121892308342,25.28424173889244,20.957902559149247,24.60361320324123,26.566441540718298,24.65127233089151
B2M,26.26508778174899,25.87095338256396,25.73222101488936,26.090129050975268,25.60423056075798,25.994714142450068,27.31194155623871,26.392295445717714,25.65653087139036,26.528011481587804,25.62590764399552,25.978187568206547,25.206079067827556,27.435357505853514,24.709245676729402,26.591146321313627,25.24667099209086,26.346395352951347
BABAM2,21.027030083594727,21.55085075525336,21.793890741567076,22.372844723388372,20.879561635443082,21.92315187098548,20.570786283997737,21.39693871062648,17.755213815931615,18.830177380215744,19.336684830288593,20.66462435151795,18.856991969862623,21.422408126364317,19.41731682326527,20.46951360702257,19.18507115439002,22.33855049881784
BACC1,18.63334328133861,22.43273179764828,20.835641406923035,23.792228787643637,22.60827312530359,23.85671277208853,23.89338944142029,23.463052449294374,17.739277123611625,21.705862492845817,21.529356592569908,24.128479048133023,19.239823737755874,24.02140134392315,16.954893292403472,22.84048198446071,21.788041341082153,24.15409767375779
BAG2,23.363721270204504,21.81848072258502,25.506035490726457,21.684680474566136,26.435817761039786,21.81755435106194,24.582695820928283,22.629324450462445,25.835370855617455,20.98282231019895,25.0410261595266,22.18000335716104,24.148902458555774,22.099519878519214,24.179955522634227,20.71195887361028,25.442714826948464,22.33524006714282
BAIAP2L1,21.098703530323288,22.41762108472948,22.590032543468986,23.822311193260283,21.782775337410367,23.480830043542895,22.89522602246653,22.875992973650032,20.405971422218872,21.67013761654354,19.88265709697427,21.278600200917065,20.858648651426368,23.472963628782185,20.286151522363916,21.91822322949978,22.206250245692708,25.12298619600906
BASP1,25.240643254082762,24.314005399173162,22.014444556586334,20.39778012779282,20.101006824902008,20.372204880313024,26.313236282384143,24.426416550076045,23.301822412409937,25.272622763874846,22.705887883553466,24.94849237306954,23.08829219116653,25.173341843787572,23.192001406985995,24.080845461962724,19.657718323862408,19.626472908228614
BAX,23.641115662002854,23.341952088493784,23.035522098680538,25.169675685922805,22.956615528583164,25.563919323804225,24.246890509660364,24.16617868315699,21.954021089553734,22.4839546698007,22.493082985313475,23.575490085127456,22.56250604827177,24.23825423244792,22.6266715139798,23.919223297774952,23.13170845111035,24.32140926578501
BCAM,23.547565384373655,24.2657383574431,22.42557271613952,22.835447590709645,23.484219938630467,25.257399083617404,23.381196688721694,23.819949455983593,22.738455059005215,23.716786697933863,21.775841604679925,23.902447515163683,22.217214649227536,22.14167953025153,23.475367816122535,22.110589897126808,22.925915822911076,24.73689377917253
BCAP31,27.606733527188037,28.16182160602622,27.343886018098832,28.8515135230668,27.599785056330163,28.46664623190638,28.02718472494138,27.553193212935295,26.024820153061818,27.472637094676738,26.818460808404208,27.834169264636447,26.968399463976912,28.298930490723652,26.558202503400306,28.47924810152644,27.108815068003835,29.453809000271896
BCAS1,23.625074092013158,20.0306706086297,23.4363548585471,23.314628005858314,23.5696048085509,24.975077682534124,22.79748050422474,25.016202650878704,18.905203368582047,18.873291560378988,22.361340981971125,16.753799196988332,21.94779265693953,24.85262962123658,21.058504406864774,18.59305368633525,23.354599540688515,22.678886620144564
BCAT2,24.01032075789031,22.98253376574121,24.172855813473475,24.443380411151203,23.713850302851334,24.698324582152434,24.585149836066694,23.4989843689117,22.611481720083134,22.941113974034486,23.33810907933975,22.899097067794195,23.369223247784795,24.22056920900671,22.88490883900894,22.434780911858226,23.001502699096214,24.4205282007196
BCCIP,23.356717255074212,24.344451780612477,21.413083661443572,24.39524796322821,20.648076364331903,24.09687414778264,23.584683587741306,22.990494360839396,21.687822678165393,23.387616512760587,20.37691727554239,23.139174196050963,20.28369582207278,23.79233645735091,21.600300047704888,23.103690849174246,22.050361314752074,24.804599378121093
BCKDHA,21.838033001139358,23.393130673662128,23.820697917591744,24.876242716759332,23.577024913059127,25.955943841940332,20.07089452035129,22.998429694805722,22.069729859412988,20.408400437423996,23.12194537859744,21.38400212340531,21.675357958014484,22.31791186281085,20.383536941814008,23.185972378800013,23.248209706970066,25.425075463944353
BCL2L13,19.364131690808236,19.728184915263295,20.20673206348816,21.492830400297674,20.618346160429095,19.542365781391187,18.206329068481203,19.673502978685676,19.14319958734806,18.4082761762672,18.866490547680797,18.17174551409411,18.337910501852072,18.589027649182565,18.36500897055496,17.883421514778,20.466363670072187,20.35922536441822
BCLAF1,24.038229632535945,25.45174221161861,20.811845697648877,24.571232934149922,22.744447493818924,25.033813080508303,23.59395454094347,24.208848807979205,18.567941056562454,22.76151990650254,21.44301590586437,23.219999500814293,22.83352016569037,24.67352566216869,21.803686648715527,24.09421965247664,20.76034110746324,25.10456489284721
BDH1,25.713523037419634,24.884058217525613,25.524679718604457,26.21283421237847,25.131131263574225,26.022893432302638,25.47168465303192,25.40821589837795,21.95326013401765,23.096143690583233,24.085680170144055,24.372914179388083,24.451503144241645,26.330803234854237,22.768235471808897,24.72219919877471,24.516991014978668,26.71493460095383
BGN,28.68466207359317,26.461775755656934,29.500576222547817,27.272247944794902,29.821472142018024,28.327479932399694,29.751458687992432,27.882428353055147,30.175453663993704,28.268029728746153,29.829917507025307,29.269185474713666,29.378062409488198,27.075408640650444,30.50969393828421,26.54265098107982,29.140335735726087,28.016425040858277
BICD2,23.562517536774614,24.045404332747463,23.53037697996324,25.0332458260798,23.93548725038928,23.420409040513725,24.48263790711237,24.031730706921522,22.196646535126018,23.419906448883467,22.955251181102728,23.58657572464092,22.266712751725706,24.532036572806696,22.47131814665407,23.102694718350833,22.890768772248183,24.929619221739454
BIRC6,19.534297061819192,18.1725144300933,20.401992458520454,23.005393109601297,20.74911577859208,23.40925256262147,20.010731515185057,18.627847712293534,17.007110308170134,18.04156322073183,19.307518606315963,17.97919786608595,18.486676010328097,17.736965978132865,18.85904895643036,17.97966925923755,20.439086814374427,24.08803603535297
BKGD,21.568864721308564,17.195818254763488,21.31900368060911,21.805937226643987,21.731905768417157,21.49245367656454,21.888391765832157,22.098730098445795,20.926242028524875,20.36579724747113,22.8295945063571,21.73692847110757,21.523744350454024,19.502051117915403,21.69657625774519,21.382633461160516,21.932600325965247,21.693954350309802
BLMH,23.378139420760846,23.88886316225012,24.162075248842857,22.26577225134234,24.01377264919505,24.21169502821741,23.671012109188922,23.729033007829795,23.298346844364108,22.554188366841768,23.261001027870584,23.174093280887696,22.464015877169917,23.992287519769693,22.860112610469756,24.0953482190063,22.710561869239818,22.17663219744436
BLTP3A,27.001634281704163,26.66369446075404,27.086232070237283,27.653131750310727,27.065876076640993,27.843156476312735,27.519008573374688,26.924171973769678,25.42937782465668,26.311622533807046,25.982718403663693,27.011049727958888,25.96349146794423,27.177391202591497,26.581016497301793,27.529640371592798,26.61077641663901,28.413664535833604
BLVRA,25.38631780045212,25.583400606707862,25.403200919710592,24.499231216789838,25.293010019570236,25.6170659831115,26.088720149942517,25.53288889616093,25.202096051706558,24.48686330332063,25.6099766663943,25.264446419482226,26.236077714060787,25.20772827019427,25.252487010844195,25.228416995656946,24.31629509207384,23.7665183365765
BLVRB,28.090927104198542,27.896357884752778,27.269286999379883,28.174374340946688,28.091333483310617,28.179624342736606,28.227237709007248,27.755447105905425,27.043820992158565,25.952940396771506,28.06258870509685,26.97872648323112,28.493224156004867,27.673684649012248,27.542780668736686,26.73466262536044,27.4120416823392,27.39341849229142
BMS1,18.32091266016035,19.749402337791512,19.282274683105868,20.88539978359204,17.74529034484996,21.42205524856556,18.312117083972403,19.097479798051697,18.172306262929144,21.511463283049274,17.09445877838736,19.934807039257386,17.083656377850417,21.978024257491878,19.825764812402785,20.88754780652701,17.21087489187867,22.82125579995114
BOLA2,22.747221876106988,25.217569868612017,22.963779275106408,26.706372450611386,24.46362729615018,25.478990190225087,24.608360724959077,23.746972078972377,22.0169556028072,24.65856884847506,22.041057842071965,24.0920484029297,21.36332004199024,25.33691713261783,22.419253709096903,24.591904860590184,23.248142206505946,26.69120970270181
BPNT1,25.262408952687174,23.258180391907963,22.227426799629942,26.527854110255703,24.548224823943947,25.202478493506508,24.54970243120539,25.914988409708247,24.10391856086301,23.76546114761682,24.226348518191376,24.29577925052447,23.061254412903715,25.457801964017825,24.270618799499534,24.960190291747274,24.182813619363454,26.31049363806707
BRIX1,20.930201491204073,24.73252941037001,21.08633043695824,23.966677953989972,20.622422548268617,23.53044899857916,20.38856148408422,20.495788015437547,17.72906947613315,20.904370086511527,15.793823192837962,20.795994703778156,18.642724596006637,18.279959149683663,16.672382298966955,21.715381231756666,20.37305689771218,25.570320930720168
BROX,24.571349168348263,23.708790092881802,18.120023306296908,24.78780871768832,19.14013873942202,23.985199740713597,18.792185808960145,24.671234499572208,18.07641894829409,21.338316576263942,16.361839837982075,24.948818528325425,21.37808172157816,24.714688999348194,17.728748794813256,24.637864875941386,18.688176902838507,25.49883327241794
BSG,26.435249668745474,26.270516614007803,25.94791269927734,27.126065981448686,26.097414224525885,25.86669834409248,25.42074316365098,24.741005434423645,25.165589783736458,25.829778353206205,24.613365026658997,25.60363971446659,24.613749434224353,25.626805190428747,24.854621349039707,25.183964777906755,25.700066610714703,26.56347659765854
BTF3,24.72500039178957,26.286150102523028,22.482061077852364,25.145940446108632,22.050786497632032,26.271859576936173,25.10285686524559,25.107637249507093,24.035780142386596,24.82272013232674,24.655382359465637,25.386574631083207,24.01680048696891,26.5972786933267,24.48424782494558,25.086567918165926,18.023425237855484,26.65802916559796
BUB3,27.16204064105094,27.014719279354836,26.924136692612514,28.391972061500848,27.535196375221243,28.403611207628703,27.35438723262089,27.45012125321393,27.17544066704024,27.1044041544574,26.86956737616482,27.706165388992964,26.200927091207475,28.09890694491265,26.69047283210407,27.32340250844675,27.521884842997768,29.25257209775891
C1QB,27.39676292240278,25.73499181045636,25.857860998170846,26.56720135052425,26.003585948398783,26.296064987293835,26.450631752138797,26.412591531391367,26.222249989616188,26.598643658569294,25.67164112488793,26.17174551247619,26.47707107873996,25.7302789092961,26.505329905438575,25.04173500176262,26.43528630634018,24.640261939050152
C1QBP,27.755480112873915,28.625348915831793,26.27679314082609,28.567880167814327,27.40033068580423,27.808635145166992,27.910819484142806,27.873193002258944,26.039515325646917,27.907570014978127,26.516833730324066,27.763372476269257,26.801698797421146,27.990075398663446,26.561201746653435,28.185100180317804,26.832899629610544,28.296023046858025
C1QC,25.109241893260005,23.292126618756082,24.47861577225075,22.773355139403783,25.259343276504705,25.011408667481586,24.87660965831498,24.29302719719035,24.68797832830954,24.640927767355578,23.682825026307007,24.477401927119985,24.15320214302067,23.67235909923411,24.34184610028034,24.198608499402305,25.587683504517504,22.29268134415188
C1S,23.215981687347597,23.06783878977282,22.76945905744803,22.57641229893306,22.721841902174972,23.09338060817371,24.243545921782825,23.595962822452186,22.04512470623463,24.199013598494187,18.356967309106807,23.97035895453987,23.638181927728326,23.510018636229454,23.668163825371987,22.038629933128377,21.534732628741278,23.172803798153446
C3,30.46014637471366,29.933045107985876,30.977001935586333,30.6117916394805,30.677785469393587,30.850333812256313,30.930048378182608,30.20909580231996,29.872758879031576,30.031590167277745,30.631663630978156,30.3309573654112,30.459620018550034,30.044251259550173,30.560652185802958,28.841252162614833,31.17391438210484,30.11123287833693
C4A,27.630181605915176,27.17359917851078,28.34218856882839,28.247350251943146,28.73528877290665,28.94538254581226,28.47837169427998,27.1991967333101,28.15512203217735,28.48625596032134,28.005699645233687,27.870110311733114,28.37827758410324,28.169970140117368,28.56882900002184,27.105565023975174,29.137295577335802,27.378146159813028
C4B,22.921910880489953,21.846197870293828,22.969057091335493,23.182360486672344,21.112606852176,21.820962600565185,22.242264460489743,21.391812105501838,20.617008483033832,17.10764917237089,22.890063317183685,21.98749804115507,20.687228314362475,17.396725557612942,23.577005180751414,21.16032525460643,24.326428240611058,22.425256361748698
C4BPA,25.68232371927955,25.86979748450083,25.70089899965418,26.027544468883512,24.83984147344399,26.37737909255896,25.935140121118554,25.621103582897184,26.06730977273586,27.39693592065824,25.405103845858996,25.805940782593265,25.83780890413809,25.20564457282911,25.290883723285386,24.417281414724982,26.65548172831308,25.56518089788691
C5,25.0746928100154,21.82717710668642,22.4724784845665,22.227765864264242,22.74402967286923,21.642490518457322,23.952623534562832,25.89639227771884,22.107510391252397,24.352414891806255,22.466350185023202,22.61937341297381,23.55986988865968,28.085054653570538,22.703268704843328,21.880079716218784,23.237157161045573,22.958223199524916
C6,22.076692229649343,21.962681025578682,23.630007630196914,24.730543771119383,22.498438999070082,22.656059827362963,22.81051609632127,22.350800067821336,21.300400664065368,23.771886134005506,21.17839730669356,21.66737930840188,22.35362682201221,22.740652414070574,22.009013379568515,20.717592238957764,23.174480674201405,23.647648466701668
C7,22.361948417208687,21.27855328360235,22.435176750371596,21.70034562666453,22.50413184340944,20.1593948306384,23.53299413767536,22.410847509370623,20.29412903602615,24.734580761941203,21.781218112000342,21.624529793585374,19.53899632902463,20.73231357373731,23.199155108368107,20.968449552319026,23.12615378059642,18.471826513041453
C9,26.2546877961697,25.043832685002787,26.619889231159178,26.06333344470708,26.73886361431367,26.53400194994276,26.49528524028487,25.967760515871788,26.193931037749536,29.428446767931078,25.666190320017606,26.26089440289624,26.56110176918166,26.242470669148478,27.412211003194884,25.26172666850312,27.636969444145883,26.608307448746455
CA1,31.009042111370213,30.71422449820437,31.616443826850542,30.858897921533156,31.50514078765722,30.90623258974197,31.378112659951633,31.404599182654497,29.272794810691437,28.767079258751256,31.384640549976147,29.317743981066403,32.07148098777547,30.954217591032023,30.124514049152584,28.078797268250288,29.875194928648114,29.423634578048325
CA12,25.62482444488174,21.805118048685216,25.018005343411712,25.68618779445172,24.673130339369298,24.553976683904207,20.4085036062795,22.903122278071464,22.715650555222723,20.981232871632553,23.98593542835076,21.107916265835744,23.006620453221352,25.105614984848135,21.464167927277774,19.184193878820377,24.71231872407017,24.944484162986527
CA2,29.765615935098264,28.09773156163341,29.811127954118174,30.273530939769618,30.36865224780098,29.754387167290247,29.52935964090322,29.49661264517078,27.746915185711913,26.702815930482213,29.006876224035285,26.662512897496235,29.432497378631336,29.65246110471793,28.178783193056173,26.09386179889312,29.39545583871497,27.38348465696948
CAB39,26.207124558552323,26.921325490717813,22.268775189055884,24.08256449592647,23.666510843992963,24.354774852476456,26.76142601564799,24.276409119791097,23.6215905168962,26.62163268610282,25.046177387077904,25.64048233854369,25.455174218596294,25.91263689859103,22.89137469216914,24.624193882278032,23.94579611811604,25.55861554818212
CAB39L,20.259262483803724,18.694672332011635,22.955720586033255,20.478062994820377,22.28791271803193,17.13396061780871,18.96825438871108,19.313295014285533,22.271624417041412,18.05263483593119,22.471151195190355,18.5270485601968,22.242981261468184,20.535286901112173,21.95823861830395,21.68959176353587,22.32129796596104,19.845493840473885
CACYBP,23.66869657097129,26.11571143707269,23.5455183235959,24.677259664954004,24.01064572873975,24.274121410864293,25.773372692428843,25.667795996463745,22.43064292617003,25.59454432796111,22.78834558429645,24.987430998943196,22.224173027042568,24.759103741125358,23.26619332929824,25.177539998861658,23.788224347174033,24.68039738856921
CAD,20.073366506673132,23.920102536282652,18.01271010000059,22.233433274948865,19.469589742911737,21.107343481684705,22.239612979995965,22.697518328693874,15.772423754133904,21.52351336236908,19.124180841243465,22.17090445040471,19.01453474249916,22.980807196742198,18.025406617706594,22.563441649227585,19.78488904292106,23.27923007709297
CALB2,23.257614873076356,18.69969141796993,21.19452193327876,21.85842550654897,23.352522528972276,20.241600254251658,22.8474297587849,21.548059994626346,22.13047872342361,21.29900881721222,22.258075309616014,22.70001315875471,22.597066095656015,20.786079595448346,22.30004428921713,21.127184474993566,22.241297802887765,19.821347328869944
CALD1,29.798850471612166,29.342392762230553,32.29820617403382,29.572153775882423,32.04921155648726,30.624911533928287,30.968173776912565,30.408471467747752,32.340253600941416,30.692038262680633,32.2828298063825,31.85443678791806,32.335551972620756,30.316475688717983,31.963574951211843,28.712951090201084,32.35459241573457,29.639941503282373
CALM1,29.94603112712904,29.57385259352198,26.1259184821697,28.896382782706976,29.31808479523215,28.821793839786963,29.9851232862778,29.93221827154132,28.85114316725259,29.053140362011014,30.02743137398839,30.01611015905645,29.302641977356977,30.551856690741726,29.687783206685,30.0843097932951,23.015769515050685,29.61844761844638
CALR,30.12031339309508,30.100190837267515,29.111692254252326,30.97108811382043,29.89043232589123,30.912299481930205,30.418573525680458,30.487369746814103,27.903042266487162,30.14011109316716,28.242133703470543,29.556857484940913,28.203597451502564,30.424901115760072,28.378105424096994,29.819981649494636,29.10288203413018,30.41905762631876
CALU,26.69932662962646,27.717871066017427,26.588676121794006,28.225603338867682,26.412696039395268,27.699255659334074,27.317758979422997,27.318199225072963,26.48762715024633,26.454580825422997,26.392515321398847,27.921764291172583,26.234953641309513,27.70963182534481,25.934509265881704,26.86981708810243,26.398939561981084,28.246696571060227
CAMK2B,24.438987135648976,24.22177488271065,25.35993762676567,25.00754223218153,25.06813064551993,23.683058862219337,25.264025362840943,24.897795142073146,24.8504188585618,24.177538501070252,25.18257091839435,24.122902445670363,24.652959252516297,24.47803568688401,24.020185171081167,23.206319439552765,25.04718816983033,24.33976507592825
CAMK2D,25.249974031152103,24.602243181377045,25.05876024411897,25.8015988713505,24.85816380475359,25.61218374101322,25.497132928447478,25.338887314400953,24.630952099790004,24.538558684169594,24.77977958482494,24.750662653142218,24.0205259508833,25.22112940027616,24.48079520452664,24.618886961796324,24.16683843016253,25.231679879720566
CAMP,17.939730534022004,23.185448776049785,21.179677674899835,22.366885970673977,18.63138492912671,23.506145325876115,22.37107815458774,22.772869381180424,22.41680542328967,25.36738478424837,18.695910112691454,22.9188888091569,19.322594244073436,21.982074381745637,18.820200451035006,21.312340002610465,24.755238295528233,22.473170228995006
CAND1,25.735889505829086,26.796499780817836,27.02735474270518,27.637400596313768,27.149218449598486,27.197794745555008,27.348098042119027,27.073595456729546,25.80444511907016,24.987473445626744,26.218078350708197,26.611764628333965,26.09858320903647,27.171037898700007,25.85206810792389,27.20855021977363,26.289485052823217,27.773020067486797
CANX,29.48490072173687,30.60560589522556,29.33406200872079,30.592585305121577,29.39525229001431,30.59980782371115,30.118603165923275,29.88645321452051,28.17164790934971,29.58908482521995,28.313097616025267,28.924536039346787,28.11671766276379,30.655477424078192,28.2088971342046,29.6879527471704,29.383670156782994,30.99462842691054
CAP1,28.733836201649158,28.59875978093088,28.2243875202606,30.003519322392517,28.43104194853261,29.523361918046646,29.43129853523298,29.126570367382044,27.798819510933868,28.399865265793217,28.20916207222135,28.73509748397943,28.090072950223323,29.035895994220215,27.70445007843569,28.489020146371367,28.30951254687921,29.505670773852547
CAPG,27.167364175304073,26.763687357572017,27.061786558168546,29.029484453914073,26.88044345813924,29.00568919031418,28.31183984645262,28.16842934857638,24.782033575350443,27.979460888332895,26.156519186291227,27.445902969792964,25.82393338614381,28.63133597916576,24.93900533942914,28.73062875523356,26.449798683584092,27.928644667430977
CAPN1,27.523864368450504,26.961340839319686,27.486666747149332,28.649221228973268,27.754622278780975,28.485266657647287,27.943621558205844,27.660652456844126,27.190499214247684,27.06141155398652,27.610949982373505,27.436430654783287,26.868567558049353,28.28087014495984,27.109802711105885,27.495317163820722,27.53279413928659,29.148438512343006
CAPN2,24.490993095856307,23.55847635192519,25.180480597778228,25.77933810774171,25.557058783444006,25.14018142884209,25.788986216983467,25.303102703201304,24.083545895453884,24.414179677777533,24.75299550410829,25.13920548352866,24.681403312842313,25.780241480871048,23.454287644869144,23.668915534430663,25.128442870893313,24.32654399788314
CAPN5,24.61007368632215,22.628564743843107,24.857326965143457,25.58447175948513,23.56478456820852,25.102939799706203,24.25422117093628,24.590557777097683,23.66208276804373,23.79732323318254,23.7130675687498,23.297775944085807,24.297462484407074,24.248432059734824,24.140270242021,22.675642812238596,24.17814095219185,25.111042547827275
CAPNS1,26.851291610142816,25.753999829693946,27.484853766077773,27.373547217643075,27.002832559534454,27.835810583656542,27.181649108632527,26.99580314968667,25.27003719374021,25.24934476705924,26.40517672380938,26.65277891859707,26.381047139871242,27.624028527330044,26.136597665913502,26.931912608503875,27.081263877389713,27.653294930012684
CAPRIN1,27.86193352912276,27.007019361088698,29.686552783688192,27.180074683438747,29.324769449918943,27.91133908464613,28.98808427929634,27.833430757077018,28.481296382518696,27.710951551783285,28.639703162756927,28.061174928309313,28.051175618928465,27.943901693393407,29.346044624257726,26.968667697852986,28.64265186675787,28.075495486894077
CAPZA1,27.927486613682383,27.593315101019343,27.541198734352452,28.606887512192255,27.54199041845784,28.59617866345102,28.38004645643721,28.005086505675905,26.404778300522555,27.095055713387968,26.750694654223015,27.7834995737845,26.604611911512695,28.55160684157354,26.275646198867268,27.663854448156812,27.35989543364234,28.27386067159262
CAPZA2,28.319007173995175,27.694530591119708,28.703199480857236,29.122124921769643,28.911642957262007,29.004694350242197,28.643458116566347,28.30085995042755,27.75381965553991,27.721806460862826,28.23832285697823,28.477348243739485,27.822827580936014,28.931248271337044,27.955951255374064,27.563984722939075,28.557762148229084,28.465566492782294
CAPZB,28.043432806817894,27.886305160837527,28.189567559101175,28.978904054450158,28.30541430942544,29.068255510762516,28.523177770532595,28.219841753728154,27.779835022756494,27.4349956878869,27.564818957119982,28.084829674125395,27.343190571799383,28.692798291602013,27.51210679112957,28.117296946398216,28.250600197481248,29.13184068092313
CARHSP1,24.18620949671976,25.123861281510198,24.56735233757199,24.75040693811775,22.821703449490535,25.583217316649396,25.40619884338722,25.31733126032496,24.04153551382846,24.906510241652633,21.21899480639008,25.45374309444483,21.34843876791122,25.462093924038864,22.741067633156618,24.81303044979615,23.201422867313845,26.62882529359513
CARS1,23.415041700786656,23.270396852767394,22.89115242345381,25.27321470339399,20.260034319002308,24.50332014009666,23.38083993482804,24.353768143803123,22.580285773622908,23.725505958706492,22.956561457682856,23.709014400169117,22.187477866258735,23.642815038362542,23.262317118342374,23.371902425385187,23.65854786624176,24.030356562244584
CARS2,25.80076538867445,22.66612961492171,28.458209065428864,24.26016562501766,27.691965638808707,23.664182863180475,25.88533076364054,20.630633256805634,27.773347613974032,22.47119260448596,28.401915273334108,27.013701454095276,27.393651205787556,27.46668344916865,27.87138359760179,26.731877096965384,28.615248822974692,25.63783459345399
CASP1,24.872153399758428,25.15181947975577,23.373459637583125,24.71900669165682,24.023021116207236,26.17516154003944,24.84882347594207,26.399110672164813,23.42511898340915,24.579213540559568,22.789122121645395,23.497910462189836,23.541584751415122,24.662534165552923,24.04532234748086,25.595997832443697,23.985607827032194,26.043152942375706
CASP6,23.379860485494902,22.20204486256329,22.0607250098697,23.19429161171362,22.895682720142176,23.004926047272182,22.44414898886097,22.854239848575016,19.951289384647385,20.87369287335419,21.296106292834487,22.94778770949958,21.19621579712629,23.655176619693968,20.025488248930095,20.109506786594945,18.005098694211476,23.284815378878655
CASP7,24.165792818822887,24.330543861673547,26.022986766639747,24.345965504025212,25.004486253449368,24.897681624810136,25.004844755201216,24.91485775610168,25.563698231404786,23.954152015617808,24.9306791299676,23.861316844493096,24.406858747228096,25.303554586714114,24.496011283063932,23.264316265292454,24.945167693487615,24.666082058078104
CAST,26.214246306995204,26.344140852251066,26.059078590800976,27.090743296694104,26.544165867563255,27.31236866565791,25.62825710563686,25.82614317850589,25.231763873666388,25.641694747342715,25.38374776937132,26.15378862949069,25.94913566585693,27.11750406209824,25.78341330597133,26.038233047263734,26.01025694015436,27.413150259375897
CAT,28.68614893935618,28.65387744917581,28.01882912690946,28.481049005844095,28.552604819813105,29.40072708594806,29.750015565953003,28.927547594606978,27.46398863690248,28.531006892819374,27.964528356173034,27.881919692012982,28.152233123312865,28.86730969783718,27.942090504253468,27.674241200330794,28.40404372741209,28.740515281158718
CAV1,24.266416892138505,23.486662005004582,26.56927308964795,22.496131900700266,28.492393667367434,24.196857081430952,24.82866094018338,23.473972319102845,27.674359500534166,23.985829176167837,29.114928896959114,24.389417850469847,26.88733444106208,25.30429897565233,26.52016454336279,22.051491630244712,27.722542614790317,22.69230645185742
CAV3,23.557276607506992,22.679208354609386,26.27569586678,24.160772536098076,26.657467060030296,24.426218708186656,27.080385994546347,24.482534306952072,26.260939050879493,24.80530731680868,26.60181554467345,25.46497859612748,26.82511436073799,25.997679617774402,26.883410974329816,23.237119048039606,27.460228543378303,21.253236294184333
CAVIN1,27.48411432988118,26.314778503881335,29.723337092371125,25.917412798374002,29.731518402124667,26.27120099878802,29.193546885831715,27.531833945635874,29.841972723750388,26.140941339127746,30.235787505317802,27.969937172926112,29.826340767618497,27.53521848431868,29.70489960118973,25.881463128715108,29.69947225826206,26.042649896231122
CAVIN2,26.024448074925203,23.478628915213854,28.462760465421464,24.222639216369238,28.489551754062667,23.96419534451972,27.27897035795746,25.696705226257865,28.164220900300204,24.18881106916286,26.88505268403583,24.981189846554734,26.902131297137032,24.718001437780536,27.762068609283297,22.86887880913244,28.48686194214822,24.283989054419518
CAVIN3,24.449497895202196,22.56714361527751,25.536641849415826,23.74394256510822,25.792547400704912,22.80458136149433,25.039331239733183,23.746260608783555,25.333049005394884,23.350081095263143,25.45506762345144,24.33992964588855,25.11447371505769,23.506076608131405,25.307157845386147,19.519014051374953,25.314923977057344,23.83716209082832
CBR1,27.265352889563285,26.39160479184938,27.4246708864067,28.623094829101284,27.30779471110224,27.174276417529637,27.150992628110178,27.021352524088794,26.94544381235819,26.62438583768654,27.18148938585453,27.061807603074847,26.925043414456905,27.701535261624503,27.191673138108808,26.562122172302324,26.708102754459563,27.156465390379797
CBR3,27.295906731049854,26.51519130542611,27.68771967666822,28.653978751376428,27.57443353821379,26.928126614433076,26.769614339988262,27.218843739629968,26.871240945545843,25.90017605251292,26.774513822668762,25.711663320128363,26.95366136759816,26.457524583030764,26.9473277303677,24.659463441002487,27.211867324000526,26.927369797385964
CBX1,26.214798762401404,24.353668428920166,26.495129783418356,24.39052781410146,26.605389134429274,25.890683990286934,25.077943876206646,26.37574770428881,22.7559730116727,24.79368014761067,24.067201315383773,25.100203692184383,26.610408405676765,24.991571160974065,25.844757269374103,24.87326229319081,26.806141179457903,23.660655523754425
CBX3,26.198000252728573,27.758707983384475,25.280943309289764,27.269987815863153,25.64114917148342,28.690591757571838,26.5844216768655,26.669237528896524,24.557428709768235,26.806598354831863,24.22586173350413,27.543361408345625,23.9621198004296,27.23779186520797,24.90431507116028,27.335625669724312,25.057297559175854,28.32271749639844
CBX8,24.32268272938198,26.57051477591155,24.070788713486085,26.245928071216237,24.951012505543254,23.65173082934377,25.91362022586966,26.022698901510676,23.691442119352967,24.347481118365003,23.760621703633202,24.955670518899556,23.201265134438163,26.273014155258675,23.00920595293081,25.094660830582924,23.941663142261117,26.42231933770748
CCAR2,23.87519717567152,24.318203085295902,22.33099966244651,22.796708152824042,22.497504339770217,23.12182591082553,23.941267630062068,23.140534857647143,21.30687176731972,22.733182335192836,22.430333393021737,22.315537001666932,21.997935570519118,24.42767199610357,21.163363057331495,23.816979018817698,22.59146463202089,23.538245464627504
CCDC6,20.886726641025117,22.92082256725171,23.089537354805024,23.596073513754867,23.162373399602483,24.795316607512472,22.188792201876,22.013166973107904,22.049961095076764,21.59354440239652,21.381821825680085,21.653914180354807,21.94423970306508,23.868843398121353,19.88973741743843,20.79140699971929,22.672565295283622,24.421977247141246
CCNY,20.815253653788915,16.60395637487802,20.458322316174964,21.733826985348514,21.263349394749405,20.710240522137187,22.191191169956717,21.210515994449096,20.627514790287258,20.200352255797636,21.56235834837963,20.389455534093198,20.196235444546918,21.482750557904264,20.8470484931347,20.21240359659637,20.962363115319135,21.213112277869868
CCT2,27.984299850690988,29.430182954977926,28.029304258249272,29.274157708399255,28.14399549497372,29.402741585206122,28.714813212217713,28.827341486155145,27.254895180078005,28.004612601414276,27.48708924613047,28.37678284023245,27.338391128835394,29.040249820104552,27.35895526985874,28.6712415287902,28.01069181573546,29.377453738126658
CCT3,27.609835115524998,29.111190180180195,27.90358495089148,29.300080772840335,28.039758618146696,28.999231452899892,28.72654969495203,28.600767141288376,27.066176339506573,28.308360879141514,27.123248689018137,28.2398528831745,26.91641059643265,28.72825280245076,27.460399205455644,28.39285889062545,27.30916955040408,29.679842416932704
CCT4,26.634501124271527,27.913627255279724,26.489129508062327,28.45453759298402,26.747402844175546,28.16615657321595,27.556852904995612,27.294061142762544,25.626920464364357,26.801751184146127,25.561638766516904,27.065671134470286,25.597077408165337,27.355938794590518,25.498616660774204,27.35533684289423,26.800442120064755,28.734320474366687
CCT5,27.37255940945679,28.580871970249596,27.479499922144413,28.9749874902069,27.647557927556285,28.498112079459897,28.317033459947613,28.046958040568583,31.328845127996097,28.67546043794336,30.69980000149145,29.02122505914063,30.42533169195773,28.381049494087776,30.004237801923537,27.24673143350549,26.957230740172093,29.169905450951866
CCT6A,26.611387850479453,28.50403690442678,27.190311466178596,28.895802329818228,27.325430216609924,28.39944845469667,27.729570296616764,27.638718820074967,25.39324246194424,27.382971809624237,26.26059326832702,27.767679192654427,26.051631877880382,28.64534303904377,26.067829093358355,27.06791313862604,26.87063392237045,29.349504930919192
CCT7,26.10867315419486,28.160843844155877,26.285021387874615,28.6965816611192,26.886751303651053,27.973449278788795,27.45277182131578,26.90426492205939,24.63809387918833,27.422373872422547,25.284719749960004,26.76571687383837,25.51462612010816,28.007964099432957,25.396174275013145,27.71287747824525,26.58626952289884,28.486169303787836
CCT8,28.456872203015028,29.11991224275171,28.17594693010852,29.888798991739225,28.450138692389018,29.39901166718092,28.97860865756973,28.76038594759805,27.956234953850377,28.74327417386224,27.944142479309615,28.634465905649925,27.495847195601986,29.36262391820816,27.62785281259075,28.937760039514426,28.116494334735968,30.147299026718937
CD151,18.51998758505344,17.02581815215538,26.85491758625418,22.946324504804842,26.741861996277642,20.77918352440582,23.414206752911344,24.10483868972791,28.2381065947212,25.496281922516374,27.248698972489606,26.263124982961426,27.328838824813527,23.151916534683576,27.118000978860945,18.20119283103575,27.668427224970348,22.750572986418575
CD2AP,24.812716794266617,25.240001167351444,24.547572840036757,25.749726997161677,24.732957859961278,25.624474425145056,24.806386548150122,25.07665823687842,22.508237895660397,24.442196665182315,23.049329648449543,24.643467957649232,23.580045351706374,25.141427092568,22.949487692929527,24.998004427534855,24.09190096997836,26.05663130548864
CD44,23.90641315599158,23.79189563335337,24.371524038692034,23.956362820893823,24.830523807350314,24.71212865381207,25.03464888923124,24.64163601220463,24.38878257731419,24.674256191996104,24.283429455031058,24.374324514723654,24.419993336682044,24.53753479520162,24.084890663589263,24.108045573072083,25.115627645762284,24.626510263349022
CD46,23.90893890626116,21.94792072881162,22.23720908730286,24.7345557834644,22.07501977521113,24.998395182754496,20.96828890222019,22.947896885526138,19.99074252573642,22.894890558553474,20.284295063241203,22.06612919186345,19.958825037296762,23.562900726864086,20.67089086760158,22.070021555351374,22.88798831985733,25.341229483373237
CD59,24.88936780513938,23.958505497647575,26.100176373038384,25.039324957362005,24.519923747705732,24.349749000122724,26.070018925217667,24.495615863857072,26.032682722220496,24.990608573088746,25.061865898245202,25.12710051363842,24.755126383404473,24.892418817736502,24.366325243934398,24.803022626847458,26.512316624718135,26.558160269279405
CD63,26.040340106360514,21.75361338050963,23.837458574076184,25.997227633578255,25.634099773619194,26.791816323907756,26.68275748830938,26.056603380823137,23.842955913591787,26.000942328894627,21.722796976476243,25.16645068988963,24.791348012668145,25.815846749003853,21.20305213030906,25.09107707536212,25.01338445948438,26.206065663791858
CD74,25.825563215920855,24.071830278402228,24.286023383336858,27.670826545167944,23.101216824644556,26.02765094299197,26.906650901833398,25.819437298654567,23.299555586151975,26.499852058389056,23.042414858649447,24.519842282500846,23.6877600416838,25.29572422621792,24.16878282994777,26.54166224685664,24.346003921018234,28.117240173304538
CD9,27.805361693848067,27.375361013674556,27.435843713112767,27.25644697555341,27.525562677366132,27.522859797462786,27.486814332201806,27.256907880148173,26.741674497863738,25.945573274881273,27.142873889643305,27.1789986103093,27.012166718945263,27.47095455707864,27.39450091423122,27.866885796227066,27.57467864394109,28.777030266202388
CD99,25.711751240082087,25.637548751991158,26.2518163336392,26.081702593249716,26.68046572816353,25.70498636360806,26.84621291568593,25.4887540770356,25.412149836424764,24.58795252812882,25.63954226497302,26.197723379403445,24.854314548646602,25.739758518568873,24.80039612886821,25.664692198699523,24.744356022482876,22.75109494244972
CDC37,24.873370747823518,24.950038166174156,24.925753975437836,25.92787996200536,25.08985124772179,26.21152983425949,25.79416274331381,24.36344043555045,23.27331779658644,24.516753705419216,24.07903410488632,25.15479468638982,23.992150306871082,25.43726791714087,24.025391565524494,24.639408193300152,24.21678981717249,26.071535768546024
CDC42,25.730187769171557,25.399968162667697,25.98729747706816,26.718309859061645,26.008722286081184,27.14043748069735,27.102488227916748,25.96404778489876,23.53008715246518,25.654046061912258,24.87535797047011,25.858505529414703,24.337587869368775,26.262810005577002,23.82583182082366,26.310903771713008,25.690376693791347,26.84671293256276
CDH1,26.199426381402365,25.3383801540352,24.932411113655146,27.30978597808687,26.058211116487733,26.84886081236551,25.226402153333744,25.90393836157084,24.99146095260329,24.356457868838923,23.76895126067005,24.112938972055986,24.765945408441738,26.864875071736446,23.678416068688055,25.730492243525127,25.26648492817741,25.669742659788003
CDH17,29.153281360016678,29.68320152586586,29.2215243603518,30.71391339239493,29.32864736879129,29.232600291427012,29.09690837547572,29.191516103151724,26.296218140313282,25.378933542488173,27.896766800678588,28.149440102508432,28.050848971909087,29.440641440626372,27.107580301363804,28.335034114541834,28.59137019583076,29.722507735401155
CDK11B,22.517398858377504,23.170416276097836,21.95491488245966,23.326057541662404,22.271408723526708,23.258564647882263,22.36731819942523,22.961511095749117,17.28106558296481,22.098435428825745,16.262030925076147,22.152050694274266,18.016848986435004,23.008132911337082,20.05374664506759,22.2894891748561,20.191901751384552,24.23543758049688
CDK5RAP3,20.513214983388384,15.182805865393991,18.84794381532484,23.648760697312667,18.274373117827196,19.27536171455253,19.463240259112204,18.627240607415366,18.41639577215032,15.415554434387733,18.61062363728607,17.442388176688652,21.20351167753182,22.536065654250233,17.102247103115847,15.837853359179457,16.575719752041113,18.00485643647882
CDV3,23.47769337978193,24.402846123606295,23.433374601831627,25.439225798132767,22.422247788389313,25.008185157548684,24.051902027996913,24.871690449711913,22.74761033704633,23.16118029984543,22.816689079483243,24.114197086733476,22.17012979306142,24.363982746729267,22.510942799754314,24.95466525620877,22.93025157177833,24.633008431100542
CEACAM5,25.753113436724398,28.14260458648936,24.71917069775679,30.435513526195333,24.827809080302504,28.096302683677344,25.625410885478864,27.648647309907467,21.360500686040943,26.25861502252105,22.06021177953104,28.735868894994034,22.50128756149255,27.680952753500634,22.843944748049193,31.304386555779615,23.57923010322407,30.52531128248567
CEACAM6,22.521332250572105,25.712500610746122,20.67859543677593,28.21455774127359,20.473345685303247,26.17781150233398,24.339163094465395,23.586256256361757,23.26072010690578,24.819871032371672,22.103142342295246,26.496241181042812,19.937609232982176,25.349195136680436,22.957721374179126,29.237374183597716,20.045519337417364,25.32360401069016
CEACAM7,25.234962611437844,22.80674715062089,24.12265516892792,28.135252640331995,25.63594327367269,24.311626064861034,24.63581077026534,23.816167273731597,22.727622109299908,21.154923789817342,24.117022711224195,22.860519888664285,23.732189012004586,25.297675989739535,23.6744918996224,24.683537200004224,24.10168547793268,25.862262903679532
CEACAM8,19.315793734640742,22.844239637954356,21.18621990279992,23.540552513421208,19.305998760503492,23.75928309229534,23.813242453455256,22.92558572130543,17.771309320905722,25.951830951726397,19.2212352375315,22.816072002556734,17.682344127437286,21.917496953146536,17.024818157985266,22.42080299122205,22.530256879750706,22.30851621265749
CEL,20.96604597318194,23.22415850416459,18.806360998704807,23.029261670105626,19.18134989580174,19.920676576711546,19.106135968022663,18.256314025945652,18.10188849843643,18.439527164611434,17.628225551414282,17.56480049544287,19.119639914834174,19.451360320831313,17.348146823901516,19.18053619649442,18.182949088284193,21.24448571616431
CELA2A,26.382917665604662,23.008109772092364,24.914690356503538,26.133109373108095,23.93794747575721,26.147075760161755,26.21352452533519,21.486156202956685,21.335690075103987,22.0810865050565,20.39494883944346,25.62382832401711,24.443982764453665,26.14767194777399,24.22141716752411,26.199681532246306,24.468986011874424,26.96074146228354
CES1,25.826072302106375,24.40536401618581,27.197797461127504,24.69706091875798,26.715388639162338,24.654753529219086,25.644261477193535,24.398905291872733,27.03127218201862,25.372773237299985,26.30348776457611,25.3492375337336,26.749411222694693,26.285092210700554,26.358746383389054,24.212012558849295,26.865565074448472,24.500811866651205
CES2,27.47178927329813,23.89650696370617,27.440123698731135,27.069742110764572,27.185582312716004,24.532696909666203,26.755728263023165,26.97103262906532,25.355970418972962,24.105863862451486,25.736022718622998,24.83784408395519,25.487622549296578,27.910781263337583,25.300313233033314,22.951509683763085,26.97899115777309,27.421817527795874
CFAP43,23.48966935058539,23.214080103435403,25.08148789846447,23.4753927950156,24.744939506751276,23.429132798910086,24.244638489210182,24.10272793246095,25.548136889593113,23.169620273192532,24.518472936456767,24.665183361569454,24.371448810137192,24.10007351095051,26.459576524328885,23.488105149601584,24.93512910648109,22.49823098043019
CFB,25.689612337374967,25.379453677431997,26.167864735313355,24.74363459815021,25.786356533727275,26.07889105792279,24.252532787249294,24.92379215631081,24.33539525479009,24.844324314119703,24.876386662265062,25.666892056002006,25.570616701455968,24.711139008819732,25.056801204561772,25.118596521045774,26.639865653347474,25.4727937378366
CFH,25.1919001139074,23.65084344837851,25.818319709865882,26.38570406159721,25.835004230713743,26.153535735076847,26.61890707790107,25.32233896146137,25.14909593463926,25.11762489326785,25.13889757187711,24.87799579820375,25.450082069813952,24.937027514286157,25.174461388018486,23.637833182525373,26.06070908686193,25.057552471596637
CFI,22.918912144438718,21.667392272580315,18.360891739442554,22.709217933040954,18.086846209193375,22.683214606895152,23.027557032456244,22.549376206946146,22.40404336340134,21.62464438255535,23.147010677919926,22.19883917009612,22.687948420480197,21.079307493921927,23.012431459996215,19.598836888138067,21.189720683703637,21.76227920097002
CFL1,29.904863723375907,29.606517560349054,29.873741210536966,30.772369580685734,30.577025621362328,30.46021775151773,29.656492140886346,30.003999120142673,29.78257826554782,29.188506926800972,29.7074798147403,30.05092841126834,29.609148924983618,30.659030410689997,28.950081283665316,29.936678657944473,30.298696387402153,30.746770748106794
CFL2,22.374227797924267,21.949369875810806,25.669084190741533,22.116899443455292,24.897837048700687,22.06680863658957,23.09798518258888,21.333918263098898,25.12254775847107,22.762342188186274,25.121167478044942,22.463718043067388,25.036946114286053,21.545789874397574,24.6963938887855,17.689561025938033,25.384883695891485,22.325664855047084
CGN,24.99128528997905,24.960552391818567,24.879278604553566,26.158266300224778,24.393160210485018,25.385052366898336,25.344865421873166,25.207144889545262,22.763191169994933,24.194591457990832,23.081683167030913,24.601683261318076,23.80214738408463,26.07194314613147,23.915264984449987,24.7227649323929,23.429589902001172,23.19290047919064
CHAMP1,28.052929492866166,28.123748879417043,27.912917382200973,28.915566152330648,29.319941373058448,28.82526992985504,28.28429574627985,29.086647482580382,28.968766832037147,27.3980083195984,28.719313326509937,28.676940414660802,27.634229711195147,29.232478687043795,28.706709233216692,28.8251163198112,25.092646382974156,26.703913579048436
CHCHD2P9,20.516919504202843,24.97257081324723,24.029765570011687,25.846939413325625,23.751773960169906,25.137998513300275,23.807761373916705,24.55353260210838,23.457705116273022,22.05260291079026,22.27511372222239,24.84823799080768,22.23633205189676,24.7567089696118,22.3534462126727,24.620609445856882,23.673145840522853,26.943954652022757
CHCHD3,24.457260461235524,24.727754062152773,25.5092427999434,25.913465899192154,24.380531602280634,25.917452749735837,23.490242045083825,25.13902020340996,22.103128293606872,24.00479760048544,21.990197625416574,24.327672847335947,24.072891172844418,25.235926644321758,23.544264548227275,23.496477771838936,23.662492703889754,26.301605813979542
CHCHD4,23.703114235683124,24.30681176253102,22.577977127156313,25.702066842878693,22.716732674686344,24.07642912929546,23.052479257668857,24.04572195345731,22.00008945431376,23.259690168492536,21.858739631180136,21.95182428355877,21.613453457420153,23.898121351359766,22.555369702811937,23.32093915564491,21.117225407726156,25.405312940053616
CHD3,22.28994800026582,22.990463248986337,21.283024810198558,22.735147225472513,21.31583107318809,23.432627036679474,22.287092983564126,22.63707228750274,18.837849838695163,20.53139989941442,20.154017661303197,22.458908115512763,20.500439129979384,23.519749988656642,21.315003559585108,23.040846364473886,19.321516905542122,23.31857607123943
CHD4,22.693880438120193,23.83245961487568,17.86652272814817,23.996402722334057,22.66216568540693,24.3748902689501,23.86753166457142,23.632333836042164,14.562532979398265,22.694480039103833,16.72997690730436,22.324233696389836,21.181922257710507,23.516641852547284,16.79888248973042,23.157387552341632,21.426197667799666,24.516907821529973
CHMP4A,24.377026074287347,23.36776071530378,22.818607357079944,23.46746269282129,22.141553412613582,24.16608644500216,24.138245373884356,24.500417119373974,20.72054662905997,22.918857161780956,21.947325103747584,24.619588870356505,23.684248668136757,24.229466286626057,23.626256024861117,24.41814049166333,22.303401935061334,23.789761665858695
CHMP4B,25.868180152577636,26.408582091578847,25.65869622789236,26.650937200408503,26.18649131354488,26.36068831508847,25.772091470738804,26.275982901342264,25.088801289616818,25.58399135550142,25.359921163688803,26.58314272547901,25.23765679306401,26.467612766029987,24.8528721874789,27.052750852093403,25.10269382791184,27.859880573688113
CHTOP,24.64797222940432,25.213817257558507,24.322774194815796,24.408740186232304,24.52861943947278,26.639930440905673,25.4819895413432,25.43693274403458,23.785964532240374,24.016380187032578,23.739645808164564,25.213058113134334,24.434135671101934,25.378826257003748,23.237825021011325,25.30458901355225,24.56120513342476,26.553184487510382
CIRBP,23.72902333733625,23.866924865267627,23.40585894597746,24.97807302693047,23.68481066545841,24.54514789318659,24.39407937878193,24.832100393263648,23.77257734861364,23.139291344040096,24.079755693532025,23.476570739683197,23.863428188725464,25.078683990687434,23.13530425044237,23.321526957624858,23.586360292091037,23.929274084554322
CISD1,27.112074387085485,27.022681780779198,27.631770201557657,27.715369894438233,27.21574768617752,27.818744881954583,27.366253708120656,27.589720254040017,24.907871968565786,25.883226800216693,25.00869755126966,25.757824985114762,25.92778495861603,27.12843940271169,25.33249965025764,25.77872648145682,26.754973266182912,27.805403012640518
CKAP4,27.799824388144746,27.7938893767734,28.164554823876,28.90353908137532,27.499356113288684,29.266689084389935,28.859543246610293,28.754037828100984,26.419002901679868,27.423310588761467,26.650359806840967,28.566962889616732,27.10769619738505,29.129123969266775,27.073619964449218,28.050196228862813,27.27486429271655,28.41977492578275
CKAP5,22.45353408744364,23.521618992013188,21.736875236048046,23.95857318238668,22.219133078359175,22.86092513554614,23.818576065918695,23.56659486829711,21.42516623644402,22.746466467982476,21.446272751628037,23.23325386888567,21.99138043347687,23.90742383911613,20.673789539942984,22.823394281644077,21.692456237936174,24.05498817617243
CKB,30.114573798958524,29.644562596775472,32.41377888086138,30.97351957565307,32.07803930963464,28.145494397546944,30.04763394608599,28.896109777524778,31.515318303688183,27.070678355242155,32.234943532788115,28.54704245617319,31.24757456115843,30.312202916856887,31.575577632674868,30.73503563166895,31.65046862659996,30.718198707822935
CKMT1A,28.460260216478833,27.902805714400007,27.680404521503522,28.822199727865144,27.996046991155385,28.107010031776827,28.2184040875116,28.276944729709907,25.400784308297663,25.152801247974956,26.680385426857278,27.227818125176668,26.535731902824686,28.5209438575001,26.357065289923057,26.00072048105901,27.692855418512757,28.509997224032332
CKMT2,24.993796903316955,25.99693524213413,22.13941561096089,26.5913615172379,22.97295167474875,23.35936969718026,25.072761472546645,25.179480316976033,22.942287604435375,24.69259371469644,23.73873785499925,24.623887757468417,23.52237431913771,25.77713162179143,23.35906549486517,25.538724820841587,22.63928008229628,29.60851217513026
CLC,26.07245340868445,24.421893933106734,22.672737797095902,26.379532049130802,26.56628191539121,25.970583883281254,28.726953861292134,27.24587497971506,25.833417554385935,25.788590869991875,25.459745590737956,25.795720330094444,24.140495941321273,28.466093199894427,21.728330153300114,24.730669350554166,27.01999416939594,22.890825964642534
CLCA1,30.491651265159902,26.090245823935046,29.21830643588883,26.57629601138781,30.599376553720802,31.448763923375367,29.704933558437943,29.143582652173045,27.65573684873393,24.984478438007038,27.80148003519727,25.414310701677348,29.125749247063013,25.59633000374321,28.57024154182469,25.33899112889997,30.12532287198867,25.848078182889243
CLCA4,22.550001703379355,21.195907483267096,22.769868898470634,27.350993136419653,21.477029819128582,18.854975078081555,22.64190670706798,20.52916945367737,17.26802340020642,18.097818071949256,21.130276996408092,18.440632702880052,21.863037323111804,19.98415368244401,21.65477760254758,21.58681489102418,18.82467636175804,18.51784753199243
CLEC3B,23.50003953224829,22.401670937136817,24.021561314503682,23.32081015912825,24.058358058220357,22.54568226671869,24.4296793018015,22.530865528844426,23.558010584767977,22.813794056020832,25.290131027756935,24.433849859471295,24.260688424518108,23.22658439848089,24.686475490205904,20.648905249973442,24.636256910445226,19.230485726735775
CLIC1,28.112913121106594,28.77203998127541,28.019848626962204,29.893119993376406,28.3603629201562,29.694160869896546,29.02461634083515,28.84158613390123,26.652253504581513,28.00503641036946,27.168820317524574,28.681067363532623,27.264834482941193,29.705950251607298,26.760440075192225,29.09769902683963,27.41473907136578,29.99935247792926
CLIC4,25.65398060360429,25.081953348802084,26.835306587961067,26.250601573507094,26.138559779422863,26.988682844294626,26.44887201666147,25.797830126576592,27.106929509150365,25.581432655076238,26.31500725451333,26.607708072747275,26.29306024670146,26.24706013458644,26.094034732030345,25.185446153688847,27.310346049620087,26.415956962326597
CLINT1,28.085813922228283,28.1382265499937,28.88458045635379,29.151864793486382,29.203002272542207,29.20611802392149,29.473921151448017,28.231562693921273,27.699075255670333,28.00355795550671,29.308297901769592,28.200485229502224,29.609071429176197,28.026394347290847,29.572560772289975,28.6622023381092,29.1127437547485,29.030391088370752
CLIP1,24.5098991041616,24.18525522732035,24.98849402336975,25.229098749851424,24.93805093157015,24.825668206021888,24.335429120855256,24.592588924509865,24.598750655566043,23.296909170160177,24.085162983104016,23.867495342507475,23.300335154940203,24.750838668270426,22.844457136249467,23.68288292338424,23.7463577353692,24.27358258329013
CLPTM1,24.179277814953664,24.469078248383777,20.309981941768445,20.552109052743695,20.50405198021698,21.627158993375872,25.111751869407346,24.739305584437208,22.24678509804763,23.934192952489894,23.286906069335107,23.565382671618913,23.22029367151304,24.222834629407238,23.551194345291485,24.3628172078106,21.309990633008717,22.06196194775055
CLTB,25.187557993640542,26.05144884819348,24.903118627955422,25.97505976109465,24.783008206583215,26.26312645663592,25.31215885105955,25.050174186847375,23.210849193718005,25.18653863845458,23.704570165030475,24.73779105958185,23.024554568972434,26.013512375942625,23.82956507694428,25.317911810925004,24.859843221601018,26.51443871606746
CLTC,29.765271362126878,29.76484653698311,29.417196243911548,31.198928888287075,29.753448904572515,30.558060442492827,30.335900132299937,29.804583634110493,28.55531630253848,29.073793882185893,28.935349526881435,29.505767198026405,28.743062092348914,30.281081024748246,28.433658577384822,29.3927382730472,29.501658694939835,30.685324159557712
CLTCL1,27.670394629396743,27.849551018915314,28.314191796457482,28.543169447332364,27.337175530010697,28.079748329739214,27.721696524082187,28.042958424562364,26.606070548970298,26.752982657778837,26.933055994314103,27.253512635087972,26.265333631216908,28.249531452301945,26.91254960577299,27.633379120827886,27.30070833623525,28.247404572229243
CLU,27.04448201892547,26.509737882695244,28.22753750151058,26.182221673933796,27.7315764353505,26.89272416625063,28.493984656209072,26.999424831420654,27.272329254872428,29.406995785810057,27.90716625907594,26.824749958274996,27.76402039317912,27.00884780695447,27.475271485651923,25.369946205617705,27.748378445125596,26.32706461565503
CLYBL,21.888870452837157,22.718431366513396,21.95394582857531,23.60159785165932,22.402794611520438,23.74368854813977,23.34164441381129,22.249367631299148,21.110085638924925,24.174187295428403,21.62145894402236,21.926972852431714,20.783005774673672,20.709252544947148,21.091182179224667,21.832439236206174,22.329603537164832,25.251631275606155
CMA1,26.152176865386277,22.900215270483308,26.20221741989513,22.62884230847204,25.879585006456267,24.057336274308526,28.79416352342756,26.307421559903222,26.65598221513939,23.102398440433202,26.192523080049014,23.377834107049875,25.976017321377604,24.959568920094647,25.160490362284524,23.519720177168807,24.554194357964644,23.953029725266756
CMAS,27.294488056964177,24.01037938702597,31.64944726005205,27.062640713735384,31.166700325949666,28.247012800274323,28.44596536428543,27.832491434255342,29.230321336816463,28.25803320858883,30.054723066961763,29.907138259635587,30.278365515694002,26.54785618841468,30.438087789639525,25.72504338107701,31.818350604190364,26.851225071913447
CMBL,20.396218695743684,20.818031045323224,24.72809707030921,25.103126258842686,24.178068146006858,22.68659064559855,19.4437466667667,20.85645945289523,18.558287959505716,19.262971308969277,17.932138936327224,19.259904703619757,21.049568553011838,19.811069007929905,18.409755205757822,16.924800771230583,24.502146335707707,25.901337575748567
CMPK1,27.265754885046178,27.678720497246786,26.896937391044574,29.023050069998924,27.52384312274255,28.996671148551215,27.537950229522988,27.926681439020374,25.250146404091733,27.378657031606146,26.026614963223356,26.78287741103667,26.691910699774994,28.50882528554106,26.206830782682456,26.616911808721984,26.77113325925675,29.320151416139666
CNDP2,27.573347783947817,27.340974457079874,26.43359061550483,27.876240446058095,26.707257745276923,28.6043426682926,28.544018692184405,28.085199285132205,25.682584596243682,27.49760681928013,26.507329731595423,27.17467436099334,27.351679645256098,29.059754966160842,25.916151063273603,28.28809692323937,26.641467797254084,28.286383253126594
CNN1,28.711720804179436,27.60993338122379,33.250889716649276,27.76879543158826,33.160597097968534,28.00357615478196,29.0370064513045,28.95034310346822,34.08919200906822,30.804406711412017,32.808265236125585,31.217342396694374,32.693291185048906,28.85444952838277,32.881552675628186,27.136466658229928,33.15038396923735,27.760756765369127
CNN3,25.284078698274243,26.060738494943436,26.37468880006719,26.606704276818828,25.402062904075432,26.750040813310225,26.16739843985213,25.83369571810155,25.788419432325586,26.1205077209426,24.93021446682157,27.88582888497094,25.488171535565776,26.264821032516306,26.244138769224342,26.40603861749024,25.744569003033686,27.593461688420923
CNP,24.30828994322144,25.073765693293932,24.43376489195624,25.177224732186847,23.673623477721634,25.091167170383873,24.271158828757716,23.69464857556663,22.81287850988103,24.201625104285352,23.09361137074682,23.86130500403353,22.708839253699576,26.008926236519805,22.61908408554208,24.68462311363841,24.95456214175907,26.184539199498488
COASY,24.284147641221352,23.514964910924643,24.424911696968326,23.930195257377733,22.532350587031804,24.793179652304175,25.613792233876495,24.000510790090896,21.00686927179405,22.663976414068987,23.061566672864103,24.12803701061899,20.083715859287004,22.1515566841608,23.581591880767036,23.729344286132886,23.339384321126087,25.660514944974995
COG1,21.377177749611548,21.97734578862042,19.127364346631865,22.734505820402916,19.409306237040173,22.53102849605294,20.986008955627344,21.779895503391142,16.871984066484902,20.422912070373343,17.671399178233774,19.679664707576695,20.12865539823999,22.51147031197105,18.14541984664084,21.438010604727623,19.09959446403447,22.832270969368412
COL12A1,27.477167854670522,29.28807669585453,28.526121540874612,29.40396493233087,28.74966250705277,29.97489846483091,28.351264471134243,29.03569957603161,28.67025547512585,29.339846546142397,27.859969464904776,30.620558910210043,28.13221410682797,29.55273447803188,27.838740697030502,28.292391706936286,28.50489020567249,30.24010916779947
COL14A1,31.02127889403904,26.650859561556327,30.656078765637623,28.07184460089125,31.380130831826463,29.732124142833506,32.01697492541255,29.916106693715196,31.495125991824146,27.71236220345314,31.30801110607854,29.267318437355833,30.61929173467541,28.49788716518468,31.29015691153495,27.847778432771413,30.89586869113775,28.16968044046133
COL15A1,22.027006125661746,20.694016113233037,24.289276049301222,21.067051602379866,23.87329930682328,22.712418413469774,23.648151394965765,23.082509668709697,24.458027536561392,22.810632080346466,23.995851880478842,23.57095702334114,24.42890843281542,23.05373847561303,23.320209706030536,21.192454778338185,23.905077008350492,21.68487045636445
COL18A1,26.991499773688684,26.485363190316384,27.661461622093167,27.377967820997718,27.42634010508273,27.353223164330174,27.516470467399152,27.62520526922609,26.232003353783252,26.95448987662046,27.516223974814956,26.86583092852482,27.40926276914539,27.223573781949206,27.002003829396063,24.940783061237337,27.999480354644277,25.64408822696681
COL1A1,30.656529497200992,28.654259982306066,31.324486238790488,29.272322553117924,31.74862481736043,31.106453120047796,31.911592867093777,30.82651786663104,29.560308815319875,29.531817371780807,28.829108568018484,31.004033195886958,30.686387252191693,28.950380682699304,31.162150114014135,29.060861047359243,32.11875218299175,30.561364499244846
COL1A2,23.450945533849815,21.137989563609313,26.139055459069745,23.491652834275637,26.981225452209085,25.6580717616617,22.037896161840674,19.91654865376989,23.84396056865406,20.128087913460224,22.408868996988783,19.83634085994899,24.683646260207137,21.70639086257163,24.13878547938557,20.7883291623184,26.17643199452373,24.538316384641373
COL3A1,25.204642566356934,21.680123212537133,26.4132916596707,22.51067267519324,26.590589277355733,24.789490290435243,26.423718876540125,26.14313892391318,26.18680569741192,23.31730196421115,24.43496695211855,25.40779951279851,26.526728150270273,23.397893414214227,24.370134262338066,23.323631468884905,25.753141766701372,24.039528129394196
COL4A1,25.637500163685644,26.056202957576424,28.64414751278298,27.077747072296646,27.472063687372994,26.946781518326393,26.09642784399703,27.051068961807733,27.10978650183611,26.9181184675989,26.44226946848061,27.37522545037778,26.74080969843741,25.693203786433994,27.39275676760816,24.625241759016664,28.033366215419672,26.32390418814548
COL4A2,26.55857720989517,26.280463030393566,28.347120254471225,26.37376840173761,26.861299693588688,27.102387622151102,26.02720630805817,26.68415497700985,28.365103529748986,26.79228334473612,26.293734441477977,27.38958483836785,27.760038423084353,27.106728457226133,27.613589021080124,26.040418263417596,28.062574235983178,27.551727692991353
COL6A1,30.720572598623086,29.127809745851035,32.31573802531374,28.95176983532752,32.26040378978891,30.65537379296062,32.40946290459525,30.683232198928454,32.0422931810628,30.677354977628653,31.869477802420512,31.086262311669305,31.520651132080417,30.412236607844676,32.82611639768628,29.322779233245928,32.161969285979104,29.98961614570915
COL6A2,30.03260003276209,27.848238126791106,31.4333360429723,28.48916547121635,31.467816324731395,29.54006323684247,31.660583378613513,30.527913617431786,31.653372375915712,29.76412657541763,31.364572594459542,30.25838173559934,30.710790528501278,30.021120817940595,31.693097209083703,28.242878497824968,31.75374849465607,28.723334248171476
COL6A3,32.828021557513914,30.983986489430137,34.18820247265554,31.329889302135996,34.21557363079034,32.59645045123088,34.305680556260995,32.6767322865846,34.1918604130449,32.51448497221185,33.69633846600503,32.803401570444706,33.49142493605859,32.72470583857816,34.38930194372847,31.16169590107887,34.07368935022066,31.745586963349716
COL8A1,22.282120515013776,21.67173107151036,21.737034819458167,23.36486314249347,21.22953633479818,22.77456068399655,23.284336917782866,22.63667834400634,19.115359785088607,22.110639178451574,18.9080842040006,23.143287382679024,19.756251978542462,22.35047231446411,19.786497020378558,22.246025224084683,20.698329368824538,23.475399672962688
COLGALT1,23.013250212886405,23.400819590057356,15.864185880940234,24.490580093043686,22.406274945386954,23.71043041515938,23.14863381881257,23.255179107716895,16.47043536052314,22.354624956277267,19.63168113720232,23.697974067538066,19.53406973218066,24.1755449791587,19.319509879004887,23.46713579868685,18.763281591853858,23.998629587875055
COMMD3,21.803568032567643,21.680741354068118,21.344459169334545,22.613506494210565,21.599381315781773,21.585480231820302,22.526941230454334,21.10794324412049,20.60920573386161,21.02566676432065,21.11865131751367,21.611727024833364,21.032710970315986,21.856104731352016,21.109342868453673,20.96133189569995,22.78845487934,21.456666221851922
COMT,22.778475724535582,24.66104158169547,22.41357853228493,24.510665270793233,22.372001946713343,23.953182644565,19.760633723403085,19.437009244294774,21.814251312955257,17.53818308714072,22.038715778685486,19.20268066375837,22.209613725327397,23.765529093108565,21.916945584600604,21.917798476396076,23.236744714662294,25.024364870766988
COPA,28.254317115466087,28.056504966040286,27.39959003332413,29.366427700410703,27.69128375977818,29.040421214596194,28.749504233031217,28.794989814145453,26.36510478276693,27.693544770351167,26.90688309710726,28.101148006097645,27.24999716300123,29.124434444301045,26.551073332480446,27.98654398751569,26.964293241513978,29.114632244865476
COPB1,26.790899317645458,27.089983314603952,26.60474675731876,28.485210335959838,26.66499033196552,28.360455606612906,27.612784727090734,27.339908636414325,25.48021702382055,26.895781352744944,25.97646302369253,26.59557430236777,25.913621141228248,28.077320487966972,25.677592744663297,26.429544510396966,26.574052043201302,28.166440979895302
COPB2,27.837497121020476,27.585790196549613,27.624363736054164,28.813870550660557,27.77108079266298,28.548059757570524,27.997465310761704,28.438249180696207,26.342402576276015,27.252124414452332,26.570581689117382,27.65393217758959,26.691062118598182,28.72356612863172,26.396260267774355,27.39063945223294,27.366443186991855,28.858021219221083
COPE,25.86951118391648,25.599410037354872,23.596834399212177,25.66167673725618,23.835409811761416,24.94407147942736,26.016468159421382,26.60507593473353,23.41260800777483,25.42759923320854,24.674166551753693,25.867565058327724,25.42106998725686,26.766665058776976,23.84195715165062,25.404508549400983,22.839655999137513,25.58914003747694
COPG1,25.43534869094427,25.63777480667879,25.930267106175737,27.446839251726914,25.52694477404929,26.82159127596221,26.004928929574312,26.42990608242055,23.570709312292646,25.34640329411349,24.202564391220914,25.312725164678035,24.308872342261427,26.758494717584206,24.158176329406512,25.2885186385352,25.087826023580643,27.017266256517647
COPG2,23.554425872311413,23.42516691313965,22.91216496125316,25.213097854150337,22.11196334677915,22.62648711711748,22.526865346662895,23.52273876590439,21.93745022714236,21.481643517054046,21.599710487494914,23.729472921595114,22.862436089113892,25.237231873959864,21.804596631559757,22.707908403148718,22.23273379292753,21.804592315522953
COPS4,23.90899004948146,23.75199158812843,24.413695588248014,23.828763187677655,23.595176016539607,24.715091454396966,24.49386823739554,23.922753105081938,22.54620012714111,21.480253920559967,23.491503579084362,23.436842055443762,22.734379143752978,24.72827955156096,22.951075553634723,23.87435433149894,23.953242173426062,24.96851967796153
COPS5,23.33566776421886,23.870846047200306,23.706621494861164,24.80130652941403,23.900372867727274,23.36211944782914,24.043062123535414,23.54893176751885,23.0538738255237,22.3759045549441,23.630616804311856,23.62194751890774,23.13468293047867,23.876252071216687,23.321941885723273,21.487920814490963,22.968548707210655,25.11487169783367
COPZ1,24.62440944473156,24.583886784630238,23.770671595880373,25.244505664002254,24.50606516964299,25.712873388923263,25.305309553463225,23.679425859349777,21.15170066065653,22.0974152815664,22.175529273531303,23.341820916206363,23.06146108175186,24.503417963767706,23.00308224177999,24.894132923200686,24.307200799611152,25.436365544034647
COQ8A,22.10824710751949,22.130468877768283,17.629427313759336,20.862536100869775,21.622443851858687,23.439371718844853,22.753142962644635,21.472375729246046,17.577454722065173,20.86114046168141,21.200300257065205,21.49067444725672,21.209474685369088,22.53693929057268,18.07846677866674,21.66640961870392,17.272940529808174,25.264320004971342
CORO1A,27.447664094683017,26.793236407467088,25.836163303688473,26.661958521790364,25.965370664840833,27.337441200072515,29.254545076689016,27.958106746613822,26.112906281758992,28.22661013775737,25.7811515526166,26.959446075187703,24.53743081507619,28.338822319069763,25.38838749208588,28.442465052160735,26.735204997065406,26.412954112259264
CORO1C,26.740137773970783,27.556044882368298,28.111198854591056,27.26421355862137,28.364711863978176,26.928059406817827,28.17960129649878,26.91043761883973,27.757946297186937,26.793526949195346,27.333443349897202,27.638855049021192,27.2894763276619,27.16379630052458,27.036097489445314,25.53753976255761,28.285565055347238,27.903898542424553
CORO7,22.92465225903344,23.29773946653438,20.085305888928946,22.484059443603257,22.592912460326033,22.924682201726156,23.636182376110728,23.4431213741508,20.952071649474,22.599837833178366,21.01143416796379,22.561109815807068,21.37732549739288,23.60765941614839,19.861761936527188,22.005123074658528,22.02555889140599,22.268119887330585
COTL1,26.21677266517056,25.161134278970298,24.604106607727424,24.9425544087301,25.95367746187113,25.992009137266287,27.307555283163975,26.315344517565578,24.89073564971019,25.629568960505292,24.183670005972065,25.727499802483024,24.106099719316727,26.63212420464973,24.051429231242754,26.692144404432014,24.97431197098002,25.893164160368467
COX20,23.54916687473465,23.337536906362683,23.232909571831474,23.9065633322812,23.162753470779702,24.55494063985676,22.292670471073148,22.007128796315417,22.362010603480304,22.796082210444812,23.11648134508428,23.97471542415427,23.586753042361043,23.971619613790505,23.441777692750684,23.022165710047332,23.046634990201508,25.00107166318921
COX4I1,28.193236277056954,28.29646513862913,28.220233364716385,29.064462016312394,28.31060961504148,29.29715364289217,28.484615363936474,28.060775204469355,26.15807485904063,26.105276325378753,26.877006209042833,26.931471018468027,26.97635529395707,28.71369378302295,26.26830744083715,27.3511965491708,28.117523466156054,29.498992567358865
COX5A,28.43299598425442,28.96337124679852,28.034398643645616,30.01250583369676,27.926622827157846,29.083429467864764,27.8031778542282,28.218237694337645,26.615122970628832,25.97438635212396,27.286492821002277,26.954147164462828,27.1922032381476,28.620268286906487,26.603191160727718,26.830065753996383,27.51274588698651,29.071327455543184
COX5B,26.204710365100983,26.173754388659,25.996863592796057,27.298547901031398,25.342448096299723,27.14338593053299,26.445646788388185,25.34202137931597,23.040890578395558,23.747049049159276,24.125052642515154,24.2450789285721,24.837114728801147,25.623213834091903,24.55934316261881,24.96355580786296,25.366411083848142,27.615215711048684
COX6B1,25.210925230213082,25.0931210590559,24.30093140919581,26.325016979043266,22.912260441272863,26.08032130091204,23.86284930221433,24.4906369407935,21.43667016683001,22.617588106679793,21.806461304772277,22.941126151230343,23.430459392134825,23.7306023079566,23.24955330199183,24.252179480016327,24.136089786872176,26.306121954381467
COX7A2,25.430086082883193,25.672316112892386,25.471338712379346,27.130968968266078,24.023845550585005,26.31094039017909,25.761953248852844,24.327840717362182,22.697413281832247,23.362400029804437,24.548598005826193,23.703359141010935,24.35970531862473,25.79299231945308,23.662817915178326,24.430433697180117,24.616900349911656,26.048541813464034
CP,28.391722212531043,26.907900479193092,27.89592680592772,26.9619268252825,28.944187567607177,28.386595311001393,28.773893519645185,27.669036089955384,27.68435039706028,27.47779170424391,28.07291691451795,26.895996523452656,28.214324895887863,27.56155416918423,28.326924836735007,26.257216032551444,28.532535116684596,27.24038021402967
CPA3,27.377877184621838,23.314243673304848,27.374039965350978,21.800413891783595,26.89201985385183,24.899168794844513,30.053748002735745,27.67666340159958,27.594260152882107,24.5724646345542,27.63220955587624,25.052299563387784,26.274796125406148,26.47435054861498,26.738144138374278,23.47494946851194,26.967620122388247,22.493256597745876
CPAP,23.84574942507071,24.035119251068142,25.90047927207676,24.833079195945718,26.277654183244838,24.98270564053185,24.37863849009902,23.913318747528837,25.997207072166894,23.738810007717277,25.145240038686925,24.734779895184563,25.507720282883366,24.225777048274715,25.23026576086564,23.684467538942382,25.908156244942585,24.238089593988793
CPNE1,24.661377489330043,25.922304680234316,19.902430592162204,23.68502634924279,25.165375268308427,26.31982468938573,25.95151448545482,25.538621384341027,24.70634656119438,24.912459136619415,25.279557326868506,25.60262062730501,24.307846688594758,25.768713726852962,24.859961485937973,25.86903132398249,25.193850408687336,26.141159002281054
CPNE3,26.174433471418354,27.043308477901515,26.187655873544703,27.396454020670596,26.707981996795436,26.949148963866563,26.6553110430993,26.494060625583202,25.89947520717465,26.390164887523493,26.283343156213267,25.979689727256744,25.626050152893946,26.800353789997125,25.560274786473215,25.620865897304714,26.27765627602326,27.072065200468355
CPS1,18.82747589918737,17.526647513862713,19.59602285998932,18.386319958131203,18.13866585249321,17.376769511974132,16.123831604279257,25.194002830128806,15.922883229416723,18.87785846894719,18.290356023111404,19.563622349708663,18.348581114552225,17.507817409225115,18.952826021066144,14.23465413101022,15.646589768778025,16.90176970393654
CPSF3,20.227929118039874,22.030985032919265,14.741142848294384,21.12471738163607,19.738137651163218,21.112198661892567,22.10789675718948,21.007485284437482,17.825170934338463,20.388850357450362,19.63668866901074,20.84483238288919,19.50416555730512,22.03246143446339,19.34629827667844,21.205820741856183,20.100292008714984,22.133365125368716
CPSF6,23.49024660436237,24.642601542653036,23.066487200420067,24.017364065917608,23.294434882211675,24.905571477207495,23.851384818818797,23.477112074830522,22.2122423002725,23.495406052025555,21.430932589263268,23.150825530785582,22.375260227187876,24.572898229966768,20.96621376679108,24.126695737562276,22.750254106199872,25.23271805995831
CPT1A,27.35533439313002,25.204948194875943,26.890231834034477,27.10851992059577,26.77091770589657,27.170590359464818,26.864451820365606,26.558506091273582,24.870956556694626,25.722945545004237,24.609289821579885,25.35919442120646,25.275161403664246,26.891206898862375,26.001025054211,25.72253406813846,25.725303124525645,27.636011152262665
CPT2,25.487115092869974,24.964843168556662,24.73077077812391,25.51361882769273,25.544697840834143,25.660009787269214,25.818866933935126,25.816325950141806,26.044774385196135,23.583050738956143,25.23080609148411,24.95187998080982,25.064018022901358,25.219915159476844,25.519321805811064,25.09969903047986,24.804001748155894,26.74306802037998
CRAT,22.937965907923452,22.15452711892067,22.985324485578673,23.327493587380566,22.024425282167847,22.008250080104343,22.874138161625655,23.022688660211198,21.78651572069358,22.36143764893346,21.695387818978006,22.71615907141798,22.973560401176798,23.92895443506647,22.37128101905338,20.747020378549305,22.388544548763008,24.55957004374513
CRKL,24.348798371311222,24.41900841601215,23.245690737921002,25.008204208889506,24.286761493890932,24.814430966451532,24.74647472979821,24.70138002800815,23.533930586178307,23.880262708080277,23.357793300235507,23.89668404309079,22.978262591609973,23.865607419265963,23.55886703395078,24.138331873304388,23.392496445703962,24.62246820139294
CRMP1,25.922258249754123,26.786012814488664,27.2454333127259,25.313337328186478,26.950303219585525,26.10266182223904,26.688160776392674,26.257656345106618,26.532481405346402,25.799642126226807,26.3095026580757,26.189108851037144,25.61748629893171,26.178097871945983,26.281752158410495,25.618100162145566,26.813240621415357,26.567863884304273
CRNKL1,23.913112389776764,22.262844599009195,19.854300937539367,23.78174353467916,23.738710381752,23.351944800407562,24.127215472026094,24.14047842282932,23.171991773153593,22.912639860867255,23.545369001106415,22.516978373496688,22.590710320251187,21.8452215099143,22.745672957404796,21.47554865383669,22.391667988264803,18.68371612881772
CRYAB,26.06031708964516,26.632615339917017,27.614221476761934,26.107093936777172,27.10906501866506,26.382290564655406,27.09722926685667,26.228914384228986,27.553577796569474,24.80739332622075,27.473003111327632,26.48430603663622,27.525252484465348,26.353606024331505,27.46669175053087,25.381655687497712,27.694049346242235,27.62994742317415
CRYBG1,19.489021697346143,21.83602350640895,18.40385283048196,22.35571497217248,19.28331273070988,20.692681116619866,20.73214380441715,21.070968473591684,16.874837523491838,20.239004444776864,17.286054533115838,16.409481672272364,17.58732759747465,21.611164662752504,16.343038717762333,20.950032375014533,19.18130732566122,21.356749668516414
CRYL1,25.1049419539674,22.372160860089014,24.174322800359167,25.00462144603809,24.43815221398545,25.165448190807705,25.14652195340701,24.58751804005084,24.32220428657804,22.850466730708327,24.296703387290663,22.418112332705398,24.035244272062872,25.095008051998608,24.445216355228965,24.476398481271616,24.98225913369835,26.58162218617975
CRYZ,25.488407257368696,25.214590615235636,26.387829382982524,25.595713672191387,25.930683857827137,26.528604671626614,26.16179863731387,25.555540801038532,26.095897646407685,23.963518811184226,25.71861176100082,25.30171866915528,25.810709758536003,26.062610465182676,25.82757268336117,24.773838280500524,25.888232985190736,26.84940512337935
CS,26.48661068030666,26.02205877146903,26.90670472818825,28.817052355187197,26.677347704439853,27.4491965181211,26.276283222664155,26.16878345816936,24.729899361583158,24.89404784551166,24.639215864236782,26.029494860560735,24.717213967954518,25.973815321448505,25.089376709014093,25.078961557228588,26.571127416127894,28.782448103152472
CSDE1,25.512059013572966,25.38394690894185,25.15822136273604,26.015443076640317,23.623047217312262,25.936906138919248,27.038855071324328,26.12805549038669,21.898202766765014,24.7507411570503,23.441393317797846,25.68882507410957,25.870787939237548,24.17900139851134,25.965254419108515,25.078306233984545,25.456926529529014,25.46878032778785
CSE1L,24.997945557752637,26.90504236993615,24.922727739804543,26.649306559801193,24.547489869571525,26.590666116728777,26.06961866531616,25.463083281987632,23.39131840051701,25.308599586011596,24.06977252102904,26.085939569714956,23.456037714966456,26.545174199387137,24.01809371103055,26.063940688968003,24.37456254775323,27.084653596570885
CSK,24.359235671563688,24.510675319052424,22.119684492071215,24.10441179074075,22.883232381183163,24.138920684668577,25.191078658211467,24.28353867155859,20.88025134954275,23.903327782433212,21.870437416197465,23.430598417064743,20.861379243976252,24.658091411539505,22.01682262840857,24.23144228465857,22.25998883327826,23.39834002387172
CSNK1A1,22.75637347246033,23.697291624590125,22.794404060426075,23.73792453573822,23.403526764855314,23.84326311130539,22.58691931601047,20.890576377297666,17.742118497971777,21.4786568753685,21.81040465533122,22.98529917239085,20.805627520673543,24.143244980294153,21.253976885054183,22.843668019036613,17.53323867392582,24.204591997456287
CSNK2A1,23.59478981271969,25.034755417380516,24.312807014583242,25.27697376717251,24.1959294011645,25.384873178673537,25.211567016728367,24.412272254069425,22.581072356251244,24.42652698296085,23.67061116158437,24.93781698198874,23.572190627662955,24.221127251061247,23.3279153475021,23.67302437343429,23.586985520915928,25.560576319924213
CSNK2B,24.723400808064497,25.291565527823217,24.32722510920528,25.297122220658927,24.57988026106544,25.227056329187032,24.82583833851516,25.40140769832791,23.599934491759996,23.23509373082383,24.180171395077803,24.661025465810848,23.7767795876512,25.397400840604657,23.526497237492073,25.308885903832476,24.44964961113109,25.9887883186493
CSRP1,28.518744135819382,27.587100740932037,32.9011590304895,29.009812046480402,32.350304301891065,29.1834758852385,29.589006830782978,29.34131813533491,32.543846717594214,30.118229748171313,32.33782171404189,31.461667119018905,31.796622990793026,28.856664207827695,32.34568569235182,27.580422887540063,32.91875227786386,28.987750254258483
CSRP2,24.55054410063316,25.549940395284175,24.649511740084304,27.07910976685937,24.74051126019765,27.786855945097685,25.213097876843424,25.199489237659417,24.230267437683203,23.867364030105566,24.01604337176651,26.143852966773707,23.04835369950052,25.913746495423315,24.81107656449228,24.752180204170738,24.356229294134245,24.953532233621733
CST3,25.778606829869613,25.703627008261854,26.18603108829182,27.32028860562829,26.400917039013255,26.637550898830902,25.770250541808533,26.664789370645885,25.023234625806275,24.60405302695601,25.022441959672985,24.03161319054067,24.835126429145095,27.071245631868614,23.929042792744152,25.84614693754857,25.89297507001303,27.244166607133895
CSTB,27.061274056004834,26.44132426156537,25.838994760674453,28.22551540148987,27.86980874372591,28.064692382112156,27.298977684557588,27.179314915032585,26.05464097402234,26.792138863315838,26.212920802173983,27.313254682219572,25.676477956995278,27.326002449033783,26.287234977641567,27.438521493113694,27.225441510744975,27.60045926688389
CSTF2,21.578589110595377,22.49896575227153,20.38800672397076,22.79925617717357,20.179372772074444,21.347277896841344,21.95644641852093,21.409581827741754,18.634539490356673,21.61604710641773,17.019580536134132,21.69054268462303,20.2479507256383,21.725334060681636,19.310023196271487,22.31769357572396,17.030370430101843,21.51172452945894
CTBP2,20.475481317692825,21.573881069705283,21.88153286372521,23.61855065069114,21.45191805995369,22.162756407752557,21.55201302544426,22.53194853808903,23.672850805065043,20.82929936463203,25.685647663896063,24.542602313060804,24.83264235801413,21.62152077512163,24.722730879417274,21.914642763857824,21.347728574460604,23.59488983883943
CTNNA1,28.73085786007293,28.04771201143049,27.75370157493843,29.28200443959989,27.74283234927078,28.30567109778039,28.327918691397258,28.252789912047106,25.951694847612025,26.986698942696634,26.900515393146755,27.43590197890739,27.07328409912955,28.899034560808197,26.718555118552906,27.81444433089054,27.350169465081496,28.791807367906557
CTNNA2,26.395812860847407,25.42676875265268,25.342616280454124,26.586565900201858,24.64531322878003,25.265939466959875,25.487111743641286,26.379432947604368,23.62178621679308,24.216958618638973,24.619361631891095,24.378579319101764,24.090814767390537,25.937766793838136,24.55478059235975,25.550111538429157,25.11376475808087,26.411798974085887
CTNNB1,26.934450485063277,26.644839145991316,26.340891201438573,27.623616639017904,26.517872198398486,27.769351932294967,26.579578356112272,27.164259672140773,24.041923501654342,25.246561412479494,25.311500075846496,26.28819575629047,25.72952448966493,27.708960686118584,25.022080271554977,26.823428128255465,25.83165718612913,27.492886414679273
CTNNBL1,22.463386027527374,23.416283470305412,20.948227142521034,23.2649503820288,21.08766960774171,22.480449850548787,23.21870758496437,21.923012732526114,21.076954486467628,22.434640254323327,21.457530536215994,21.3687902471552,21.00097835495734,22.593857311747676,21.036087132297308,22.8384655240144,21.339607678355566,23.0512236511149
CTNND1,27.47942011153714,26.950034259971467,28.684387895791147,28.1590839109131,27.78709523586392,28.36470274973984,27.779968290079434,27.384514459126404,26.078229007393205,26.025421549845245,27.85386970912828,26.80535709062335,27.21050301616356,28.16368828657325,27.28342322536541,26.78543441094405,26.771684704241213,27.4811512997883
CTSA,24.85891601586165,25.596157199709122,21.387494408406326,26.60547552714546,23.103482920112118,25.46934165884556,25.40268044414235,24.323421682695628,22.88351725174948,23.27866900110087,23.39674644058854,24.121277722683832,24.365437417355192,25.09501684264483,23.524054272730254,24.373783686664055,23.931312533440963,26.533290427986124
CTSB,28.487613907910273,27.350875008543706,25.559875209615008,26.916362088323808,27.27959260797747,27.55563318412588,27.930078401587895,27.455115405716136,24.829721165730344,26.3295796762048,24.264508100421253,26.13217643937563,25.49643336610352,27.673563379864532,24.32095823363664,27.249298929129324,26.215363352854688,27.647348551742297
CTSD,31.070084070463146,28.18137085273198,28.307447218248825,29.993751865297234,28.990755011960264,29.24683612050821,29.59280261337878,29.013640182176673,27.291853868841297,28.579309571115903,27.687865325535604,28.749451239284575,28.64527874784051,29.21088808881612,27.545843235921083,29.159106253823555,28.000131353198253,29.59043586264533
CTSG,26.68575971757022,26.74840080955241,27.171158620930644,26.88017695248057,26.807961163760964,28.261334783922127,28.571782054460268,27.931443084368983,26.855971734593304,29.089789159576704,25.994944329056498,26.83449749070703,25.509474651903503,27.680106961705842,25.90068204533802,26.782861558668,27.759825356373025,26.568116111335442
CTSS,27.063501078559963,25.576015681167267,25.52291652370757,27.594161247875103,26.3716991522451,26.77641521653928,26.69511731562851,26.23604391694267,22.988366800507325,25.05776239765669,23.73824585121846,24.86059215663602,24.93129394459808,26.29355653891141,23.974248560023938,26.235677089490522,25.719744557973733,27.989073200198337
CTSZ,27.368304140674816,26.029030313362128,25.76027872980433,26.239722919476996,25.447714909872328,25.872397809832044,24.77519091156054,25.063360176729315,24.051150500992893,22.98096274100077,24.376459780574965,24.97800122101564,25.33916046912497,24.89877662643276,24.091757690537122,25.597017062290867,23.49446082045632,25.018561984752516
CTTN,25.57581611595797,26.497971223254716,25.769051892374993,27.96308353708551,25.722411846844828,28.347695261077995,25.485858612335434,26.770027746436543,23.705187528800845,25.871706419627355,24.837856219032833,26.19928051529751,24.004045366011145,26.505397341287534,24.503359327479338,26.137641874174477,24.653746354205065,28.40517907821207
CUL1,25.497104467222304,24.796263072407186,21.32383602003675,22.84312293759528,20.335645248098604,22.690546903467794,22.482947332854142,22.087730192968266,21.197404760819627,20.13249999436462,19.68039589704307,21.853834277221292,21.610292733431947,21.051285509335205,24.064669769869464,26.146222432666256,21.740235699341596,23.03823144296905
CUL3,21.221669984991983,22.120048094777363,21.091607116561317,22.586231754466215,20.71935380654611,19.44589836066439,21.852290665946533,21.580602492039954,21.06193752625933,21.14968667203857,21.1202735914865,20.034074881377844,20.513583857434394,20.6072773221732,19.44529498244561,21.30041411169398,20.881878487722908,20.820160145652764
CUL4A,18.10770103246309,19.533029793046946,18.24946626444714,20.525008492046467,17.465216888685845,19.432835448966006,20.29539121847746,19.42041297403687,17.563185562882282,19.51823490100646,18.124311720752917,15.134047894809267,17.788482692070033,20.044482045270403,18.38399478888319,15.433878787740154,16.289678457858766,19.007071274791375
CUL5,20.851763875100236,21.029634080239333,21.806510547156652,22.196733717087515,20.937324229960442,22.23972354417488,22.258910441991578,21.449233568910483,19.986303513608465,21.059061016605988,21.004799257332515,21.45432073904622,21.227579515756368,21.54326441001566,21.24047962595708,20.961522719007547,21.80029641748426,22.764511592821925
CYB561A3,23.726461761764373,23.44946124872863,24.69292402253872,23.94834508844407,24.462350995140334,24.74891962211712,24.04269315073583,24.126359124940993,21.967991793538523,23.839221003353245,23.1898636957499,24.313080305462204,24.18952567293352,24.190023753287914,24.013607135826383,23.57247609196645,23.39607446993801,23.5215888321213
CYB5A,25.419438371930145,25.054240881134067,26.018706631481038,25.1652256328496,26.56809162404181,26.611037170853614,25.829453636312834,25.253180421356454,25.303269646490513,25.60948455648211,24.9754754460022,24.886229095098493,23.690848280728904,25.875823130919226,24.789106103207335,24.102460497740147,25.915230648677078,26.418564568455906
CYB5B,25.806229959557122,27.404489153745427,26.993444199056775,28.62300867374116,26.653698519216693,27.81318329383644,26.641464574065736,26.838653326645215,24.119639297833633,27.255035757416863,25.56736074179761,26.77263501675068,25.007104353802653,27.209647206582115,24.916951328761403,26.501285704213405,26.247836647010722,30.61848918665275
CYB5R1,23.310319109609594,23.57406740666675,18.759599742718155,21.99778587892667,17.00458224344078,19.28042516476514,23.89450427004089,23.495892747473388,23.434189373592627,23.701197660967964,23.550460721758515,23.59715684975229,23.068981603809668,23.503738404895834,22.94745836017617,23.69318692336478,17.946353374017217,20.64621254949192
CYB5R3,26.40992732883102,25.474037019462312,27.53425859907364,26.822475371569467,26.748386370401338,27.153801043603583,27.85577079353876,26.895074618373954,27.46770469602701,26.047274364827494,27.42574286973805,27.357314882581797,27.41331593565,28.168760660247717,26.69547711351089,26.60619874060709,27.790167110404244,26.94231327254398
CYC1,24.213258599387622,23.842197567556045,21.16156592938736,25.537207831565077,22.6952330472012,24.641450375243473,24.04717742407496,24.183842018152365,22.715177446731914,21.58326228512194,22.34735372605596,19.617590811039896,19.88551906094677,24.496269287599763,16.458335597187222,22.41699727476138,22.66011571557744,25.6012792081448
CYCS,26.158076492979493,27.121662564075795,26.762277098932582,29.267504241900323,27.09463968448533,28.250724873869373,26.632457362131856,25.05284236580902,22.92132902286671,26.80583250990042,25.383954893070495,26.271995632135894,24.772090596907862,27.017668973638493,22.55687978333914,27.372323020640685,26.193038530637438,29.32443616931544
CYFIP1,24.749200704041467,25.327526992293333,24.72713078983914,26.34573456656676,24.09673787545172,25.960969611066478,25.5345910005391,25.857145717584935,24.476865103479394,24.672186931900566,24.938509186739736,25.252346979475767,23.53119008631489,26.403826699557964,24.305686921944037,24.745979036785982,23.360878428030563,25.557081394001134
CYP2S1,18.347502375326403,21.559270408949107,18.03894928470779,23.331387376004685,20.35034281974518,23.2797044369069,20.120258146386153,20.648138407144355,18.32495794208978,21.874511366138503,18.04376535393184,22.000320750977068,17.85341761627981,21.187660830912833,17.84570761133347,23.003233208060227,19.729757961401994,23.493611325139348
CYRIA,24.619720791176704,24.62159581859638,24.48354574655405,25.266151086393965,24.68159205910021,25.371782269640118,25.925388128986583,24.676556130697453,23.426699870318945,25.06070860905284,23.94230684572327,25.047728894702335,24.014613545843154,24.936958760238525,23.773297239801696,25.03603131586095,24.82655443150543,25.516660287769152
CYRIB,23.920370325587882,24.269743342766546,22.5849815259429,24.355002436427608,23.89212563813388,24.361657365056377,24.785865851805898,25.02681501472232,21.92954606583538,24.61857941633374,22.331822376710534,24.474582975421182,22.2905582560943,23.963817079137765,21.8464450702419,24.387376673864004,23.541438385049958,23.54861456004993
CZIB,24.33964988997408,25.26337871725636,26.321999606995703,25.826797823138246,26.084395933910283,26.228429875833907,25.4557438263675,25.773923223427065,25.79482710035204,24.585011619165204,25.902381172769793,25.04458728033443,25.149026531421132,25.49093274658396,25.321377924609365,24.785940589912176,25.736321174047536,25.521953013814887
DARS1,27.914130319736742,27.398464117147515,27.348240311492614,28.460038587106023,27.155976016361347,29.30618222501625,28.621603256317446,28.049456901478443,25.640194845261362,27.08954543843876,26.73138280774332,26.955860632942205,24.929398404016627,28.20742598164562,25.275941350618982,26.738292210913166,27.356205141732875,28.625449391568573
DARS2,22.665397054873466,23.73912664218387,23.841658723676012,24.65810246155387,23.336155271980783,24.077401529703728,25.819456226587533,24.782835532402657,22.289212317084736,20.761409163185807,23.163606886897217,22.812981976276763,22.334620000649874,23.69654675900887,20.47565570595994,23.492767787341894,23.426035541303893,24.98672559706902
DAZAP1,23.11435915904279,24.697181332286952,24.545978538214467,25.045843916080475,24.07401462530593,24.439581514452204,24.33905812283818,24.197782841568753,21.449369984421196,23.469123367764897,22.446366614872698,24.041897652726323,21.859041973498115,24.376848199593393,21.951637905037398,24.408831357100258,22.270420960564646,26.006662652878717
DBI,28.412941803447964,28.46888671321046,27.50108601308324,29.520193786636824,28.248847646451942,28.96107542550515,29.13884720389511,28.639533447259478,25.965565853351347,27.38198942430445,27.408881516440637,28.468387513368675,27.48692322362238,28.932374581780348,27.00549777866687,28.81922962774559,27.38560764055852,29.34783342641759
DBN1,21.21770781281153,22.641359220869187,25.1488621032615,23.717000786263704,23.877634353341797,24.88586219049132,21.950199488997058,22.80710994013047,23.71873242853267,23.32281370714548,23.72996155713491,24.363098060905532,23.344376964570728,23.269130459681563,23.783314834499226,21.562204596798846,24.25056010987824,22.886904714291067
DBNL,25.893749832610922,25.834538959811937,25.758990215958104,26.760083353125104,25.516381630511198,27.000907363481495,26.772746324344734,26.756075763708594,23.66395486041756,25.94573638084049,24.59276662028124,26.03415120822166,24.849856484667484,26.5825568724076,24.82346048993759,25.73088036592916,25.65893212591146,27.316149760922986
DBR1,24.361240676157742,23.913182215709742,25.026524293254056,26.310437981050278,23.963566519993645,25.454576911501373,25.975387833584232,24.006909211175383,22.513820929057353,24.015192334565135,23.99552623442026,24.410178614914283,24.03840743987506,25.482524972195172,25.168088693103513,23.008479023921435,24.731063069776905,24.36082284508323
DBT,24.1818535402606,24.092601592524403,24.30341330167892,24.842236382359896,23.755677956837506,24.6240906129622,24.288680435209233,23.85733146797874,21.90316327630169,22.461643904176892,23.229401731753505,22.762767614403284,22.354770564180612,24.017765269745375,22.44651168782769,23.259014574252213,23.79868354089726,24.833128425032893
DCAF8,21.81620993269256,21.61690841078742,27.832551846284865,27.700101554992884,28.465431163922915,27.186426984815586,21.657740871921842,22.418298848825465,22.384427646651815,21.77538174872422,21.517686596993922,21.261137243772186,22.12460912829733,23.115677634711457,21.422182960479333,22.10577360612033,28.314336252305683,27.04572866850113
DCK,22.34933073621096,23.554842394993848,24.643370552092964,26.950901176046912,25.316741826194374,26.902718857156565,22.931092710564062,22.271432543812157,20.330035156399862,21.182873489376508,24.830640684073472,22.882373126849217,24.07954522912427,25.39127192385646,23.171048304180168,23.64636356048686,24.6099363423155,27.293396667636962
DCN,30.428968304816443,24.916080339125305,30.862530005686526,26.827507914278833,30.894442666419707,27.968604325193503,31.399435492588278,28.625899343251685,31.329672449758142,27.55916685565817,30.316424485514627,27.91408964513913,30.298542162395915,27.90204913030667,31.168461617080407,26.76567388541046,30.315823639537772,27.214815395031795
DCTD,21.12160029419904,21.894361250008384,18.525432872886405,21.309135782292167,19.040747803197547,21.744796710527417,20.76868879046577,20.72824445560595,17.248348566259573,20.602024626634943,19.60682756714792,21.04527287983411,21.046571379574505,21.67715227599364,19.674358719686385,21.614215617798227,18.71542460341768,21.829534770292554
DCTN1,24.742995576043445,24.956595941028368,24.740513477396778,26.100576763129908,25.31739873678042,24.75997322413991,25.684994497520297,25.10005174099057,23.7918517872496,24.54113773232688,24.158901450009292,24.828080363768105,23.07708103465047,25.653706688139778,23.129944765754257,23.143006363068576,24.329642080453713,25.99462202855285
DCTN2,25.52429522670862,25.12594494156274,25.451714920360697,25.731195250506513,25.42116420615964,25.125878812427786,25.733479574937952,24.90338891369807,25.092464538373783,24.15666275980562,24.396616152721705,24.746317090739733,25.784252526914766,25.98700105726431,25.108649842906512,24.502495059596566,25.311364594881063,24.991262271255724
DCTPP1,24.68509186662442,25.308107426327023,24.763850825500942,27.894081092209927,25.65711734345096,25.669132090011722,24.629651450721212,24.731831321455974,23.36372343515061,22.388281706996683,23.762531906819746,24.326622899883198,23.784365688843135,25.29403819049918,23.28916862637394,23.53192597352572,24.747237481871,27.302457864576784
DCUN1D5,23.554111131976907,24.46173389210409,22.815116293335354,24.765122098678898,24.634720695607204,24.430141358230014,24.17634082672713,24.109870285503327,23.555760642928,24.089650277587417,23.562316061742504,24.16355456560039,20.94945504756112,25.059587692739726,24.03722521110538,24.192823313327434,23.727295078942014,25.567823505285023
DCXR,23.18670032909912,22.44104893168083,20.341781796553096,22.86062783930916,21.8582004609792,25.39244771733668,23.395726791852407,23.61500421354699,22.557737408325014,19.352939605693937,23.034354776845486,21.9815982716684,22.70136100532584,23.039083186507373,22.52486945351216,23.468196503712537,18.110760851277035,25.19820996848581
DDAH1,27.040707695829415,26.558086480848576,26.48657160648313,27.837587416258206,26.542292026496945,28.24752084661361,25.61992221924099,26.79457110236572,24.116205333694346,25.324531689032657,25.117023118570206,26.00669918913109,24.78508283186067,26.945412286860236,22.53255225112918,25.719024217257825,26.42942264446482,27.959935600835546
DDAH2,25.900989218236255,24.373819729732997,25.96533143104066,25.707324961669233,25.7611114185237,26.026255967157876,25.29475145949948,25.398125634496065,23.74202086614307,23.497221189958662,25.8466934687858,25.774879514755582,24.855654835477004,23.772348060711174,26.066810941655255,22.861763954884655,25.363671591374107,25.96655278186867
DDB1,24.92579144214539,25.73804989386226,24.772077468703447,25.675625158556574,24.895884897082862,25.962545988951106,25.820644971526242,25.765962282719588,24.299628859918453,24.577716806945848,24.63985231113614,25.090318445914637,24.01331653292065,25.566871427785177,24.42300384814551,25.235132483101264,24.836492010430202,25.916184513774308
DDOST,27.31830653873466,27.660182173337386,26.600165371166252,28.49412535648424,26.96205129632341,28.3612440124424,27.72963169795688,27.69803731381627,25.172291279021277,26.247317833716927,26.199980807318223,27.388038323985175,26.248843713961936,28.07689247585042,26.07310889619101,27.420167178629956,26.614780359711883,28.375751362498207
DDT,24.26519866314012,24.575984617174264,24.590845125563913,26.007757569631053,24.234648162957434,24.516928790555287,24.85759068737737,24.337896849973163,23.804235323727934,24.14614658568318,23.947509565085404,23.906960521689296,23.331305569650954,24.64636440226928,23.458882950894154,23.655574090406596,24.220746924247614,26.55749110469643
DDX1,25.361678396842397,25.777476307554434,24.595016755540033,26.333826842236856,25.145772323006984,26.37435635116309,25.93283388985932,25.876632649507993,25.102124948397613,25.06918607787386,24.96066466778619,25.660144053198106,25.642813893147334,25.903418940096877,25.68174924597958,25.22085489423352,25.450121120026154,25.74872126937364
DDX17,27.724167835082767,28.008001646950795,26.737038614980477,27.966866705296518,27.100218163290247,27.7226185971616,28.020253524412283,27.869059848005676,26.29264010358379,27.178810629605866,26.434259526750072,27.52558090338444,26.533803852773065,28.13966549817888,26.72991420541089,27.72025254683047,26.340344368299778,28.456046277541244
DDX18,22.745492083066438,24.84632138617218,21.29301986354115,24.344508923109736,23.395648198935977,23.46650883580811,23.1022485810425,23.219213038936275,20.215575027811596,23.209372398793718,17.091040166615823,22.346085806386682,21.09235158656418,23.79825332907026,19.520884519199093,23.655663920769516,21.946868090822246,26.115852152165242
DDX21,24.774955879446143,26.88261697567265,24.011996017058213,26.730699914574966,24.724385864610593,27.082015734594982,26.093907166590544,25.40414397608555,22.255196389819243,25.921411645346737,22.854159435777195,25.541121396129327,22.02644455439201,26.415617801438664,22.772832358026296,25.528138739654306,23.88634466005526,27.982869041930453
DDX27,21.49927475314217,23.46830601843754,18.83771694950743,22.87184996828873,20.879612513091526,22.460637270552827,21.356496653380745,21.21321684618356,17.881568486347092,21.628163494747056,19.000949392928575,21.932146134381632,17.74347337637782,22.490047494775347,16.332869843806833,21.71540858367776,18.980727134007047,24.16299323654722
DDX39A,26.7275969975908,27.801287239124214,26.23553072230504,27.589420100420174,26.680798776939348,27.812539494464346,27.13000412895059,26.99302288873569,24.851604759961965,26.451787892382182,25.56446547978807,27.1486385462262,24.633008771057135,27.90770885334001,25.573325243561907,27.038608467637815,25.913899044065346,27.965250667606544
DDX39B,23.49214368715613,24.64427664672474,22.741431887609945,23.786795110486977,21.464920305918916,23.333100734546136,23.950048726581468,24.072233573195476,22.5647081876903,22.929123408978352,21.08625140308458,23.149273066118706,19.638415854680062,23.819015344654403,20.708247719549934,23.79456050453598,21.7595213540174,22.473171553292598
DDX3X,25.78368999099115,26.423171061180252,25.10201041381361,27.51543103385892,25.44916078407915,26.647849184427542,26.626043967153073,26.2106461025566,24.946468454894006,25.561310271964434,24.183010997109303,26.325931080067583,25.2901769287918,25.66266474876957,24.783847108645887,25.53658019836068,25.026487488619654,26.949204348119995
DDX42,22.10855772424057,23.046650187012755,22.692182286652027,23.76210838486717,22.722876155252433,24.11622571453133,24.050988460821394,22.34986270633222,22.721530579934377,22.92145287849876,23.361685385814773,23.20298330810441,19.839663625350635,23.89222717896963,23.00297610012081,23.5386532085009,22.292313439714967,25.510181670840254
DDX5,26.826724381432722,28.034781388497617,26.35644490326942,28.28077948148541,26.279439686683258,28.08728007227503,27.205013109431317,27.116102180374256,24.759981463797537,26.223551749559622,24.822328269075662,27.609935552696154,25.01186199289886,27.915648226747575,25.11150383862134,27.9659032972867,26.11785699326903,28.531280275222382
DDX50,20.134196487192096,20.345792992604444,17.8045233690373,21.093304740001063,20.96837977284168,20.45011251456159,21.354384935898484,19.83325199327298,17.42788706754358,20.00911443739763,15.335760111580738,20.118259879583917,16.415261278945554,20.51398303343937,16.276463643844007,19.99418942232333,16.977124128706336,20.83717704196936
DDX6,23.133108411654312,24.228758186070998,23.68652659436331,24.793837836694586,22.938531651382814,24.4168384727806,23.96162927403205,23.484248723776904,22.313208054218695,22.76456013092894,22.25236481525153,23.519525530646785,22.02561777156721,23.979536046583547,22.244142951381914,23.353076331973995,22.593349265001233,24.10593113386661
DECR1,28.167829514871194,27.639146067924507,28.1250233132865,30.298716538849817,27.58242501440068,28.79038595760044,27.87313092176506,28.183175639925604,26.03989951036807,25.758075837320366,27.233588059042084,27.151166163451812,26.87881221002406,28.22223516301932,27.04744574278178,26.785020947241353,27.02815748041407,29.177529411861382
DEFA1,22.333505834064468,26.293918968980147,25.084553183491437,27.452236382048653,22.43202325478569,28.78193953448194,25.726921930046995,26.450387995600725,26.3805768497316,29.22752891403429,23.048213856827648,28.23303656662658,23.547632323567548,27.505126071937987,23.616392493233906,28.380432728965637,27.791707684831174,27.629249936099974
DEK,26.024181807772077,26.776752443842135,25.54090086538791,26.87943087799243,25.294502634846914,26.895826087346702,25.912647495352008,25.693773164888572,23.677319907221076,25.454189394092694,24.548572217591918,26.760883388726796,23.739234532775185,26.547842851169804,25.726091224571434,26.287790819212738,24.307848848242752,27.91250413037912
DERA,22.562177109143427,22.254735064399878,20.991693702764305,23.21391898773662,22.40378583337217,22.927470469059248,23.483219361402693,22.79466359408069,20.999445092618796,21.337479990101695,22.089485038971368,21.895702789918165,21.798662596441705,23.208177302706677,21.383837924342068,22.67587748927827,22.07200099156692,21.998263041280985
DERL1,18.940221493755935,17.44626421135199,25.483891094946614,25.399530496346866,26.211583922355775,24.84171759558476,18.060010782858754,18.154612283233583,19.362321194277587,15.74689538855998,17.645765269803903,17.264494541064657,17.480512555051682,18.155072861495015,13.638583131376805,16.312010823955774,26.858279266587523,24.15941709270318
DES,29.793158804459374,28.01639789197024,34.72143517676658,28.887364266092593,34.293538076482506,29.26578579173952,31.261359422823134,30.482249400408506,35.183114502862566,31.762193107372934,34.39513228528759,32.619931629273445,34.61788943521862,29.708195419486817,34.296810061557,28.033948411921486,35.025861167396336,28.54931594879339
DHRS7,22.827200363846412,22.294811295565136,22.373374697672645,23.49023972305089,22.155145601779466,23.426643332459438,23.157925311987956,23.852512322153082,21.9446466333731,22.465195928008896,22.077380736905383,22.877567422750914,22.22298350955788,23.658845160472815,22.30537378714001,21.62759753195328,21.442037216679598,21.751872443733856
DHX15,25.779167787568,26.903013232176466,25.095708189443567,26.6304917850131,25.813123320014586,26.961417744661876,27.516774847751318,27.077652315521696,23.85584891837662,27.431941608507554,24.346674189252056,26.530701128369994,25.72602648563647,27.077889397278298,24.1227157574793,26.110149468824506,25.949029568024223,27.465768121929333
DHX9,28.068126238420184,29.08724089769947,27.339441438989233,28.822299612222338,28.35560702985484,28.71143878292433,28.30278811583552,28.39987065923388,26.51707816406334,27.62829893247849,27.15600847280918,28.078675691937423,26.656193336835447,28.80784734549611,27.0268095346071,28.33270707131626,27.258690327594667,29.394442992725256
DIABLO,28.08398259891829,27.685824176195812,28.38133733051025,27.87375214646845,28.408319978692184,28.974709014975392,28.17965758437167,28.646090001537214,26.981082308510832,26.573976767819293,27.68321820923004,27.705280112527863,27.296190927353326,28.847197378539796,27.438859545475854,27.873815693426668,27.931612617206305,28.890681229509337
DIAPH1,23.798642134404815,24.339350146115358,26.2447517585641,26.687346829173855,24.951979550440175,24.78697788060559,24.917424035166565,24.36127877690879,23.16246663369746,23.91506713275454,21.90749662525797,23.666722593084014,21.673016317309358,24.685655870688795,21.860181802679232,23.35295589465834,24.151310827717296,26.015312938972905
DIAPH2,27.059062962767097,24.570488201330665,20.698507235242786,22.603881282997648,19.24709396638638,19.424914858027922,26.838174610493102,26.511733419006244,30.881442121648213,27.018154014301007,30.630158014148957,28.25015504072441,29.95998915792657,27.02395538829705,30.096892691496457,23.769721267517404,22.00091159986736,24.49898339622977
DIP2B,20.911927227897507,21.08574005262257,20.578871179422304,21.874854297807165,17.219889571493457,20.437067917839656,17.128371424398615,20.516739891145935,18.882064245129648,20.517044981979463,19.85562755878399,20.331853955465036,16.669061936185727,21.49319533992189,20.118325627657406,20.651147156610914,20.685744757465812,20.752821591656712
DKC1,18.889207376606283,23.93738207025168,19.515525801422132,22.32513769036624,20.013080177724405,21.627528860468065,21.415403839053987,20.775694686328784,17.826942808352214,18.577173704008054,16.06671762062694,23.285528978763768,18.795679708217246,23.67118594781921,16.554513411986175,23.37366278694182,19.715794403068248,24.321639779649132
DLAT,24.84570268500285,24.685684815648816,25.173094330969352,26.029687376553674,25.112980883603353,25.570713840676998,25.2452056858922,25.435673385051796,23.74762906595968,24.095113628848058,24.115460055542037,24.66814942874284,23.722373437611903,25.340124304766054,24.247661882030325,24.364866748427623,23.861197958941474,27.19215248421799
DLD,28.364848379384497,28.338271330479262,27.869368083245536,28.38023639217209,28.040906888048692,27.647220199957093,28.666441213913604,28.364717127401676,26.673801402350122,27.570102268870453,27.607283066160207,27.706718184236742,27.038272529634074,27.860793794126348,26.77075958621075,27.56185959073897,27.064132050351084,29.214115154621176
DLST,23.753379583260312,23.45662018884334,24.792345881457383,24.065529384141268,24.44632377101404,24.49656761605715,23.740440824942898,23.17026318578584,24.157732219047418,22.298340908441837,23.775203261491356,22.378471027906865,23.518534681384153,24.499477154910966,21.785604909258584,23.021721604462474,23.33708697577913,23.79400654360543
DMBT1,24.82276502296623,26.309043614633808,24.40634333972934,26.426599450407764,24.87569480632438,27.06035229996664,24.095490610063614,27.071795137929357,23.941172852441262,22.23726388391034,23.576725325626324,23.282454955730056,23.42617485805021,24.14987846061247,23.552737173753403,22.36890013258298,23.785455110329977,26.602779639756182
DMD,20.82380908704713,19.65268008810714,22.65610842084117,19.463963534769398,22.288601956568304,19.678833783256977,21.53052616077023,19.537643025330123,22.698036242484147,20.40186165951052,22.751225365728,19.679110784878944,22.383905003500974,20.43520065802789,22.477901836907368,18.498648926952164,22.150546020021427,18.896526845712874
DNAJA1,22.907924775615463,25.526525113101933,23.754490228687175,24.897862681199957,22.433597055563098,24.16474348131447,23.483504411216398,24.86914774616466,21.89512977866534,24.370768506181534,22.00279338078342,24.366048099686687,22.021536409745693,24.593480728547185,22.5226983330843,24.179061998788228,23.68009719059281,25.187696987661322
DNAJA2,23.61457904583779,24.07377998068562,23.160578577642067,24.582330414901026,24.185487952516684,24.578399901128762,23.912091363639394,23.96751205339751,23.088612086793997,24.16311567804164,23.566230938403468,23.705318624314526,21.813039510959815,23.207369913184635,22.796081297554547,23.847172254175707,23.10345697412266,24.951264302328926
DNAJB1,24.298696085824023,25.524758914784773,22.82023297251191,24.58397149348663,22.842909662564438,24.189133890757866,24.525381016868696,24.135742584756706,22.852050903775332,23.680860684987287,23.32737689041268,24.753125499772146,22.86169509998157,24.99125973715835,23.133728699236517,24.03066272864951,22.301354484693753,24.368064729454183
DNAJB6,24.872997579217405,25.174653019850318,24.38948344706692,25.14836032815609,25.270515604787207,25.28308467737143,25.083437080439833,24.93164906020659,24.379516473238525,22.693897855046053,24.68012142192949,24.535866204282406,25.10251128990035,25.103529879980552,24.877667249461073,23.010039194070604,21.94079968014667,24.45533168738583
DNAJC10,23.540765732599542,24.898817873957082,24.039317232079355,24.7651155444503,22.441620592265398,24.721797259090845,24.15495195349035,23.82336560121681,21.837819131188805,23.417558179892005,22.649479429275967,23.597787630895834,21.42544232028501,25.658412596742384,21.9391199407928,24.56259600497373,21.003553367369882,24.909510639224393
DNAJC19,26.38138690953628,26.86553442247265,22.809555530444975,24.4642466698052,21.029460029375933,24.070153157163855,27.316250820051753,26.787521053709593,24.104462245042765,25.747474490941137,24.32740100327423,25.795710484523983,24.9960969531597,27.374591765213655,25.341512191356234,26.77344268095732,23.138941503903414,24.757794540203314
DNAJC5,23.715184022847428,25.42623665689639,21.997718035319853,25.532950162431483,22.592064809591534,24.7723042203783,24.52032955740914,25.034541508674096,21.680490704450552,24.363045933982434,22.22134027786964,24.498910033326606,23.63633299624459,23.70353986538002,23.897573526750417,25.221876750124764,23.518872678235933,26.101357017811655
DNM1,25.09984469828022,24.655129450037254,24.33203920242209,25.542597415763588,23.288947460577397,24.538962003863652,24.148589167563017,24.60401646705568,22.37169693010516,24.54168114876666,23.90882445633696,24.185878778864208,23.0397469265806,25.23502855143951,23.16567514696483,23.531868652076664,24.035042670109572,25.06851101437788
DNM1L,19.462701323075816,20.994405417889936,17.85717769459107,22.637136334349314,18.908526174755995,20.884129233568736,19.297533208437606,21.42581289944926,17.32027089149109,21.064891886024355,19.303247857309003,19.85592464530607,15.97323754856268,18.344815023751487,19.93309526499185,18.786441467997168,18.020524473563363,22.500608300227018
DNM2,26.3914778177442,25.820677514326842,25.53478636418333,27.479058380618643,25.934626411547928,26.639351877694235,26.273954434879183,26.322917080819607,23.63107604994356,25.677843686210263,25.113682033375333,25.32916355047014,24.571504638510007,26.67070466536123,24.753470511141295,24.563214987125153,25.862981114906187,27.170156471799164
DNPEP,24.571000702493077,25.39523959089412,26.225513641816022,27.05330115176173,25.840840856202817,26.68936667890359,25.7105589985202,25.888944784598575,25.066967457456606,25.12285743315998,24.784219001035783,25.4502362837305,24.639193614431015,26.039531825170524,25.528662699811356,26.15046604114638,25.32902189852718,26.543678591182353
DNPH1,24.530872713433194,24.617553596237176,24.199632843442444,25.24315483916404,23.761013980869297,25.737043892539134,25.783878204526246,26.40231288211417,24.40110080255124,23.449459156906386,25.052906298753506,24.74858988807735,23.70947426359355,26.134954405959704,24.681912371301802,24.62555016117509,24.89365499435307,25.60566893022867
DOCK2,22.451340427907233,20.555956310925627,19.751984924546907,20.207945979029425,20.083629931694528,20.496962213821188,22.987222956563198,22.244706947744447,19.031569430575523,21.362286675014744,20.323527972320722,20.510299048941004,18.383699786943065,21.9038229143884,19.109197072892798,21.70889079116032,21.14011640315359,17.464453919613867
DOCK7,23.789687809122036,25.550881879003846,23.8845886140011,30.168999202887782,24.181689811844517,28.62394967128523,30.13179521979456,26.47833349955684,26.298081864210303,28.945088901128674,26.810598830809294,28.699356790105952,17.78510413652357,25.53730993742788,15.964911736516429,26.691093205711148,24.032473052272152,27.23213830944638
DPEP1,20.33304446591873,24.51201492850871,21.59743529987472,24.879227614705204,22.213783053679528,21.512623415979395,21.92428480232873,23.1556430510496,22.19217961984117,21.89303733050541,21.771065264566474,21.21417752513207,20.641173706577177,23.94781779218807,21.56052023476191,26.37774047503432,22.272879191303524,25.760026221603365
DPP3,25.80700576552451,25.835659668659645,25.203663163733435,27.25345589117332,24.92999293218785,26.621664991701763,26.099429319249445,26.171778013528947,22.427006086546005,24.88925015305111,23.295808317393618,25.512515611293168,24.091832349170982,26.369276264017586,22.772480283327095,26.061288353117735,24.56738727258148,26.84067376319025
DPT,26.634568571533606,22.816214143028883,26.444515327054823,23.501466823445234,26.411081967345932,25.26140733675915,25.207166738911486,24.85679344751339,26.62253886027822,23.74054521691005,26.945505225151702,24.27026249184473,26.944101089192284,24.612017507371345,26.846814189466983,23.359490669432294,26.925780450532805,24.591081327115276
DPYSL2,27.923766860074434,29.33908849653134,28.644332722183766,27.427520537807574,28.99963174258271,28.414204099718933,28.96487129181396,28.583385185613256,28.130460185387047,27.630414815358254,28.47702844869984,27.925033197075216,28.405277680771146,28.579634360343338,28.491839582342944,27.43985545127236,28.880216253470373,28.04111739170101
DPYSL3,27.306325814646414,27.05802358761782,29.276892031533553,27.049586645849274,29.428972360345124,27.959003488713712,28.318950353911067,27.194557489798772,29.677321859494327,28.644979386469373,29.264872214767745,29.578259924068174,29.355902148507706,27.541296230357307,28.828070199172007,26.832771078037307,29.40844005200424,27.479351627842938
DRG1,23.306918483024162,25.63069344648486,24.641470546686705,25.56902663908987,24.866217181014164,26.093916466483137,24.91077670604416,24.531513997168883,25.362057043461437,25.331627460136428,24.576739655994775,26.64733101910224,24.316825502120917,25.091792072098322,23.800484100320087,24.963020894959275,24.821771995223035,26.37434792816341
DSC2,23.00711677592977,23.13757977830084,22.836801393540018,23.98649466451749,23.4283420989898,22.895454312445175,23.327785409035606,22.79309454714248,18.2101764401117,21.90422794446314,18.936642320946497,22.51213682161673,19.315857824711,23.12321113603646,22.0929251080868,21.650544491153166,22.05934733861054,22.53448921724791
DSG2,27.024314247740605,26.44350229114943,26.325308477058837,27.524720589892933,26.273791238972514,27.600974305348593,26.61539925194762,26.493442920104354,23.634410395282142,25.039910182395815,24.566165543761986,26.471170607235884,25.53689004385716,27.497428319979456,24.409818818219584,26.112824297568178,24.845860960244305,27.812608606460934
DSP,28.470400487506748,28.952536765290148,29.045144786225702,29.455186015942093,29.075001082856343,29.707721284937172,28.82928363906399,29.01436425372146,28.47660068273814,27.296890390911074,27.69301704146828,28.558949945999192,27.761490207093228,29.19048191004305,27.872885399501698,28.586671276291593,28.78262402555836,29.414895632930502
DST,19.683537595180503,20.861545456742313,26.18760276035217,26.53761967981253,23.818484813708842,26.731904340539987,19.372914002842066,22.314038968202393,20.118442013765975,23.975774694084077,19.36680226318607,20.826785445430172,18.56873950614302,21.04660564477008,18.44212422423566,20.111368541649863,27.44175177620659,26.230443755145906
DSTN,27.390435254597666,27.153146078367886,29.77299451781923,28.276295158981732,29.173244055746803,28.36238585381008,28.0316858583344,27.373983383149557,29.745825108293367,26.742836235016416,29.414573294341665,28.101285917084244,28.85323734100129,27.753800469204045,28.2105958084806,26.93339168681642,29.183556283939776,27.897524933880128
DUSP3,21.387488270014956,18.95286899909804,24.65005423871074,19.216398482188197,25.5401611387817,18.700170616592477,19.461107243257956,22.436133743366383,24.705484038066444,22.06166684305087,24.574906145770623,24.031775747112402,24.127263650605993,23.513829049577748,24.610799529221364,22.360635744045148,24.537349467349916,22.89668439933945
DYNC1H1,28.499417329819227,28.428228921206657,28.785963395067437,29.367399537866714,29.077426608861014,29.55935277664253,28.915949156402657,28.779806551834472,28.209074691920296,27.73901354504652,28.499994340535157,28.731567726303727,28.118971003025596,29.195480461342537,28.113392641040598,28.360129019839324,28.904283066565938,29.13083499062067
DYNC1I2,24.500607251918726,25.37996406186965,23.329082469805577,23.107229546946293,22.12935689159109,23.184199817901938,24.877053557828514,24.898917999043228,23.34663431706405,24.352170563643487,24.0036301751414,24.843167932467786,23.454819390202324,24.992619800395314,23.574552824499882,24.336145139696487,22.618209296264567,22.312377402289357
DYNC1LI2,23.665572658311973,24.494590492430117,25.157157880283496,25.908750765382152,24.907334529825114,24.99551518627021,25.539766293940176,24.327912847514035,25.035388292138467,23.738845575760614,24.92708968957011,24.772598554233806,24.665177345067853,25.222665557645577,25.171615497126748,24.278267369045974,25.469467707726768,25.22566929889698
DYNLL1,25.59855987730099,25.938126663956677,26.072593403933016,26.620902523175577,26.182048767602492,26.97141869532071,26.07560343266408,26.31413954830256,25.819476231648643,24.375678076144183,25.357997930860932,26.142006152657935,25.552454820639426,25.1650540291479,25.56947595931885,24.581935069846256,25.82410426733819,27.27801789524316
DYNLT1,23.742649162159037,24.474479277082903,23.60526183234581,25.612907915781022,23.789854300045892,25.634237112755635,24.962043594706163,24.6350439025296,23.225671775700057,24.29842555861423,23.431446181923302,24.872086166430062,24.403268012541847,24.65993850795742,23.56857449607624,24.060749233942044,23.64854460795907,24.391464922234345
DYSF,20.597018969838324,20.543646749986397,21.555800592241695,20.405908405228484,21.437331929768522,20.665479104564774,21.11120068433675,20.999113071521478,21.95203086901778,22.704502380932006,21.47182626762298,20.908230227707165,20.816087331885,19.74904683160283,21.355085224160078,19.958974576505156,22.126970699627027,19.720476971581252
EBP,23.518873892036368,23.699476891920618,23.74513450571382,25.60226233867261,22.19822342320562,20.207015173664292,20.901654988047586,23.36716384771059,19.710439246556636,22.201482654674017,20.822206423080253,23.949931482108777,22.161114755845432,25.110121584326,19.527716718322573,24.186274776525842,19.663610997064286,23.558421189535608
ECH1,26.76998717225173,27.04993499763788,27.022355243690964,27.9399068342027,27.38361603520536,28.361926046837496,27.399356716929216,26.974651313341404,25.779093074615627,25.330825495067426,26.241325161780733,26.652610384616725,26.029687820883442,27.56776789480508,26.237280010189775,26.887862159327014,26.806850614634925,27.959775621121473
ECHS1,27.95969975930725,27.574832340377775,27.40654027519454,28.591510229182262,27.427708123617517,27.96219810029895,27.681802244629637,27.31346139673621,26.12776947182252,26.7585235129237,26.467646030191904,27.292190162806925,26.88317695023246,27.72687919334188,26.914696957171007,26.63599107438719,27.115959731604676,29.044318978501856
ECI1,26.56768972937083,25.66666810047989,26.706198151858594,27.659558219326744,26.859312516088714,26.784929571083584,26.82497566070889,26.56321700464217,25.260523935731435,25.611378051703394,26.045029516460925,26.075595407041597,26.10142242799364,26.89514005898819,25.923931893079793,25.18733730354111,25.758160198892327,27.882382654131792
ECI2,23.42156767814777,22.688566808601795,22.950988267845695,23.427820615227578,23.90504143356909,23.66788842659279,23.756149122061053,22.513418400392045,21.2425587109298,20.202294778955746,22.26031155302966,19.294133974290084,21.10216759042981,22.69201370497775,22.059675992142687,20.550918962737693,20.42954863520026,24.316385556094584
ECPAS,27.114918447819225,23.96478238375311,27.218985907581434,24.170108682051676,27.217591891512757,27.030946827592985,27.715563599179745,25.93164114925099,25.962378560468167,25.221649429524668,26.33211683010796,26.412570616290633,27.21748191359922,24.825001067118436,26.05152695052007,24.333830315523926,27.549729312219394,23.772783765297884
EDC4,26.582921977714925,27.01216702705488,25.172601165819692,26.715471742634502,26.34784092087212,26.73097240457466,27.034054273985813,26.79926351959494,24.082919393343225,25.02777452792181,24.169373210795218,25.49432536348994,24.14030180894899,27.27256911977112,24.6244932635925,26.231519475086046,25.947603727544497,26.94305247742951
EEA1,21.92856023690598,22.19087811498267,22.816432229840906,23.858145363380274,22.613396172351013,24.338167222562834,24.77644729943702,25.781611683733423,22.913995836740526,25.17205312807678,19.522027244384518,20.016847363737586,19.246927572449952,18.90166735751388,19.712509762442593,20.877294104957837,22.082294817976287,24.17350900372739
EEF1A1,31.281223040489934,32.186562238743555,30.60941828386841,32.22132558053171,30.677529322674392,31.6670000304962,31.996217879547647,31.777530952180612,30.37334225372556,30.923986585817744,30.52799189529587,31.384418887836404,30.36308800031571,31.88020782311132,30.298943488149202,31.53572683013722,30.33306384661934,32.2056815617176
EEF1B2,26.725799485316745,27.62661297284769,27.091618419655504,29.283098554143876,27.501725473181715,28.5936818122913,27.458015460203566,27.763580996647015,25.542579259895803,27.03089448568072,25.80605703935914,27.470839729563032,26.173184354323475,27.685364030389902,25.173008567931355,27.26096288178814,27.25483102716499,29.312330564394784
EEF1D,27.500916217188355,28.505741272436047,27.887791961222447,29.71832079423522,27.48884491296554,29.189328493248826,28.064183168317584,28.350623652798305,26.77118724478353,27.823975318687108,26.18244967726419,28.07664093955388,26.81408686676506,28.166016808491094,26.320738717977495,27.759402794157303,27.308936392245297,29.39636841091655
EEF1G,27.576760631142584,28.083237506020385,27.65003496916331,29.408909225013577,28.359998589152454,28.534965030096487,28.488989899676387,28.218868495049097,25.758899996710323,27.949790175288577,26.337567530106583,28.074957039099875,26.797058588204937,29.001066896571075,26.49543879108479,27.090484979530217,27.02359402591877,29.33803984489867
EEF2,30.56981937624603,31.61432992197328,30.074382684698023,31.758413035735668,30.427876648160446,31.45826052447784,31.114778563410194,31.147537876975655,28.92137306957065,30.552565510236224,29.140067341980608,30.796953220905806,28.869288599858578,31.152849299667384,29.02420847292908,30.657026280392497,29.9159508207913,31.75857514509687
EEPD1,22.86758342342536,23.246053207565673,23.199510580435277,26.51533638158987,24.625357925203343,25.95854767180373,22.85407119628952,25.80181754465837,23.314280413192876,26.63769295065489,24.257449354778107,23.6129489853681,23.68422823088066,24.994866570612224,24.240958206275053,21.178615808597225,22.541210365799785,25.751229572719787
EFHD2,26.938292175737242,27.039516605113363,26.25108734813375,28.17359239291731,26.19646756027709,27.81289449113014,27.671532619468145,27.55629213271066,25.010079146051382,26.778245178417464,25.414628437225616,27.603364364799894,25.263654992853592,26.594953492610117,25.183128573527135,27.34601269183633,26.357485568913752,28.025750538099903
EFL1,21.44268992467491,22.728101623216002,21.369548460753624,22.885046355450353,22.776861447447367,23.54838846267264,22.443817449773263,22.75857525746245,21.108112514648262,21.42699936987923,20.64933790250564,22.911216450690393,21.39155775613964,22.96034967443637,21.052613152843886,22.325773530757267,20.33016350752164,23.014580104004416
EFR3A,27.68427507288137,22.054623637028808,26.16332961964369,25.942476227172058,27.12338284753537,29.35274837853018,26.94085751762433,27.480147289940405,18.13689913931881,23.173264955807994,24.904397937075867,20.165745011935353,26.641445662725513,27.17097146213099,25.475891277497276,21.47927384523363,26.604531931895284,23.51208844673798
EFTUD2,24.32538360590807,25.314855869838656,22.834831606729974,24.972098699825157,22.510277222243744,25.472242205018492,24.504570869158858,24.249017976891324,20.755747918243785,23.94404830962882,21.99247994462909,23.833934909488995,16.28617995846587,24.47943001549866,21.287379438860235,25.04928785641961,21.389192274014803,25.66259592876065
EHBP1L1,24.670058731925327,24.91813443861489,25.36123087103557,26.715863104807408,24.152925217127525,25.17322131666557,26.465459975260515,25.71721377028793,23.02265846630225,23.327886777696442,24.067751191663916,24.65967512815778,23.754576082317502,25.938488371923746,24.17871139404738,24.928827587777057,24.25480273181348,25.24709527004607
EHD1,26.190767215790395,25.45709538025916,26.735363693532417,26.24704320859666,26.95362249106425,26.050849956316736,26.985313722480928,26.12976969016278,26.64171899266612,26.24550612465643,26.79128778437035,25.44464493860933,26.236009436443524,26.25567452951712,26.18314045378774,25.904960717534877,26.85298599333011,26.161212498983847
EHD2,28.314098240894044,26.723938789000268,29.51341362416495,28.38498865655166,29.595679213302407,27.49297741371935,29.104044749022776,28.4491714541118,29.629194381323792,27.773424879195822,29.88047982949656,27.709380824116895,29.365111452495523,29.192797477764618,29.946299126995577,26.723313034620066,29.278129719021276,25.78024166357037
EHD4,25.961613363546583,25.848025205219614,25.653690162409873,25.773046059823816,25.9344919137671,26.356650792949974,26.153941224477233,25.85551748430234,24.754628710436457,24.499900393725,25.08631640216086,25.01819509967433,24.05283598506566,25.820782617312968,24.38244945535146,26.01048647495534,24.7163468978421,26.413316251509883
EIF1AD,25.928184202199393,23.054990056072935,25.706828671802903,24.330150087534488,25.774834406779032,26.38986359212314,27.40699198772036,26.356121151024617,23.2884708386944,25.455311124800744,21.850735758700505,26.668768436262763,25.934616774983706,20.47601844073932,26.617621652350252,23.803705797396482,26.363253941387484,25.691429245238563
EIF1AY,23.632367732589767,24.426620292599093,24.254634399858006,25.570516146689986,24.10926612354239,24.888322988870332,23.756610898806247,23.907179200924084,22.35860714959247,23.100021623870557,23.017113467010383,24.09224994692513,22.820080450728955,24.66630996185024,23.049345352954816,24.15210675818804,23.68553864370574,25.772305939976523
EIF1B,25.86432914156851,26.909675903903203,25.95298177483107,26.805617341021023,25.626917706354995,25.909722226631587,26.549883170231205,26.841926359654618,25.309273879718702,25.827337922879117,25.251886351779408,25.655609016040874,25.151857482775792,25.863520733913045,25.302567565195925,26.13861044418652,26.04726971498755,26.969529738590737
EIF2S1,26.571907758014785,26.86628392656813,25.83177992778675,27.53166347351062,26.089863510528165,27.265658991750353,26.497307496051846,26.366858491335982,24.60607949024866,26.138888366295294,25.320075110589,26.495348904549434,24.980791385074863,27.048552019453265,24.806336317016786,26.226929690329047,25.616075660561208,27.481038439185927
EIF2S2,24.294195980555838,25.870437023586135,25.124091383412253,27.113005872448948,24.91149953570019,27.02926298947136,26.219507043265043,25.745380692459158,23.57462554808294,25.611972702427522,24.1058011950893,25.057780908459637,23.752501135048778,25.527959561093365,23.972745225632778,25.751969397482267,24.94664904626171,26.57716217041948
EIF2S3,25.69596339685144,26.40250794674203,24.740067818663803,27.648547952806403,24.84953933664668,26.91300405014011,26.811336420015337,26.480572202892283,23.96631017904454,26.267820621399164,24.515945297807253,26.444041085754435,24.69646665432874,26.084583360541778,24.893809343736006,25.67353782733782,25.43139031271202,26.59533615967353
EIF3A,26.523979877707372,27.197414943384455,25.58262923992218,27.607101341463995,26.270093210105355,27.304293201050445,27.089910850734878,26.903992390026108,25.16819232986557,26.181153611904612,25.592659086344963,26.524786906743284,25.039603476131422,27.30076091677471,25.33222930606203,26.681167040490774,25.7943706334746,27.611533021302737
EIF3B,25.94017145656169,26.274436822998563,25.65725166376121,27.57566389296918,25.228316155139503,27.385058135630114,26.63165592273537,26.555167408067803,24.75443015804995,25.51814819708058,24.62164347268605,26.159150094968687,24.53494432994998,26.30983819203476,25.21956089334509,25.916213945852878,25.461673452103415,27.586652620681573
EIF3CL,26.19851849931364,26.45998789402703,25.631179531041674,27.28902522550815,25.68697215029621,27.130646283748053,26.71545792807208,26.275695670284758,24.63752700819955,26.014204218740517,24.82064181450451,26.41238583699131,25.003746317765565,26.65154712188894,23.88092251058966,26.35385991986233,25.374938368750566,26.79636902779034
EIF3D,25.43470636982653,26.07486321072439,25.43882374335455,26.885982567064186,25.054050915720666,25.94112245989122,25.354426641232603,25.353703437875012,24.700373329340913,24.740495576455437,23.62566079896136,25.31314615883721,23.49058501466374,26.30636352848431,23.8629193407865,25.35039585770838,25.290246441556295,26.62543095716204
EIF3E,25.728496308657135,26.320398294240807,25.12876979632597,26.565235100634347,25.28013986967699,26.71217060570124,25.9083970080402,26.032170330199115,24.41993687989674,25.878995046829576,24.539646336605863,25.560484433340765,24.700785578334614,26.19257473736254,23.595447370440485,25.829305234833072,24.73194984614033,27.576003839767395
EIF3F,24.615444813218872,25.097036316361656,25.394818559028575,25.540405115009605,25.19450030481138,26.55172808015922,24.66658756667937,24.69062959238629,22.38236638278328,23.042548729392625,23.88564389258624,22.579790407364786,23.779428041493393,25.279639921313844,23.941267659129068,24.086511458559734,23.063347300733202,26.177597743319765
EIF3G,25.294122557406993,26.10203264638262,25.195190135995446,25.549945038067104,25.428360722302518,26.613617951065955,25.26812913587754,25.42499787810303,23.76156767047677,24.79046586798474,24.22605156067101,25.155553699675124,23.963784551863075,26.295238268870477,24.440941489491077,25.853529159212332,24.615181215121094,26.71994600573027
EIF3H,25.91243776669903,26.294182824900478,24.161629088498408,27.639439447933857,24.445006946579987,26.83044467434508,26.34241409447433,26.51379066588953,24.18672195776783,25.38014557154675,24.46226944956291,26.315897656716686,24.57073187768083,26.655473767078007,24.36622894077712,26.372311670019013,24.05423134653702,27.56009024368165
EIF3I,25.565603648593306,26.332011526193995,24.33359043658235,27.087033368893,24.663234952777152,26.51140206562144,25.917929969281683,25.96787891583545,27.20076109864369,25.356055372646924,26.948342058021957,26.016754506739375,24.06359045487919,26.290801231009226,25.843644964424527,25.779402049563064,27.93881555108536,27.480375026201724
EIF3J,24.658118163491235,24.898113511618654,23.29707331778218,26.29549536303504,24.216296540144253,26.05312770351242,24.94932712555187,24.78900323554871,16.464053639965964,23.99503113067787,23.159995252918925,25.066343065991234,23.745733670195904,24.83140339229981,22.040691621093618,24.125261551437923,24.42165127861339,26.148018359895953
EIF3L,24.49211630868599,24.801907805727705,23.46605589624502,26.516508886857203,23.84312140339745,24.478786217551935,25.185420466770815,23.943852121121623,22.605150746383067,23.67791008648967,23.304804776574397,23.369574522487827,23.77218909311576,25.332832364823798,22.24648696534614,26.157490497653658,22.84163166485739,25.209395804291052
EIF3M,25.366541957386563,25.803388928626184,24.990438613640915,26.635314259471613,25.470190438237644,26.02154849315193,26.063853300610614,25.346731606494053,23.857110006316386,24.686538031126098,24.470478674741283,25.065955919964384,23.944459227998493,25.507590912424618,24.25887452852845,25.222333278913098,24.519686045758085,26.436182148807298
EIF4A1,28.499468910914334,29.415019436651406,28.375521774168014,29.89270704342662,28.813854881858557,29.650960833728337,29.36330629655895,29.19275961142207,27.08343438500204,28.58567709149426,27.69606858218652,29.278226471310216,27.277781103577826,29.93436891164405,27.608832683214136,29.60214233230725,28.188853033454013,30.1135450081938
EIF4A2,26.083034764392487,25.556737538843283,27.100574421745293,27.284878310474177,26.66547052685858,25.967560937104405,27.100304914103017,25.25887800050635,26.168127366302095,24.90021918618705,25.71558993923452,26.30419527743059,26.26658486038524,26.191102413050896,25.973700548264233,24.798010450848206,26.17543543725831,27.0276179307512
EIF4A3,27.111593358424475,27.474261760641774,26.850806615619756,27.739837955064296,26.946641407005405,27.78442833564324,27.24879389594375,26.78245593770091,25.541094375592532,26.733133746880696,25.233690433652814,27.4983928087285,26.035395355560638,27.8773027342654,25.387267080440893,27.31433306154943,26.33256638424453,28.498679814911327
EIF4B,23.8359906516558,25.693985105429377,24.591067851215016,24.463500769729343,24.79028702466984,25.846052759865945,25.337848039628923,24.275162092778945,22.80428472669462,25.125001766765827,22.526393564763872,25.140699670374694,22.767116966522,25.518693671897626,20.800855520670293,24.79129459532202,21.224532564912415,26.820710744018648
EIF4E,26.069080802245875,26.092563582334265,25.68156916030765,26.3591056726714,24.77818663180854,26.693372576037397,26.9883267175518,26.44146309135161,24.832276187248898,25.885940688162933,25.186554445785372,26.052844122436458,24.575364343702944,26.33632957969351,24.730260170324865,26.336924203715828,24.64639270464324,26.36473715890582
EIF4G1,24.692493314636376,25.720586601506568,24.31115023415344,24.192012373910988,24.1761123796991,25.536793589487587,25.028892811599743,24.806687742042442,23.324438899966356,24.268790395646555,23.08310351241104,25.072592745345666,23.474006954599474,25.4707470722394,22.6818872082756,24.48507901605075,23.579384090765174,25.154720585597556
EIF4G2,26.229324915752255,26.34797682839887,27.086216002233165,27.266422168115046,26.5370209293689,27.86954011555597,27.34546863239766,26.70623594135659,25.81472396643523,25.95151199103498,26.198241085164348,26.874997424970736,26.07817666289608,27.12269400240898,26.125510222137923,26.27507587161887,26.357087984133987,26.665847997042604
EIF4H,26.401841557801422,28.030464480626,27.091256751414125,28.287012121053127,27.147784285388852,27.29424726151992,26.426641099003298,27.291683151763326,26.701339457520074,25.79494063928291,26.16050975270911,27.22705191910241,26.127585128597335,27.434658639737457,25.837211220688634,26.873021427499637,26.70978427920882,29.07877830221411
EIF5,25.636815052542676,25.478928951398373,24.89905549314611,26.151064453258652,25.42929148418049,25.57505294139059,25.123797410320588,25.46248334024825,24.8296365259929,24.235326024099187,24.25799152203963,25.512319946515294,23.79563972401212,25.46103932656686,23.712285514239497,24.997986465368207,24.329942314512216,25.455848650953314
EIF5A,27.550821196855352,28.377822746859295,26.7622999538604,28.16012366400633,26.895795031929488,28.759764003477066,27.73202400636524,27.713977614199646,26.223245691230726,27.847785073681898,26.240739425515866,28.046967636766365,26.139824969515303,27.972775963305228,26.576414805426847,28.434001214006617,26.812397194095052,28.656830242846418
EIF5B,26.848819161554943,25.101804435562656,26.691293105624176,26.393918733386247,27.23454103072376,26.463655050784425,26.599484742862884,25.29555290987674,25.374157431450357,26.4479166732781,26.18298336362343,25.493821241543678,25.78704358307176,25.988190007982354,27.20721367882759,25.543731844067917,26.738602731474828,26.32791260289329
EIF6,24.462036786283228,25.72209099246339,21.470036942624564,27.519014794162995,22.01071843800132,25.958501902176497,25.067246253347523,24.843051359831346,23.43372770354241,24.5991671637353,23.91810461553118,25.480126358340733,23.403572054654912,25.667763607420106,22.993456616551377,25.46100790258798,22.77844762937318,25.6991273310912
ELANE,19.404212841766444,26.086968242114942,22.54687745140574,26.43465857307801,17.37626165937422,26.63173567789129,25.274751629933824,25.358723734520936,23.553245455955672,27.679584259228562,17.81498370006233,24.405916093494394,18.723239495482513,25.470956749348186,15.946223969780373,26.005700049367835,27.151065800919497,25.43851098634711
ELAVL1,25.5224633041068,26.34879371532064,24.97859257127683,26.496477629264426,25.371024027840974,26.74645333168906,25.14628703645174,26.051286076674973,23.68677508831151,25.01554003515391,24.1407345307446,25.77145706436187,24.561630166486022,26.595995298739812,24.621993408941176,25.626260833786365,25.120638746761564,27.39250243122001
ELOB,24.1130732005079,24.724462409556736,23.768042837958372,26.071297876844287,23.726096130732454,22.945047322426152,24.444106639490023,24.62935338053426,23.17155005431625,23.95564094540685,23.477254123962556,24.584160226832275,23.665489353496838,24.57349214395698,22.59501655286782,24.3428073557526,23.72969713942591,26.031779649549502
ELOC,23.16055856554568,24.84572717769833,24.037473672095494,25.25883508183435,23.9339591246502,24.808324790168253,21.927905416023734,23.58436109732484,22.865034929719624,23.40405327116632,22.256452054879837,24.017099982280204,22.2422414248161,23.41898132570171,22.34896014451155,22.521588433130553,23.47898485958243,22.75532381755426
EMD,24.525256643867266,24.715941148475473,24.915571734992593,26.127304053454594,24.929669217508934,25.527177254542906,24.422868437930077,24.80123780011113,24.54984887174113,24.307885666988778,24.516047769639513,24.703303319093745,23.521771831964553,25.046866984497616,23.937082539127374,24.54520054214287,24.23923908363964,25.8229187854426
EMILIN1,27.45876264753225,26.919867310918683,28.379993392683204,27.006370878316005,28.514504860200912,27.871315029700668,27.9803419132204,27.77059176451733,27.996324339026415,27.123447297527765,27.395948970125453,28.35659782305632,27.588039342317828,27.743241328133696,28.033528655348235,26.436344346688035,28.361379848328788,27.035452113203288
EML2,23.749059371219705,23.98166857119232,24.073986533567144,24.73445784343184,23.942278614032215,24.139303198928406,25.41008472798557,24.931544684599054,23.049967824974146,23.173707906336634,23.775423614632967,23.29755563210957,24.04330676084191,24.365691261517025,23.418789230044364,24.300877718283534,22.231804421695756,24.536325765269993
EML4,25.3681608110643,25.64748990327471,24.690384995582956,25.722937809224387,25.103084913631733,26.410256731274753,25.35257163269009,24.94272552222638,20.721942989086013,24.033264141422638,22.663502992458167,24.852871836849403,23.771845993885837,25.941571032175858,23.635906652768384,24.83910420704319,24.710324053017064,26.568531403943236
ENO1,31.036334849667206,31.53505993232725,31.56561745016082,32.05730250224791,31.622800780111213,31.57622165709312,31.675481977636277,30.86430736199601,31.647527388655334,31.125977639674698,31.638931930477447,31.254754510712,31.269636010593693,31.695033629832846,31.2248105946477,31.209995708552743,31.39945238242072,32.414977229343215
ENO2,21.44965329646989,19.673999671775967,25.030108699633153,20.328957037907667,25.64002202229157,23.489064654142656,24.586618192374008,22.853578231505846,23.72397960147607,20.75358997711711,24.462031094727816,23.814919547085772,24.08800870228968,21.02014192955972,23.533735839592467,20.05590861457707,24.519092332721126,23.175441077462267
ENO3,26.119768986114554,27.272553341453953,26.289728895759566,28.117072330735034,26.149922541121015,27.57178457115021,26.210919515153833,26.01795321589278,25.131479638006017,26.976866702296007,26.249631625766977,25.490895082295957,24.223405216219923,27.192088623056804,24.788791551399537,26.398281196623127,25.518698692450258,28.96424381506019
ENOPH1,22.209985562338908,23.491136081972336,23.731576572781805,25.06704890400447,22.91437936895446,23.886864668475884,23.727197797306005,23.166080438872367,22.26365221153558,22.64715042605099,22.13270706280923,23.693523918471783,22.166156109341966,23.629671472482944,22.10837308198876,22.502618745739998,22.723431261665002,23.62486007733671
ENSA,22.32905639674477,24.855727917321047,23.599059720038227,25.263358443838708,23.47427109145136,24.43543035766296,22.113922559352112,24.1394264486266,21.685256717153212,20.266644819215287,21.12323902686565,23.860071541743224,20.153889511467533,23.970989954714657,21.513873243372032,24.520830917058852,23.179880972911093,25.76164331363467
ENTPD5,24.23924490961313,22.044656209339905,24.342953287782827,23.994896441951074,24.304275988139022,24.364965250467947,24.59477016574934,23.15453522130833,20.855539836450998,16.716468869475808,22.86242088642161,22.117580623827628,23.324279801311057,23.909247229562276,22.6986153897286,21.735186698654637,22.072675530770024,18.676405652550645
EPB41,22.813855745113088,24.838113024560265,27.146610311228617,28.06190093692306,27.568397452377397,28.323631921524125,22.938706310376315,22.243384688393363,20.125655392340896,22.518350398354652,21.516756679869463,22.119732675034644,22.460462951329884,24.24972356753296,22.26901970380981,21.560058479224722,26.820561451237996,28.482560635914854
EPB41L2,26.832499179745177,26.90145308760106,26.74278860904572,28.197252573010793,27.056275732878756,28.25279804451968,27.238332264445297,26.601286815122293,25.95015520796683,25.29220475590512,26.450648925036294,26.701556207402426,25.85360731945619,27.04620816382609,25.891439795029697,27.493806126095045,26.569708736437523,28.32530713173063
EPB41L4B,19.98766709094669,20.56758766199826,20.4056769911479,21.909096638147922,20.735281478973263,21.790293331363266,20.24605786431912,20.924866624242693,17.892591330620117,19.847514229533676,20.409094607302578,19.538828520833036,19.192840218116153,22.121329387961424,18.440320146785286,20.65825596943219,21.406052106796913,22.03355385007349
EPCAM,27.640356216126825,27.236424549436432,26.244848523059265,27.838024848086064,26.402828663715024,27.115734451140334,27.316653464921952,26.571045277736957,23.987685725882454,25.892887388605747,25.733511210194177,26.91923928748781,25.71357131801306,27.41293982973188,24.89684759516063,26.966395580466557,25.83878143540959,27.783067944362923
EPHX1,27.575899157285807,24.927832719968116,27.58605978199147,27.710233017967433,27.93601410931748,27.327564871961965,27.017009813499293,26.309162941334783,27.082962849646425,26.43199899309824,26.930610614400695,26.337569627844243,26.609926829038155,26.16720506953012,27.156846798364878,25.582136958950535,27.69678117758754,27.84196903110678
EPHX2,23.975837294515067,23.10205502523943,23.72430771338715,24.48357997213739,24.480346810836046,23.409205075751853,24.093191901268067,23.680402089015626,23.16676174037631,18.87382908296754,22.945696626139803,21.074808689812393,23.703214821166554,23.332093914936653,21.974885227099456,21.06603453997821,23.94769890130944,25.01928668848447
EPN1,22.199789741763496,21.914820610697213,21.85433667127358,22.681332005057854,22.25945883174384,22.813227157779632,22.993943162915365,22.79876434382874,21.625556510795626,21.25003374293841,21.956521757154956,21.95582865646799,21.79454243917702,23.221226379066746,20.853482137728047,21.594755453038672,21.88773877880375,21.923551861515115
EPPK1,26.888547176374438,27.03198843498341,27.41535247856982,28.98317802869956,27.1932043501597,27.724692122498976,27.63179360288578,27.101054416944706,27.025138300426143,26.125407423943656,27.655199466221017,27.20916991162583,27.50527802575904,27.853794407193124,26.681881996389553,26.708771146316373,26.801489228296774,26.909065688067418
EPRS1,27.25400119831205,28.054204080397067,27.51123487967376,29.476317064447507,28.17094969366097,29.013459545246842,28.299613163428706,28.102166435764882,26.191392818844655,27.365104878098244,26.649459963571708,27.95840338787446,26.222865316560583,28.07227552409438,26.56348568448758,27.718217779833957,27.09343913188407,29.614662596414263
EPS15L1,21.428524761457844,18.87468471383012,22.1552927632777,23.26430538598557,20.171231033347294,23.338776634002507,22.142012975054005,22.001339639747044,16.720231838458425,20.979049702687778,16.816403602090794,20.438728031956334,17.822497124445018,22.449633066617753,21.026307715739936,21.817318202806014,18.497344550523863,23.92827269297926
EPS8L2,26.4340461314231,26.182819969304337,24.444684397161232,24.607442080676172,22.265490055544205,23.397373433349415,25.902648249096746,26.573630620716894,25.257155629354287,24.794722578868274,23.991348923413614,25.36088324417841,24.173515276757612,26.777920424671027,24.657125046299047,25.786463283298286,24.64782508516384,23.002338498389843
EPS8L3,22.30417482563656,21.94396966152632,26.854387977400407,28.131108486733247,26.27488555718869,27.315822981052786,23.004542394701506,19.642212877709245,16.71557015830574,22.926095875077717,20.245815766348997,21.582657585887254,17.29677585755354,22.357295709839757,14.965233669508912,22.50426708036212,26.202794559799994,28.08775034298498
EPX,28.341619186482358,27.803988028533105,30.531488683522777,28.056831456502504,29.49026602063874,28.5738113656497,31.4577762730333,30.040355019335482,28.692745606613915,28.871655579838503,29.346291047621232,28.937286488813896,31.486909313762613,30.436415471662595,30.911411891477993,27.62532910631193,31.69662810746836,27.18597095315427
ERAP1,26.903192277383848,27.253754542061728,25.91647459835326,27.487161880268637,26.5820314835008,27.16599953845589,26.208471852524717,25.94920291663014,23.679072919814146,24.09862297472748,24.426829876910393,24.812988813368918,25.101109498350276,27.042542329235594,23.893554661148407,25.258646053974168,26.2854098937775,28.165039482130886
ERGIC1,26.18936528924189,26.13413452288468,25.596527883123315,25.449788674072963,25.35623302632192,25.877441550180798,25.636931379373028,26.808966828934242,23.86648881179437,24.36907617194351,24.76946745837866,24.580694879914144,24.939021115726018,27.169271295125547,24.24172531484803,24.77924452924714,24.542225335949908,26.973575426376367
ERH,25.04543574580011,25.81647359991847,24.962358215236836,25.0111504273319,25.294811298118642,26.10570418608079,24.532127764280823,24.673440674810138,23.333710380868126,23.52841572487224,24.006200041541234,25.22457503647922,23.672133019173575,25.71535281902864,23.842005366649296,25.651900073434977,24.172004653631348,25.810000365649277
ERLIN1,26.207543892898922,26.78809002994338,26.250120005839864,26.20383173327063,26.009847680674554,26.175626553402587,26.718964019142348,26.213424447675866,24.75715997853605,25.67069356462001,25.781304774342615,25.723215334992425,24.58760611266384,26.60192459703326,24.546975157597334,25.978327974127527,26.266688721857836,27.380714976469964
ERLIN2,25.828994424101882,26.40984876040795,25.719606379861553,26.836460723757035,25.961418618295703,26.978914099070014,27.194825457983313,26.071230674432197,24.781537857174726,25.262192753591354,24.57673717144606,25.338935017710913,25.036242895284172,26.034221751129092,25.128207742414308,25.706036053630616,25.75818120714792,27.39446728183111
ERMP1,22.753337220330195,25.24367063854983,29.87922269401506,29.795678770956588,30.769570727410443,30.36724373151319,23.076629553396664,22.395294505943024,18.758858868853824,24.603110090684634,20.502529259840593,24.589958680654995,21.536820904044934,23.36608400468089,18.970747999050282,24.86730848043647,30.58795318360789,26.630282983072682
ERO1A,25.03933492238299,25.923677577581525,23.867789826599264,26.720999555271913,24.184063239489795,26.342288276267286,25.81714219884554,25.1229284490354,23.362184471129552,26.6434964319055,23.5425955666094,25.74746983264838,25.355277067371187,25.452899928168886,25.65908015523987,25.631250695133815,24.931115994570206,26.24165625861315
ERO1B,23.81052435259949,25.33634668256138,23.19018095925874,24.49910571427953,22.950210512679195,25.05284178235291,24.611366724327546,22.0973459016805,18.414772922129448,25.367899465850705,18.17845937210751,21.774330243895708,22.33081340574368,24.99028426450931,17.134639644246807,24.17814951532505,18.70483822713456,25.772042441207088
ERP29,27.81993511092119,28.18360560142107,28.071172574827315,28.72256484405489,27.79316734382368,28.803297677843002,28.13569525048654,28.32439048500482,26.38261880657247,26.862512063352366,26.49848889690173,27.25709646180254,26.34519238698639,28.601552380026877,26.028598921914895,27.978313036190652,27.625478774613224,29.376091732513732
ERP44,27.005613789228896,27.247733556791886,25.914578521657184,28.355855340781247,26.38366660154612,28.066207308708396,27.136212678397047,27.46846053831673,24.753135896120774,26.37364932012859,24.348049214328103,26.429688763510523,24.777578248414454,27.37336704661349,24.698452615177256,26.729255579728182,26.424295239681506,27.707362676396446
ESD,26.401364013231465,26.624654687851862,27.528884533864495,27.57249168331949,27.361949118255467,27.746059921476622,26.609611553841418,27.269619281554867,27.455066472976846,26.23352211023352,26.818856054860905,26.615029276255417,27.45133813614944,28.118192536748865,26.827212734461785,26.971084322183366,27.38427588050568,29.138327550066624
ESRP1,23.287758998006613,24.280082356920992,22.286263098067025,24.84013105080369,21.42044810068764,24.089840686710776,24.62900927275127,23.93842587941128,22.166952977127796,20.966325304051455,22.473925008059133,19.899599578096538,22.523773696346822,24.761886736858738,20.673960712711107,18.408668796629627,18.929013833105287,24.355983725863627
ESYT1,23.635058343477944,23.17039271444505,24.457973921708668,22.501912500112642,20.154420514069557,23.539028957772995,24.28051427303126,23.931848061127102,24.28996229141139,23.17936236331667,23.491493821156435,22.91270065513188,21.21732163529867,23.888515936035102,23.848342796171444,23.056073411482338,17.937291872729855,23.799468106432673
ETF1,26.135659505452185,26.9852011931819,25.25351391802088,27.325926685537134,26.025743857596918,27.059237725561207,26.213386794847715,26.264550967236833,25.108232267366486,25.85801039784971,25.10672766447285,25.619868425526928,25.430619235662675,26.618499270580926,25.1881342751267,26.200283239726986,25.222635856187843,27.692861915994165
ETFA,27.453294188944444,27.149238006883653,26.410231668206205,27.620231267857815,26.549039516462077,27.53783163759214,27.55685043908108,26.47724246370339,26.51455614024331,26.23774622974017,26.103217577296054,25.833875753219782,26.15428899813541,27.220799357838917,26.394000142632024,26.19715811429053,25.953646393852633,27.47396412392041
ETFB,27.991298119725766,28.02968066452257,27.00631783307884,27.96579789365808,27.018568291346934,28.12915020755368,27.58357626439122,27.2899765131558,25.360535761588153,26.220618224367243,26.26216037809169,26.44854161199873,26.774905880140185,28.135501978136443,26.027366246130242,27.073547763364793,26.82052680387391,28.19446322070924
ETHE1,29.089252447621092,26.64252495140317,29.293748870447143,29.322017396755342,29.60564563224497,28.725965269144304,29.264121025427766,27.995201992185102,27.209154063073832,26.737886751056948,28.642125653438864,28.146677030631814,26.90216959895339,28.36602898256896,27.316921477107428,26.88700274976264,29.111794909145303,27.923117864491672
EVL,22.80004303032951,22.423722477973808,22.884509901561238,26.10811477655855,22.200451088701495,24.74823177487526,22.77943868813585,22.11061366950244,23.15000048765207,23.33203612834336,22.683369314977934,22.78784550446812,23.345028755743897,21.38160708823321,22.727207609819352,23.639306552387886,26.21265246900471,26.234598605232666
EWSR1,26.239550347679486,27.179144527145954,25.54114940995823,26.93729240769041,26.335811427659937,27.276693490060723,26.939841030948617,26.1696305351957,24.25902120749728,26.334308036384922,24.1495879802961,25.83737294890059,24.192867606376005,26.567175891221307,24.63240423843052,25.793135687745476,24.888493391994928,27.738332043474244
EXOC4,24.005580852379897,24.44716548255786,22.518316626137896,23.946034305857093,23.78062967128787,23.378564248476973,22.72556580755196,23.65478773782211,21.38968460628285,20.5149934665191,21.962583915170374,21.04784937984918,21.52695387241906,24.50155414945899,17.417636137797956,22.57812143960849,23.626854214049708,23.633253127453976
EZR,29.108532990477563,29.453646726654927,29.160327734753082,29.87894663747519,29.21118173826711,29.614954882148883,29.769628902697203,29.29329609257585,27.998540256676154,29.184566603527653,28.4274488111954,28.88853876401782,28.533144401113365,29.59628340765922,28.649186368178505,29.562393528438555,28.71478904378141,29.33606095137356
F13A1,27.251688875965833,24.766498046108804,27.160561910134554,24.6651494633524,27.354808122291175,26.731739772831958,28.607540409303745,26.751056804981534,27.415617293918693,26.556161161492494,26.830231583114863,26.42915053779605,26.4055165396973,25.672912604715677,27.148258800759372,25.368214961438515,27.368267790153993,24.381463582004557
F2,24.262264727899375,23.066089414959503,25.04955759978538,23.097774182375655,22.372462646948335,24.09198979647003,24.73289926619606,23.53665147693431,23.86307377395196,26.14216543799953,24.01488431194538,23.930219594097313,24.10507024818803,23.222821554082934,24.40687045631475,21.717334548494087,25.118473143391462,22.773063732401614
F9,26.75489569006766,27.525764535306145,26.35466994146871,26.465432031039025,27.388392910385466,27.685009700117824,27.725068870503396,28.106519371578894,26.255008208128103,27.4318867955105,26.473766362420854,27.333378312809423,26.420011289098436,27.76565685392939,26.33959557208616,27.01790881562675,26.23573129814018,26.397028606761648
FABP1,32.029346342659636,31.487405124915732,30.259482014010892,32.055769662192645,31.608754546564786,29.487056088336246,30.81958036679462,30.5673209412254,28.09495229204362,24.281722832846217,29.937772877744393,28.951285073289874,30.446999366032983,30.101954495488833,30.132058076689933,30.66788548112304,30.282611242626743,30.262999470124473
FABP5,27.19007484506964,25.98404523964219,24.5100569878844,27.080748703747705,25.159375004611086,26.69265657092387,27.145857315147726,26.282460921446315,24.49724576966407,24.941302016033863,25.335576453427358,25.8656744091718,25.11682954551671,25.018900253833007,25.569278582368213,26.313569002984583,24.659157270797685,26.21227368409514
FABP5P3,25.766997656350345,23.41724799220282,28.29010687792075,26.562282880381968,28.91142819991046,25.591503555105167,25.136046633553725,25.11811374574715,27.449958871026542,24.140291411610647,28.22479920829873,25.933697558040663,26.84168373094308,25.185373894827833,27.880158862887214,24.59815189685455,28.76968884284907,25.990839378751286
FAH,21.31466987780132,22.100331466352003,21.733141741350792,22.755578641099326,22.40464272037313,21.77013525562018,22.27117670158538,22.345344567111038,21.14511074333814,20.740097506277515,20.933468581562014,21.18329625255702,21.49505335296844,22.31281148531191,21.14256451026155,20.569379346300483,22.085372518904904,21.67660275236926
FAHD1,23.946639134270395,23.800647296512764,21.457444530118632,24.8466524230688,23.20649199839393,23.149577635972218,23.4249188987568,24.43021530385203,22.23672140816315,22.338027130237727,22.78986694243139,23.727115994577826,23.215549327635024,23.657091308676936,23.45599873413136,21.47151227466803,23.056142253246676,24.160826883954446
FAM120A,25.90248936462668,27.015114615232143,25.520611813519874,26.91052494524196,25.432466787626584,26.54110192226253,26.624869637462712,26.633454230087068,25.2012099387445,25.53811510651921,25.575610797800984,25.61428740033315,25.08437059080184,26.833875185701654,25.121723240046418,25.605529154457802,25.34570510330403,26.187815052047323
FAM162A,26.351424466946604,25.43966247398552,26.75619025622564,27.57673846554255,26.495049870502772,26.45781397470594,26.4701174128535,26.368864701879705,23.958822868982768,24.023826051960278,25.224064971607092,24.576270965751057,24.610149432988727,26.963605837941273,24.59596531220081,24.040504429060594,25.4083542215324,26.766231892235847
FAM3C,23.42990976490775,24.51807165302004,21.0896578802174,24.94094755006044,23.259821217885683,24.363549884373697,24.352816447176984,24.34445808886644,22.059228677367962,22.965080425893987,22.646798312227844,24.112224603847014,22.262984672648418,25.05083112416644,22.456268528008046,24.75208750382076,22.34001855273278,24.832059476020174
FAM3D,26.52642502054348,25.12874026164106,27.453285763619302,29.0274555421983,26.330027109246707,28.277918005734577,27.82236858771555,28.364756296431406,23.695101372662457,23.81731706737321,26.098235466951536,24.86616191411276,26.191948074827714,28.383440516901345,24.473693359886973,24.981298244405647,26.008119034834817,27.82382417263835
FAM98B,21.350493444122794,24.08504546221196,23.03435069652967,25.263363819662978,22.045323654188188,24.302696765927685,21.59861724916885,24.910645328202474,16.3169480069311,23.932699308878497,23.25703981612345,24.912430690045507,17.990665022173474,24.728334909675127,16.487975718482318,24.307678736013006,19.925084979565664,24.294826446267297
FARSA,18.2493801982914,19.11325428235596,21.113056410219844,24.230843492686812,21.474300499890617,22.586215639519253,19.44525834029569,19.035230138753946,18.98680520680696,12.279259023237604,16.634405214499864,15.225122930472974,16.706651451723392,19.13230583577063,18.167866101958005,19.837605093858556,21.905148216042768,21.055021624074385
FARSB,25.471802322260316,25.88045410150297,28.386613657271873,27.17538295183207,28.65004373868419,26.526656544237404,25.445294247250406,25.8526483668663,29.22015945750126,26.263350285116548,27.89759080063886,26.741763213884475,27.541147609904126,26.285970673248457,27.139860663619796,25.38826751607475,28.49295806478547,27.192190623325942
FASN,27.45158315604216,29.357449261399033,27.281857824608107,29.659708639007377,27.540880869853343,28.779672495274138,27.60315736863938,27.41564419335812,24.92555026143515,26.633381182304653,26.103604071949377,27.24157587769017,26.469005625457452,28.62508069557967,26.334298550040298,28.470676620183617,27.306841482077544,29.178015548250826
FAU,26.897048504491128,27.02102250890456,26.018903100618314,27.749788575047813,25.0901680066537,27.53420436745827,25.339468886261056,26.60727806031326,23.710386928967825,26.102019212886713,25.248101093600113,27.13137494172353,25.21787046960638,27.666241733392848,25.28458559822084,26.14435477744461,25.986898860004064,27.549784621894585
FBL,26.59913640244201,26.764201291017148,29.09316737502599,26.34863689472808,28.372368173675355,26.64046738989274,26.946671482147686,25.521915590036674,29.317657838437913,26.214737385535674,28.840758738381798,27.72859553605599,28.859662245223756,26.46068351392299,28.55476142891574,25.770418674165274,29.078279826900367,26.993837812763367
FBLN1,24.30986264490504,23.87568361957947,26.649619022035623,25.06168425011907,27.174229161127403,26.336828013945492,25.72238728935755,26.349318227038236,26.67683368086774,26.104575348915898,26.839594160936567,28.09256966308093,26.76759760517567,26.27902304240512,25.446342301606727,23.662769230293275,26.570963069679355,25.95813300220148
FBLN2,20.856902406603314,22.55470391896444,26.590489070045102,28.269700348056983,27.786298806807235,28.209413571920752,21.758634444843253,21.56130240752108,18.760044364586072,22.139432894580235,19.223284228731075,20.887346443917874,21.396336498024887,22.695786794751168,22.031079079581332,22.69059801945525,25.481163370211988,28.72164719981783
FBLN5,20.86360062198,22.738866255088297,23.292592437920423,22.907534963182467,21.453171308969228,23.252540776357538,23.049730339180982,23.072765225201024,23.962675683100436,22.25316650931832,24.33132411285878,23.35619905154932,22.93987532514696,24.39504191536924,21.881011004835823,21.474069071455837,23.00486908853809,22.24066531969301
FBN1,28.759621931487686,26.942355142779196,29.490170084655148,27.603719906399018,29.19110487283894,28.716323611158415,30.181851133280826,28.371248125360133,29.87704761284008,28.361132984206918,28.55737126836165,28.83497495137724,28.583983613172123,27.67852280490007,29.535760396412314,27.240482876002385,29.418929726416664,28.204077541408935
FBP1,24.409299206299607,23.890408797988908,24.085546010035223,25.121437974972533,25.167607444085178,24.94677662323506,25.711333151499918,25.56576389368992,22.26871672195832,23.344767813604538,23.3037225421456,24.631549497079043,23.285727950793227,25.288227545524073,22.80134634332829,23.169544941978135,24.231420797516957,25.211709056919297
FCGBP,31.838031941094023,26.832358354227598,30.68114314103497,29.882595987346992,31.252877862502064,32.98024781000385,31.312840021841115,31.415795373729093,28.472152836082913,27.328450821025243,29.84047378235426,25.779363623151976,30.43111722819879,30.83832140351883,29.31355919880045,26.098027009047755,30.608501840108065,27.280840714525947
FDPS,26.5355361224769,27.157967631563693,26.479619845216856,28.75596370550413,27.232846946347173,27.665619734622993,26.709444070650587,27.209689239384932,24.842243569786675,25.87688803251654,25.57727978299215,26.141576935114948,25.12614599531617,27.348241669082547,24.963426088602127,27.13770996726681,26.080001314970254,28.369466682652536
FEN1,23.41521733553607,24.040789444549244,21.513724224665438,24.095213374704343,22.305245254053457,23.819908077936102,24.139482159195815,23.825378053829233,20.445484415815688,23.319629562760806,22.28986381572238,23.653507674861007,20.93335243661299,24.195288530299088,21.752401442246885,19.79578025622676,21.231289092807582,24.275576453541987
FERMT1,24.825174867701335,23.995006773964395,23.165223991429333,24.235626491522186,24.985248458611675,24.855482031804424,25.54655833424165,23.842957605346164,22.187650938018933,22.27337557042723,24.250106713407504,23.7407600106127,24.810878278756547,24.399802706558994,24.532706786407136,23.557790455273175,24.428896154190006,24.438897130668895
FERMT2,26.41431137037702,24.882912102456537,30.57830625316811,28.50865281328957,29.320404454925736,27.07007345473726,27.06099594857352,26.539583760388997,29.130167281512925,26.605421059551215,28.843194080952813,27.952970786467294,28.66835434532834,27.09574649065544,28.996845427095987,25.595113064406195,29.340605147721867,29.734262300985502
FERMT3,22.903976040175934,22.101354345737608,18.819792822815177,21.416350481103475,18.345280774877388,21.925009943404344,22.292930620073815,23.07950478921662,22.409338362354408,23.73879192795304,21.90920788912247,22.932889711681998,21.82036196304882,23.910145049811486,21.23416694666191,23.39363866024362,20.357784638069795,22.12109994057624
FGA,29.78886580385379,29.687696494838562,31.302998214918496,30.488519759532835,30.378887586268824,30.64573706791536,31.011756171258043,30.888121568262644,30.340538293006684,33.31502002251947,29.736037140291337,30.324932321891417,30.994807470364695,30.34082206706788,30.761906212764476,29.258836519725108,32.144873518205245,30.18006383697866
FGB,29.61307838735525,29.2366674878904,30.711132169285946,30.370562782438704,29.75387468620512,30.426388467501447,30.65951084092546,30.128997377102007,30.2685140470751,33.09061191766757,29.62665217012203,29.759961538036052,30.378598704011306,29.745481466301086,30.47935739513209,28.67318240045163,31.737327035988724,29.92125590810691
FGD5,28.2479589807991,27.776296106611387,28.436881116183528,28.313552476856678,27.90594661693796,28.77693829324985,28.751652398358825,28.330485546321437,28.083905444812913,27.048203277890238,27.96273700178911,28.497607579299782,27.017538165492144,27.91707907631149,26.114512555731935,27.318265346254506,28.450302636401656,28.14858513479856
FGG,30.331987538785253,29.878765057561885,31.719537886858472,30.914286544037267,30.550079571146025,30.95426929052985,30.970585287692863,31.03095015503877,30.860767550635696,33.70985791395236,30.293333251647557,30.611243737486877,30.90696109877662,30.600135859111855,30.943370564296146,29.280333276123017,32.312801163054196,30.48400621915919
FH,27.211221501658002,26.932103721356196,27.67528296535694,28.625452219302677,27.41814459338694,27.453950783631942,26.902791015270086,26.298927027395,25.1888849080082,25.201776045616203,26.855192165726955,26.201328758301134,26.457047216243122,27.40881109473389,26.486925960236377,26.453948176295558,26.790475134196182,28.194834332458875
FHL1,27.932922127951706,24.63876784051297,30.72630257495243,25.240493768010555,29.879438984419817,26.759433172460113,28.744738122224902,26.74130521969539,30.59376272907614,26.69533254697031,30.049955665837736,28.033617572619615,29.899301736060085,26.843922904965428,30.14370808752406,24.423970973817443,30.382995153739653,24.34762380352849
FIS1,24.056662859957996,25.00341039611683,22.13084675454889,24.22717645654455,19.945826845374224,25.223930477099422,22.229967870112326,24.416821810265873,22.923477294950825,23.47110648618188,22.799221416437064,23.667138393104697,21.33192282059406,24.381014267659133,22.516911171562985,24.796105945904046,21.944031445770218,26.651849762992924
FKBP10,21.49182095011122,25.2745496537637,21.490493324810647,23.612771765598726,18.732020860405868,23.934666311957628,22.006136033931124,23.609569019307777,21.156176078467716,23.416231614745005,20.257384355584495,25.65263184606984,20.909679240446177,24.50978363261911,20.233053112452684,24.285540465468703,19.658469460414906,22.632110623886163
FKBP1A,26.21627641431126,26.698030102056663,26.998675605704516,27.17468012654039,26.699074191895786,27.094274210428164,25.350531581194993,26.689517734557096,26.257921663428235,25.211369280854807,26.331498426366117,26.231176996546434,23.809766489435177,25.48258917720663,23.106969685741525,26.41224827382588,26.28748843327742,26.257425777256106
FKBP2,26.059324122711427,25.817487888534856,25.646657175140607,26.788098378907915,25.36171041136504,26.919876710923905,26.543334662416246,26.86886775006428,24.73133928592685,24.91712128248876,25.021441019721355,24.359977932131738,24.701544457838693,26.129123678603232,25.04284062628964,25.509538230129767,25.79440253679804,26.224164213037533
FKBP3,25.354038873697014,25.51537766685574,25.959905067105236,26.979204853453435,25.828490001553835,27.138589002845254,26.899998250605933,26.878129610747596,24.67487014617619,25.70191001855295,24.902631892782377,26.533882418346803,24.44908630484437,26.615534134118,24.909766422429065,26.029262689798625,25.13573964285404,26.971844683046672
FKBP4,25.31427303351339,24.85434181705953,25.094416096502414,26.99543187896609,24.918315881835714,27.137289528644615,26.308333320441285,24.830817403404854,25.65989200278978,24.015162766805354,26.10540332164458,27.069620661195945,24.984977173798363,25.00639573985564,25.80077598451403,25.427917105248536,23.287606085347885,27.730862922151665
FKBP9,24.271714118957448,25.735627382067456,22.44402878539521,25.623430943443882,23.49240176794088,25.263683643929454,25.62727220349253,25.176148765152124,22.526329246459476,23.982681762300828,22.82498377788868,25.17207981028281,23.602252354088478,26.099716212949506,23.296959642628167,26.22632136994184,22.99105848114233,25.752205463574384
FLII,22.972084393074283,23.306716606058504,22.71867741021614,24.01567824397938,22.962584499455318,23.239420639262477,24.133070285095826,23.011126291579494,22.552507799503214,23.26773383560643,22.363434399370455,23.418500718396484,22.278700801026265,24.106851364697558,21.769287362068887,22.684283502165634,22.612434086513613,22.911231832201068
FLNA,32.35796458195745,31.196061141311255,35.56622979612762,31.570146289710742,35.1772568442715,32.566086504393795,33.43242046527147,32.51448646360381,35.52460464886085,32.598490886634245,35.12873220010288,34.04297906188082,35.07386102902394,32.67169529454935,35.02910143986026,31.358748619631466,35.27620750881987,31.84373400162665
FLNB,30.387478534499046,30.096438409321497,31.17868769155104,31.588490385765297,31.127257156262566,30.642471986768165,30.497032072315218,30.14833915134533,31.241205594619974,29.82524471132576,30.87232203842087,30.705137216573057,30.457829167230717,31.02228311046195,31.276720604729817,29.431128954781187,31.263228563821663,30.413430985288205
FLNC,27.832423724949784,27.46147003752659,31.95173021313034,28.162297551569942,31.440445773829747,28.555757396715684,28.99887384605941,28.146534631718556,32.919201963651695,29.774224271989493,31.66364674708777,30.16044632247608,32.10161834778489,28.005889868365188,31.571007825566095,27.623555866939913,32.18209741297347,28.478658611531745
FLOT1,21.77336067210161,23.03586051714648,21.672000536807666,21.787442196911957,22.026640239800702,22.51675925528259,23.828541278185465,22.735541420975864,21.079707060212787,21.363350079314742,21.31755436753238,21.71339191220759,21.88491091691971,21.782632646840067,22.15181448101855,21.04247601478493,22.126027303318857,20.368677324803738
FLOT2,23.128902323863507,22.82377507329105,18.664667789874045,27.407017182674096,18.27831112071301,19.36673221571856,22.95896021975653,22.297277108222392,21.702226312684985,22.293571458835626,18.621942946772393,20.762243363291944,17.32519430982091,24.57584825915703,20.857678427731823,22.034341876765914,16.650992813360208,25.47413693803446
FMOD,20.89808246853293,18.716303494720652,20.36727854875213,19.851386503775963,21.05885583471535,20.682485988997993,21.598336621243533,21.470573200248104,21.594958707906006,22.046320704580673,21.240286957482787,19.982839622091216,21.878432714178132,20.5486644294051,21.841703967866703,16.459774374901073,22.483709609729548,20.461533380556485
FMR1,22.9227491266376,23.608724086379627,21.71620746728054,22.442674442801636,21.404584304931273,22.408381006439825,23.12746491562067,23.317565903049157,21.968467999408155,22.720787457353993,21.324376469035315,23.006255624126066,21.535325052855598,23.338800905603556,22.04480571212255,23.32855373540121,21.96127836836378,23.062528153940043
FN1,27.863720142484684,28.966687560926122,30.430854891663802,28.99831286790131,30.786775895432513,29.80919018482082,29.255436681069302,29.922761983715965,31.132981974489137,30.66903599373667,30.450130034415334,31.433321890968323,30.657579715473943,30.580610544715732,29.752240087226156,28.44475207571312,30.657920917138966,29.44509987089263
FN3K,22.058451289374048,22.154279448798437,22.153025346663043,24.369097269019655,23.03211375423809,22.5856094538706,22.842334140324144,21.999746569146115,21.617657055431525,22.20850920406396,21.80803191552404,21.083074514180733,22.57276349721333,22.92944674103669,23.09943626284782,21.8415305304063,22.521737523065088,23.313657941383767
FNTA,21.87713074885362,25.064074780923526,24.015313070088066,22.175402213152147,22.51687343334361,19.92946545978428,23.985420439985354,22.85085746247618,22.682696308327767,23.477925107445078,22.04657855594785,24.567199666719286,22.43368895961067,25.004744932242097,22.580836204837574,24.930306093914652,21.94292468136326,22.584924109684415
FSCN1,24.747822010924395,25.011554366104363,24.333557124140526,25.21996232982239,24.784998906346278,24.94092982622379,25.69732276980019,25.125112694099748,23.63194559821133,24.358135649305893,25.219641010500933,25.880503186011364,23.862106774324896,25.44053025317249,23.953471167342787,24.80665390170504,24.694161070185753,25.190594907008535
FTH1,22.90536867102284,21.052417471119607,17.114867385795975,19.81626510941035,17.652267683519845,20.083145913099433,24.591658878567394,24.27169919334668,20.671699082142577,24.032343347570027,21.66257362168995,24.479517509751954,21.165023948160147,23.329332855394863,22.613215267539136,21.930781336217862,17.925480215291646,19.91857863972797
FTL,26.37699018052918,24.205324618250344,25.907864443856223,26.42944812391068,26.067549643397378,26.95450810625754,26.83855867545854,26.99414668896552,24.026328795822263,27.49949722426996,23.644757555880716,27.64547339074507,23.539409939439572,26.06027941161723,24.78062625715272,24.43457048298374,25.97402739879379,24.89232441897322
FUBP1,26.281689486428025,27.018341285993674,25.80393376495332,26.97346213020273,25.753420743018008,27.11115334461151,27.029028368787273,26.69462195490988,22.259349540864438,25.649224185743655,24.471860079515142,26.450175409674735,23.971255265049585,27.02263364103703,24.498607033710563,26.90065203145326,25.459563694865693,28.254327855682114
FUCA1,26.88569300287544,24.109429931333242,25.717325914200227,26.50098951424865,26.721341166981173,25.56225331067426,27.702675811423585,25.857365819463777,24.937091172650923,23.308313091975236,25.215254716717922,23.99477880369672,26.18930551240264,26.437278019033652,25.32696484160572,23.948848977855018,24.573269016878797,26.312039857249825
FUNDC2,23.91576793397487,23.59756984208287,24.714052273057344,24.96889763864856,24.90458368182931,25.168195117876984,23.949295300919115,23.50830758787386,23.89977370764118,22.595434805410356,23.263455364919867,23.859093810945787,23.242118634660383,24.296850436295394,23.39829185558837,23.17189437338368,23.942457074453767,24.557224509385357
FUS,27.4846271833522,28.5116143692711,27.32248693579831,28.434560888640622,27.261719070543613,29.16043099008281,28.09272114688523,28.097300705564184,25.87151296941231,27.140536753348123,26.08082163093316,28.479610685115606,25.917087867923126,28.276467470592504,25.721222183539673,28.21501091082365,26.77888261289172,29.509225285202312
FYCO1,24.900709469842862,24.95171689645726,24.31457683565594,24.714193504278747,24.909839766920218,24.46321958770047,24.449465731005255,24.189315398093107,23.68120815316918,24.594593482075574,23.57339887396683,24.70896687965336,22.608542174482388,25.573567137951496,21.23544425014273,24.40951669135113,23.93492062158553,25.373416868611773
G3BP1,25.44872964209036,25.944441298242705,24.744993960366884,27.776128669873252,25.213156441810828,26.839629351139653,25.37701707713585,26.38826198944711,23.11287439128883,25.424770669451817,23.81860707758238,26.25839971533926,23.599038781884516,26.72000014126731,23.05026446418262,26.07147992624848,24.46432240273369,26.746449586071694
G6PD,23.721761337143654,25.23575362332704,24.25628630287254,26.114413527993708,23.951035914258213,25.49410034345426,26.03761075177423,25.249458625111657,24.04279859024394,25.585976624594068,23.543529081283307,25.03228233154897,23.154791417566212,25.753370534398083,21.69372272019534,24.059629492967062,24.528723451904295,25.848788004488238
GAA,21.642136885520298,21.978611204965443,17.496806954849134,24.904799032733173,18.052043153990315,26.253172442173565,22.626788177814603,24.747121030988584,22.152816061770196,22.201184123662642,23.241554940882246,21.952186509463196,21.96729490633681,24.047157707608143,21.14680667380399,23.701320639820764,18.375973396288167,24.548380339619023
GALC,22.038200267830565,19.757812056825486,17.93909394444833,20.513167863607443,18.63516125002011,21.043815819930828,22.486948324366207,21.123098802220674,20.75409443768105,18.727291111113296,20.827574856262803,20.714495577828078,20.306959992941305,20.02371402735696,19.378559158094614,21.103414254008246,21.196475985428165,18.88000645628747
GALE,22.056735393591886,21.72158133312856,22.04206011307438,23.751732764039733,22.586095989800274,22.701808182786397,21.922831205225588,21.13957232909266,20.52141379305727,20.275954726103976,21.88691928248148,20.979860488663853,21.36352470023281,24.012725779179508,19.914809692504313,21.847805571227152,20.845967501437666,21.888967642517912
GALK1,24.17796894208455,23.90069763675884,25.927282439697883,25.585911794572713,25.272173174485726,25.425659028119927,24.47766062655447,24.696179446566745,23.220448157677314,23.741125101412514,24.713652994408942,23.52074189242329,23.953731644573015,26.081372224726792,22.99957171346232,24.158853058464256,24.642152577055114,27.303616552574248
GALM,25.361297380967436,23.496160975107706,25.73080650913033,26.04881496893739,25.616694236359052,25.8796861584839,25.850446950904637,25.891932545524025,24.164215769485793,23.739630916441232,24.301178112881527,25.27655955394423,20.415586091446542,25.140498450629856,24.5382533654766,24.23411309060235,24.328641203219732,27.11685896523669
GALNT3,24.159924753125793,23.73786000353772,24.498827925285518,26.302578544971617,23.947392242288025,25.915169150657064,24.488326238891972,24.569844440029385,19.66800096411995,23.694698112047803,20.9382052110697,23.068789722831582,21.749747796085806,25.888613708823094,22.833816651990347,24.27303803978222,22.236190925359743,26.131775175759902
GALNT4,26.925300837055392,26.71343892797145,25.975899067848996,27.659231121891665,26.216293652319717,27.57287348001077,26.12259106534138,25.421170907914693,22.98657034421329,24.64910864125273,23.71434764433806,25.614558273571767,24.55395265865373,26.47386045484312,23.168853354933763,25.058003526229754,25.092216324387792,27.796891421618913
GANAB,28.643999533502484,28.72927537009197,28.72788460179739,29.787587074559855,29.012353828408532,29.79971490952171,29.12887791421503,28.842953603992065,26.969225084694536,27.53458675051001,27.53682625450004,28.107722638997735,27.41000145820803,29.488504513646138,27.22005021099966,28.084210130348733,28.5513869272563,29.93878481049005
GAP43,23.458344995803188,20.397802425324468,25.19956443804574,20.803272836743606,23.313403677089237,21.22656927399171,24.364446129130375,21.865136920694457,22.93631053421229,20.983241605263945,24.72978127843092,19.974440739250436,23.06849721896778,20.78946804125291,23.676991210220272,20.260042933107115,23.553209536041205,20.844489978019638
GAPDH,31.51326454180792,32.15362649269561,31.90074778652791,32.842914760052004,31.560794797462112,32.401846232057515,32.28344190277056,31.848980119062443,31.65269761168369,31.494054796494844,31.35542513728876,32.168050230913344,31.612589165230002,32.46699865529761,31.620114457386443,31.382448776866248,31.648125276932433,32.93270405727041
GART,27.504664467904124,26.678836740714402,27.4113490638752,27.246490815054784,28.624629100631335,27.45010274102022,28.42714282472264,26.893280698372834,27.41638636381948,26.96571385724485,27.873923173742543,27.576212991803004,27.753955856387176,27.680575370102222,28.05548249640382,27.00880592744345,27.092747900612903,27.451443379891813
GATD1,21.999941348409997,22.301879297684845,21.874106696660895,22.19794585497904,21.573432768798664,22.290228039150183,21.622126088971118,21.831482213877177,20.567895170823427,19.910506305606734,21.62273261586785,21.800338616799237,21.26030735200972,22.375301076844305,21.27019515144469,21.75412806054559,21.465819692905935,22.582774148519384
GATD3,27.527146762434775,27.038317327506697,27.798819102881424,29.240753264479206,27.463730331260983,28.019732356856018,27.835781464826812,27.72750008438227,26.10175553600896,26.285172145406957,26.3271334728434,27.41538991465151,26.350861092101795,27.48802589049101,26.459240563362304,26.888210702001814,26.86627547878106,28.632281130448472
GATM,20.028609187416503,18.8506748996114,21.12258611971226,23.02522157133481,21.460419886636373,21.74493405037783,21.069694852621762,20.175458208859325,18.03787401595958,18.4847131948479,17.545497564611157,18.195800583702862,17.90116996572138,19.866777703485017,18.11201924956418,19.534792734059103,20.382818296302446,21.53788595023094
GBA1,23.237965821426776,24.027094377409536,21.673545452537134,23.225993329449437,22.387741778983422,22.48228650918055,23.769200545988376,23.334204004193303,22.225932330096413,22.826738648955622,22.518066190203225,23.41171827454289,22.478734576007184,23.936466709443383,22.501157539693114,22.817530028477062,22.506657669432048,23.04723704020058
GBE1,24.10467785392424,24.46058894619099,22.81009225833755,24.831098119884345,23.667775867137944,22.996409203453688,24.961446978882037,24.089678010900535,21.36739738732011,24.02296552047878,22.676264489427286,23.991160541263532,22.818434375452465,24.187121134137254,23.138306388576876,23.403384378392925,23.940535835323303,25.48956108354514
GBP1,23.02251496656327,23.067971139848808,25.248775726716527,24.791624553069667,24.964468982463696,25.051632565571573,24.46143365519911,24.885717720441118,24.25245108484462,25.32431145635353,24.26077399330696,25.535516955969378,24.280394972853298,25.364785770565437,23.21481878074786,26.023721303480478,25.756278518424438,23.636181384705626
GBP2,20.909435639989102,19.78096354373687,19.32470217676907,19.979544417526352,20.887844258045654,21.04934357426479,22.15717856567824,21.3281016991903,21.408754154744596,21.04858485247377,20.90535159896875,21.48025859149395,21.115423139399603,21.33245093248581,20.874071638973454,22.08860468963919,19.530173721759887,20.939573333385592
GC,26.010555148195564,23.559139636380884,25.78750871608191,25.95629810776681,26.758517944564087,25.316362432129925,26.349591201541738,25.423783557400654,25.139820027797168,25.146762220549178,25.983081476998052,24.013960048542312,25.84582612772646,24.500311181128318,26.0107672019465,23.86512482955966,27.153361457005396,25.436395271350708
GCA,22.02376853017339,23.93598234395526,21.93947894316475,24.353111082412592,22.58930066271772,24.69216193446015,23.926283718217114,23.646936116277598,22.47971274040171,26.46975927589204,20.51081650916052,22.318770432991613,20.140106558617298,24.269357373912452,19.448559219065984,22.03940462687474,24.411617396090872,24.47063334240417
GCLC,22.439448035701542,22.851152544545034,21.9461999077953,23.397702078210127,22.021663266637717,23.18329108806036,23.182089611760855,22.831195652492703,22.438776533471625,21.644286885674887,22.528250339378186,22.486544322179842,20.62237997500274,22.483350043301833,22.348190259880777,22.161700656360736,22.324741147393627,23.69675440764014
GCN1,22.92963737233187,24.20288158205252,22.185702787423832,24.376969881171334,23.800375024674008,24.02374056112178,24.970094127013343,24.326229980001184,25.703779071990457,24.532377617635866,25.003357652193124,23.42327310115379,23.763544353647482,24.089278927443583,25.24734452334968,24.353591797879947,25.155547733779454,24.55964729426823
GCNT3,20.16198723444802,21.551061209107505,18.034458766194575,23.477320205884805,18.011043512370417,22.17819942811971,20.70137409129462,22.307565035631644,19.964549453431086,20.86627008007668,18.9375373926139,21.19438117587697,17.797694458822793,22.651271657254917,19.682126905831716,20.699954501438224,20.648313727869425,18.417764165806183
GDI1,27.513694943592,27.56664430997998,27.93028482138616,28.932686014620856,28.387078216026808,28.709516655719284,28.30480093674453,27.9565425611092,27.916242250699813,27.499467431325108,27.914583210782993,28.014430816123593,27.609213232480798,28.63789771066095,27.706041489830312,27.799805075217023,27.92902562970258,28.605149291045304
GDI2,28.96023031492199,29.02635765106871,28.740198270368687,30.054309650562992,28.999433422690423,29.953539188632618,29.737220078133127,29.462307794137523,28.202351034995143,28.60846230202716,28.361424013398317,29.204535959397415,28.413447652930532,29.816977433759064,28.21479855590857,29.1642799063693,28.714053820205418,30.11583907214901
GET3,23.661117460011543,23.471637386759213,21.925606271466926,24.41118746861243,21.001977651849508,24.116435286632754,24.12410992836714,23.681374311983475,22.576660511445464,23.087185636397898,21.17570112677466,23.633545372599084,22.204699151910397,24.50219948150577,20.767763682922773,23.139470534108632,23.022370205657296,24.090144676504934
GFM1,24.313046031641374,24.35308157240395,26.054666871277767,23.84521000811262,25.58148053334231,23.317165805996233,23.894521801007926,26.86646346762485,29.214435695813776,27.59045948701899,28.22895819274877,28.56892664978649,26.055611130186414,24.944182828503404,26.626763503492402,23.41374256213718,26.070516705691126,24.187057219012985
GFPT1,27.8803903643658,27.884356016339808,27.26279511629283,29.421023077245,27.70581735921729,28.479022282025426,28.24373650401324,28.35106183028942,25.25148250634499,27.35083605101176,26.59147808969703,27.25866347979769,26.684303103303165,29.332579701763716,25.749006641256244,27.221520656579553,27.031887892469893,29.645803904527007
GFPT2,24.915149861384677,24.80656666406783,23.105499470551134,26.352999034396284,24.648387097170136,25.16050481758713,25.366536414319615,25.400478101700042,20.867174914835317,24.36348951462153,23.59779624163701,23.83355666922705,22.00465121081044,25.09452535649976,22.040911367535305,24.10288935343214,22.760383310395042,26.273920394395752
GFUS,24.164341758998294,25.341846365487367,22.969087192120817,25.624746326121944,24.25143956174655,25.73087672910399,25.612610223359248,26.062663727799066,22.60050821153544,24.97263346015072,23.64556723508,25.497660981959545,24.47268740037097,26.654124983884774,23.94435985012239,24.6097892378156,23.55274154991058,25.357713639428777
GGCT,24.204032516097005,25.37968734649082,23.786531717145653,27.33264335423853,24.86348628467259,26.60063778938035,24.44562398146087,23.164403718995366,21.660016841927415,21.11039742754163,21.90580593157835,23.883485543484376,22.691753619069416,24.888074455204737,21.74136943980553,25.849848594578923,22.856976165844156,27.79532564954216
GGH,26.331589358191817,27.094906155696435,25.71045507427465,28.465749920916366,26.250861242090345,27.339079336416553,26.240547033096313,25.204946900076283,24.449215070616308,24.679675574978464,24.222467940987702,26.94254848008187,24.869356512424773,26.159386690473095,24.589503153882365,28.068078190225624,26.755752528763846,27.68609669153188
GHDC,20.537523435356537,20.387256367212004,28.845292077220407,21.49107150055824,26.679350931054696,21.967254884357022,20.34087832435367,21.90125648769092,21.40545585007443,19.91513832092719,17.55522336536444,22.33797607103224,21.139165659923314,20.71035306904267,25.713151239003093,20.478262647872327,26.511118528874423,20.150783964341194
GIT2,24.99169661498279,23.03511913695513,23.128409420957038,24.036056966896332,25.28285974997536,24.161128674333007,24.680942007118382,24.461709925089956,23.52477698891936,21.192411549325204,24.015193163609013,23.252887991476168,23.839094738595296,25.558510188051873,23.910012668092314,22.93202544120645,23.902288671550124,22.97614442598986
GLB1,25.168239426443336,24.943293000117407,23.814047695882913,25.648164510270867,24.726876737762563,25.38857014028095,25.614037696790508,24.745852519785885,23.073233954865696,23.68596425094604,22.42458245291065,24.699279022677786,24.27784345964804,25.61384856301325,22.089934355666028,24.35670280382748,23.83004590371862,26.504598699029838
GLG1,23.17044498172469,22.882833629608132,22.594523170342676,23.381173556183125,23.48693073720226,23.883306897850176,23.213864121317478,22.08350255786823,24.13770451658575,22.12556609390407,21.948187358598883,22.77076939706554,23.729777362006157,23.97931442192394,22.226700268326642,22.328542333800282,22.719928836168087,23.05657182860617
GLIPR2,25.47176292256031,24.349877637900704,26.820260302982767,24.152916819764293,25.602756663880385,25.038260278616328,26.598360542626406,24.51142903799589,26.246021311603847,25.904546784914256,26.345865717283083,25.48406664746335,26.03716606445704,25.1983890399593,26.017162272388678,23.51139949357248,26.929346288446098,24.291525554367084
GLO1,26.34421999067123,26.950911091106654,26.87784067859996,27.195771299639564,26.903406021269657,27.577926979172304,26.927179786200167,26.463712566258863,26.798016453520418,25.34487707048081,26.96994682582625,26.515542901364732,25.995817943541905,26.876940790826865,26.580157105243767,26.394308401162345,26.455248947081913,28.050094741979766
GLOD4,26.57363114572561,25.934939364971523,26.08617796973151,26.49486997240384,26.712687869404615,27.078128337124483,27.478753707273547,26.347199826955762,24.984503891426893,24.897703423886444,26.296694554262086,26.867620800625172,25.695726395532656,26.38471029739857,26.121333539539258,26.491242020545467,26.252329646414164,27.084650489658564
GLRX3,24.304541581130568,25.766681035813818,27.49920744391639,30.018879028078803,28.668033904919405,25.86810177726241,25.46614062372955,25.33064946691495,23.314187641951005,25.2606269802663,23.969826758636998,25.236156281470638,24.489522098015257,25.911303024502704,23.529380541917753,25.597665189629428,26.960936406245388,28.4766493381269
GLS,25.292720861691965,25.651499718712092,24.08451892751985,25.67154466143103,24.652788094124958,24.992845978143592,25.21145557174963,24.36117643648291,23.37420064243753,24.076344376258145,23.709120829226112,25.27957748768053,24.194082909174522,25.05242682468154,23.740874426114996,23.83817723393731,23.644733242732205,27.146224824274114
GLUD1,28.26595279496067,28.486343553087934,28.10619243593594,28.082458017092705,28.017514843738276,28.342805000722702,28.734828400233262,27.4283740251648,26.99383352923641,27.31398141675359,27.365924995205173,27.751442614794794,27.536026327301727,28.787375401992854,27.058583365359556,27.949115801220913,27.128410995601328,29.683322743287892
GMDS,27.770564868805383,27.152538483176954,27.01886537311931,29.33992497954912,27.862452115972236,30.125162356360377,28.362545013413097,28.174509342256286,25.091891568675276,27.708484146095643,25.54187860796935,26.600171724968927,25.64842034130601,28.883980742650536,25.79756174551724,27.14264311611801,27.634088919213042,29.48086747667872
GMFG,25.31370697046372,24.808796951509454,19.609207524839878,19.734567394529257,18.656363070845593,19.05778499969573,24.011888324091103,25.28385551675123,22.890360864858245,25.643548009260634,23.755115131536684,25.14439003135351,24.084190274367153,25.697452403044316,24.02443217597684,25.53697598219537,17.780872754374794,21.458926509269087
GMPPA,23.654473519734438,22.865005214978133,23.124087330235007,23.904980988957846,23.609378915017412,23.598421213322165,23.725510055267332,23.88066405736483,20.73786130730662,22.786531369089452,21.403364554170786,22.652457016450516,21.888425468166993,23.29675776674929,21.394479994789815,20.972944113074444,22.712240493913715,23.486173405959036
GNA12,27.603978459601727,26.97589588917185,27.16811851401079,26.63058274658233,27.42430358032925,26.89317230586623,27.96420265560775,27.196296319470413,26.982944267788643,27.008587160970997,27.258811621609492,26.6164123683128,26.631733524165917,27.299941713439484,27.182102038685482,27.277432292955655,26.61294244197574,25.466065662959583
GNA13,24.4539525372582,23.966620830684516,24.019959113224324,24.680796335514792,23.89282623673177,24.131208338529614,25.393960228178784,24.869877806385997,22.98188449529103,23.22091937122017,23.705313055317372,24.242698043676334,23.97940301470001,24.74170696497209,23.354284735273925,24.245873767524653,23.435914776328055,24.471820700498967
GNA14,25.07317557571986,22.1660108285265,24.405067102286182,24.302256262331955,25.106296775277123,21.283065834750804,25.233528682121296,25.228878820712197,24.332827272833924,24.035046564103773,24.79824996967329,24.28913799145573,24.234315999034095,25.160914503127444,24.126504259407728,23.851459516298736,25.324989327379612,25.32518431434921
GNAI2,25.885592676652507,25.428211652940746,25.913492000931374,26.221524987190282,26.295899279082843,26.30625970467706,26.96332243134951,25.889186648597768,25.64849605411755,26.50702203174457,25.62343982049437,25.66488356766609,25.373734931791667,26.057503047357887,25.243068001281348,26.184555908545295,25.74072700327176,26.17366764352221
GNAT3,27.603978476733644,26.975895847240242,27.152664319043232,26.615248852675723,27.17248741570166,26.902334319831144,27.948715067601633,27.196296282867912,26.98294429996398,27.008587160970997,27.2588116032471,26.616412410267948,26.61634251463032,27.292174544603007,27.16673887076276,27.273553929092916,26.61294242118477,25.465252518357076
GNB1,26.51939744431496,26.6718778619361,27.581603361465625,26.871369552137605,26.715573776425963,25.912649453352984,27.509372440457586,26.752010783527105,26.67615945386835,26.264361446623933,27.068290280869956,26.626988653729907,26.384735870232692,27.221194901897135,25.786908147898746,26.28232796250955,26.336503770370044,27.254123988975298
GNB3,27.694225335855947,26.642421062906298,20.955493442164588,24.268651694932988,24.67512175595242,24.98054710996905,27.522024636510285,27.08335640388577,27.24248925664933,26.220874262575087,27.36425931782326,27.414366991411676,27.216394152767116,27.630248870798685,27.13489566944871,26.931218934063388,24.5853512568134,24.233903074680867
GNE,23.85660935728852,22.834220079871667,23.95025615063138,25.0856519238701,24.04864946411236,24.487067557926466,24.512251650877708,24.241161463210997,21.46374388530852,22.169585124734247,23.078745644917152,22.17229176369984,23.468857937109263,24.896536717877712,21.52526865418514,22.91977568476603,22.398817546973635,23.18118823200143
GNL3,21.436531659431562,22.534085857997344,21.02128876433701,21.42950694105004,21.412189969749445,21.35991030398059,20.90488740995492,21.74042599033473,20.054645154831004,19.244713738867873,21.57691973851394,20.87164987979501,21.29948882786039,22.995248185400968,19.949434303711893,21.54262026371675,21.74468635692706,21.45129103730358
GNPDA1,25.646047800033088,25.374093820180715,25.210686058155105,26.64516236909644,23.582717213127257,26.390673380800145,25.53911522314057,25.18604405653169,24.134613409189658,23.827162000534567,24.563910219210047,25.109818169444726,23.23345884511183,26.30954796899926,24.740813736090942,25.431256638350558,24.313521656503895,26.78421586979323
GNS,24.275464093755993,24.243682027079608,23.230765289097366,24.936235550445733,23.98350830804344,25.77577606091291,24.821232195609777,24.576139134213502,22.834587654429345,23.816228356276813,22.182697264909784,24.567457624354176,22.943702178502548,24.946858979810933,22.820004422052058,24.222722965348183,23.687832900622368,25.918856602213868
GOLGA3,23.409331206793063,25.09546158839705,23.867173310932834,26.212462675139275,23.590476833308607,24.397708065323112,24.18142956636028,24.68552998595337,21.91364935811489,23.499151891506106,23.05718528742221,24.684219286545506,22.708424177600186,24.693985852329895,22.62656534603054,23.254954429189247,23.480607174865607,26.9343555152244
GOLGB1,22.246461962635003,24.615255028627132,25.864997602541585,26.33067333320716,25.695428775341615,25.38821359369217,21.932945135729543,18.47711537240986,24.539883833216045,24.09443672065676,21.739890353902613,23.525650110944984,21.788278474559597,22.468712199032964,19.589824494533637,24.114678919622104,25.566739732709333,27.81515017653378
GOLIM4,24.278681388220505,24.61469225225456,21.388502426250334,25.242384807081436,24.032145342117783,24.662979512454587,23.63928167453015,23.364742316902678,17.996515544005916,21.13691807889473,20.119021898824272,22.25270943603079,22.132165396694393,24.02007247525844,21.323382035278204,22.76934458908791,23.223482239257997,25.29035040673893
GOLM1,25.761993552780712,25.082137144901214,24.460447334425368,27.12473504852167,24.595905385764578,26.865745774833048,26.564191051503776,26.26054402673202,23.048044786220288,24.31256117046,23.486168774755864,24.76846602281943,23.73496464316347,27.00931632716892,22.102576522552823,25.317526335678863,23.57151126103894,26.816173383494707
GOLPH3,23.52885934655973,23.10379679426885,23.57760041029384,24.45804066384097,22.250350885242785,23.999611547390337,23.588175224748603,22.775132041640344,21.804827058970538,23.26065108717495,22.90753126785286,23.729297235685813,18.15133029513279,24.575663023981374,22.82148456715236,23.09960070244914,23.45429312407457,24.986352482475194
GON7,20.031041741427998,18.826541431855535,20.78149939613104,22.246992806527384,21.217882068063325,21.988192333211916,22.411844309301813,19.2062402877197,19.08254601181774,20.393494176251618,20.198387717440657,19.001551235262006,17.941141754447465,19.37160191020273,18.77074953363857,19.010680562510167,21.10036820577686,20.376175729093678
GOPC,22.34085291123873,23.092656334007444,24.857348751491642,22.744905647942225,26.290090784693934,21.74743657976485,22.684364779784573,22.902941602083647,20.909714262482975,21.839971800614933,21.467476096455297,22.149269930833718,21.790007549264516,23.321212614808726,21.798478251359132,22.866123682462295,25.475876179385263,26.66682757628687
GORASP2,23.440754014970576,24.500179573289945,24.07774913834035,25.745139887816876,22.160538724822864,25.526983171827272,24.501602305751273,24.882665630828843,22.582099970335943,22.40158362749092,21.50029063680205,23.86863857434397,22.996841702986615,26.11948216754852,20.532496996758347,24.142111294214427,17.539401071599876,25.4493309583847
GOT1,27.57832321526919,26.345975298885126,26.996509010640644,29.2402015002367,27.546996304544997,27.31170254306643,27.619345590297403,26.859261194140146,25.988404935795675,26.16814073311919,27.073069533879256,26.51443712489426,26.04729404017585,27.33913943817162,26.71992812900928,26.238894764418834,26.918185538553825,29.071818307820557
GOT2,25.975730509035596,27.796198507028528,26.465045648183093,27.642689762985135,26.952862197233404,27.074442766883074,26.348036599532104,26.65940273225847,24.78769150424703,25.0710546993837,26.112299416490654,26.42954804733403,24.078728084727164,27.40744206019991,24.848124796316377,26.573114865864525,25.263184423945305,27.939665835597268
GPA33,27.696954446782726,24.727563885641416,27.304571121527967,28.560689478379416,27.422389220939383,27.641379321965125,27.369101198853436,27.501929069354045,24.020580796071272,25.31026363232086,26.78795403637538,24.676124214889562,25.685673991240648,27.408738583806873,25.707881876230026,26.267431330233517,26.753021775992,28.355458078700693
GPD1,20.961779557602206,18.179573541512504,17.226105102610646,18.419528310512305,16.946385123059002,16.946177347701298,19.385654470959114,19.806016474412186,18.396081179873228,16.88484200738417,20.917147695867218,17.25620716564595,21.576137062147144,18.697572199286977,21.03061199201532,17.287341836854125,21.820502020601293,19.76200739180302
GPD1L,24.78694524148572,23.997814041331026,25.44788526749388,25.823532629854093,25.087636112899972,24.38599532728431,24.591143795122267,24.324312112719706,23.31691864620817,22.688285396531906,23.849632545428385,22.938102881474745,24.23212532901631,24.690002168305217,24.305626844569154,22.30434153649876,22.786718143498412,25.675287922381752
GPD2,24.76401129309484,25.148166821772467,23.674275473906643,26.023775570034363,24.104475616702434,25.68040825305049,25.10622604191248,24.160730711669448,22.521423228624258,24.108375066494037,23.351832168139083,23.980340542769138,23.63060521914654,25.482634461020833,22.535514580221168,23.754824337142196,23.966397577616053,26.607041940621457
GPI,29.43866018826203,28.848135734053216,29.220128971189073,30.979861304386308,30.13061282530767,30.48452335462298,29.880796363199384,29.24563604654912,29.259651634315393,29.54779073701721,29.07646644294156,29.470765143399326,29.05883838098836,30.403866266466846,29.249219362344412,29.453056201584072,29.32528276156879,30.307489669966902
GPS1,22.90637059724621,23.406789444356257,21.914491001994666,23.13891748412772,23.331997853325962,23.534656594503314,23.586743165169885,22.933934671481662,23.088365836188053,21.86749052897801,22.462040830393573,22.26803801901001,23.07148513492578,22.934263506520015,23.238506423188902,22.110999178345317,23.45212886097569,22.320597488711883
GPX2,24.446381347335777,25.722816302788498,24.118753415387793,26.484266030079976,25.20341676898747,26.621103727340284,25.06493059685761,23.79370369034563,17.840010389065124,21.74003930441389,23.236052989382507,24.399727549553386,22.850474761423406,25.765012029979435,22.285814104768193,25.62765235237504,23.334892988600103,26.915669148018505
GPX3,24.525260994123226,23.494252114492845,25.318278854055844,24.720692645605034,25.613462395976004,24.920295808611787,26.743953602358207,25.085485405305626,26.097113255134353,25.04429240401463,25.955160409797372,25.0396801658418,25.653598202517788,24.843704336050273,26.086604515726926,22.267051937026846,26.128681566764637,24.396674333057774
GRB2,24.19529676579721,24.22514675115807,23.955855198039117,24.088366443038108,24.19993068019467,24.45572421709836,24.115115898124785,23.743439537608403,23.08090333965864,23.79461520335517,23.668107635604418,23.957547287391574,23.6576301013602,24.52880011779126,23.342137143961654,23.621019711493933,23.4930145035961,24.76779570696079
GRHPR,24.774145236739756,24.94399530009442,24.840402329937664,27.642821737492294,25.440509429838887,26.338208074464664,26.385106576714882,23.911884049062316,25.62178476942798,24.86997156518651,25.353290687058983,25.13942406817945,24.97303078653264,25.163249387216347,25.362458548750645,23.595278129879798,25.971334211839107,25.122485618081193
GRK2,24.834347536575976,23.825787434418938,17.890508674318227,22.13312221160062,23.404837589065355,23.44745358143819,25.234743882807447,24.282039792214633,22.504628560498478,24.61763682927239,23.74065721360402,24.588466561249653,22.310054678182833,25.840817321546414,23.30742813581639,24.792509586617783,20.0278490540187,23.16283150144624
GRPEL1,23.745014471705623,24.438088611668277,22.03335964015194,24.730394442974514,23.393508189597814,24.22548634158647,23.628933159507426,23.865991293210485,19.46232272695211,23.40555519959448,22.035305731721433,23.697104791779225,21.854138542185183,23.831917481610713,22.273130405887954,22.298685774674578,22.58016697957393,24.931908815832845
GSN,28.593897491202817,28.069769452951064,30.795852928665287,29.391754886510572,29.963529467042726,29.704536496337823,29.780844638204268,29.146052723837226,29.426408213638283,28.351619991074653,30.48072130329192,29.34689732871627,29.443884261798782,29.77311720429084,29.67767136639914,28.686781702807913,29.722034383951964,27.734336573771042
GSPT1,23.391824547824392,23.974379253219528,18.25641466640048,24.544267704245147,22.884605913877394,23.5836287096757,23.587906552639396,23.79866011585622,16.192195934001827,22.936180278197043,22.737317005450326,23.798210993153816,22.149279969675025,24.53190364108779,21.875964158876105,23.354505182119883,22.867275799946718,25.5498194981025
GSPT2,23.456253921233607,24.038788194595725,17.686026283673716,24.608491927122085,22.937454363496116,23.64492761948106,23.65032322712549,23.85609450163876,15.293706770463825,22.997459357450662,22.799731475488528,23.80318729560945,22.20623572786394,24.585782009815212,21.934879582361116,23.414142698307053,22.92222020918314,25.596288286768953
GSR,27.650830073252255,27.88126003174074,28.05287579920104,27.83097346361028,27.677772322822104,28.66070036643801,28.081080037931066,28.285202777872048,26.348291013590178,27.20098558080271,27.1601602412231,26.18093484800809,27.21586481837073,28.639049749462576,26.787852523451484,27.221435288007697,26.728926083158942,28.879633809302042
GSTK1,26.792066380486457,27.105224359505748,25.95456588205294,28.636115940857977,26.169491126037098,27.55097279453418,26.913129463687774,26.633664319116004,24.322070606692318,26.107818930292403,25.15174052461316,26.153775174231168,25.811399187454356,27.521961020014427,25.422981932803275,26.36511400606806,25.69299129916504,28.952944700887546
GSTM1,26.0930741090079,23.347013655473503,26.710263928694427,25.64511085513473,27.80224254063412,25.64764959514497,24.863244679903378,24.21488081084216,24.86433801495619,21.89181724369315,25.697845658324756,24.975468240690322,25.310288802116435,24.16113276844916,26.85195957792693,24.353705388591415,25.393417161332415,23.82287318260035
GSTM2,24.620328588472898,21.773649289786363,26.512313134692462,24.561303545958676,26.386226650515198,23.588344416329978,25.96791500029506,24.12891486216042,25.763579397970588,20.623624879913475,25.173444854530167,23.068943484276488,24.63694812447197,24.316673867062153,25.032233284559545,21.509623798977884,25.490675054386024,20.207661072040786
GSTM3,27.613862460573493,26.442419089534447,25.68392214428902,26.50287734051693,27.13689114252623,26.151036844390177,28.04214565105946,26.20890476864923,27.795070585588412,27.066696934050587,28.546979603595297,26.8058765534925,27.825101021197316,26.567358922825772,28.044985984953755,25.29321260660949,26.676055742105163,25.402154915981356
GSTO1,27.58356810521298,27.685467194626305,28.04268922426576,28.510541009588447,27.842719362029854,28.184241684558682,28.009501692986312,28.161086881469934,27.111416280250396,27.586996284039945,27.324297929977934,27.83493678841792,26.878482104448143,28.36448310477152,27.068438005878686,27.475503341734612,27.431146381961064,29.06670784060993
GSTP1,29.419195859610912,29.064808021868686,29.216439506358288,29.785551737102598,29.125720874174736,30.193009280727473,29.56786534055515,29.836583539613855,27.9649342059362,28.486584803051894,28.6887227995002,29.462264262040776,28.346810037692272,29.82181094048408,28.510672311678636,30.17254633558344,29.07361026079801,30.67857413503548
GTF2F2,21.754134362967925,24.10683658215952,20.524261860857248,22.83770414812982,17.15335753077973,21.55487898454354,22.955478436634237,22.859795950172444,17.94806996163534,21.83074323414089,18.896727331978457,22.816260445730418,18.3615170945868,23.490816794440832,19.420331074171134,23.602806398401302,20.896843683504784,24.058760574094045
GTPBP10,20.868684183388677,21.626183595712632,21.351917166558174,22.502797474688787,20.14054471517077,21.69985861662329,21.15313672401507,20.645259039605584,18.10124682301667,19.68457293750404,20.03211153238708,20.858849991106286,20.540064284943927,21.95978498925844,20.625682087789126,22.003677341083726,20.33785036923571,22.590325945311992
GUK1,23.728757163333267,23.279328160673504,23.851366181678575,23.676913087657788,24.334220540857444,24.205914173117122,22.92305034992873,23.16433929061575,25.608882679642758,23.967790807876206,22.2092605601041,21.26052570326374,25.67964294467746,25.207361649325122,23.14167627570588,22.472652892970768,24.86702125788028,24.925935438631544
GUSB,23.496725436565157,22.354409703653374,23.053813508996743,23.613093719382935,22.78324080867395,23.98031344011277,24.697355241310785,24.08423963049118,21.742234498556847,22.743659900355258,22.2082058312353,23.301425240253213,22.583265636157876,23.762270707035594,21.320179901216594,22.77157211743146,22.072395151358457,23.987709672565025
GYG1,23.274478028047092,23.999740508353693,25.14096392237144,23.19015328938772,25.0701709976842,24.569303960058892,23.984206376586762,23.597577087929626,24.49841553285276,22.89609020263248,22.44509191676605,18.900253218224815,23.94404197909598,23.323672610932977,17.30101590727936,18.776020055800167,20.786526688682738,18.62744175623309
H1-0,28.628363277034723,26.828040262831088,29.026307773048142,27.783721076676137,29.210376501319473,28.04953041280501,28.884086784797095,28.435632526043126,27.99296379764715,27.923575820659995,28.602215398313625,27.941395239043572,28.243268942219522,28.164589945090928,28.017296006080855,28.25998906809246,27.618850913704417,28.484572385640185
H1-10,24.62545450665696,24.69814909596186,25.495051619497573,25.972792901484556,25.451082955864912,26.06465577710939,23.973243560218048,23.608950986322615,23.105598452161097,25.21202493697243,24.43700487607916,24.992367197074213,24.32829367991441,25.831958454386303,24.197154898770812,24.91383415303174,25.56046061376975,25.360725794115
H1-4,32.119084254994426,31.60855006922128,30.56553466140725,31.281633658957436,30.74796928581102,31.018352718765296,32.53485916398206,31.72286634634546,30.172407862428045,31.24286794102205,30.8724059178974,31.15651053623453,30.35921323385593,31.140407302533067,30.650760412455625,31.98498546337185,30.915460177342425,32.12938232830084
H1-5,30.64539663661834,31.096577057763078,28.927114086564792,30.598197768429664,29.13249534459169,30.8609834193939,30.251401843781615,30.845458258981086,28.187271625715553,29.69137662530858,28.22163847479828,30.719926416706976,28.51579860948767,30.961621257544735,28.22664176725569,30.890684295113527,28.945493585354964,31.132669364726006
H2AC21,26.157740160964977,23.141975928982433,24.675444151139928,26.282708223521595,24.466322843556526,26.75497044974651,27.74241978759267,27.093947763744517,21.412722203762954,25.648556667801103,22.7609160250866,23.562883916245635,24.52600784295477,24.114135273985575,24.96466013218429,24.689558393932124,25.196195499030807,27.131202369091934
H2AC4,31.285910520631585,31.920420008812133,31.73819611172114,31.452799200444165,30.996744595953704,31.794140206695786,31.894614069368714,31.498924884650446,28.676483783550715,31.140823098495957,30.326031303158448,31.496776124755375,29.31526510185845,30.30285863755495,29.59256809627358,31.256268639067574,30.99594597389966,32.26168392288091
H2AX,25.966636681114547,25.049522781178528,21.809285716078914,21.735980931485983,21.799905897801953,20.02616191831662,19.98703424347721,25.538890569155836,25.276982282451378,20.58792966227273,22.71130175217602,26.423635572042237,20.221408388475407,19.66444946366836,19.118511881336346,24.63711252536587,24.09221991920819,17.578530519997205
H2AZ1,26.754824823531774,26.75464498447854,24.58374649034751,26.352981344310344,24.27146701789315,24.83741946662046,25.094595320898907,26.92627742671829,25.375303357173824,25.652773686784684,25.672767383626024,24.56712259643199,24.17819641483389,25.581741043867677,25.20291838379941,24.98999510654402,25.500585289945885,23.00092384649463
H2BC12,31.93243690563769,31.756019876615085,31.265092210182733,31.65702189158068,31.610458185625046,32.523910244331894,31.930563442984642,31.639061174921736,30.370771204339437,31.66413316641789,30.460379548842717,31.78008265315265,30.281119427197133,31.690876423516833,30.66234187855185,31.891360072232988,31.07485495759543,32.60354499705531
H3-7,27.496741314914438,28.74639547496547,26.759662536358505,26.96867050609344,27.912055157056002,28.17840310522126,28.971786470987627,27.531219806142033,27.47109761563588,27.159334517255576,28.25626032843362,27.65373023892825,26.986396514165573,28.50631854766484,27.895763440114568,27.102240333073404,27.333291062119297,28.890108956930383
H3C1,30.18169748938772,30.3560865890519,30.834574538670253,31.165783042504028,30.769474248330308,30.49773519406125,30.786561476047066,30.376754449859835,28.91379942807731,30.41020862734654,29.198154824655262,30.205564628670505,28.664987716685808,30.625554281866393,29.093591090627385,30.331778642753473,30.47165554194246,31.4446088274525
H4C1,32.384129722358104,32.76459812017137,32.30008021704197,32.68417212564054,31.11116163978804,32.713383965926674,32.84569484518244,32.54917899133674,30.901530200958522,32.2242320920394,31.048278577953212,32.60165669117667,31.392054507716306,32.45847620586272,31.121227276811503,32.49203503702641,31.196119488104763,32.94695395490981
H6PD,19.016200344841533,21.21327411395639,21.192790359012385,21.905007600883703,21.230878786644315,21.695080279413357,18.860399779804652,20.03425494967801,16.880154747358546,19.886742197139686,17.488879498131073,21.490273147191584,18.94746533733487,22.106196675460993,18.489635513456072,21.67233962603833,19.58228085409814,22.52532343916733
HACL2,22.33117210315361,18.739800393134427,17.453494635014724,17.31907566588687,17.82653573295901,18.687826852609696,17.200088973574797,17.252496016531513,22.60746323451142,19.23645546898637,18.225904961949368,21.830739268277377,18.9539041232187,22.446350602205293,24.181401554936738,18.14025574490308,16.71761094120559,17.129612234001485
HADH,28.47583367444704,27.635367986439732,27.732744987980645,28.59738522538607,27.61138412726187,28.354412885170383,28.521283399885974,28.655359021282838,26.793605541132177,25.92977145308031,27.252221679453232,27.19576477585703,27.31699963673684,28.024105985252067,27.279802891852505,26.338042285799638,27.303231560273833,28.10531502359547
HADHA,30.520090424433047,30.029044339831973,29.441008482118296,30.751444986791462,29.05919584210303,30.872516691312274,31.004271786824674,30.59735689340448,28.447230231826275,30.10158822860083,28.723551609551635,30.345541176365433,30.08537352336283,30.008139245135602,30.140388434457268,29.802178578349473,28.539869025780593,31.31977590615238
HADHB,29.047871617723658,28.547513828781558,29.21348053909148,28.17920305718327,28.500056888295077,28.91140374387601,28.457684354710572,28.84300327522637,27.65465823307791,27.377038413291654,27.984700601068628,27.867016019840893,28.115987360822334,28.63453554115948,27.831986717070127,27.626132792918597,28.146670263830043,29.790432622480584
HARS1,25.21192211323196,25.2104534323954,23.370097037993975,24.123054862423746,22.91241741598217,24.972290438263258,25.688062116732855,25.390058643703615,23.304735798963172,24.16310965239972,23.707339958627834,24.9006949439014,24.232526653938393,25.968424896697858,23.03100326524165,24.393740118468155,24.652683790977097,25.818876095647568
HBA1,33.069194163950286,33.44795137973132,33.27580637884185,33.28716832394286,33.23050196137871,33.732528391320066,33.43750705170961,33.43079381231607,32.16657085133297,31.89328165248786,33.01242372444789,32.57284521821851,33.53109546786261,33.27631315269277,33.28978650967496,31.57853442347737,33.038340092753444,32.847426612399744
HBB,32.58788204890574,33.24367191141037,32.90644946384398,33.01390156935356,33.40684093940558,33.586955134510085,32.8264829194556,32.921679118113424,31.86029145462783,31.884970862757964,32.2147170189123,32.389590683119174,32.86276779809087,32.666285146121595,32.14364331091258,31.669377256323667,32.79445219405863,32.700096026596704
HBD,34.07742193135531,34.66611545994499,34.328747874050904,34.39916734581201,34.4767322692513,34.72556645148059,34.63153792876722,34.64676637383815,33.68103339971844,33.51017150148175,34.25893541401591,33.7942006651209,34.712000297569595,34.4908716069549,34.26611154924064,33.18557358064959,34.10809507621709,33.96041109230203
HBE1,24.070203961400452,24.33178226373704,26.76495327191579,27.218724007728678,23.23797345633707,25.3695670052609,25.732905176828236,24.86991528796847,23.56473881842578,22.072483298085267,26.31972415116685,25.581538638989493,23.83490702488813,20.198866394907245,23.124195516279197,18.7513839171127,22.337851925351075,21.174531121763803
HBG1,25.839143069649626,26.617342349383254,28.26758378411953,28.168514324497384,25.395243223875884,27.039084795909087,27.060880349100493,26.906935079868497,24.303317385865938,23.881177248418,27.732177367030754,27.143487793049946,24.809119629995863,23.61555036952296,25.279259494569462,23.897966549025245,24.40643888723192,24.04732417567085
HBG2,25.082951809585797,25.691769616779272,27.68469251538692,28.08972862211459,26.092366849650823,26.635514514343956,26.759449034102524,26.723972115504573,25.36937886209684,24.08291795012119,27.17715224896185,26.877519805265308,24.744835395392244,23.850186562915326,25.583609179313196,24.480000167051276,24.556041908553755,23.277426408209497
HDGF,26.979830987740613,27.6835026256202,26.642060144290483,28.051681696816647,26.732316634319332,28.457809484067575,27.419883235590557,27.28536217691132,24.812900592262192,26.891609636133452,25.89732289422752,27.590092949306744,25.73319910709041,27.75272759588027,25.81595637873643,28.15716109949736,26.357464006714817,29.061952419898404
HDHD3,21.88691707015261,22.784269253390836,19.37174409969483,23.273225315978358,19.2610723834541,22.66076379603313,21.40340216270939,22.81131536168504,15.90946075510862,20.570326270497645,18.07052182565698,22.028885102334172,17.75704311201725,21.697987996721082,17.227914614539074,20.93879362835006,19.98184376921512,22.863514344363157
HDHD5,23.440319761007114,24.00214480291258,25.534905739185223,24.459506932131283,23.57490199680058,24.666463453814647,22.568607377676642,23.26835336764767,21.019180943915014,21.94830279909359,21.698645617050243,22.93298039103435,21.620336518264025,22.882661069461893,22.007924629799774,23.36108000552165,25.890956973386558,25.71366062676158
HDLBP,26.06702576387505,26.05767712725873,25.7592717799534,27.562465660233187,25.495023362188462,26.87745911841811,27.132403335460967,26.804849440405057,24.706232573338603,25.614273595468806,24.279298652408485,25.941276970450563,24.931684854890502,26.748162611932,23.680385304761298,26.316154877958287,25.310753902928667,27.169147410756562
HEBP1,25.14826694769809,24.13213324784365,24.960457254146675,26.74411885076995,25.161887409836254,26.46973894894929,24.996323789752495,25.060174875391628,24.0994309328455,24.774531633313057,23.804748180686516,24.860589974591907,24.50273792686225,24.886002205099174,24.771536893360434,25.431483223345232,25.431314468187747,26.534478119248117
HEBP2,24.43760880748973,25.456259737474046,25.793097856126263,27.09303260772445,26.192353826713653,27.217085573532515,24.669713120176127,25.49796785551833,25.503456649694357,25.916618877378,24.85603947604399,26.279225129254577,25.86388751446548,26.876229455060667,26.178822301833005,26.74682186050438,25.565053510039746,27.517269443929
HEPH,23.41178066102649,23.714594241644946,22.57817903873381,24.678669547508584,23.569967204064,23.743352105496655,23.566587429301695,22.967106931902585,20.984342523159114,19.899068380157214,21.960174348148755,22.67832117288793,21.656821878717274,24.0891464348448,20.379338510817963,23.251031353361054,21.716964510806232,21.81768273505697
HERC4,25.556232022602224,25.241464802523954,24.789482864463285,27.01274138789503,24.967368441127693,25.744921986050592,26.750014419639417,26.12870339182666,24.562676470420268,26.979324636201152,24.838282689651965,24.89528455516699,24.517838150806377,25.938574451214755,24.212616864751652,25.72620291416029,25.830330835256138,26.142476648819766
HEXA,24.012071274694815,21.102064147554923,23.715280643599357,24.02299734878059,23.603093231385476,24.2925789332536,24.628289411340898,23.934879055752457,22.277993790858172,22.895440723121865,22.52910178080848,23.641280098620154,23.354947965902543,24.220816003273452,20.318380458442824,22.846907474926294,23.25907407061029,23.84947113370914
HEXB,27.46276670553549,25.941623003534655,25.784279640115685,27.02873881572731,26.42713120798973,27.19111749863789,27.636990388620063,26.5705446477812,24.671416566713592,25.38551760854586,25.891619124639377,26.310779382183526,26.014496128257562,26.817653476155463,25.436294892447133,26.046331454722317,25.62910653972757,28.143887654322345
HIBADH,25.979889814355783,26.094790172320607,27.211545218270587,27.080299371761004,25.637939835490066,27.375464644493732,26.062687748144135,26.3870789810514,25.350287671574378,24.530987264451532,25.857107801945546,25.732996708283554,25.020549322201187,26.93331034445523,25.830004447871545,25.540283820611727,25.9669442951872,29.258972555323496
HIBCH,25.277300116275192,24.420567735461894,25.644088541000883,27.24478977570781,26.06013726984526,26.439968495824957,26.03512137791389,25.234364507777034,23.795993135447016,24.011129823811206,25.2262906867189,24.257957280421024,23.740626704650225,24.67012712076912,24.594654730243256,24.872777896233398,24.856574008179887,27.032100905422933
HINT1,25.58652326487322,26.323173440614607,26.872048097062628,27.314223970056716,26.95945701810024,26.078243190746168,26.710431147847313,26.692421456379165,25.49904588540371,25.494714608881715,26.093973149838785,25.44259452575162,25.51505866950563,26.8916688541867,25.822538060714805,25.558903042429208,25.450125799096668,27.20276193333259
HINT2,24.170100009545212,22.249042507709643,23.3639236846248,26.261460633087847,23.751127625917324,22.312400163194827,23.659057355715735,23.184964043101786,19.04273838183626,22.537861501714012,23.126299414000698,23.94676546844251,23.463099387112543,25.119755212815566,22.211485539437643,23.395497476362937,23.177483582760765,24.497700460430075
HINT3,23.104192642809686,23.122436553130136,25.04882776967093,25.0513887504116,20.942067890875816,22.174393700938683,26.10777535916253,23.71856845458251,20.273270905352984,17.64450392169596,24.325787910175585,22.362016369164227,25.692129861100465,23.674539410664345,23.819735829055624,21.943372540481626,20.989761793310933,26.581535657624997
HIP1,23.587447894458617,22.935356288393816,22.14679710805691,24.519474203983265,22.443320217826408,22.46624564986828,22.745754410061497,23.39922575249004,22.953006205381577,22.946865857862967,23.390711523915765,23.087701209958617,22.81216423413518,23.4551861433449,22.900048574802884,24.19878026906563,21.759150300204205,19.61961111289365
HK1,26.581907934556597,26.855489557565853,27.01936478621373,28.29860018798608,26.94768141498433,27.104840598574405,27.449691937472714,27.06826300553375,26.31267123999048,26.543181743807533,26.69151002103559,26.638694683922637,26.384328063998172,27.567213645861386,26.447329802048444,26.702913239234544,26.280970623885345,27.76467830723528
HK2,25.565642885656583,23.813784421538628,18.814407666517788,23.849082204377158,21.92746478289278,23.14207561033319,24.653997925930646,24.21664812917436,23.73371536186832,23.53770557771523,24.791869883265875,24.429893445992274,23.953743781844338,25.650089012621773,24.125937626755984,24.155337909684583,23.589309044464283,24.977711702906728
HK3,23.43799116929337,23.43150299231354,25.19242006162801,23.8580036038768,25.29637399067932,25.250717235870006,24.365830592246372,24.400862692000185,23.78961353213606,24.169346618374405,24.176057270498827,25.001143005063806,23.968163120724995,23.557737317929945,22.62976406339082,23.89252526486914,24.919434373135445,23.949176216153706
HKDC1,24.041035779553948,25.064632214964,20.468027047274933,25.34017727975098,19.782455233972865,24.85334814883056,24.800916578520305,24.652497381569646,20.646227749720243,25.501174812308673,21.11717227572347,24.760327369212785,21.46813336855059,24.98896367270055,20.075249469282017,25.57216198650336,23.099656708984554,25.87917322259901
HLA-A,27.068400496562813,26.60852740223226,25.49294479902928,28.12052419854907,25.4804849378588,27.212703730863073,25.654352658572662,26.29645900030868,25.627448921908307,25.415104695602647,25.057890180675557,26.969103401479952,25.304928927013005,26.85389846866953,25.401908457938504,27.325336957654752,25.906699736245823,28.129235247059636
HLA-B,27.551397891651128,27.389088815411533,27.108533010291683,28.260361662323877,27.35209278911804,28.01246946841107,28.53465742419244,28.212557070404017,25.81514894247333,27.306983668959322,26.469240374015,27.924579092428864,26.432602731310784,28.98855166048103,26.431272154799956,29.006123996980183,27.44409209354749,28.575301311082264
HLA-C,25.856299691711733,25.906989762514826,25.06192420630362,26.731982462978934,25.645859273121975,26.94479631318142,25.604627297677517,25.156845223765536,22.47862791908152,26.204981009807472,22.76620677131318,24.65260537476789,23.319019594108557,24.982217962412577,24.153691514564173,26.03216431113277,25.422561174309397,27.110349277925494
HLA-DQB1,22.53146722636029,22.01532204785625,22.76993160381053,22.720241941172695,22.247878654141612,26.523528294716133,24.155572002038895,23.71615940363025,22.80682307276005,22.22297649275908,23.5156475955254,22.833196030292516,23.24640187328193,23.656763746344676,23.02369713822485,24.34172821457291,22.11898676077539,19.0908451539811
HLA-DRA,23.873828608893287,21.364257063060325,22.581325477360586,22.992063983443785,22.522049271110784,22.303969528452427,24.346800375553748,23.176287038759465,20.04115040826574,24.63245404400528,20.754435650362424,22.37710414249298,22.277260525932885,22.630831489135325,20.643334529239215,23.68774901495957,22.622310494149055,22.767843617497864
HLA-DRB1,21.922306056043197,21.38806050635659,25.468827027211372,26.141200888278096,23.263230945779195,24.36346036081084,26.988236288571073,24.241625445724384,25.491694349670315,28.294357672592714,24.27633989017512,25.19165606253943,22.98451075717645,25.71139995331824,24.734915458001932,27.433208082364374,23.9252073440792,25.764403184531727
HLA-DRB3,26.549212508405,24.606559301427602,23.72376222941812,25.682449084030154,24.00608406712752,26.681119059564242,27.629110607382525,26.800120651902386,25.004172058184178,27.865944929162367,23.64373460864484,24.432559111001463,24.113414395498445,25.08867111651663,24.491110024035148,25.324249381888002,26.358096942119285,26.260123858595318
HLA-H,20.97608745313835,19.20012933221222,24.22567160249331,24.14105856266476,24.758379053362695,24.250920072746556,26.313648068565122,25.76750051474309,22.408362647033933,24.0393181339961,21.54705088672164,19.49746610805852,21.002894187200088,25.94174019439396,21.80045717818973,25.32267878689646,24.475472874815754,25.778681623178194
HM13,25.779824369975696,26.61450456152691,23.105664205084715,27.775954453857896,23.233055949325745,25.044781830057747,26.124530430670738,25.71486919231811,22.781072293503694,24.314860498248272,23.491517816015012,25.356333475042078,24.114377183879004,26.34278151742112,23.753034784328428,26.51060136220906,23.523294148263254,26.785394336904126
HMGA1,24.617047352680498,24.258797616185973,23.39423100328215,26.326688531476194,23.897985583436697,26.35980965184911,25.651936730032773,19.930862056577755,16.08488877324118,18.715280301064706,17.597883249805403,23.37340042577303,17.52383718060562,25.914208931566797,21.5664657654665,26.34746420098883,24.299051475826772,27.997724345694408
HMGB1,26.980043893196882,28.71924411558475,29.751638567502358,29.771200310290457,28.931421392266937,26.239823954287253,28.275322000515217,26.408028021940435,26.479650367786775,27.217937168190208,27.421903216637308,28.565356808578834,26.99467674980516,29.149531970218824,27.126813607875473,28.564231965689462,28.50583747316,30.026349523360455
HMGB1P1,28.876444958273698,29.646651540936496,27.852715655297995,28.68590754052803,28.589990953011867,29.447009244086836,29.123355981216477,28.603334698695743,26.77707944470118,27.971179706112412,27.4870974190855,30.085209900437174,27.25033081833166,29.05385371686592,27.020950562320657,29.093404753519252,27.612475958527064,30.797017378741373
HMGB2,27.90076144540391,28.593725121667436,27.45255734750349,28.418277584295076,27.374012545678358,28.497174365365485,28.466508698086617,27.657875948776713,25.320351845027837,27.99349651822134,26.411000390192616,27.943478838289252,25.697646195924104,28.36503712209931,25.80909204057746,28.06931697235397,26.857422574425218,28.922593960338627
HMGB3,25.464210041075724,25.908339590085024,23.964975343813492,26.651096620776798,24.594779411344685,26.29444860891357,25.33971168706797,25.317167389301137,22.21451281504409,24.543191967309433,22.99554438989208,25.360653601369915,23.235872505660495,25.717291631272644,23.414217727030252,26.247681805222715,24.304219696700628,26.327844189313634
HMGCL,25.798537673018107,24.625326067071022,25.384407574766755,25.90002169351633,25.383182666413795,26.189215453589476,25.489944315218874,25.507379031375034,23.62378005179387,23.05305152584534,24.336306372959477,24.99737802132864,24.74991562856818,25.906638172122264,24.145072265122852,23.600353920061895,24.03907236091028,26.66172270291291
HMGCS1,21.35179897500671,24.542600722516816,22.496227626926327,24.500107875929505,22.323852970875755,23.184589158013278,24.290333757695038,23.914924422941326,21.389558549884605,23.190017128974173,22.821702023594614,23.16942966890809,22.177965508021668,25.490095304266713,20.59935847913691,23.965245153160446,22.719922888260232,25.166880986800326
HMGCS2,27.081379320007184,23.721623418364757,27.198446127873346,26.256705477665346,28.201388894518825,27.029442817137447,26.23596155155591,25.323546697445597,24.5641969229972,22.782936008082572,26.235671341483144,25.96628508980861,25.809484469933167,25.13602337139433,25.025924887204233,24.435183076254205,26.321826408172292,26.067062487669187
HMGN1,25.106985687331928,27.3197097606889,25.669715279133843,27.58752330540054,26.269515038292333,27.86823085464118,27.144244827314935,25.663948860011473,22.88782541332333,25.605094287742986,24.154969483167466,26.31406486056309,24.533565769188936,26.64082047703175,24.315876568937252,26.320336509215082,25.34430732751273,27.352848475056312
HMGN2,23.18298389368892,22.98188013169287,18.43825763520072,22.680732599067216,21.082756696434732,23.666505866048066,23.884534914045698,22.938048940710182,21.623534372811683,22.887091589729344,20.610303651338505,24.268856447317738,22.515996390636886,24.100618453093585,21.675098814407217,23.229640310898027,20.09386451565229,22.421643920935328
HMGN5,22.62463460828512,20.812317488981012,22.463811192374727,22.142521079818312,23.594667155387903,20.256419589393005,23.42626372636194,22.207663581553046,21.456471346722058,21.444508736351402,22.257216965489576,22.49062443075043,20.62804531386631,22.943994906553403,22.525901979729614,21.834160282221752,19.576121958057048,21.180991147240114
HMOX2,23.607457574797746,24.121179218786516,23.241479338811697,26.12315821384249,23.25827809781811,24.638031513822636,24.135726878252154,24.587983543348503,21.9584993230401,23.862304687924873,22.118706958507588,23.321246069324673,22.01782271141312,24.045275905968545,21.879348359867972,23.029236198917367,23.32479651399139,25.87039223171317
HNF4A,22.039480093119113,22.739153097194443,21.61468781751424,22.577081042415283,21.89886809008818,22.188168499976857,22.335641933135033,22.792610558600906,16.698449443210496,21.116310518897965,21.42104309203029,22.39334446948721,20.745768905970166,22.98532751100752,20.988126888534932,21.67943414272569,20.739647708119925,23.708132953031907
HNMT,25.209224667013466,25.05448322529032,24.46627272390311,24.57373229281971,25.305015156067554,25.8408498279536,21.042317387408342,23.38836824471432,24.84517675211327,20.935777961368558,24.300627261401484,24.747782146927687,22.421357834025347,24.867854713660517,21.2502387825357,24.404606464481617,24.966890905580502,26.017723184390064
HNRNPA0,26.9494391024509,27.614799845558085,26.278519616563,27.335189228513446,26.179921199686678,27.619455256409026,26.099963859482237,26.95904169049895,25.75774908766926,25.75304137708536,25.5013365453208,26.839316808244536,25.31904771991973,27.19815917382088,25.024380507036486,27.02161211053994,25.62954240343372,28.119851299078093
HNRNPA1,23.98763830304788,25.116074489572316,23.199487790380825,25.386222519679876,23.99571215550057,24.989547535423945,25.04571133254257,23.95662715846725,22.58527637245904,24.26361718987984,22.98804276503419,24.509753698084474,22.466727813194236,24.489659583348985,22.238157413502673,24.05077913834161,23.343261036555457,25.737087131421113
HNRNPA1L3,29.732779330124792,30.715243396155486,27.80201418545837,29.8357754480707,28.15762300581535,29.991306492032592,30.07502680096985,29.988368878904414,27.059334608880036,30.26383879925891,27.932773531604244,30.151430838310617,27.714118358646424,30.19720471893315,27.54992490230161,30.177609440313223,27.75227511060579,29.887854679250683
HNRNPA2B1,30.822250208019454,31.642067837624044,30.098935906386906,31.712233139137457,29.852754190547873,31.74699626969404,31.333040689966992,31.334503779563025,28.823738105371245,30.385910401780574,29.328830481871563,31.239851006600674,29.552222813990266,31.22677194821044,29.67650552046544,31.13892001658568,29.866069172849343,32.65812800931962
HNRNPA3,28.863839100974356,29.54874767518124,27.978787786653506,29.37419557396578,28.193399693095323,29.348191822030536,29.408473775158896,28.943721345909186,27.633952717623462,28.6958120252364,28.06993537033523,29.02709207847903,27.445288884270376,29.387141909874103,27.92863443793384,29.160347398309725,27.387340089622896,29.707089258140666
HNRNPAB,27.820412653312722,28.323165461956503,28.735606657046805,28.09682293823914,28.492637689324635,28.315581238733404,28.210799947331257,27.883609708762762,28.03906367957105,27.325554392126673,28.26732115500129,27.576248772557793,26.992201750845293,28.37550984097639,28.081513311164116,27.30367108397431,28.090076330315007,28.79602866434691
HNRNPC,27.63459875008608,28.305649376338668,27.148807649691346,28.636522640122095,27.113396832062854,28.798781982552885,28.480642716776718,27.962125690640914,26.263229346019543,27.420731820916107,26.7751472274163,27.860310916324902,26.710545395765593,28.22579636526942,26.463500666611264,27.856137644984063,26.38907071000691,28.412492188621812
HNRNPCL2,28.583606338501593,29.192218375163073,28.045710975230502,29.073468625573554,27.859945825757816,29.23232145316928,29.10099104217415,28.302278861100305,26.248774869405743,28.153452624685485,26.81423418919434,28.327683170186095,26.782642703326,28.720493128475116,26.93707370766089,28.656948129711857,27.6517467777015,29.897731436520793
HNRNPD,28.052309412348205,29.045540857394496,28.549428090615148,29.244367001837812,28.05486741617598,28.945596308812814,29.53153342639338,28.552561026981913,26.11586479777734,27.489938571874404,27.432541636037737,28.85562617682323,26.861341313094446,28.89857661774424,27.63514517857958,28.608585007682546,27.964008116921104,30.03433088921808
HNRNPDL,25.359378493342824,26.897902967101476,25.25267629967652,25.928672520356137,24.697028630774234,26.255012423648825,26.256607430606298,26.35790120019678,23.28578227921998,25.935014204160034,24.729130834375944,26.34018362790354,24.85140202495263,25.50108139188435,23.627395400952953,26.35711108376355,25.06208282291673,26.720196849997706
HNRNPF,26.725632596764576,27.831740962881284,25.441879158080695,27.87635643091553,26.169927807835855,28.032773680911337,26.97495614267322,27.136617042579893,23.58372290986286,26.994990964931553,24.93862075282049,27.10605534890723,24.108768623069516,27.632290587537423,24.22754321285677,25.88789912010207,25.39324274656131,28.152323239057488
HNRNPH1,28.11591048074826,28.404889555500596,27.164443787440344,28.690971975938677,27.633095970903092,28.58749138094776,27.71890257220687,28.150433855392382,25.70026223642314,27.11611959861479,26.86543069973771,28.01318565995391,26.38006751386768,28.688946325133745,26.499628037589783,28.26771161379811,27.27916617640936,29.0608618137435
HNRNPH3,26.050783888005284,26.118893880492664,25.597789428720773,26.21656159825525,25.89654928794578,26.699915577634453,25.63525464835858,25.71884046093982,25.581242956046378,23.853709562919374,24.84772794873812,24.048977553093025,23.321431697290578,25.878520360314795,22.97208290424421,25.85802100179433,25.465777006183632,26.963887689361552
HNRNPK,29.277234032829263,30.35380629518005,28.50330075727914,29.81351502890256,29.00248659401049,30.51045210557054,29.76382059218302,29.95415597385705,27.264206066508354,29.000638382970834,27.84624647737181,29.718630162427004,27.376980717601644,30.021209505478605,27.95166507228463,29.57718778087516,28.567191282324618,30.903163029929487
HNRNPL,28.189615898689357,28.86870569884019,27.758061658248046,28.288139211093327,27.662778879238463,29.037466101477587,28.55301528608135,28.245718457469355,25.895992940079214,27.139400709617107,26.934605923886867,28.376697551335738,26.501063645480986,28.628092449999368,26.802727803856982,28.408217383577465,27.362794309612834,29.832471197464574
HNRNPM,28.70717527871558,29.32129593003635,28.078629057191357,29.573536200146172,28.249427310606023,29.4420597380223,29.433622035359182,28.96330554046951,26.94232275261409,28.382488014284565,27.634732771373024,29.058543688042786,27.143279939640774,29.549089211082446,27.048221993034073,28.92244812667411,27.940932980929347,30.394161400896973
HNRNPR,26.905135037870462,27.581582612256998,26.64997677060997,28.099664971584257,27.166874376937724,27.917935336386826,26.98232229476856,27.12014225474323,24.94678042179595,26.80213899798296,25.661491031372822,27.33989502875534,25.256036245570826,27.874427745825475,25.881590225998764,27.32023121073693,26.628901493152178,28.802449344020996
HNRNPU,29.100681991872147,30.049729727455542,28.510127334227224,29.872966870290266,28.711155180520322,30.376395750354796,29.42063503787156,29.186999494937513,27.07047312189637,28.930767357761624,27.84751171939128,29.126051176320015,27.704680109935282,29.32525762501633,27.860911150126466,29.824545048194004,28.333738629277565,31.00074548447783
HNRNPUL1,24.42316355101113,25.746230697698127,24.364379199140807,26.24279390717156,24.09432627239801,26.092198370655726,25.68834970385801,26.132552786521305,22.965600936273596,24.8375546147299,22.719665430801843,25.77138233834578,23.448715905069932,26.12431227862182,23.59312347875665,25.627605473659322,23.932723319864703,26.007660925366125
HNRNPUL2,26.495565910118845,25.97290170324281,25.44257865916127,27.131083572595468,25.625351379294173,27.660015880325556,27.08378300510821,26.621190248762865,24.580346767022572,25.628941083617697,25.304220657757753,26.013005533161092,24.744566911332512,27.134157317464975,25.308965257459732,26.598652981690737,25.950215401738976,28.212479300837604
HP,31.690115833176353,30.39310018585399,31.530597909305676,30.616391186086705,30.50637892198125,30.41411832076999,30.471473542729182,30.014885051508788,30.87473414352521,30.576932206704896,31.437959121659762,30.852669968198608,31.359784561730947,30.242951063723208,31.356135457671158,29.68647862564989,31.858767461618168,30.36471596961639
HP1BP3,27.207043286863268,26.60886625377532,27.744177155379795,27.624657868852335,27.702822766869815,27.93567056982836,27.22424356364993,26.91775498883966,26.50291797796324,26.391043912031208,26.061877609983625,27.519944804570663,26.31230802569278,27.575109586974115,26.32842437323428,26.992150053931866,26.99376634649758,28.19958172673463
HPCAL1,23.02835462765718,23.083874850578546,24.110164733748643,24.370187435876808,23.734445991264177,24.046715664809824,24.683153209286264,24.171807122995425,22.667557585650854,22.354350063618245,24.011170196071824,23.913050412377235,23.24271673810405,23.80531778716383,22.752612477900282,23.1391252633233,23.905057504664704,23.248368529716192
HPRT1,26.380291674457037,25.916806267514172,25.546861199866377,26.667419608746144,26.04125854721217,26.867710763632005,26.69777679092507,26.525482030123236,24.84100157450439,24.910747445267276,24.752953841597648,25.986895383931312,24.2947303952548,26.724528260976,25.314189761708203,26.20478834266988,26.042281831049493,27.129798405359843
HPX,29.473842131491136,27.69459555517321,28.591012833905356,28.27712831237644,29.559857299688247,28.789195971787336,29.740064611962826,28.619421482856723,29.449282725093546,28.47937502033785,29.534432042949607,28.225190878815326,29.18441258660007,28.371152573553633,29.730640507326704,27.553336764711055,29.437753764755023,27.807058235259937
HRG,24.356265171910728,24.41382283799903,25.17476171238323,25.0621126443114,25.702435152726093,24.624463186611045,26.50455501971172,26.025321802196586,26.159269908775062,25.73147221106481,26.11995926838871,25.591899869358773,26.087207674174447,25.734924389104282,25.9106977693071,22.811116936901442,25.55744092577912,23.765213439265704
HSD17B10,26.822146469508432,26.52553640486369,26.29364218955459,28.321411445800507,25.852544445049947,27.497002665551417,26.99008011293583,25.82418765082769,24.99671074542591,25.774759696454165,25.911536482486245,26.78733611267385,26.18924064511442,27.076400774096324,25.527498540770996,26.142151387097172,25.550109417353035,28.47484773304256
HSD17B11,25.474279336573893,24.94835544039764,25.225194604003075,25.7052813717924,25.047438397248452,26.07621903097784,26.290806965692948,26.368464947832503,22.46624610858468,24.485471216620684,24.05411309847857,24.93329582953243,23.385924563743423,26.08590156998802,24.150312301752077,24.212592862856262,25.063264081278067,26.13887093437754
HSD17B12,27.233020641123442,27.00759711189764,26.83822208125662,29.100974137533726,28.180284063305646,27.898708024010023,27.378118232065347,27.05071270979183,26.8910132812792,26.14200164163718,28.121910547381887,27.147928850534793,27.350014873986677,27.833456691470563,28.20674979975113,26.727611373669593,28.167715597872647,27.99726394862996
HSD17B4,27.574053097637034,28.59038724827787,26.205018352173546,28.178059176738053,26.79467685380949,28.79566858593835,27.989181395224204,28.218492155950443,24.647211639026786,26.705224079469726,25.42346378213952,27.459701989656498,25.539986209885395,28.764712456306558,26.3931116876286,27.221357415838185,26.217349074487352,30.104232591864033
HSDL2,22.466151864967006,22.364702592144273,16.679109050444662,22.622397291284727,20.421197814873285,20.842502545237043,22.06450153016039,22.641850517164478,21.76627244762264,20.93934360111851,20.78678942851275,20.875198824880204,22.32236963639941,21.8018890001981,22.169492220768703,20.692978562242278,22.205048601856095,21.055754515314405
HSF1,22.66805957574711,22.280924934444446,25.455288248645537,23.269077188457267,25.150405466001747,22.878936407494205,23.893321176163205,22.62740565123375,24.69416906651683,22.421281275951394,25.108400923512047,23.446515502090218,24.177150121773565,23.32516225688298,24.147625122561593,21.295471873761564,24.83251881799551,23.993169187407727
HSP90AA1,31.65508438587576,32.513883036804685,31.388110831814473,33.118682096544624,31.426283794549317,32.6915599284575,32.289307884204504,32.11389679182195,30.54430743539323,32.0287611479189,30.48303972200598,32.12238873194287,30.72637945629313,32.26476663941165,30.61048093988918,32.108563765952255,31.391701328184077,33.03715127765556
HSP90AB1,30.081312127723436,31.866351795086562,29.86900311241551,31.93460036333495,30.013726394347724,31.93930715790107,31.484551651233687,31.752362102602206,29.00596551488465,30.685819565363232,28.9950832182409,31.126472364849302,29.191949020384655,31.54538881089652,29.14910067050873,31.15837488999175,29.84179397123894,32.4484967848224
HSP90AB2P,26.293319881915835,27.76652837734531,25.763317268416404,28.103134520855516,25.684904248893442,27.28649447286434,27.091299596979173,27.524225845009383,24.606996512822853,26.85458058649383,22.376821611019956,26.80092201830551,24.018513055867867,27.20129062011531,24.035341946767076,26.776846487056588,25.870339867563274,28.282037050931134
HSP90B1,31.593667947834557,31.494471094164282,30.115549161826163,31.996272126664422,30.802060499362124,31.880116529901315,31.831566839591478,32.01914944960226,29.43250328281043,30.648613442631607,29.480727943676076,30.817562110293146,29.63459022253257,32.03704315199413,29.831647660633514,31.79148307919915,30.11732959682581,32.01790879556869
HSPA1A,30.31186848182415,30.446332929505584,31.703678074405676,31.54535017047304,31.7353743166731,31.438489307339662,31.42465998374629,30.83589135779298,31.295845418000535,30.406394262183404,30.936754489308417,31.676545780215253,30.923545573475234,31.481024565070285,30.997811879229005,30.602382976246147,31.40524703743879,31.58439581256955
HSPA2,25.53484217528425,24.9205275827466,27.526225368754815,25.772625177808603,27.402146483506762,26.099448970706916,25.799016975996352,26.0258118204103,27.15693271640445,25.791648971526822,27.892766638335,26.382758823032564,28.149451410442566,26.28751299793406,27.66606801135126,25.14738402140507,27.238058996761303,24.89029114452849
HSPA4,26.21914888072186,26.94507108957093,25.9357415172393,26.999924061361767,26.37872750318236,27.170650159820067,27.103359821180405,26.351412226313247,25.62658110455933,25.02400331174738,26.060099554802232,26.094988813810318,26.20834998194193,26.589183414409145,25.94260339309978,26.322674693680966,25.569773774498724,27.128399757295796
HSPA4L,23.21697162820396,25.467584380428505,23.676092038796902,24.5403845955286,23.408302121864665,24.62713501355857,24.021750747650305,23.334442736412704,22.737263434486266,23.15266028908945,23.111818794326357,26.27067486630163,23.40387212825732,24.94602307225668,23.717152992490647,23.33275356905771,23.789733222331826,25.434769092302744
HSPA5,31.53361347345549,31.922773509160816,30.837117953959037,32.061480644336484,30.84228336228188,32.058669033532546,31.95184026873514,32.07055589911831,29.529284096259204,31.12261978942233,30.086656699215567,30.938587193844736,29.87493021665423,32.05943707189643,29.972899542483525,31.266292497923143,30.870866192958516,31.96892803770308
HSPA6,28.465994754412375,27.734768136592027,28.69911940494917,29.596239245511054,29.123878969262126,28.552874321360708,28.70518190107078,28.526687913907082,28.35844744012993,27.312009508978882,28.2759733747438,28.280929890136463,28.530745995851383,29.86451334789949,28.455245684143723,28.44931980470055,28.159698766190637,29.181341354948515
HSPA8,30.788938786517214,31.77314177105096,31.196702358440835,31.72455879153808,31.110026537141227,31.542872479887986,31.49890918374343,31.234194444936602,30.00942109154996,30.66936213046949,30.184318901414738,31.215088771114864,30.240709657674493,31.13112031045123,30.91976443369568,31.11466797022617,31.829234814381596,32.25150007014152
HSPA9,29.99743251356646,31.211962707857726,29.55163621925746,31.288923175743324,29.475009700255608,30.75299730456176,30.052748966397857,29.97894030027909,27.92643821712674,29.149897557032986,28.615497260986913,29.347542372569546,28.52377172091227,30.53029653980843,28.241094733461775,29.273349012300795,28.990661812081527,32.2673224394023
HSPB1,28.68181446353441,27.482210577276323,31.28370741991811,30.983954540248224,30.620432796859355,29.285008220128518,29.76281533503921,28.43604050872058,30.937211006567995,29.88380195783326,30.974759701446807,29.63217697893569,31.108466895770896,29.178477269636204,30.625920085790018,28.1187054375875,31.489011257728308,29.222341161653524
HSPB6,24.89584283077258,23.380710215731344,26.832644307585696,22.279410553451964,27.751747002833454,22.84223328911122,25.925371999501394,23.463197263301275,28.57595419824577,22.18557426602364,27.25613161567385,24.864924675008684,27.334817299178177,23.94511305735779,27.9722981584929,22.88823276219936,27.514515844677614,22.13108621957852
HSPD1,30.398016578843684,31.770689573081413,30.16376714042437,32.3363584273752,29.95035572135412,31.055423859568425,30.577346519832286,30.553715669134487,28.18151224321232,30.64620642090672,28.8016400644248,30.16902020880602,29.003320255864427,30.866867389940758,28.931026789414705,31.031751947302087,29.514300692909135,32.85649435055051
HSPE1,29.008490856258938,30.234004449325184,28.607175075726957,30.395284453416522,28.535973090698548,29.710359893167183,28.825854026398822,28.596647162405887,26.648130999634276,28.967660379610816,27.381747215456816,28.67729212916439,27.451114366499105,29.512269405226203,27.359309486042022,29.450958497216085,27.696657975311133,31.772540168305913
HSPG2,28.876514481565756,27.970871743390543,30.835203183504134,28.527854768743303,30.62490403469362,28.866703989301186,29.535838241502464,29.18456042823178,30.929936296829023,28.724888105310622,30.16130685310797,29.436831633345733,30.025619623327177,29.019439243106724,29.984650296615786,27.657148717262455,30.299541747192613,27.876233357473193
HSPH1,25.933836059016485,28.455359441352822,27.500123016572406,28.13156429714842,25.672434683961075,26.80380670449782,27.15160154693276,27.695191943667147,27.56778753749439,26.2028261675132,27.97660723071775,29.329350894872906,26.55809964390065,28.01973340345618,26.333597334541864,27.518356729816524,27.371792256403968,29.04179143774868
HTATIP2,23.80487497191442,23.194553325325895,23.876125559928415,25.650970182669262,23.372129270429877,24.238399966477303,24.196112228252094,23.7193907558842,22.379876475733724,22.726731105975183,22.476187176645112,23.811800108605425,22.48256038002747,24.161779124579084,22.24969779532366,23.09050128897362,23.38814252077104,25.90407044864153
HUWE1,23.073102151144827,23.89218461929857,20.614066550985882,23.814909900568185,20.390504566425516,23.72835631163481,23.45439266827791,23.0157669770648,21.48193919842499,21.715219163247546,21.866364730123074,23.61569441299063,21.57427977516988,23.367899213374884,21.462703919200514,23.196969311066603,22.67665386606561,24.788927051617904
HYOU1,28.012820625253276,27.57007163501757,26.64907763805643,27.721255393817817,27.06492425350209,28.58579281358519,28.431740129596793,28.490950219044137,26.150624474158946,27.101029553328146,25.980627118293707,26.944677169417023,26.171991908790144,28.250917533456807,26.3690184171288,27.655174189241773,26.31068165252654,28.86815998625681
HYPK,23.421436390235428,24.108634270383178,22.771281451415735,25.628521739883773,24.394649939997343,25.161508344932823,23.634606258801377,24.30268696146898,22.459718678988175,23.636769343871244,21.80295413178172,24.5552379352452,22.226067358286244,22.868512274900986,23.00139262270868,23.903007057228365,21.280236643306864,24.235681023826
IARS1,23.73460839244998,25.333952136496062,21.863241194579153,25.065887790804737,25.903725528456913,23.280817240711272,24.314243012302047,24.422622684753858,22.300126473694803,22.88776134107426,22.5001773033437,24.095348619108506,22.00757966706671,24.595015212871473,22.449409476864005,24.174990401304562,26.56234745233309,24.967831572824494
IARS2,22.53392097092875,22.28344251564275,20.93668697528409,23.74036527845776,21.325394116208383,22.88720833359185,23.202811479772507,23.006809889114052,21.66760781144127,22.597384285396153,22.201168900282777,22.645356169887076,21.648492399710033,22.888440359639947,21.897633915054044,19.619330095645726,21.91655797504731,23.800872174275057
IDE,26.34733439286681,25.086640379324287,25.82232603178534,26.49779967103401,26.6823440083623,27.21839325033565,26.72629395493108,25.956970658993114,23.996085609175335,24.633242273540354,25.138532546582198,24.366516932880874,23.965699025231938,26.25319574879629,23.740504074032224,24.403538160776478,25.97685931756341,25.909669907309365
IDH1,28.88145705215743,28.25955889858649,28.158697274581808,29.812838815797743,29.0318293971153,30.322368334608605,29.02116659926647,28.93002996100879,26.986146761880573,26.729355841790053,27.916053963747277,28.30962257537797,27.537547892114834,29.319892997391005,27.581577877594327,27.929082121730623,28.008458289957474,29.989714371093513
IDH2,29.090247560015435,28.47154208277025,29.366702994146234,29.289043463438734,28.78970187535299,29.883439984515928,29.318504638839403,28.964640514519303,27.82999786447606,28.094831127512652,28.385704105023386,28.669210509734903,28.055881051289703,29.05559212658513,28.171809819734722,28.30143041460681,28.721871339585427,29.70155534372745
IDH3A,25.425601608394256,26.106007550085227,26.79232763734322,27.71657035287911,26.600197055010614,27.035654777061996,25.78005403532233,26.31484652497901,24.92863052951181,24.937995596669495,25.793137510495413,25.967208629381336,25.717245931077727,26.933823290881914,24.664490893847834,25.362881867540075,25.319277629078172,27.398442209240997
IDH3B,22.95300982093275,24.55696333106277,24.93632638368178,26.101444268992996,24.577575029845733,25.26956657850829,23.511674102188746,24.35352906478323,23.153285604793403,22.48326734643209,23.704226500993872,23.783368384975088,23.084949535916568,24.895010689764526,22.320197573757845,23.65214028345198,24.04782139966383,26.01271701011358
IDI1,21.88887140121917,23.716494068968323,20.966685555857413,24.99374841111495,22.43784967226497,23.90287713201779,23.075400095552094,23.60132306805649,20.674737100908732,22.355665651489733,19.313036114716525,23.16922485779117,18.869502165522785,24.14730126550972,17.21618250794113,22.747707272158024,18.21321854035249,25.385540603430346
IFI16,23.15900407869153,23.133588309694094,21.67419979550102,23.137024838334977,23.497159935925527,22.436082446477606,24.411318963198983,23.647886735192344,22.641952061925934,23.386638087843757,22.722650518406788,23.51891106191717,21.898668005698998,23.956315522905278,22.905174386506786,24.176402058508508,22.46350038617136,20.75215226843341
IFI30,26.717461940587064,24.356673514110735,24.092759776492194,25.47437377866109,24.802889464588652,23.963430218890558,26.927405549542225,25.2705886399478,22.14834005457792,24.927198784763036,22.91803454566426,24.354379285027928,23.443374368208197,25.483895987522924,22.0094370989512,23.927854838696025,23.707150554046766,24.590991592305624
IFIT5,21.532196196730805,21.430613370177703,20.739349767330587,22.46617252658236,21.0281701810543,21.14625577716645,21.921376647111423,22.143107473092673,21.37682446281832,24.52854398356597,21.51538725156927,22.62748364040476,21.589761231892805,21.956732309829906,21.251384529645023,21.735315139869712,23.039397645322513,22.637558690510744
IGBP1,22.023697047121946,22.73802640824238,22.905735194564958,22.89353108185454,22.380280811350758,23.484466379776755,23.34468339436609,23.072653715376866,17.39140199724617,21.031020943867148,21.47028086046817,23.213504999020365,20.36496557966245,23.116727679713673,21.08439721343789,23.03748714550409,22.360460399059352,24.302210015739078
IGHA1,31.886934105386143,29.450802250666108,31.058229637117346,30.99422695872712,31.105731359723254,30.848785294767296,31.548972044858356,31.31715929305621,29.48453821502554,28.410949903494757,29.613927646372925,28.762851721452652,29.628605401059353,30.69955322934373,30.487004722818924,30.27174563376813,31.50560728527413,29.574635037245322
IGHA2,30.028646317239108,27.410807826042234,27.8377322945587,29.053401020179532,29.387666265417167,28.31808466385963,30.785761422381874,30.130519545136504,28.627649827497372,25.049219252513694,27.41074295666746,25.45230022265965,27.164070272683624,29.314303433314194,28.65088340765062,27.79968819949073,28.740607363296032,26.369604176636024
IGHG1,33.03544216421051,31.95317750130503,32.17009656801567,32.07819118877068,31.868099892105782,31.69549932462207,33.59980435838843,33.31344869673911,31.876624119049936,31.62308397548361,32.62227237445849,32.0663856798493,31.902473106773943,31.355398073481574,31.888132605409975,31.919234917261406,32.63989092508121,31.227616614123527
IGHG2,30.076141035895287,29.038572008272798,31.169454430160464,30.78819499063788,30.461346030881074,30.073788829564936,31.59532752839967,30.05587824516539,30.09779998302575,30.116489410035587,31.079204439110036,30.004444664469347,30.64017277488685,31.01234073828145,31.0536780129681,29.433539893545213,30.777983219672922,29.79136266405487
IGHG3,27.313772885869625,26.665144377756697,25.943448511821966,25.582970884498163,24.25808711748918,24.66380473180082,27.21905788755143,26.06063871562505,23.05868262010894,24.065179890124103,25.384521527556714,24.807126845955654,25.536955111938713,25.531715655347345,24.400484865464964,24.612865137180194,25.327913313655706,23.868895228855948
IGHM,28.75929032258877,26.486540752027746,26.97284157911002,26.441738417027192,28.61535505238938,28.376637536617903,29.246701895478758,27.942092839657516,25.635191720643306,24.841862342068016,26.464745418338484,26.162185788009513,26.596169175357318,27.194362203848165,28.178623642232772,26.81112935582511,29.171172223357537,27.191808219316876
IGHV1OR15-1,25.861436324637,23.97451234045322,25.4201197736687,26.08051988699556,22.409395719093947,22.624489215981303,27.828971021060912,27.254743232144502,24.535948982570925,24.743303945328957,23.497447092162023,23.94399338711903,24.40785457715038,23.886771032025123,24.144602697495934,24.17808870519557,23.846616738785357,23.524975416791207
IGHV3-21,27.34590204375526,25.22621029129,25.933666382542405,26.906619326091768,25.87671020598293,25.948580045753307,27.540696986784187,26.799417540475986,25.78304516107159,23.180075515928845,25.351304421854646,24.388121708528356,25.708197007379503,25.097716233719613,25.41680196396271,25.71489801815121,25.02172629643025,24.533797842818885
IGHV3-49,25.75387047838862,24.86098415723358,24.27667085312496,24.959236864142408,24.815652565301825,24.2934273206188,27.80280941655327,26.548886529093355,23.735465533572793,23.856503426602444,24.154358143029977,23.97463611204658,24.88865960315176,23.888505809077703,25.184266300728314,23.60623423112751,24.938117893404492,23.22522118408254
IGHV3-74,25.630037814211875,24.629863158495468,25.230310015148287,25.681367184994627,27.21669436411681,27.714204714339242,27.65527656584473,26.016895232108983,25.394195123511246,24.00120565622068,25.577447670489583,24.625364770996015,25.793351692882663,26.45740442080178,24.932656532535507,26.979920612860273,26.954966156479916,21.83922186675167
IGHV3OR16-9,26.63322312426011,25.033737280934563,24.77471283129261,25.24651566560822,26.128060600838126,25.4003246631308,27.245984986836095,26.506392270721616,24.758965532399873,24.583521856847067,25.454100151139723,24.440769248976128,25.915926166825447,25.389633085739195,25.679248942174457,24.923217891156668,25.207155949740056,24.886998771379748
IGHV5-51,24.116261630242686,22.98268730233445,21.570296884459893,22.522961144579934,20.821903115001263,20.964790181938767,26.467401461756964,25.244334951653634,21.844488448140943,17.983673754602258,22.031936875188126,17.81590217079837,22.164527254786474,22.823880391230908,22.421751264355628,23.73624685744947,18.520788036568497,20.480272272021296
IGKC,31.302717556127778,29.435178950502213,30.789183311842784,29.93423405070128,30.836881958050906,30.254920371605042,31.980202750442267,31.34886384003799,30.140796829893592,30.136347515681685,30.21580721576781,30.27973114061078,30.189566603167396,30.399820042402837,31.40679531098876,30.303981848206845,30.979014462559853,29.412518091723367
IGKV1-5,26.843023848833177,24.894451081817074,22.855364517730653,22.613435850990058,22.257961085832513,22.682884142750968,26.83734740094838,26.886529984891308,24.270344660572288,23.60981165933463,24.744816064919334,23.175159971406156,24.711459840504038,24.842234271228257,25.084585844734182,25.23435742801397,25.307364274787098,24.00632472780312
IGKV2-28,27.97656786284515,26.27498103957764,27.01982661386995,26.451736514999194,28.160054876436064,27.707723224375542,28.082998347404224,27.59823981821011,26.898611776630986,26.601665389682417,25.063551061145258,25.076197189594517,26.918698379790058,26.36551794620224,26.627598992141145,27.557323597760675,27.46998116300242,25.54629287571436
IGKV2-30,25.790455311717242,22.2700215902058,23.53306031886741,24.760845737550344,25.018052901847717,25.223052594771953,25.913678609558428,24.898307208005555,23.188413949938123,22.630756728916893,24.905318045439945,23.76902086979041,23.38998525912538,23.99624285664915,24.643856766655073,23.594364613774875,24.36530253324639,20.83053201301179
IGKV3D-11,28.019991495189856,25.610201420219532,24.456913673103223,25.92800045927988,25.433130063785676,25.419250222081725,28.792805800564725,27.565517178754043,24.77920659251682,24.218482665320845,25.75118618903383,25.012695057174028,25.378748185219955,25.862133530730176,25.59046712926275,25.557826736239775,26.707199953021583,25.91094432139961
IGKV3D-20,24.985156154274428,23.682338650859588,23.576246218190494,23.440177904720134,26.27874516236052,23.579561294600094,25.707591190842937,24.435554044099167,26.014288768497746,22.058270526934525,26.122473864313207,22.950223863015857,24.17538781624744,24.97294204481808,24.002534359680862,24.293279099425476,25.39004565367223,22.435771899414476
IGKV4-1,25.674694891246556,24.233929490749876,24.838013448203743,24.788884139910913,25.017139655371647,24.503571301683497,27.161466647000395,26.719676465246142,24.398473809286745,24.432950543568836,23.77937569515178,22.97508378357054,24.507988759976186,24.305621299816398,24.232669486575748,24.11095692607762,25.89862644067027,22.58764867695368
IGLC7,27.28547985555027,25.567071369768666,26.01757953607941,26.34858702586529,26.894681392359548,26.023248915452182,28.5915884090104,27.717346303989594,25.794148080398184,25.323420283369828,27.12394566689622,26.085104607673166,26.99714779686111,26.560985101034387,27.153166982538114,26.116022239071153,26.850222929296933,25.831970677192384
IGLL5,29.7979074061562,28.370716508247632,29.813799793012297,28.533726996061006,29.353643827343813,30.041953214038873,30.505499737533444,30.637209893049082,29.04726660403962,29.180200906731685,29.07045178159575,29.08564583026879,29.416074894426497,29.040836568396447,29.254284287208602,29.017629072730017,29.98053130362659,29.66940950579499
IGLV1-47,25.31783326809032,22.901523340549563,23.026021840980707,19.49210892143307,26.254101987543685,22.313643661908962,27.048861375695413,25.653139181283613,22.94393722925568,19.40240778726005,24.85598779822869,23.494104098914118,24.696994936720206,24.436406661387146,22.638337394090605,22.635929651797436,24.319654793996158,21.14770214139029
IGLV3-9,25.964247821630178,24.820864237342857,23.77606948987245,24.223210314363566,24.538843847453737,24.042672418890565,27.103151793980622,26.31837745121696,24.657250110504396,22.06958097106297,24.154843600387384,23.303003054462128,24.015015038224583,24.63380384878178,24.372567780289245,23.05457644548332,25.486193962836264,23.472488533018847
IGLV4-69,22.74813563853911,22.069919839431297,23.40076102104373,24.050184637196743,23.245783978893353,24.717414348840023,26.62920898210985,26.187718333584456,22.538783375828075,22.906660376304504,23.42924566796225,21.9066714840796,22.02491644017624,22.383044109467225,25.141898225000674,22.997011177560335,24.30604433154547,21.53719961535763
IK,21.797944437772205,20.793387470714027,21.031072093983422,22.57515973672424,21.171457710093126,23.33443605998873,22.514349542304394,21.55717349925241,19.242987019590178,21.632246458589854,20.149537460475113,22.51048792360083,18.217533929976497,22.549244024985693,19.200199493073125,22.592669471993865,18.648004490201252,23.682760395627408
IL16,27.679832032134428,20.05642632978322,27.16837691446328,28.2935682763112,27.05914676804847,27.22452992488218,26.83302053043088,25.186522415663465,23.77608123004069,17.935522529983285,25.429487580688182,23.601632583442488,25.79084817473394,21.26676342085708,25.72072092403069,26.376617077837313,26.60997833417382,27.113796549565592
IL18,24.255749820320283,23.694179822117036,23.743266918826546,25.61500646602785,23.06507401475153,25.177700381090528,25.156748352086165,24.719030277691246,23.231170181337195,23.565432637030426,22.286338500546606,23.504828892426,23.17189949285425,24.763744856030318,22.919733792759374,24.887627623349974,22.0345582812525,24.13455872893756
ILF2,27.66492971960288,28.28438494998428,26.5483734424766,28.28485384246462,26.72292882740393,28.238884471523,27.59227037127423,27.594656876982967,25.3872493742559,27.32079457224635,26.17619073897797,27.865363185075136,25.363380305166483,28.37440370374543,25.621534555549015,27.793256958824024,26.68281684015363,28.627639721665005
ILF3,27.959513831477313,29.14225371092922,27.326586921427392,28.840974938751607,27.421163942240877,29.060958528967856,28.296468441282588,28.263142012740506,25.994495772278217,27.76350734189132,26.515628093189715,28.40682111129127,26.616446027280727,28.94991518332632,26.546147605315902,28.49150060203711,26.99293012016158,29.46459816252863
ILK,26.54073115403846,25.952062519277302,28.244779025589374,26.086003419847412,28.393692175594776,25.7473050679218,27.42806994140235,26.582120368239107,28.825247495670094,26.68862569044251,28.620061817979582,27.264160697082538,28.090142102255594,26.786501428691643,28.009143331777278,25.75159768019433,27.856124436031116,25.921021396135668
IMMT,28.19335196328471,28.775619881604527,28.465850770690455,29.60292655617374,28.615272489819663,29.115442617434432,28.693776092803525,28.29254027009531,26.99886317349867,27.576270550596742,27.261327072556064,27.911194198973973,27.40692729455192,28.830750817335627,27.25244636537696,27.64756356286591,27.919691817068237,30.21579942485953
IMPDH2,24.830242250873457,27.017011699636893,25.206610794494715,28.133194959523166,25.35101772228046,27.409414296430057,26.858438435987388,25.849603484060967,24.269754548905386,26.573127647951864,24.44381874679425,26.03908396540107,24.243525396617105,26.924250203975628,24.55532255838979,26.288006622614905,25.62410378377619,28.074917708051906
INF2,25.434103335414285,24.477151006075605,24.032860858805908,24.997605304726022,24.49491921624982,25.43193920092794,24.523846427500946,23.848670042787724,22.25665262626034,23.359831107330347,22.49391325860218,23.070562435330242,24.064208452860324,24.477487769841545,22.6809924532707,23.53920565003946,23.802082393728984,26.006753286748214
INTS14,21.728496300606327,22.21828689864703,18.712192099402916,18.771563350826607,18.63815672457371,17.936494700588245,19.477638398695508,22.717991744622765,18.226230056836048,16.95547941300867,18.630555282604735,21.555269512516865,18.191314697079587,19.091592456160555,22.100290728253803,20.363788743947392,17.434823198157112,19.57173352059082
INTS4,19.180383985555494,19.81826006740488,19.256025197042202,20.88548946564079,16.605011529853044,20.039753664631426,19.5135069754572,19.86288651904052,17.09327295852495,18.49752289957178,18.71056334432303,17.59065961406746,16.18635489767989,19.57216644488135,17.55264278041453,19.41210275241386,16.76088961390839,21.71688132330999
INTS5,19.050903803440658,20.803129788169084,15.962504463161864,19.102606519472864,19.42118403693757,20.442096414584736,20.417603200468097,19.977959107072216,17.139743517378353,17.72514737218521,18.245336428430527,19.54695660044661,17.636599422436102,20.602032458017984,18.55668407879504,19.872491657568947,17.42627745972741,21.16982786245104
IPO5,24.943825888959072,27.10099732292508,25.637639867839674,26.718728116099996,25.585605371050836,25.918881958926736,25.65715748659189,24.94393448705991,24.547175864224037,23.86110783610936,23.70365371535767,24.666428530526943,24.015931534972573,26.699850159877332,23.917331791367044,25.708979617053654,26.080365088681507,26.472852874799756
IPO7,24.672233388336974,25.424768084861267,25.191885608186432,26.766037837063145,24.906557213137212,25.788962733676982,24.237693567512625,24.678746320098902,24.133304868655422,22.857705833865566,24.12466621331971,25.55884235937427,23.89503316899756,25.903989487768868,24.19227804811938,24.59066607233373,24.85707661185065,26.873041415384066
IQGAP1,29.653677952531464,29.773117103479205,29.47174997330644,30.237124369484217,29.69889614218592,30.77929287187495,30.11484418007094,29.906809289720105,28.10791733361249,28.93021825838852,28.616542251326386,29.508846137690075,28.765784010944202,30.22955371117311,28.57819543292636,29.082734295381243,29.345156246630346,29.861424245402162
IQGAP2,25.318855458520247,23.625081461392238,24.396145643424788,24.8548669767444,24.29822755685595,24.915802563289287,25.906777210927146,24.864803722757454,22.50865612992955,24.22352514724143,23.63409363861976,22.50921689328362,23.621778135198976,24.5162089737758,23.861232678314373,23.150827669819048,23.5887872755462,26.4373285949543
IRAG1,23.668462830135482,24.460794323126795,23.126813007667707,25.614229343780657,23.74707877242172,24.343056243128274,24.141685854656238,24.5606456048438,21.62720241561345,22.60090223422674,22.403919500217707,23.205443187615348,22.331309039997812,24.165495435286797,22.121511716582507,20.989114116962625,23.14892571108022,25.019319774002035
IREB2,18.769009986032145,21.55710998470068,17.513184159370727,21.753650627031156,17.397774065026766,21.251293131227104,20.381442943510873,18.352724558994897,16.465209223312627,19.634551938280342,16.511035219346468,19.66734723511664,18.915839711926537,21.287222608002022,18.270322033234542,20.967888326571853,18.36822084997066,20.1465558744846
ISG15,21.493785584003376,22.137948847551293,17.539154556934843,24.42704490399922,18.906621776870956,21.988539977912428,21.211895450207997,19.918148070859633,16.205005515539813,25.786867935074177,19.53221052133915,24.258257526079674,20.33351965371075,23.522559675514312,20.54905488065246,20.959258833903228,17.34151981694349,20.98008113144774
ISOC1,23.14916159526995,22.166658684480293,23.390655654312237,22.171182673024283,22.64445010782413,22.440971021550645,23.518901599608824,23.194682103824725,22.19957690143324,20.610096712714416,22.656288255495284,21.38029785357534,22.56906358535105,24.122569798895746,21.594928303005762,22.429490087698117,17.7358909945795,23.67359297718838
IST1,24.420862974361942,24.460063772290358,24.117102394433157,24.054397278770228,23.27352887704381,24.609303819862774,24.29849497715933,23.997006309711004,23.122180205035907,24.143569529569408,22.492105205638282,23.04989101282826,22.94387905244926,24.402398364704904,23.534690816751315,24.402285499640257,23.513010100842965,25.535893430959224
ITGA1,25.69653976968874,24.2531394517529,27.43925469450923,25.2803976381914,27.70512949652647,26.343447367584712,26.31277164543326,25.838205634737513,26.849455122409402,24.864864662738743,26.53606248748205,26.63499541218681,25.80802015831707,25.848735281438323,26.25880030694503,23.51137713165693,26.567231180480608,24.900347166771933
ITGA5,22.89388917876368,23.18041173478173,25.711357340370967,23.29494993030766,24.829850441231727,24.696623998954948,23.59401694868558,22.67805990598079,25.402487559823665,24.272546751345924,26.732053340696176,25.44608712562085,26.05140097369564,24.03458705663301,25.467589183799276,23.336029844379233,26.443274845634768,23.43125847174557
ITGA6,22.806908823115702,23.294490026757835,22.029064352125708,24.184815502657695,22.360459580322377,21.87611162217043,23.461442942597856,22.655270551565117,21.220154928989952,21.876091480131613,21.75027218393978,22.126408056762497,21.529724794722906,23.12362865276931,20.950285063954382,21.920638120155907,21.872770963768343,22.405001756529554
ITGA7,22.6168382559067,21.1840300722505,25.10559650141058,22.717546909334178,24.553744478511863,21.210114057147745,22.95139595027739,23.118375190798254,25.613875927227788,22.47424003831403,24.642708154929025,23.732179215008706,25.18493352261406,22.775655499391178,25.549429784947602,22.32131688858287,25.311604974280613,22.62880984503074
ITGAM,20.361287636183178,20.823917471681057,21.46440152248051,22.21695236427085,20.54915095326553,22.81034360504917,22.8228504984436,21.4941172480846,20.979965518202587,24.010710730031477,20.9279987353023,21.647615547925085,19.429202472141014,21.528073609473292,19.126210197326483,21.166546470415735,21.811125632651237,22.003283361331235
ITGAV,21.85534737334195,21.696599956875712,21.396397539512716,22.657305971341273,21.646035299401113,21.729467368460867,22.47301048919525,21.153417906974138,22.18973139883919,21.07907758005207,21.34837274755811,21.75070887308309,20.664816481645534,21.31310804844629,20.793986670354894,21.001210603524264,21.761760831820386,21.069270425229558
ITGB1,27.856282522675052,28.001934505357145,29.56190429538037,27.072038936322816,29.196259901938376,27.765469061516356,28.24953932975012,27.74711389026135,28.903368441146203,27.629101186653767,28.974471250074483,28.55546838800021,28.981058640931952,28.15984141403748,28.768714785313374,27.10924757446774,29.188598998500726,28.302146336475516
ITGB2,23.852198040958807,23.815379472539806,22.413020845350914,24.327916264475576,22.88304885777121,24.80328380365472,25.538357755944485,24.54759153998297,23.02404092561055,25.368823740640387,22.392658495623277,23.847119525181256,21.24442457610809,23.987567130681555,22.052042760906296,24.443085873038736,23.480001417263594,23.62970876687667
ITGB3,21.046547693910245,21.398334728824466,22.666444117186106,22.302625189913762,22.891303006994942,22.791011512192267,22.973420893215874,22.524505622423643,23.939610910221422,22.001945551851513,21.887041681926878,21.14419668258185,23.042880339644167,22.63501331367063,21.785759567060254,21.200980149754788,23.848444831944796,22.466149086615992
ITGB4,25.468335672931364,26.14296941399095,26.499278113739535,28.305232042590276,26.443558294820846,28.041600464597643,25.495002734400696,24.88312796759524,23.128140011907036,25.035704290723253,23.774226729534046,24.45855083130103,24.094306346758284,26.255304984962766,23.799506600343438,25.776803650329153,25.944798932180237,26.90139462020032
ITIH1,25.870497405573698,25.544118118701785,27.16445631132559,25.816073390616474,26.290016367641712,26.480351646457166,26.95547927741773,26.2437244156844,26.41758522725599,26.24366391734475,26.67248998702876,27.055984100800288,27.186297713182466,26.31337548177526,26.683472350771215,24.455639512696095,26.936857261625786,25.20019502526731
ITIH2,26.459264570827504,26.124578022040637,26.654312097762688,26.497716852153616,27.049168790946894,26.437369900217384,28.175605043703694,26.925586881880278,26.515550484841445,27.204430547690187,26.755603182282577,27.46501496897894,27.045042766841558,26.582933757156212,27.272880244309615,25.02990377279067,27.05437528594173,25.934806523504285
ITIH4,25.967582229248592,25.501207805015216,25.625394616029276,25.573601818984297,26.231454036892796,26.06863137482254,27.356383229458185,25.999782792921813,25.586810553939124,26.080947218019997,26.008793280917626,26.131686284493934,26.748550800701402,25.636166154234004,26.453823318150135,23.39320712954125,26.516290308463375,24.603577602107297
ITIH5,22.05997293809798,22.110762821071162,23.452637706354224,20.9085280142854,22.93731533712496,22.747907077073112,23.057564103628877,22.417887090726683,23.222899658253287,21.205867581887908,22.98022712753289,22.206289255897634,23.051636596622995,21.99889832213903,23.51515782444831,20.809669770346964,22.52305045439069,20.927180635152727
ITLN1,27.44088590939634,25.08517583221787,28.017357610301648,26.647520444213143,26.640183997625346,28.015680632006102,27.00784114495374,27.97659804107688,25.678942689461756,24.460225096511962,27.259304997498106,25.536802331334602,28.271367798936403,27.96587361826035,26.121128450267822,25.141458634696946,27.4531779442079,25.694160057027016
ITPR3,24.649096468789267,25.048427333543284,24.206481345179007,24.61069221669103,24.034567375452454,26.55007716821563,24.679455931647652,24.51024748093663,17.696778592868114,22.958818875682276,23.18494151091543,23.934791410677693,24.10798075283756,25.56699118161113,22.661981879675793,25.742532732178205,22.6331625273555,26.43651720606292
ITPRID2,25.289737632237323,22.9249860037978,25.827838643476248,23.118800176808573,25.697879855322956,23.475920179510524,26.671380560461728,25.3283628642677,27.30789743980061,22.37880308350847,24.997629927908633,24.513556859146096,26.192912416592836,23.78186545934356,25.796695365843036,23.06561453529749,24.347248640663587,22.876918108165064
ITSN1,21.444700134959863,21.808660464909654,21.03578751316104,19.624049601840017,21.62119584805086,21.92649861607986,21.791534916333685,20.98241757365922,21.96635320331991,20.515493930511347,25.205597623788137,23.511154570812185,24.495944598105762,26.11082193850239,22.198255231558576,22.72564862480573,21.982328498235702,19.958226681197804
IVD,19.091241249048934,24.57322476718572,24.24788323705595,25.143994929536042,23.85322371785827,24.865602687537837,25.26493202068912,25.223555370713267,23.64325794267732,22.581356927416355,23.46510464225565,23.02421316726623,22.012579194504664,25.506166207319687,17.985998472012636,23.758700612293826,23.451275236787776,25.456816215632752
JCHAIN,27.900082261254415,25.209417093245843,27.625796525904715,27.309723402117143,28.802134502503165,27.6509161477036,28.93079045805983,28.002519817867547,25.97628310330925,23.582091774090834,25.76404900770316,22.741506770485746,25.629387489683054,26.967402413132852,26.448290412440272,26.459888979432378,27.23650896306291,25.201126199635134
JPT1,23.934435265080403,25.82401543796389,23.796184614912413,26.161687185449413,24.17659515079348,25.579872731572493,24.829352348892332,24.70403167996181,22.653446018412634,24.131422343802882,23.59747182835943,25.28803694622567,21.002379752296832,25.228058282962166,21.764140511882346,24.653883552951715,23.85254270533588,26.322914175332198
JUP,28.024657372519208,28.521337265410814,27.655206726179294,28.719292606930576,27.760503633754357,28.611780796456074,27.871120181816714,27.983285040776533,24.91396936407612,26.431974735481674,26.62864917033728,27.171079374484183,26.669691263519198,28.67502498304572,26.259591305615086,27.92174154577057,27.13196229271853,28.489313728730664
KANK2,23.66090598017723,22.718877549655573,25.651755830500015,25.90802811042062,26.233180101122873,25.826378760363514,23.331397744077968,22.995239476711284,25.75566818655197,21.30024457735164,24.601876798022033,23.624570347610238,24.92751610721951,23.273045173438422,24.281779135258073,21.67452278328853,25.569063467643478,26.223796108641956
KARS1,25.69746545096367,26.760591388231262,25.0315303002207,27.12256944355087,25.346988945634333,26.57507823265691,26.188704374941548,26.2905660341227,24.26832725201973,25.816469553283763,24.71981466270835,25.840711755077244,24.427875550966796,26.555845447538825,24.016072235696107,26.144547117595817,24.32260146049342,27.393114520093675
KATNAL2,26.136432481453344,26.840781671702054,24.39657730115041,27.992072337681275,25.61003503341226,26.527435318697517,26.551157705950708,26.43443366194639,25.46612536916708,25.800522231798226,25.64637312535204,26.465483933639792,25.056963585201967,26.614140262982772,24.19333140059711,26.848689120551665,25.895083668614078,27.196725740304757
KCTD12,25.823304190394122,23.416676483583483,26.120924237107957,22.762536325884763,25.481621738965924,24.72924039663547,27.131306191999332,25.17409895946748,25.51097461174236,25.343444134657418,25.300881977879843,25.43034436695189,25.485209419028337,25.535656258790173,25.462333775088577,23.770497846155287,25.21842862123274,22.751007848844722
KDM3B,21.713194899413647,23.276951900413447,19.68011323610263,23.188843738700108,22.973503484017137,23.960069548258566,23.500327872956767,21.761876636676494,21.038746342810285,21.922346257948504,20.15670520075898,22.710131781940138,21.344866837554243,22.790690702442276,20.91531494208936,22.949229554924965,19.427237379620475,22.88379940852798
KGD4,24.776709814591143,24.8399789642699,24.604720778798622,25.522545908133132,24.87307184513287,25.33526466789841,24.839894257504753,23.69016474046455,21.800798027899713,23.29607382416063,23.092917662960957,23.751101910970938,23.13575312093096,23.912176997671942,23.28711722358423,23.44942858056889,24.42943154961254,26.07845074314926
KHDRBS1,25.94498133294399,26.66377216443583,24.425518718609155,25.434247418166166,23.582229147831605,26.375278137931772,25.535312424064532,25.459953957722313,22.933480659538134,25.338632334186922,24.567425042165286,25.566700989532894,24.233282696586933,26.637759934844045,23.928920035356743,25.787391617136162,24.044008372772304,26.761784011673655
KHSRP,26.749216390864586,27.29585051586389,26.224237591574727,27.37357295759037,25.91738751087445,27.342781478397875,27.17690418264326,26.31903531515049,24.49496500976065,26.171110295357273,25.178160689803395,26.329089453029333,25.009275863993427,27.588917521693947,24.832706858353564,27.296635606360383,25.268843250884853,27.86743339751534
KIAA0232,19.920383868583123,18.43731278130892,26.209928499793055,19.167971735842485,24.791506851633834,21.79631993995555,22.062738119474485,19.12057758612875,26.178301053240233,18.818495926706326,25.342007605303273,24.10257601517757,25.704949653147327,21.851020295452546,24.083572307947705,18.270503707281613,25.17587973870808,19.380374492617733
KIAA0930,21.625161364808086,21.201358690731887,25.605393755530077,19.25517083681409,26.12480248597543,23.359163739649823,23.638708286550013,23.705690235964926,26.687875858109734,24.36852823240717,25.883800381593655,24.167042042266292,26.351755619850582,20.949960770440885,23.464671664686296,21.00656449672836,26.75070014642236,19.759414914306888
KIF13B,26.678732651167586,27.47756043116722,26.825406365101216,27.960454502273116,26.792461319220408,27.768303509210128,26.47366727516102,26.6930689903399,25.5400896966043,26.43977393320371,25.802375546168467,27.20224414570124,25.894158579271696,27.644212696680658,25.89530366939118,27.36902495757156,26.34124032626471,28.738931686039233
KIF2A,22.894825513412513,23.622627531562983,25.71149143921833,23.1115473023913,25.078530786403586,23.716468324349474,23.244451576224694,21.396647796625064,24.513872040261585,22.94104784520869,23.91656440450071,23.293385855867978,23.470223926534842,22.412293403223245,23.952787660912758,21.507483470651174,25.099367896651845,25.30481908567739
KIF3B,22.853027243109736,22.238237221439856,25.32043363599165,23.015819036266617,25.318030672186133,22.994145284276932,24.242661584536016,23.433259907699746,25.736605475346895,23.179872103354874,25.337154419895963,23.871257835726393,24.729185724867456,22.90593994218267,24.66605480467346,21.29220854794239,25.285388678716938,21.30146245957098
KIF5B,25.643237241765764,26.263373121660837,27.249594804170233,27.49147532909189,26.774046869577894,27.380302377157278,26.26771101908168,26.52207507932598,27.271279350690076,26.02650612435872,26.539584551222042,26.33803043794325,26.476109173888656,26.257939316102103,26.38712124580434,26.085750702791568,27.26595867113344,26.981849851904393
KIF5C,25.501712795216118,26.209574738149563,25.81442075767248,26.297758809846506,24.91490729942855,26.71025292876839,26.30814509404334,26.561593857948257,24.485782269647835,25.445363247387473,25.275639545378226,25.333990085101103,24.645107885396378,26.467485379203993,24.44997497551956,25.165480502995898,25.048516391104773,26.177595457184385
KLC1,22.745279920629105,22.804658886683043,22.52613699712002,23.30436077496697,23.020304457225127,23.001751344908968,23.281074585149454,22.82203083161181,22.913436300216826,22.62511963161982,23.12949170921155,23.217856883519683,21.51890664602785,23.579266677091443,21.425846308433247,21.96090136480902,22.507048868233756,21.613270749988526
KLC4,23.11781854000137,22.73795405679962,23.28190723085262,23.86971144615362,23.56143046722819,24.34146546471408,23.390208551547627,23.228102779090463,22.37522002600127,22.372136451082675,23.0440792472675,21.899656580821965,23.173133138607522,22.563197626690464,23.272636103386862,21.757216537187507,23.040045546941617,23.30222590805342
KLHL42,24.191393732404524,23.598794343613246,23.80292902352205,25.987809413566485,24.056699659012637,24.448351641032026,24.359390167319432,24.53513649078432,22.687526665826166,24.359159381534223,23.398424939625656,23.800155504776196,23.593310652263554,25.019380750965396,22.8810404955094,23.891480029806488,23.486428684534868,25.0005600066391
KNG1,26.930381468234064,25.78109291805742,26.782093569105314,26.48748820562719,27.54070304783758,27.49230618464014,28.141977991309336,26.858374885013273,26.35012345873096,27.19459303491553,26.84634666008159,26.53150082654128,27.000526464814435,26.366564558673268,27.049528881965358,25.00305064982361,27.77865261215491,26.47829303299818
KPNA3,24.721830429930826,25.7110358633337,24.512644594116313,25.746380975340685,24.541213556815357,25.30418821559179,24.45510760226394,24.621675126205336,23.55045406946473,24.746752113147984,23.817843858979952,24.81963311866783,23.514547754375187,25.551398995241165,23.450636459854795,24.760754070996448,23.928413081379812,25.98891170422991
KPNB1,27.234554911357176,28.14099936061619,27.327466474779943,27.789434233408134,27.835783268353776,28.175532130666827,27.928939967089377,27.0640696411938,25.765031360933154,27.164213570431905,26.83556023786669,27.525091822599787,26.20570805107928,27.697878912817018,26.685242629438815,27.566965627194396,27.73012082665937,28.209635415241305
KRAS,23.61599147297788,21.365523315682758,24.20668299821025,24.69845124619717,25.433426742783592,25.263014192325294,23.403811982611515,22.835605205387438,23.999890166282626,20.770148525514337,23.99016891968854,23.347269823274328,23.83003097432691,23.468138118803434,23.500979196069704,21.67133174456307,24.23560570217318,24.965560630642514
KRT1,25.22477366398878,25.551054549582652,25.033722361842788,26.734071655170712,26.37554634954917,25.67107866500341,25.65071133079133,25.098517870984963,24.079876845347243,24.846926083985863,24.585711462925286,25.69651504202118,24.891808327819874,24.210443506285305,24.0088616855037,23.764657260043922,24.641034859957216,25.84754946078238
KRT10,23.670272241659454,24.273727043498123,22.972999334114455,26.371395234853104,25.041565034841707,22.958904150707298,25.03603160168543,23.61469395939246,23.2251130629537,23.14580129671497,20.953103683906743,23.336389094481724,23.813866197998223,23.142926886436104,19.93527519181732,24.00128048622073,24.829272848979365,23.989327938369673
KRT13,28.582635094670962,27.98216152285016,28.232875384306556,28.885826544207358,28.69529740905772,29.486579490613213,28.512878885405197,28.11875069170151,25.84221755446668,26.662392785040073,27.703467568425292,27.40371574378448,27.932405222657195,29.733552777050743,26.887848497188536,29.327993966454198,28.01599110427245,27.179046044258367
KRT14,29.61893721997478,28.82954054224336,28.687881690698067,29.34988055161088,28.974252807330338,29.82286735235283,29.159218406634217,28.769202647394337,25.989049137229685,27.357059872474565,28.300276370290053,28.01056893248681,28.49639438796953,30.12504745228888,26.54107434216527,29.781635407683073,27.955046798194616,28.620057929679113
KRT15,25.675857134170627,26.205670108579664,22.038465147819426,23.197740706137377,21.259420531689898,22.378738756624713,26.722236032427272,26.21467865095283,20.27312345570546,25.053245844410533,23.526575127649053,24.550349978486686,21.444523039221213,22.978330723335418,23.801481231047987,24.33521524845756,21.697896666647654,22.225466159143167
KRT18,31.573001101172,32.10139283546514,31.167630595740608,33.458478476120106,31.084063529422895,33.295212653198526,30.962179155103726,31.17012357445426,28.172896438834872,31.41215580747763,29.948318036695703,31.286241556216535,30.199611002994835,32.6475029346498,29.260730940137144,33.08620600462473,29.75476282063393,33.83835905751319
KRT19,32.32125511619079,32.29764608364755,32.33086418789255,32.39732139514418,32.01241678262837,32.81941729422916,31.993009696076356,32.22582356811327,28.325441243873502,30.497222414441595,31.15585842689533,31.436259103302625,31.217063073864807,33.32254379711965,29.949406049635964,32.61325904679309,31.099021434725344,31.49976102258872
KRT20,31.069852405639143,27.743929800453248,30.3013323072748,31.63358341025579,30.627873888381906,30.834457982870227,30.002606645718316,29.663564029137326,27.68968621924658,25.87328913612468,28.91978283779231,28.282893617606245,29.311394227585197,29.766700007644776,28.954528716603,29.949053489402974,30.153606822442757,30.664011588325728
KRT34,21.85094132605673,18.65223093476595,23.80470054221315,20.42310166014376,23.973025809744122,21.323156263983954,24.468463731607127,21.10397272715203,24.212828058516635,22.279581222928698,22.98977406313623,21.63029693358508,22.559414302687056,19.613556954084963,24.47972212521941,21.949992534169674,24.475564969976308,22.48786513341519
KRT6A,28.596321885631124,27.70961510739925,29.45167068781102,29.984914177225264,29.23300393867537,30.480795821924527,28.410754857171213,28.03990024236259,25.896493492878015,26.719976407080804,27.69602560691715,27.1962633848294,26.629606600857922,29.886416260558683,26.079664161146987,30.00832836337301,28.04602497877696,30.245572018217505
KRT75,27.160422663635313,27.76849668328948,27.469754062251432,29.72654553498439,27.566841842346655,25.870878808635684,27.15087704135116,28.026358289647817,24.60225790497066,27.678277915419283,25.47597811897069,26.831683082974735,26.269619411877688,28.57609968433808,25.277054864034636,28.70816997967837,27.144187233340364,28.91220173089918
KRT79,29.8298770782495,29.215592635226162,29.96559974802377,31.214436477112503,30.429296198329645,30.615821446111465,29.022213793721125,29.958440367577968,26.69046533586009,28.447783199423313,28.253920091871723,28.724069886662353,28.742764892875535,30.70005557892393,27.371071840163392,30.078542294766677,28.80230209565793,31.313108328305223
KRT8,33.283564975471826,33.14633373620892,32.70884482664242,34.028855733639595,32.81114672401859,34.059907609024116,33.065860558973725,32.79170660774446,29.729463367475343,31.963834748140894,31.623944475684667,32.40765261393103,32.03059258012245,33.9932473367508,30.938900285381433,33.89241762944114,31.752829424920606,34.31639112526791
KRT86,27.500073478887067,27.222141418629366,26.243033671095105,28.47566999082585,26.821259176966073,29.193187775256416,28.58282890036674,27.396902238427487,23.76312882840634,27.398434772032083,24.060384045303728,27.75103297856981,26.63356296464904,26.437209971999803,26.51495075327991,27.59688957661384,27.263978623793296,28.9429496117927
KTN1,23.46971456894754,22.610697322115,21.849513082809853,21.987871909079278,22.012872771880822,20.96912169296166,24.238995839124325,22.49857504722357,22.232284780130456,22.150311966137604,22.384485685822153,22.70231671958135,21.975156954949878,22.34533066744651,21.840090614935313,22.949461172873516,21.661289532482915,19.017478254483336
KYNU,22.077853839080838,20.34513703692429,16.0557176278412,27.236924641235497,21.544680389420755,21.17045162659062,26.495216724115206,21.705337261515368,20.81969698596908,25.258196523695393,21.346686611580438,22.610975143277496,28.094289297991512,24.765452393799553,20.737234190848003,20.155029569909388,20.344234962346647,19.087141254870197
L1CAM,24.931228280586232,26.876598973972786,24.982248773970287,26.756225383967443,25.204439563938905,26.607355044341073,25.867214193331307,25.69469087879845,24.322555389844307,25.36014897006947,24.789511344736297,26.208893201367697,24.40754773805168,25.429315008557047,24.931512996189813,26.412226393317436,25.004655423193075,27.332699185185447
LACTB2,21.115988762466046,22.91441036931254,21.983451335729008,23.099133339095186,22.03386913441783,22.871358799747224,21.639383987729584,22.49490196266514,21.119417132601207,22.034355043612933,21.57236088199944,23.25578078127845,20.93552644998867,23.034302148194744,19.69242929813005,21.439670975095336,21.854660696798003,24.209956397132917
LAD1,23.73292154063171,24.68314405891525,22.236241421891293,24.886700920349828,23.279183494677113,24.93350752270123,23.3294760783526,24.165632703285038,19.145524578780442,23.409073484949662,21.109534133547957,23.857680650803655,21.27599787287925,24.190924212197586,21.22656984028632,23.900519265227107,22.630473877320405,25.611759848304484
LAMA4,27.556538997787065,27.677713955783492,28.425295054108105,28.12813142005457,28.36805362017975,27.9113934911127,28.30590297969153,27.624363920161493,28.063591289902156,26.408144603738386,27.43261307672962,27.07134895362083,27.803259588909686,28.911051988180088,27.937485763596236,27.022091404722136,28.596141886613687,28.334534779256384
LAMA5,27.038828779743497,25.0926359343782,28.119519712142186,27.59944005630569,28.725999704998447,26.938928545894946,27.54594345556043,27.130483830895866,27.123027491515465,25.443697612467396,27.118306245812267,26.421692774787047,26.98148000391618,26.879777248560075,27.287230806768903,25.33709337397654,28.187031188350737,29.31844211492829
LAMB1,24.294148026006884,24.25719738005794,26.248600593785902,25.847785838562846,26.166750981337252,25.806438350666923,24.628103256709366,25.144097799512426,25.916636923911053,24.32986558302988,25.616663480552155,25.57772647665664,24.387673784644708,25.059816539197293,24.464275439010272,22.560217073528705,26.265350222462853,25.333203294862678
LAMB2,28.43630066198957,27.230448288189717,29.248052319542843,28.067835285103712,29.12761119247988,28.89366166977338,28.903901879297734,27.91383877308463,29.045248497834557,27.02452198136241,28.929070571174925,28.39276336460551,28.896575685685658,28.389059836388448,29.252004159036108,27.740523522388767,29.18307766928024,29.14249490629377
LAMC1,26.97485355372496,26.647456734617723,28.89766045112934,27.190537615887862,28.797085853277558,27.244972626649435,27.94767128364123,27.693185622948988,28.549597347055414,27.217725451922654,28.13542257761568,28.268170899828217,28.150719563299496,27.405096644305104,28.555030637327082,25.989666535857353,29.194215514075967,26.80467079112496
LAMP1,27.342665579433056,27.592212250249563,24.296053147271696,26.568731832502596,24.953775048947826,25.703374753349628,26.784651329360738,27.058340247549207,25.276325310432565,26.170928540962088,25.50336458989152,26.88267966894808,25.246001339652246,26.903230589023583,25.47576489075491,26.596929340474652,26.384793187857788,27.841720774829742
LAMTOR1,18.737083476035384,23.190119184744752,17.356370421681444,24.043484643656118,21.23078963587119,24.050787507838262,19.859558747800268,23.90115868135594,22.169975057893996,21.829814674171274,21.158918733914227,22.874899839545662,21.029316236919637,23.266074205351707,17.913888016036566,22.564582302713347,18.30960151153975,25.07475557141887
LAMTOR3,23.8295137599654,18.48547937296899,23.345800932101053,24.863858221867705,23.281025805504317,22.014610776720907,19.0632684879039,22.25778955614385,22.20963129949182,21.828002358762557,23.460550066789914,23.423821072419525,18.299456381425802,22.232572787727317,21.702171032487268,21.799566544160577,23.455979804593078,25.720732851508917
LANCL1,25.01314528852764,25.232496992759433,26.66196141417202,24.32543025278892,26.280166853818116,25.66182546136921,25.314047122277543,24.75476444470369,25.597057414640126,24.05430123824376,25.837984887067115,24.33014752974276,24.553905614183133,25.35490338289081,25.77712596049304,24.58275316002218,26.083932151793785,24.710606449753296
LAP3,28.47550601908375,28.336768507720922,28.317335231362325,29.90829715282414,28.665618931049,29.925462002839236,29.15871908204582,29.276616852348525,27.489285944375517,28.904627368854417,27.467973959955444,29.135642083026394,27.419750496697134,28.95776372747399,27.745948764651654,29.902783976177,28.10333866647217,30.131928562948993
LARS1,23.712713007602932,24.990207058643524,23.780082018972948,25.49988922055337,23.968161504915564,24.635417154760592,24.41779394092749,23.991656421953504,22.96821316698955,23.682447221724864,23.940559727522622,24.046017173239274,23.409702181649333,25.211361798007896,22.537442941395227,23.905107228419762,23.58473189472637,25.5646749757988
LARS2,24.463119037023883,24.50072767443749,23.01192288436319,25.532377176506426,23.47196863374288,22.704635143540813,25.14566815040638,23.98896714382502,22.986960812971102,24.35441942824581,23.73062422232753,22.7402972176067,22.96478717444439,24.143465162773744,23.429879890198674,23.464346029258913,23.735375978092808,23.62761091059378
LASP1,28.219452654190572,28.56707597604022,28.56320798392051,29.19556184695724,28.39272440797135,29.136184965050358,28.293013232222773,28.856338794307522,26.977755513606223,27.73576364655026,27.519847210249754,28.986363616229603,27.533117707636897,28.730795669610817,27.616403320223558,28.680542585091082,28.134418229499435,29.99082941547974
LBP,22.609455791409943,22.544945801251945,23.424667833007653,22.953264535619873,23.23108391294638,22.767539420200052,23.983899884446974,22.964150827214546,23.284851153389496,23.004931615378318,21.388652024898736,22.34232954882024,21.863986167501395,22.91752203801614,23.405995951253644,20.38369972802446,23.772375364678226,23.417018864697628
LCLAT1,24.353457080823638,25.112462803240277,24.758996444592057,25.989498619141738,25.586179313945507,25.29760100980925,24.403636760947997,23.816027300718115,21.7090220897853,22.70117642981939,22.348099961275015,24.405277894298862,21.967238865939947,24.245196231772578,21.9645236271225,23.311988433895042,23.649167740751857,25.212487319074977
LCN2,22.780429222361693,27.810074789812173,24.384763001260996,29.386717579236134,22.444071858045593,28.727672006986012,24.723409153622857,28.36049941032551,23.8084340423429,28.651452952972285,23.292170559880006,24.767368728377885,21.811442474013955,27.543812750074064,22.051023552148244,29.774912333932214,26.006294071359196,29.414204841574698
LCP1,28.77353003089517,28.321841363687003,28.13104863721942,28.829725298927173,28.313415324014752,28.86240586301172,30.253873864699216,28.824604035788994,27.212226216673386,29.249928674885656,27.2874610297784,28.443186695228025,26.608257859424306,29.066372329166946,27.0122342137362,29.42318340511642,28.152679134318564,28.330481009046967
LDHA,29.903656083541076,30.5529686255497,30.26420109912895,32.07424949765004,30.45455678705754,31.450703096714467,30.430313832373383,30.12764569709836,29.698975646608147,30.24951493369445,29.44006716963161,30.735278533924422,29.621383819875394,31.17680899284615,29.610043861412926,30.24537247573866,30.331864811033565,32.48712846187688
LDHB,29.272249548226444,29.352304453070257,29.767759381150224,30.62822005609549,29.310636754962147,29.178839930284482,29.2372030833584,28.552590470559227,29.226865740006737,29.342897367443346,29.2565729836933,28.70993912452008,28.641327073472507,28.561525333364152,28.992004997419205,29.04134153104772,29.347841495770442,29.907290641959072
LETM1,26.364036932184685,26.241214167088383,25.736649645156312,27.42765289200389,25.963999992112196,26.63424960726642,26.84710230526934,26.56315940414412,24.38971744049275,25.562558737510273,25.187739251715456,25.937203669913266,25.02717733328612,26.111490022407914,25.0535596391583,25.820808587587216,24.933659381017247,27.616073024549134
LGALS1,28.390200360703165,27.73189562345186,30.665105110726092,29.49072964605441,29.94391635029064,29.055546542235955,29.565102265701487,28.56109218619874,30.177286638321586,27.695081065691692,29.879015935528464,29.684270551976397,28.644102474454446,29.571077791888765,29.16876947883791,27.654543845898342,29.996132133003893,28.35636153301254
LGALS3,29.502400517461645,27.186431182876767,29.348017735884973,30.83611881961976,29.549063647429744,29.432061174001554,28.946955908465487,29.195045270418362,26.774624446497562,24.958121899215325,28.31219346407377,27.70924101432007,27.643911111216582,29.431758892039763,27.622235182498155,27.979462984258127,28.09949831525186,29.18490145438249
LGALS3BP,27.435227178809395,27.610484377904594,25.62796430988833,29.85607648607986,26.381262911587406,28.24509128310761,27.213828971426747,26.399924170867262,25.08032711864074,27.323890419952654,25.124118816809766,26.460033116206333,26.140333239172183,27.755351607648443,25.444322443370893,29.315084823288256,26.06254295539365,27.760319995359225
LGALS4,31.18732326159765,29.62279589806369,31.011416368310023,32.69625898611953,31.260737244483902,31.820713010472883,31.513443903186758,31.243025785457526,28.815571101707274,27.695980606393675,30.241713328221817,29.106328704638862,29.76149634140099,30.986941252477436,29.91673233488248,29.1458685129027,30.766863063168586,30.69902294431068
LIG1,22.25621009583184,24.522528445937166,18.422637022232944,22.935863638896432,20.25252420937397,19.648862242532715,24.55911694877193,24.03175159075981,17.41591434955719,20.45524497008077,16.639407967847053,18.18164072344927,17.360968749503044,24.531103278959254,17.176934085982456,19.629813169057627,19.275661795576752,21.640325120300744
LIMA1,27.731858176655557,27.020713947290055,26.872414000781085,28.573415539939653,26.99176726989535,28.148194147450347,27.929575328122148,27.679755294189302,24.80902031673692,26.66361294912615,26.090990040767053,26.611912823444467,25.93030309679521,28.099163977104354,25.60344605180678,26.98870684689896,26.482084383883205,28.53256553473075
LIN7A,24.280743300674246,24.06541956742877,23.887828615762896,25.580475379650775,25.037838794250266,25.265914375543392,24.8632255834307,24.65381881727484,22.19651320478203,22.647927642464964,22.400483504025534,23.936613372862407,21.82538792702979,24.172252627938324,22.321318383699044,23.025318292757692,22.59990980096946,27.083465065811737
LIPA,26.78612063659085,22.970774912875406,17.336295815828926,22.483343725243532,21.910808059331032,22.137746969002006,24.523561281048757,23.900742103024857,22.189898441384152,23.64546844265214,21.923291933026626,23.239520044365616,24.458988419768705,23.75197469902279,22.01869062821488,22.901464091456,22.687006428638377,24.527726037973945
LLGL2,23.3038998482189,23.252475286999566,23.11718578841562,24.130866813956153,23.974020229911,24.71407593373298,23.805838586594,23.937604992713318,21.816623868919137,22.560092936261803,23.149376602852506,22.77130894743033,22.916285699315424,24.581261870886348,23.084157497239556,22.934932453199778,22.988405648945523,23.40713060161149
LMAN1,25.779397452350384,25.546905229819558,24.758228389312798,25.920468594317594,25.182346509060896,26.219552464417355,26.10662156400996,26.672620070571472,23.88746730485348,23.93328807946965,24.11283666529738,25.143443816011963,24.823152301746624,26.75380787551482,24.43865805387056,25.287631464917382,23.82966677923213,26.22749752579331
LMAN2,27.060664350771734,27.174864236468892,25.95163303238079,27.004879537938276,26.562468358982226,27.423157493667553,27.4755019812479,27.47202671849099,25.003952875857085,26.49981336152492,25.444917215040064,26.193686956447095,25.85538425435076,27.810357793025478,25.637418734343154,26.76511126136973,26.01514489414965,27.717570693409066
LMNA,31.317826611333206,30.436187159928043,31.78361758895671,31.167265085250364,31.639286409096975,31.647756957203693,31.943568993078447,31.00319432317475,31.11530213595881,30.56466498009222,31.31774056679831,31.607243414550247,30.95073738088837,31.55110519124757,31.003895448271418,30.409264409813453,31.22235214069057,31.74116710413359
LMNB1,28.893852535608048,29.296155351027956,27.943970877026757,29.299924197347885,28.78696262086957,29.99639853418748,29.8059067214836,28.846651861462124,26.745352360695367,28.579676589646773,27.6242105408674,29.004925836191664,27.159610783826906,29.23159171720811,27.27592663504424,28.954225761307914,28.042433224202234,30.617261692919143
LMNB2,27.450179132917587,27.24602776215264,27.448444681387056,27.5289331473035,27.211718262298746,27.689841408900033,28.15434587974149,27.206108842522326,27.10480446582562,26.655799318286782,27.23238340167823,27.51160783406915,26.62665400647419,27.405091462776713,26.906190565451126,26.9422747305048,26.47822056937245,27.774371892680175
LMO7,23.58808452481237,25.027420931430836,23.716862076939044,26.611254513895123,23.92725167889178,25.59741371344508,23.615669368760738,24.193855217731766,22.625750677279377,23.61162475349901,22.9784022829222,23.778799055621224,22.09793611765032,24.334145009509715,21.528940362492918,25.050096386145114,23.897471767499386,26.137935002293883
LMOD1,23.81717924026444,22.52857261669609,27.67085326795887,23.708125486986102,27.374440112434336,23.653367803911056,25.114810635908576,23.731607951650552,28.263380131642,24.7190593862395,27.84614710797027,25.70983201064485,27.242979979745424,24.093845475888507,27.06406402784248,22.373770047271112,27.186722622001824,23.50298636456896
LONP1,25.221752954354763,26.119783519712406,25.456766264184086,26.068188147683347,25.092379867144793,25.626128676997812,25.18833314747274,25.620495861293662,24.204732339102694,25.74908127206201,24.52806065069407,25.01900784300235,24.09458869523706,26.24601808311187,24.162488939906495,24.608512703150293,24.716559590599097,27.206641035797723
LPP,27.276771020000318,26.531541524537367,28.996979833959223,27.60892044974718,28.375862039424895,27.92577175166023,28.24481509391663,27.731076759869694,28.68358080333804,27.030179518787733,28.792462937101774,28.659348573330792,28.385565425591626,27.768120939270442,28.842274696373753,26.206682306492954,28.92774059990127,27.72237190129301
LPXN,21.99650447404145,21.260955360262578,20.359519866613528,21.18038716208001,19.20213977818593,21.23779535925569,23.831308061384473,22.658393139360875,18.730231705001433,21.51971123913296,19.202656345301317,20.957989013983017,18.650262792025558,21.559895794492448,19.399348274998246,22.051815316424918,19.73019827744052,20.624837122001935
LRP1,24.62919524408827,24.32183295717433,23.329647374153353,24.494665614614554,23.395252724041764,24.464081920019822,24.687612328777632,23.381619927426947,21.98160141518765,22.94719674508182,22.85403663805229,24.289336075738802,23.333351659766667,24.66000466898561,22.39759627598206,23.533930447883076,23.2329252735732,23.72829464728036
LRPPRC,31.31366963388511,31.160651883544062,30.566951659148863,31.557399558356714,31.10745094516738,31.40058025363932,31.49363964870479,31.180481764308198,30.157733922039647,30.780837729192477,29.88429203850855,30.839987300540223,30.739036973238903,31.387672501299512,30.35193668619106,30.991626534242254,30.987042691376992,32.44674879085586
LRRC47,22.470442849025567,23.0597487125661,22.35303272069591,23.304574675376912,22.69114574521494,23.076573244354595,23.458470033554985,22.924158075997006,20.98827015834467,21.857926636709088,21.74364945405173,22.822843177229757,21.859723219357846,23.221690434670545,21.82234170266965,22.842972433798785,22.05564483374076,24.051089307618213
LRRC59,27.576590681883214,28.13478468698207,26.51332502404832,28.674553756853083,26.466487855565944,27.776430858952885,27.43470298733138,27.754180130969555,24.786158568829343,26.229656754438345,25.518743120751633,27.495984366266562,26.973103993404898,28.046500590139125,25.616347473040676,27.359901817934773,25.526842413086378,28.46473452184452
LRRFIP1,25.02888731337264,25.674996126544546,24.9926551654908,26.677765440004855,25.635714575299012,26.1130232395174,25.117806543147132,24.954844700488206,25.204186059763344,24.933839048798824,24.441722430571144,25.357215708368553,24.15338690927153,25.823707819587952,24.93588960937999,24.262068449788604,25.08970923020655,26.184127386720075
LSM2,23.51010672904796,24.730141378824573,24.47054967072099,25.993906324876836,24.714290094455343,26.484947166626398,25.54538545919447,25.381167869743607,21.490262436322798,24.375361793021273,22.527374617983195,24.77066476497968,24.09303872652204,24.96687507192072,22.24784070946967,24.95529593568788,24.894072147921076,26.146606403181316
LSM4,22.422699048466377,23.28058909457192,23.934961939252194,24.260596977409037,23.409576805289177,22.898503258362283,24.695941406078347,24.537363924651128,22.47266452630868,23.19627986019703,22.03229825486481,23.679755922470886,22.788048336506566,25.25426107301014,22.054513107189816,23.762859239994025,23.06240524014388,24.440139375388444
LSP1,22.18326242390408,23.983637462671922,17.6426902345923,24.716654810750082,20.85997749402496,24.986050997666993,24.562975518820334,23.935367162773147,17.033337197887796,25.145560679557335,18.318495316999346,21.45276423929977,21.87481257016934,20.31233015384511,18.141841627381528,23.039696104588785,18.719169821657292,23.515693567753953
LTA4H,27.172242986265225,27.17451813647708,26.2434399589228,27.32054982373113,27.256250944502302,27.678746064119967,27.83126769481387,27.276449754189088,26.55816924560868,27.48693043188715,26.483935692910148,26.76034047272534,26.02765637921178,27.39889118475162,26.292698413697547,27.00663769345142,26.896774011126528,28.365471599552663
LTF,26.393671505951612,28.530339235733436,29.01336859638279,29.040086760969288,27.427937180830217,29.86308965231801,28.521064424448173,28.389780835334545,28.808894024876814,30.848756576807652,26.675268399778933,28.88003394258432,27.325008717709853,28.226569889424297,27.70527491097166,28.558158583215242,29.75339081934713,29.24765683459001
LUC7L3,23.11404175804642,23.32246474069102,22.507998536732117,23.647418182747693,22.58686514940771,24.214198867848314,23.29703788649062,21.996423040970466,17.190560290669104,22.727315137187347,19.8283711627265,23.51904515932901,19.799729570026162,23.74759945018381,21.59389865719759,22.966763545783802,17.721499359508158,24.282054948758255
LUM,30.114231214070145,26.15486245449479,30.26670613716607,27.208643298871095,31.030649715517317,28.550131835386946,31.015086428760167,28.47418209781251,31.390812984671737,27.963835460354357,30.76623087933725,28.831688384030535,30.357977202329252,27.837262773818562,30.91482199730197,26.801864930481756,30.586100593690432,28.041314701736805
LXN,23.684677967413723,23.208776523602463,23.825635198784408,23.57715427166375,24.20560696487937,25.003225946905587,24.851993922380196,24.10479536968766,22.157543854869335,23.41727704293447,23.56405284488278,25.343034557074713,23.160782391651423,25.552726000768697,21.189198692389635,23.952905047348924,23.343133092684997,23.415484612481837
LYN,24.494007445710572,23.7628664077934,23.950047582226453,22.40383933593737,23.325295109613798,24.245295316126416,23.32120023701919,23.635881383721777,23.81152524260976,24.064319618565854,23.08902506417742,23.26666334693895,23.95961167872814,23.858720294319877,23.3567448066222,23.1653014520081,23.2119771212828,21.43704500205841
LYPLA1,24.77930612625036,25.53055465056923,21.973346473386332,26.155661015158273,23.576998602342087,24.15890555371685,24.925665442737266,25.59215125586801,21.987311970079283,23.210001329157002,23.833992240465527,25.402914918629047,23.62811718508371,25.877356515615922,23.797039559614333,24.252801470689946,20.341668348400503,26.44502962950613
LYZ,25.903006249291387,26.967488876471887,26.694985200329207,27.357615056778624,24.486971079602323,28.434154600771354,26.776223142929165,27.026436099026185,26.62006870796177,28.76700269187255,25.50316118560139,26.802738499514707,24.489063220722013,26.821464053332843,24.291703094338903,27.321355049874594,27.884557017528095,27.31595983665124
LZIC,23.45885069820073,22.87906252943163,23.12226969282191,23.965528440671637,23.554066004408075,23.61523975493628,23.81558152509909,23.445909103547248,22.02177783258775,22.210397497017325,22.221732038777724,22.470915585573845,22.67614715263133,22.38737641405317,23.019167194766705,22.5543646323041,22.921157867012838,24.311688220552167
MACF1,27.022296420982478,27.3690714407678,29.658570996614788,27.69124246760297,29.435820275559372,28.31040267534284,28.601363223981515,27.770718590287945,30.48048939209754,29.041388689430622,30.158378118282037,29.50916109360252,28.66643009458727,27.548273212523362,30.394472743685085,27.62706935457164,30.62528064903406,28.32444702006585
MACROD1,22.53892922586076,22.35767154769821,22.592019862749112,24.352400266981842,19.84890389008801,22.636152484469736,22.342959433380894,23.171875289287396,23.210577772926193,22.43767957779794,21.80285819871019,22.70707292403311,21.860056765752645,23.45990310560406,20.738427179015986,21.960383456082393,20.902761328565443,25.65673307279976
MACROH2A1,28.704483951597624,29.113410988899528,28.20388481728071,28.226714286228944,28.054090430177293,28.328254791541532,28.843634261097733,28.63152786197353,26.841777778297633,27.446099595976314,27.633984729437323,28.341292755826235,27.25989493381347,28.895185987448812,27.3471736211835,28.77526719848625,27.877782051927994,30.08600774885803
MAGEB2,18.12710475813652,17.829532339159197,25.293383737432425,23.578288078386716,20.86933552339053,20.98309377169827,19.804483408720433,18.553704012209696,24.835701644531305,19.58959965505587,21.07189051212033,21.619040789608484,20.604230356964983,20.025452905839234,14.916315676810855,17.742104888675744,21.996787472866956,25.607867725420505
MAGOH,23.961920620165966,25.027318310201537,20.025015628999768,25.30216237597007,18.457581031452357,24.744975793729747,24.722811618158705,24.57206116190894,17.242592096917047,25.46113824756133,17.788638874202363,24.69305033164094,17.73079601869049,24.954311078886995,16.78530432095952,25.53145372517867,23.02659179057005,25.785799346877855
MAIP1,21.47382702649028,22.31889173015036,19.406947810667024,22.019539281707473,21.213243702579398,20.64331571289228,21.41156256402981,22.25157837834259,18.849330643068622,20.593889114200422,20.680804812976245,21.666669501348952,20.71608612453523,22.49936001119659,20.02229512331962,21.255431174347077,19.694674326522836,21.92863318562423
MAL2,21.18757343731121,18.410483672612223,21.272930661150344,24.292628930017123,22.317532528500394,23.335799485636585,20.60833666411721,21.82248318291156,16.19373250008962,18.58432546256758,17.0814282912658,22.507909949454888,18.824277604730277,18.308655665860822,17.096310772993558,23.782760827575586,20.40688480169857,23.675921336530852
MAN2A1,25.190209722067397,26.563394654946087,25.363023476843495,26.848024376688944,24.13615885965341,26.497925264183266,27.53371554522505,26.421127537109147,24.700508651982346,25.52201171322347,25.493114380644847,27.124952059603938,24.835567443817414,27.136340566869986,24.975663485190587,26.467573522198098,24.949210454154457,27.603704277459425
MANBA,23.990352088392772,24.458805024869918,24.069863316104485,25.514218610540485,23.2803299832866,24.88537911621256,24.601656353982047,23.947922829470805,21.39714083639853,21.963317285483758,22.365981948415595,23.809000636026795,22.725967953349958,25.445040454242466,22.45769867108279,24.192141538672672,22.8121310008943,23.660299935263442
MANF,26.041660099266394,26.745257063232852,24.800449356073862,27.44843117459508,25.750380928697297,26.833670955241487,26.892541407988784,26.891883971515092,23.563962521408342,25.639868859184965,23.801595496814663,25.840722089678735,24.194228335801213,26.61604544632481,24.26676903372744,26.542256738535208,24.983567395281543,26.740409726974356
MAOA,29.260345785438023,27.19023167744673,29.075126713423447,29.365714477062184,29.240283939950665,28.53965897656345,29.26472530532295,28.546881455029002,27.553646779853636,26.22493713756752,28.292060804910786,27.54745899223223,28.370221253786326,28.94437365003582,28.006822687890228,26.674115613113365,28.225601739323796,30.358312602802105
MAOB,22.310426428362415,20.58459855635579,23.23796804939623,19.72890881907454,20.367670821803237,21.35024967790687,23.14462787744194,22.38640614834309,24.12820944467502,21.68396007286491,23.557182199430724,21.5478888251489,23.6171127173757,21.571448777513204,23.259817168018483,18.120699197577988,23.863529346985985,21.34381355819943
MAP1B,26.56033520189783,27.15334375393208,26.416143293702124,27.39426580045957,26.64205847331552,26.703743866924373,27.09507893213548,26.868200709007702,26.22692672324884,26.163742437576506,26.4226390888051,26.365300548017597,25.18004705490452,28.21895059081697,24.716223066148135,26.86425827967846,25.97343511662355,27.063519193566332
MAP4,27.423057120639708,28.736749350355062,27.639071861206624,28.494881568306763,27.534885895396066,28.521698693567778,28.340641816482044,28.351131409848385,27.49600889916021,27.764377529066323,27.73422875467884,28.327121412917002,27.636788202814436,28.430103640365875,27.823169664839675,27.94486702939056,27.755893837168525,28.904072217435942
MAP7,23.044098872415994,24.51238370740542,17.91603685371838,25.315170744836873,25.50825913702098,25.217565560311744,22.671692107943848,24.963467264698963,17.201906306889576,16.88866087402794,22.55845908815725,18.96036255451735,22.762438023570674,24.52451349897919,22.377920164775222,25.069537864803063,24.06283306015329,25.842757512959395
MAPK14,22.492592530013273,22.003111097414898,21.747050625904055,22.463091982443668,21.962370724579326,22.559743241660176,23.575579106480085,22.814155307562775,21.25244387361861,22.154427989789287,21.30518073606727,22.01365388412489,20.7308710576995,23.198039115805976,21.188068372681062,22.036958908845783,22.0696543561207,22.62860636621281
MAPK3,25.250374128152725,25.18369270531908,24.79696164601643,25.281092158487496,23.509721865396575,26.347627405746934,25.505554277363082,25.476310553679266,23.407677632215904,23.95534211756805,24.026787868361854,25.113220729374603,23.551374666554537,25.15296918640417,23.021163561646123,25.157164137946395,24.04151039383294,26.20584514147555
MAPRE1,24.11645012875474,26.05527947970992,18.46942359053399,19.902580653373246,21.619184601000757,23.61562944563997,25.558305767874725,25.99828013424709,24.508421360105153,23.28723388108315,23.380360324484453,25.83580467717134,24.741702093317905,25.6881868582221,25.02955626674245,25.098250998915358,25.01312755707692,24.96828139496516
MAPRE2,24.601924451156695,25.95180363598536,25.21506333082382,26.882060631135005,23.893765575249095,27.316953554655914,25.489812832572568,25.194386325293284,22.70304654543331,26.235276746351314,22.36484976099803,25.29886695515616,23.928935867579323,25.423880516626248,24.094867080018734,26.38029601064328,25.456869845273047,27.308070559243966
MARCKS,28.716443616188563,28.078529710326087,29.061122150467327,28.61028274126494,29.25556753905337,29.258724751193647,28.952406877279405,28.465385438125075,26.152482107606808,27.019081130643137,28.00564395916073,28.02315132688938,27.362185471985942,28.954291625140083,27.451922983366337,27.912678935116148,28.35384789848641,29.416364466579385
MARCKSL1,23.872535668859484,25.766353858399498,23.428593852383532,25.76864982313953,23.68850651481051,27.593397561204462,25.44611770374211,25.267237563799302,21.68616758918725,25.56829640649463,22.666126066642367,25.35951751967788,22.781176780649222,24.941268672491137,22.583484964749548,25.09579336461851,23.58831749270654,27.86558083891557
MARS1,24.403907784462156,25.2694863107475,22.74731002359923,25.890046203754515,23.877213880964547,25.52867085059213,24.493952393892087,24.523767662808243,21.96133287522801,24.36056250677455,22.769686836752854,24.46140205354216,23.056628125009016,25.56724255518895,22.27784110613141,24.202005511950063,23.803399447174648,26.091779154745655
MAT2A,22.988618439453436,24.25285986184306,20.568864416729806,22.897345545445347,19.501205836838643,23.45832107549807,23.680890157832565,23.29065014671864,16.22068544604082,23.12425823605876,21.276084499763748,23.422026778226563,17.761624354509692,24.120677221727203,22.38739655690109,23.563344896414733,18.154599044104437,23.602991747231087
MAT2B,23.985336110769634,24.729361290309598,23.03048484323995,24.889761133738027,24.351160435875475,24.927627736553028,24.514736586479103,23.966901318666224,22.58842261540663,24.357522424350922,23.373848470879917,23.753816784584785,22.656743724063585,24.995513500616184,23.28585820426145,24.354030107905,24.12515929675196,25.59845231372709
MATN2,25.10815191532386,24.30270618504096,25.931757954936778,24.155979389066946,25.31156053811794,23.67834096712687,24.586202647746994,24.086302367963988,24.982630029832,24.07433740679187,25.82288441615236,24.089125317803383,25.88478048036361,23.835639553444214,24.372522993695377,23.214276319129745,25.18698546568153,23.98398902055549
MATR3,26.0337573869343,27.32006964368151,25.928783814922017,26.40834105062635,24.561764892364547,27.432130676896858,27.032011387008655,26.610274388875826,25.18156086185405,26.222237987142666,25.663846940421784,26.78086495613879,25.76534520740379,27.326361667767955,25.690756679531347,26.995936667975876,26.192977193778106,27.921905430051357
MAVS,25.989455618339157,21.086409872985225,25.129574811589414,24.02890689535497,24.661875923357233,26.92243156013292,27.811196834813977,25.895712272821765,20.78782917537303,23.212308697073183,19.655941564543966,25.33377606919565,25.53118792165275,22.820184286880213,26.84842016383623,23.59243166472722,26.98238029475858,24.90109613770986
MBOAT7,23.368994852287116,20.44007592606363,22.931670002706074,24.99184452872454,22.165162316321762,24.79586615794239,23.07110837210852,23.3882516952255,17.966894595087624,22.875743819548774,17.76855674683416,20.74666670924876,21.51997834961357,23.84716890687223,22.868594434254412,24.87759009955391,22.93039801867391,25.334196756490673
MCAM,24.97426982196825,24.372375680050805,26.978678614070404,23.70000776841325,26.467445465546277,24.331495483845522,25.340647159517523,25.02209221169148,26.48615381688904,24.115261770478025,26.566628704783216,25.123939142493764,25.808533370148737,24.746450821323677,26.38313374389179,23.38623172614695,26.696749786633767,24.714265958729932
MCCC2,26.808078587950025,26.927598462241995,27.4094044486127,27.328136427978613,27.474212149739962,27.681781230968426,25.971817311194542,26.013522032569593,24.756268662164192,26.529780922989847,25.831978397796565,25.87674442064265,25.964741465814647,27.914000735473763,24.803484818082097,27.414893989545494,26.77793244551118,27.659304154181633
MCM2,27.896344688863664,28.527492000561182,23.367883110957614,26.98228453168286,24.07585294358086,27.39714711232714,28.001146651075757,27.99543651783407,26.211349820475338,26.935277042504314,25.29245756922278,27.63196658306741,26.4886702130829,28.226730096826692,26.103119396850975,28.473509645751367,25.398585563483287,26.97172522020237
MCM5,21.67382347011558,24.42681632081291,17.76872115834799,22.966420577480886,20.073819739630178,22.653013596183552,22.42681263063199,22.13655880921701,17.860252136945743,21.30538354154081,17.90309273642282,22.793110313702318,17.705662293925293,23.024664857809217,18.29018474114745,22.932699748496123,16.746344856401628,24.17223321404802
MCM6,22.417385848321956,22.997933183027136,22.205256948391913,23.161650495901448,22.54547184097475,20.224441299629213,23.341983089357903,22.72207445785091,21.912759589003716,21.72378638301365,21.803525984111758,22.685101668533488,21.82280870704343,20.871989092934843,21.92981738870365,22.820012818115426,22.08055164317928,22.865891109140218
MCM7,23.54900443156085,25.05962335137592,21.694627175146493,23.225294834366313,21.253623814923447,24.541952921260577,23.884718593611886,23.478747213851676,17.3986586333619,23.36263367884035,19.28312964516949,23.30739336924716,16.253062408957295,24.032549303761176,19.93306569475313,23.527881002695494,21.30835032992285,24.55601132870548
MCTS1,26.314250781079036,27.48778012002163,25.384837739656486,27.432563093192364,27.75063591141647,27.836354853588094,28.099373885701244,27.29937082993598,25.20222657848648,27.19567943479046,22.918709487824557,28.08266849746039,23.94128552779001,27.216501359853705,22.220892938186378,27.02483428741781,27.60401047663978,28.197362856326208
MDH1,28.907825036574387,28.122754118219582,29.59080152320137,30.688500494195324,29.421350260357837,29.260136546171015,29.45731634236352,28.727896650072598,29.595331011215748,28.375289463721316,28.94670926937143,28.736076860001134,28.394495485218293,28.886993578769157,29.409055606482976,28.663860489631308,29.000931455618257,29.925548182010775
MDH2,30.208120117288683,30.50415884663127,30.256828038624043,31.996337702985254,29.818966232816752,31.42829919218567,30.74592635942853,30.335552723728146,28.790967610195807,29.33403067639792,29.702204641238612,30.457128653220124,29.22618248611801,30.28197829517078,29.27330634822199,29.907809379652473,29.264642191157943,32.63377813326894
ME2,24.74908016672713,24.971083764320095,24.675950148717064,25.528110255446506,25.419360638073368,26.09933176241818,25.273437642584966,25.169688453951967,23.316925479207132,24.540903760661383,23.71160810464507,24.67133676282259,22.946045125329757,25.113791582182998,23.546689618198247,24.29937206459101,24.312581546294396,26.236015670271616
MECP2,23.996214488667885,23.513154915132322,23.709676359579348,21.1305872571653,24.632615826435046,24.20376001183007,24.27946794657446,24.076994912113165,23.765628748500664,21.63087691042783,23.018575848350597,22.97494864184107,22.55516578486938,23.19179808803098,23.58488652598741,22.18273440256427,21.05833592227947,21.70476442356639
MED24,21.820822936372828,17.034399343354078,16.2169412948334,22.799034457866362,17.149282329142185,18.41455542137864,20.65974345880661,16.14863666801473,17.947152404654073,17.66404232735334,15.90494076368515,18.037330331095706,25.37792318694837,21.16809873135924,16.22034094798195,19.334716614693,19.25593756312889,17.40851812409305
MESD,24.453626374263177,24.662448157641528,23.65724367022378,24.580747410925895,23.298049785789594,25.32141425196234,23.18346372188806,21.356230522556853,18.57948322993203,23.685488054248676,17.5368713271977,23.337889660846894,17.08568935587463,23.864385798561685,18.026421173367694,21.693676077256622,23.47283742825183,24.668156755232676
MFAP4,24.03617837798243,22.168650948020467,23.989477578612128,24.116978830961664,24.446844760582472,22.01205352390023,25.721851057801757,24.026731577358017,24.89192525424108,21.914051424735735,26.038973939382586,22.909259871220534,25.459302667251766,24.15031590687743,25.333497493807783,20.028999219396816,25.031382763142865,19.511682457951533
MFAP5,23.253395189091723,20.94174808474977,23.994653982215787,23.164219818234095,23.537026246740158,22.600643163264486,25.181281875963464,22.96525856287118,25.19140752916637,22.176720475736648,24.30085932032038,22.33462412727543,23.025586546606785,20.84498123154504,25.04691224630392,23.488311348458,24.611619972952134,22.849459853858093
MGLL,22.736759851838684,22.411860873896956,21.83065105836387,24.398799983765926,22.701761486231646,22.15975475328194,22.558802748152925,21.70504208641966,21.871523431318128,18.559494205312788,21.15105218281168,21.548772866512056,21.72530302001064,22.857828733937808,19.869239536356815,20.754377233290214,22.56072776491624,21.815749925154748
MGST1,26.288288508840413,24.99347691053302,23.911627999596806,25.525387314633868,25.632060486877847,26.563162139300825,25.244161403424453,26.525242849534443,23.921900588354028,24.431046842515638,24.390688097164364,24.990149336239792,24.61260717538645,26.803750739782856,24.200701963882626,24.07994185228711,25.886580801553492,28.010972379164556
MGST2,24.901276534627076,24.923979633607225,23.64034274738598,25.94639400518073,24.673635069334264,25.32878545132337,25.70427304343677,24.805138768848565,21.56815955125703,22.577517988423402,21.68392064365223,23.268391126599635,23.911224777134922,25.509984442154472,22.473527250575007,25.25491018457595,23.002829350416448,25.991384336444515
MGST3,25.970420408397086,25.02610545698822,25.882264536024678,27.405376516592348,25.8347951304899,25.22217719433961,26.279074180387227,26.05500999555251,25.48443135495188,23.964694838684558,26.28234967044414,25.75819676963158,24.767427032434274,26.149697053663342,24.920279728094386,25.00086105129386,26.087583954184677,26.225449292643695
MICAL1,19.071508423744817,18.313161565285267,17.731196898801212,19.44111833201396,18.05279865969826,17.71902458283133,21.45735035485786,18.11263662898958,17.750637812574695,19.38075785400085,17.69274515168825,18.57877584311703,17.178783078624797,19.746307008609183,18.973427603043948,16.631932946433338,17.61305400447238,15.085686877520885
MIF,23.61674064145828,25.121387090880717,23.29879366969769,25.03030431955569,23.534618209432875,24.817508009352036,23.818533659061274,23.376167658711413,23.92971833086949,23.03689212596295,23.04535533923113,24.416269995445745,22.61597300195788,24.914773340210086,23.205073375673184,24.508610260532027,24.17758462067487,27.16368348898123
MISP,24.18228826108978,25.415892335753966,24.74583039104787,26.91142013548966,24.180184612472246,25.483157368940375,24.791951487897098,24.123869998846367,16.83364968054001,24.47166668046095,22.25592114487072,24.59318055839276,22.707254514296526,25.674271464556565,21.670954379903037,24.665847112413633,23.9063246452837,26.138461126072116
MIX23,22.883241657065348,23.28947275990256,22.602530400593665,24.312164965969956,22.606285913740386,23.1679604511904,22.32204142848594,22.624606830265208,20.366524952738715,22.43777685224087,22.08015279217664,23.13555173537678,22.061148735263362,23.506316437736775,21.07165739973588,23.47813270170403,21.62353838192899,24.7351610808862
MLEC,27.704742784897352,27.467004020819648,26.975082787527043,28.52859982828112,27.12873505819031,28.313387684200684,27.062713140369485,27.732310061723936,25.895008768512277,26.655350473004134,25.92769917046334,27.538452729116518,25.644314299430942,28.14708315800693,25.628635970071603,27.25404172342571,26.53762414052351,29.33075493409007
MMAB,26.48045450069585,27.082940017025916,27.067321191160566,28.264999115606326,26.513739300549968,27.90895502844046,27.262393431415564,26.625627177589198,26.238786615400624,25.925571462632902,26.08067862449749,26.68872085545278,25.747438924670867,26.949823746755687,25.359926127875028,27.058909211847993,27.09377771686916,27.504485130223816
MMP9,20.716164807450625,24.27872635138859,22.657350385294738,23.893582063589772,19.54542324419743,23.946546424150537,22.453377131759098,23.996828186044034,23.917926306815033,24.712399404596876,18.616956779557338,23.756714125421972,19.97406184900239,23.789511595513964,18.58064050683214,23.198789915843474,25.0162414902789,23.489657361845676
MMUT,22.496310591073517,22.688456465033337,22.58171554425033,22.54623661072403,22.882795531614384,22.975340314951193,22.858690282872033,23.64316949649872,19.33163010246966,21.466482017875908,18.16984971546745,22.797605730593716,22.781102012187652,23.53161170515671,22.189400443624262,21.915697457527408,22.7178661247796,24.162866916608657
MOB1B,24.967772586537826,24.26315242044345,23.628273334483325,24.271054210718194,24.642970875870073,25.70801704455841,25.309404781845352,24.71628410399953,23.42480406031992,24.108510131971823,23.059228681412577,24.649977783423207,24.003514065690524,25.191450912203205,23.102118503332658,25.16797595132103,24.05956814944303,25.842896211017948
MOGS,22.411330925860508,22.7473712361848,21.752539146416424,23.156580680893647,22.135500512185622,21.603135760837368,22.239361866896484,22.456057812184564,20.976949339100972,21.443417069135712,22.275282891943565,22.174635117226533,20.587859108894012,23.55726132990996,20.085920540524604,22.510244202501514,21.42445149571867,22.77991549748439
MPC2,23.04537334917087,22.594551777624517,23.100103170279585,24.5187086780167,21.91686103517569,22.562404890674863,20.36596065214277,23.316686466371547,22.080508434468154,21.329503746686367,22.579747230366756,20.90496730105701,22.31814047098534,23.109696138431374,22.472842298336698,20.216097712372576,22.60844837871625,23.722631519849998
MPI,22.690994902574648,21.990532904202926,22.582782279944844,22.68989492864933,22.86431895818543,22.35638650796236,22.73134827487857,22.687892146773862,22.12781775234211,21.600752486152526,21.833408102271665,21.194436917676658,22.506168630159255,22.403502447788128,21.56195301676809,21.86536708067129,22.284932294073716,22.464886818789203
MPO,25.448528760487598,27.571235741818427,26.9188910478331,28.061211377710254,24.44555173239338,28.856195561200916,28.93042896827496,27.8661495436864,27.57739951275059,29.908763968487676,24.88978835739035,27.629081405068856,24.930239808392667,28.238147973280324,24.515384215096052,28.717293255601184,28.904129142235018,27.666876421592754
MPST,25.44005822633965,26.043093580280356,25.530163432315238,27.18209713609605,26.198095322302027,26.34208697944493,23.84639309257147,24.722549499462755,23.21718819662612,24.102131733500705,24.174951544107945,25.147697457124476,25.14991027976636,25.695705901117975,24.00802272280977,24.996456053856168,24.846667653376947,26.284264113407886
MRC2,22.25428471016895,18.99148636624167,19.632602018463174,19.05516161687213,21.392948543983508,18.858946235271183,23.189718601629664,21.795059597571747,21.197337900391723,18.266250072093097,22.125097474579952,22.842798373371544,21.184130339581163,21.316704769668014,21.57358292111392,18.939774209520873,21.71315745298874,20.124368660117423
MROH1,18.79939778094285,20.44179972982382,19.362566509043774,20.68824457673879,19.579821582672874,17.321671251921174,20.02484569933483,20.213531211019475,16.65899434750283,19.36590581850714,17.947116390742934,19.98150990631009,19.550716616288675,20.713279920274708,17.555168401005275,19.178518873662423,19.880051508968652,21.01658673329181
MRPL12,26.141352881059557,26.81302923403565,24.59718355755886,27.59856229030684,25.80025135144541,26.956841972807396,26.291707686795725,24.833313779735533,23.371781932028693,25.322458048937673,24.657264965471807,25.694773133397927,23.676791336303705,26.73288878700302,24.245096372715057,25.43141403365106,25.069439830847784,27.564307028158677
MRPL14,23.67708875945079,23.257566618979215,23.270001052868558,23.83687087404889,23.47241543899877,24.7343218111969,22.24248603131706,22.833826931786803,21.329593055405518,21.732311638383276,21.567554001858525,23.21874491899302,21.143358538647433,24.56664500224583,21.8840091607979,23.450482866975143,22.587381497711316,25.244385211104053
MRPL15,24.752767539858084,23.730418504742655,17.48077954977082,24.201414226813608,25.655937662206046,25.781899797937832,25.453088914894497,24.853665672429635,22.59328374633681,23.3505820892621,24.171395078260783,23.753756953633026,24.797381247896304,24.390570909156615,24.883717830752996,23.26196395382957,24.651276590186004,24.645753508666438
MRPL23,22.93353797352103,23.888180743358085,20.79111717237674,23.73871844334773,22.770993693263403,23.656634430667985,19.31278962153345,22.619157498120483,16.647024695382694,18.53706526422888,21.323534066054393,22.688423066504424,17.23072375407929,23.40181587132526,18.121907336636514,21.82022658978225,18.16019067469132,24.2665417513871
MRPL37,22.655450045379403,22.45009855648004,21.159857515018473,22.688873701933996,22.083290926725084,22.70465504744058,22.751964694297605,21.741238443849735,20.114816545543228,21.26008884163967,22.08989545113507,21.716259496013645,20.674607883226457,23.886417936624454,20.111458621471872,21.568859461774178,20.9759578698367,22.264344451030468
MRPL47,20.827304573421955,20.96393124419874,19.593968331307476,22.40253783352378,18.65604888301392,20.15461141900134,20.522454295447975,20.825445755520143,18.504706068366957,19.70169124318672,19.600458054464795,19.728251594673548,19.636222342559865,20.848219962694962,18.919482483135546,18.53747465045524,20.914170349927016,19.940193568736476
MRPL49,20.029365577542475,23.6084891379715,19.707792888846928,20.80803105549895,20.791801101372357,24.292691518454216,19.590801483963386,23.782203435998277,21.10241659208293,17.323893007563402,18.269445077649426,22.29048164743235,18.886362515173545,18.11621706362905,22.300156901788476,22.61659142226817,20.96157864648134,23.449056950362436
MRPS11,22.525019348740134,24.127011467297717,16.748386901141284,22.435853867131687,17.380689614989713,21.960695469754132,19.284710655803487,19.245308935238018,18.05631791063581,20.803110366547163,17.079456440004723,18.505016081639198,26.58441776119997,21.91831891112965,21.16274511719947,22.735378832279302,17.804932273290362,24.244020682624765
MRPS23,22.075594747257618,23.70404840537124,22.77272714570724,23.662363566811237,22.526918229626254,24.199942304984532,22.301774201297196,22.596415587350688,20.647516977029717,21.889582862277216,20.84865709910984,22.91547512175142,20.70219220279754,23.49742317968118,20.92044146608905,22.574698203080196,21.861982162923237,24.24513682703879
MRPS25,18.309262192776593,20.847185433221743,20.568699900221652,24.15615325365594,20.50560109761748,24.322643321240243,15.777045984266673,18.90524793279617,18.782203928199248,17.71732218518028,17.78577946360593,20.524828405090677,18.050641628891018,16.327899186383245,18.784675197155615,15.70746702191458,21.36788058939264,24.264462467677873
MRPS27,26.919858598686897,27.05054367306067,26.182216680709868,27.53701200671494,26.46440042528551,27.851935997337858,27.835267337924996,27.333529008308908,24.47853303114188,25.6725651547373,25.715612673402937,26.69303239858297,25.43507471117179,27.484220602710295,25.39837042716606,26.594122871617348,26.59435486797101,26.163403998134765
MRPS28,22.86526852758992,24.13065644960696,22.350354939436183,24.444192304457037,22.22388845301774,23.452526753705197,20.89828011014507,22.561287484011448,20.753936807382875,19.88718972036321,20.37464631523614,23.14434033538484,20.213163190438216,23.258637207833868,20.887851974258414,23.148051625838367,22.322440412959445,24.325079213918734
MRPS35,22.140421312016937,23.280852266808868,19.126728042217785,23.16394051396081,19.472630990749487,20.627007862351732,22.693639139553078,22.42648900369998,19.183710685527043,20.40043998511565,18.759693103839638,20.312556935826205,19.817581399291566,21.869277715476695,19.714967411801794,21.763577352518425,19.298828714542864,23.94118619780049
MSN,28.363592057469535,27.96135306666773,28.77627987788253,28.9139232683814,29.345191861427516,29.575079177445424,29.38727858429033,28.491766696365588,28.089058185646337,29.0387707942751,28.6887650126858,28.89311583500553,28.197394481040845,28.800098696482145,28.32964845899108,28.364730145573773,29.157387116391472,28.074912841831463
MSRB3,21.792031902241405,20.65047596408785,25.329309403084743,19.284023545471943,25.135875392949263,22.016883093339903,21.01766479919365,21.44272283929307,24.670905151981344,21.58547980425077,23.935599293020157,22.73839446066102,23.532035387495423,21.023968815886658,23.784233551564324,19.116715524234085,25.090445709577235,20.08624525692429
MT-CO1,24.995812490778384,25.189153555651576,25.08542550382364,25.155195352682732,25.458256190979153,25.45735484205685,24.151880023472078,23.546581818971593,24.139230945346505,21.175955170629667,24.773193651531983,22.61371589158393,24.03154396426719,25.700037479294505,23.448710580729553,24.43297589529078,24.949911641027228,25.463802722112153
MT-CO2,27.976940691550343,28.186580699403542,25.084597654893017,28.00634036542369,24.73811903891053,26.636108249665376,25.311197037090494,27.328646230931856,25.73085311344963,24.480031338218964,26.779171507892602,26.09153738074208,26.367846877129907,28.0943684271746,25.94171064633184,26.785666407370822,24.692328027621397,27.244419991802527
MT-CO3,27.808441251903773,27.0324870128247,28.02005892635807,28.12667732427182,27.385896912336058,28.228569480824827,27.1603731582945,27.10689232724831,26.522995605855872,25.173539943778934,25.70115683850208,25.407560503464726,26.82831007013127,26.872363410690166,25.693132549479675,24.860657627792655,26.62932310171389,28.060283860589404
MTCH2,24.495819562135686,24.37450934929953,25.570847403497478,26.762344234487063,26.110956437432854,27.077046693828596,25.09471447156471,25.73019797999969,21.926774048363757,24.618370284919504,24.34993498827633,25.83907930941871,23.410464798853084,25.208033235103418,23.305736246311987,22.82051161774106,24.958294832205095,27.970432078991497
MTHFD1,27.183345113168738,27.531999351756138,26.46094130061434,28.085339699094124,26.997197162225124,27.962445943641654,27.826618855057628,27.58314421118892,25.501081586461925,26.844053236265363,25.701500226408463,27.6527760345535,26.045096972932857,28.051956893540332,26.06163266317717,26.7888581924172,26.47443449933915,28.402132350903248
MTOR,23.29321857620452,27.009599835844803,26.81446770902078,22.771570590467707,27.09029007322439,26.771493860369183,24.26327146778554,27.23326512093413,24.40323701876865,21.586337050337207,24.625472837626802,26.39908871561763,23.61141809515496,23.39239784293838,23.615207197529358,24.834192761085497,26.635753241263227,25.639359076632992
MTPN,23.562970165546098,23.3541727805117,22.15835710099995,23.764071424484076,18.690424291541298,23.905510416723683,24.01363483619084,23.686266209789117,22.053027958356502,23.0197098904512,23.574279810011873,22.919704102199425,22.369970731416853,23.88593256467602,22.498676769691674,23.03682127694582,22.72609911475274,23.8338899628064
MTREX,21.31196541235066,22.499779045766363,19.863424439889908,21.779062224380173,21.108738302179862,21.924668835196556,21.92386062927556,21.8763303075161,18.641782468345173,21.43261066344148,20.137854808030283,19.330769851006963,19.585379383583536,21.033175704397156,18.805271266471014,21.264607175369758,20.327658756686027,22.727518465872706
MUC1,22.963015482574196,21.896905559855202,23.951061481970605,24.355435966575175,23.290593298644886,24.861054991167876,24.167162049723675,23.695865893407472,20.81288183451705,24.985409777820554,21.23895819396496,22.25928977039329,21.821714528148327,23.665898522442422,20.962429043854655,26.438767356280778,21.929569471149854,24.411007625737966
MUC13,25.06449472532214,26.647882886107297,24.383094854931034,27.06434026048032,24.56706955717876,25.72656579330077,24.55755469708298,25.05173278556792,22.991269271760217,26.565642795581592,22.962020313080977,25.034245268705284,23.667804248134203,25.477297014604947,23.340127027658944,26.502243599952443,23.96050950226766,28.679704011707106
MUC2,30.012118853137082,25.936552809291708,30.35583930757889,29.702553428565075,29.21862068567963,30.49767826546414,30.19554086217291,30.94878493755777,26.725251460752233,26.183035153254327,28.918480963926953,26.366834714498182,29.411875701158632,31.496336526074238,27.46078349516817,26.07567496452455,29.287446559357598,27.85216837519412
MVK,30.05042392746107,28.505250412267735,26.872361018340637,23.531780715562608,23.247445628706213,26.893366515844548,31.27935561923698,30.5753796918674,28.28420084359626,28.442668315388868,28.9308666317828,28.619083464175617,28.829603265188254,27.945620710916085,28.994414530472064,28.623552830158633,22.88129021716636,25.730053251261268
MVP,30.04966365241022,30.180320001886773,29.10101491414552,31.55070544747531,29.835573152863443,30.579918847481245,30.072445712531053,30.003935306490842,27.678505157248537,28.655074021575558,28.125890077356054,29.380473844489995,28.662338436278695,30.710200588028755,28.33216414251194,29.36006846979645,29.124881251886034,31.581387037915228
MX1,25.598644551170377,24.13529886710685,25.605737313330163,28.535247151866784,25.968911439419212,26.188164722890797,26.480496665457,25.378871085135778,26.052759643934543,26.9114387232166,24.826169741740113,26.147108755373225,25.122426265349823,25.337217858909874,26.073214749044705,25.026603885558973,25.7439243202691,24.880376178473785
MYADM,24.968114422161527,24.03528426784856,26.743826686782107,23.63712773098707,26.083119359421623,22.49559273328371,24.82092772076189,23.745467260646056,26.55628862869183,24.933006437664478,27.07236430818307,25.593719557654396,25.857499704810394,25.836314642006485,26.08782488895028,24.41256342861348,26.492709744041345,23.13702792837336
MYBBP1A,20.29067486247294,24.1037589948894,19.480126419073677,23.26620800828035,18.323989394913692,23.092706821063366,22.5956249971899,22.657886750479353,15.50958034753827,22.653296352686304,19.50305915937375,23.845400563143496,16.81892556778909,23.035052715866428,18.203153777918544,22.67921371733703,18.39624929159317,23.82656767026646
MYDGF,25.381199432703877,25.767813324276258,24.355358444662325,27.03805697960664,25.417957345597284,25.982533266462557,26.567365245481263,26.413896514966396,23.672433495336854,24.986760201194954,24.070819175405255,25.121295260721112,24.38363688281205,26.218075662271165,23.986964308865353,25.27254497304798,25.10679779827768,26.649230958821725
MYG1,22.231312698506002,23.308613737749752,21.814121826219743,21.506151254636503,21.4961945389464,20.336070562025196,23.769638875451257,22.766526451097377,20.57102666713548,22.283710179428123,21.827855980719033,22.550727262508307,22.087931095474627,23.156600906734518,21.731440804961416,23.016668803761164,21.75533001797149,22.409102046676697
MYH10,27.726074414060086,25.808985491741637,32.195802888490924,26.695483465517764,31.933646398609575,27.48958526066294,29.012867883877757,27.458065864284325,31.513368404458102,28.291498643154736,31.71061139204624,29.621885727175396,31.479861499205363,27.393833372653322,30.951656244885605,25.45952113830119,31.60550196193329,26.21478099780894
MYH11,31.967415722459393,31.212104454633288,35.668569441533336,30.403150218267182,35.27665392631324,31.052578189356996,33.16267700789093,32.017596172520086,35.55546724936799,32.64641596587719,35.50474948363155,33.46833672759099,34.967879171344244,31.42718675459961,34.916603935507666,29.958668928313614,35.1884481731084,29.69808003121518
MYH14,29.049733398880015,28.864983144909804,28.360558969852296,30.705802362933806,28.68528632770986,29.90749010968324,28.841646795767605,28.891057947297654,26.692148269208946,28.320171891586575,27.66644180846125,28.49297650397994,27.53653494062011,29.44143263108582,26.966342665897944,29.204081379728716,28.851986761748066,30.02254275488491
MYH7B,20.756949847385602,20.504955231315893,28.025640897618896,25.512660705424924,27.50861223647159,26.16382916055507,25.825896200138803,22.302400814346445,27.561842788572218,24.963201430540103,27.75015496906482,26.036447634598428,26.7111843419187,19.266307285659884,26.97243173114619,25.274863566332165,27.890690332080748,26.860678291202674
MYH9,31.967347971541,32.24385514582889,32.93951545786192,33.00012292217015,32.69954028601562,32.98711270015947,32.66830874297474,32.365074014703865,32.30554024489102,32.14134942534618,31.99584529091393,33.030600684376225,31.983282578335725,32.99137221704494,32.01041700778109,31.90817921977828,32.75416275551748,33.09043928325615
MYL1,27.526119603710907,27.888207661206216,30.74251581468216,28.413166508599755,30.074435819294866,27.705672467739927,28.43823762113329,28.02439070874615,30.126920433554638,28.262485282589434,29.29255348602565,29.600119372585375,29.989356365592975,28.58458764890617,30.23435118062018,27.24668200802197,30.321379786728247,28.41870205739019
MYL12B,29.756694813795253,29.50424824529154,32.344875516402574,30.548222093360998,31.50792873774899,30.222876282144792,30.486478741847996,29.81863086646139,32.33251824492761,30.014247742291804,32.23470693412138,31.065817210353494,31.95406502667695,30.33499723627137,32.02570564131671,29.657241932006613,31.516359423981804,30.27735844183271
MYL6,29.81510980157502,29.657701305944148,32.446551898435146,30.373675543186064,31.251000159535362,29.824827059337686,30.467653944858473,30.08758235637051,32.13926747970526,29.961498936763714,31.835215466350036,30.956692911617846,31.920140317989972,30.260034121374378,31.87200292893162,29.451898618051167,32.19481153635374,30.248979792110468
MYL6B,29.033115487378975,28.580787012123757,31.5502321566989,30.142764943412175,31.35659103880886,29.87372013080558,29.82862455785165,29.663755039272456,31.24428443744539,29.42937202737095,31.60168793306822,30.411498321442316,30.83009637647224,29.82824366369282,30.973373359102194,29.329718576216305,31.685609158350317,29.833158867162155
MYL9,27.198501471216932,25.698598076256793,30.78009010471909,25.61768553463812,30.787877617047506,27.267825575507675,28.139592777080306,27.696988305346636,31.490303308106448,27.150279464320338,31.397852859492392,29.162395257776286,30.829782889310824,26.32508100273377,31.11151912170612,25.07327062210863,30.808421971167558,26.023183345159747
MYLK,27.35711745591929,26.756344843043642,31.57927496220288,26.69529304621066,31.20439428349004,27.77918728436544,28.577733292763853,27.92011044887826,31.149020490149454,28.218695730721073,31.043364490882336,29.12728289233681,30.157278845671538,27.67200998741053,30.78737326685755,26.754502499843905,31.292932873206375,26.83194409141887
MYO18A,24.63922595957622,24.826113107487515,25.69479358905645,23.237357688836717,23.98648183054575,24.71572402447524,24.694274761722642,24.916772553052727,24.623882716105197,23.882288362572787,24.0701393714876,24.003354138638045,23.848131065114778,25.24488705976654,24.601929110060986,24.45738906014332,24.901283659390522,25.031297008685414
MYO1A,25.602107831762982,24.51415379187245,24.688539078356055,25.42462901107215,24.54878241086039,23.934454427704786,25.307521581452786,25.8208303012134,24.576902349913492,22.787585143147908,25.158459195128138,23.39597700655556,25.360049513130303,26.134423767256518,24.79764451168197,24.724513007138803,24.22132617775459,24.688150038906894
MYO1B,25.239282012346955,26.28574461878406,25.371171761382833,27.02363120602276,23.97772757490165,26.473961898134387,25.703269065524655,25.33964957124488,23.07002423289275,25.51719246609924,22.988259262698357,25.931382295396457,24.619483834922857,26.210903428972713,24.53388235209838,26.035700479591885,25.079981556240238,26.359717933084944
MYO1C,29.041516231544065,29.018808072059986,29.15478618683884,29.33555423899781,29.28984645976744,29.235888178125524,29.977611536570144,29.28549651750575,28.85304802000112,28.49146480718623,29.220469628359087,28.540468559082548,28.6530487804903,29.44938472308712,28.97794313939157,28.748823096323786,29.014601706071357,29.037569244495774
MYO1D,26.72220935980727,25.4317731736714,25.609130929661866,25.339403102967584,26.465430679538237,26.753723310845935,27.155298019891347,26.46751369304907,24.273572904862753,23.382307275757597,25.576275133910993,25.353859221577785,25.071694946967916,26.617321640355286,24.55984873555221,25.51846014541744,25.300853551706208,27.191413730839635
MYO1E,21.636091945355872,22.67954590804367,21.562147475633218,23.16690514977074,19.253934743665983,22.762832770743184,22.667849902928012,22.47160260720928,19.294791393484815,21.662150543223312,20.698527429606855,22.15754342138807,18.219489675923533,22.956577759441032,17.809714425597605,22.114675120036786,19.91936565435331,22.361633844902883
MYO5A,24.575307576891774,24.596173750837995,21.78421357777977,24.070433680694634,22.678226361162753,23.946527395861022,25.430863636564222,24.19920050330898,22.974184099505162,24.437609691991263,23.847447056220712,24.804999677720144,23.78672478661011,24.901796337714455,23.694030296137413,24.364527937214618,22.066894563284208,25.06450966282471
MYO6,24.9588782502896,25.076517614445837,24.478971012518414,26.647394713799244,24.319721098695442,26.45246138247355,25.187245374095852,25.889274723266418,23.047483591313156,24.288330931201138,23.644173892199,25.167451556900826,23.947813161083886,25.670878204003742,23.678730927426937,25.495805681277776,24.318406778894747,26.796401245497346
MYO9B,21.421021118155835,21.499465162282927,25.52143666569152,26.53760953514451,24.479157769893607,25.805479970095632,21.957634567236383,20.007704002510234,20.513388591569505,26.721697784526192,19.52005959328355,18.888035642282563,19.88311389157334,21.980550237782687,19.1730871794103,22.079132606715447,25.33851292920899,25.97526994876009
MYOF,24.15228222500905,23.824538121674202,26.39774279713081,25.556799153100783,26.183207412476566,24.509247183887826,24.823157995629764,24.380942178422156,23.50045545222632,22.608016583430114,23.705704708832833,24.93505613591828,24.288595677625562,24.72020649851449,23.639731378390618,23.286957541458673,23.026886641665193,23.537507765376343
MZB1,28.09516494077052,27.724283522693845,24.987613221476906,27.508907354914015,27.42354297542367,26.39604254295126,27.970042197944323,28.256264208113283,25.6054016184051,26.516364551263468,25.63753949187995,25.500691477474827,24.784388614816447,27.70126373942534,25.66937199832267,28.241021849125055,25.531579245244533,24.687257948762287
NAA10,21.476747261965887,22.471146575711703,21.920415414563656,23.632263250531043,22.26860405268079,23.68206770841668,22.589371473548884,22.4858116418999,20.37333960607371,22.977406452412627,20.04974528062667,23.347802006663056,22.496545414907967,21.757835120804476,23.735183702547033,22.00127772548515,22.73465712657677,24.275467189054556
NAA15,25.65666107142381,26.280558508982253,25.352009378934486,26.653177494472153,25.078473444688385,26.094875319663927,20.00781385309944,24.964186411600007,23.689003625859943,24.970360146718345,23.602985433214254,25.771004380013636,23.964271685838952,26.721601781248374,24.24370968331045,24.09998274171407,24.836401315526732,27.41538062237503
NAA50,21.848142703543083,23.116595928378178,20.928411241819493,23.397720584981883,21.7315079255515,22.626869136333173,21.97773576440045,21.43483815416906,19.675947387991926,22.184092497778966,21.153369040478097,22.18280547573412,20.156679733115446,22.53539318588558,20.856819909751334,22.723490565491186,20.85136940681271,23.02673770475301
NAAA,22.26318685672221,18.246729248672942,19.854755314346455,22.183759309351608,20.76109371792319,20.155557106798188,22.23895433592146,20.234927039844802,18.763746009433167,19.900937447256545,19.702472706080282,20.637603661043986,21.050351046525115,21.261287845974984,20.643659657516046,20.445549247530895,20.31085805684212,19.8832795762347
NACA,27.72195707044744,28.845496931868368,26.76900625406751,28.390333835968967,27.37411067781834,28.43040292120554,28.134883364198128,27.911108768517117,26.270959946405245,27.343487681057045,26.84146140819078,27.829310142335263,25.974615531011807,28.122770329017783,26.28937949524944,27.956090050972588,26.639375332605727,29.098201344998696
NADSYN1,21.537788471657105,20.345535544224578,17.79357699278923,22.6507992943671,20.513625007261098,20.0136440482303,21.069868158802375,21.29258821051242,18.524668951208927,19.350287142035395,19.18874686947351,19.79847889808174,19.39115238223995,21.520265492099323,19.26277539988607,18.16004848600031,19.614420404025903,18.38810838429914
NAE1,25.704227755800183,25.01900077393223,23.609640233972073,26.161147753985745,24.745126200583734,28.304572978634628,25.679695876641805,27.3051790463164,22.913111321503255,25.04879963927429,22.35858544129195,24.494471645168723,20.170533998712102,27.55586925276956,22.945342158415855,23.714618425254162,23.615477408091134,25.655318139692568
NAGA,22.84088146711032,22.67202054783918,22.317587324108832,24.768469336640273,18.25199923203323,22.691376275290885,23.839088751081086,22.46206515930921,19.98521963476665,21.61986844474266,21.72893569846494,21.020674956867705,20.8807557251625,22.42071429350821,21.775259245542085,21.050675150717257,21.31083168720278,24.109055086119984
NAGK,25.367215548358942,24.739004181283683,25.67161739700525,25.547428657156416,25.929790419122813,25.31963288673471,25.792137616619645,25.242107703738313,25.71291415782828,24.19183410002192,25.495939684642153,25.449726924802135,25.261518445902528,25.810549740466215,24.118527776983505,25.580402370509898,25.0177477384768,24.653267290053158
NAGLU,25.581452607903827,26.558229152090906,24.885657069297636,25.392495666599682,24.59736495106614,26.306288864640308,26.062388401829782,26.486180950307602,25.164732238446117,20.149641574124587,26.318831160028456,25.55903868954361,27.699765581961174,26.37247929320612,26.857792860208953,25.27424940795955,24.647026680122185,24.50101150545979
NAMPT,27.649819423218073,29.453528398906084,26.027215253605252,29.534123073006576,26.924785118447687,29.577446864202628,28.21195376401456,28.55272427691808,26.219324329890064,28.73559426202086,25.807391585700987,28.337263817658165,26.141468895666907,28.72659500418806,26.275190255391646,28.75327634370233,27.16725248535605,30.73546993205452
NANS,27.923149808750725,27.58967746787374,27.87762539570343,28.660815808074126,27.949381944626182,28.350879356133127,28.35596564938173,28.356045956317388,25.062035898357724,27.337523413282042,26.80617322038604,27.541953834922914,27.230579410490353,29.176695453727657,25.688114903445726,27.175471368559133,27.26212928488737,28.53136951950378
NAP1L1,25.790092073781647,26.416740335295742,25.21710075858187,25.956637061734124,25.194276238962885,25.215949965108297,25.310682090801716,25.460006574146323,24.201980983185752,24.84316199320694,24.506080571339975,25.855770051785328,24.0983857036434,25.475566729742127,24.20072829796141,25.266991877210195,25.16412813713409,26.132000357400745
NAP1L4,25.939565948697815,26.20071500877717,26.084201733897086,27.203782843915704,26.082222693647044,26.205486598323827,26.670198778377713,26.160726808790066,25.118116567528162,25.314462908078415,24.673689116852845,26.183796462539966,25.221875938414673,26.646238325692007,25.11587658271188,25.901640932854793,25.68339311915981,27.567119204090318
NAPA,26.285200136840388,25.847680475233975,25.575245671716573,26.50266001126152,25.419450323662584,27.901096179240515,26.61716249638756,26.130748597827594,27.057638952680993,26.444504629817313,25.85625585500389,25.97399541426773,26.077706408699047,26.97835729094141,25.46078424334196,26.382069465125934,25.022517366999246,27.611359034389768
NARS1,26.09099037806891,25.9528188285831,26.228479734864994,26.66559864124887,26.491867276965397,27.119672436621464,27.257576806896285,26.66987637096295,25.40935690527948,26.549042101075713,25.33550410671913,26.345089180061873,25.139527910151333,26.694184510031757,25.103404186285776,25.487513720752716,26.049696872292426,27.37560698475225
NARS2,23.557141834774704,23.730938217803125,26.101010120143332,24.46656723320977,26.274801251077093,25.173192203830986,24.18265090873898,23.64313840287855,25.86862391379123,24.433703408898054,24.871940542461868,24.29237325476304,24.88549824156412,23.98883453367391,25.16715856485759,23.732863925544603,26.131839950180705,25.528985813269763
NASP,25.365614057802436,27.555950441469623,28.939313362801553,29.64489635763919,28.66834423448695,30.20611080783494,28.22482461939431,26.772578561783178,23.090393042699013,27.50121769190829,26.5563635046282,26.919020403746483,27.273422416835846,29.692998723953163,24.713419331974208,30.099088343582267,25.16367532749277,30.14908627655689
NAXE,23.701923276123207,23.1168814689514,24.421812827624837,24.658276137541534,24.458552118724267,24.527915741286513,24.569544944066994,23.81106613418916,23.441005743182398,22.803370308333605,23.145709268539466,23.76150759627297,23.1567687682208,24.147508977289537,23.44358867235692,23.934967410542512,23.844721534463293,25.506824799179615
NCBP1,23.54535220196684,24.512996675719624,21.871796472113875,24.20105708663456,22.330543180823323,23.584639682471234,24.57521131983184,24.150287761799373,23.184963843231515,23.50557057901162,24.207978654996197,25.28373781445441,23.166439595283112,24.855172455933022,23.656251356782317,23.03028988070066,22.1666793450513,25.270608495005266
NCBP2AS2,19.650249734786602,18.575597843331074,18.95172868318757,19.778825468573206,15.374571204257846,19.47218861484771,27.38064268024288,19.452034919049233,16.963696020774385,14.65784324288955,15.705281742676656,18.963549604975057,26.747456024369647,24.18326655786769,25.361031453008323,20.440682196069172,18.97722344127862,21.32654817527256
NCEH1,18.62156804557591,23.73142546162216,18.211776337377938,24.388122267285667,22.502293371960565,24.22677684145601,22.518965237441687,21.064624010460598,16.83610884551272,23.99484304196138,18.553787395321528,22.968999168647795,17.325906962840968,20.22428703566761,17.228592313956405,20.8806008115371,18.348294892591472,24.395045336666655
NCF1B,20.23104754409964,20.73757180244442,27.297073340461246,27.13305758023253,27.106283530688437,27.649312704871342,23.63822159218988,22.520023746096683,17.752177233659076,21.902268157817712,17.790168130181584,19.825445253557877,18.515857796233963,22.62084343216154,17.964265436777684,20.452617484025613,26.42718329323382,28.557009638731042
NCF2,21.766186172975022,22.235774138091042,17.349276373200418,21.301566163192852,17.420915105925314,21.104789864459356,23.797660069648938,23.00589018441508,19.054238214300188,22.756760239567797,17.550309149965514,21.072512617626113,16.25895503516652,22.302757521828703,20.48898043516022,22.263953761011635,21.21410872829707,21.33845299583133
NCKAP1,24.37808382165413,24.544535812766,24.741766465278918,26.151788045110262,24.811992210350738,25.542817927927448,24.948156167846694,24.77504615246997,24.0047554188476,23.531348792854804,24.193239953544758,25.230080043995635,24.255869217988973,25.73761024538304,23.96264901012668,23.90860210322861,24.806788048049153,26.19997126197196
NCL,28.837948500562316,30.477671752018722,27.152911610433055,29.905379300512493,27.94646540452855,29.807064474662617,29.567703885329177,29.04757655838561,26.50530574291494,29.00923887224501,26.55155283990547,29.412264027787952,26.962424164980945,29.115993502911802,26.973802976494103,29.467429409597216,27.341468350076628,30.960238799479814
NCLN,23.47897031388141,23.824815907139143,17.01872252482869,23.33754309992231,20.405634346514294,22.6424321444991,24.45536137995498,24.369750557904208,17.975467146923013,23.130384196755024,21.96722998458441,23.25794761087286,21.37653520528813,23.898241328697903,22.011154116317247,23.3492003161863,21.09806026088125,22.1341389105756
NDRG1,27.163426296038946,26.902155402044475,26.171244306004784,26.701005019305452,26.107944865881816,26.396611196565257,26.650547491774546,26.07534808989223,25.187163628178777,24.089680425627297,25.946635485268867,25.457700072934337,25.12439859281792,26.57451341061145,25.373976841359124,26.186070496971187,25.74788933753561,26.934993394725527
NDRG2,24.84351555837411,22.41541705929874,25.480779593231144,25.11383910327065,25.466454887958463,25.359739684550398,25.47099768313426,24.48366810905594,23.903788606782573,22.475163110882935,24.496385886789064,23.27119481716676,24.14731140347703,24.211595662198192,24.177495550399456,23.211382715831235,23.915184988184656,25.19087040721255
NDUFA10,24.574468014929824,25.033567099391345,24.787394155464376,25.407631680524297,24.782852865913828,24.169661408873782,24.638320679078753,24.339422311168246,23.622746119506832,23.401764622955227,23.74493085493133,23.796144747884707,24.34564971783306,25.01475875145349,24.194141425091246,22.923880271558495,24.39319369068134,24.080643084379147
NDUFA11,25.237424799687982,24.85860043003961,25.853373950177645,26.501888198716976,24.93172778738293,24.55833155381908,25.879322423628174,25.168904957135645,25.20667853333678,24.093607206683217,25.70639285659407,25.593930009172833,25.261727164176516,25.806621120279665,25.18872557655806,24.037787686146455,25.130268400673597,25.285654355040084
NDUFA13,26.709962540256786,26.755995988984857,25.55149267812823,26.38308389400666,25.73388463566067,26.218209634935377,25.55011822990736,26.231992297065034,24.489496150039116,25.1297768891673,25.93996575779387,25.671152302753278,24.760539655374714,26.266050071172046,26.02234737972095,26.30733784418541,25.214353962047383,26.485148720218337
NDUFA5,24.506581016640567,24.21110737009902,21.752987314113433,22.964268910622575,24.025728448438144,24.976527991403618,22.396794568491334,23.765754187967175,21.808039697954346,23.138285865167646,22.8378688512425,22.78407394001805,22.25041236847186,23.311359210707135,23.338067611501092,23.66159739745148,20.969588314712464,25.359477959889176
NDUFA9,26.391726704264784,25.999556466024686,25.284317833776726,25.665105889295866,25.144260428432705,24.955503610389087,25.553481198927024,26.21775063547073,25.430037125680265,24.740446282576084,26.029408509376687,25.321886201200577,25.586301323626078,26.482961933378967,24.957106685400152,25.124768805384186,25.16770503605438,25.928252948203124
NDUFAB1,24.824863610304856,24.939208980695728,24.19843890946966,25.736769049171315,25.07138967785947,25.83542320146913,25.2114997761434,25.161484813154214,22.83391539527177,24.029489827033927,23.513414334260318,24.047110761614555,23.060474361876928,24.246414320856967,24.12370081524608,23.166773544008848,23.372807855338795,26.17360795951127
NDUFAF4,22.55466023577737,18.950491283299428,22.804350191227943,24.524874237855208,22.960654395048234,23.608896809162395,22.86855831572795,19.02969084424421,22.9267641362646,18.037533321928013,22.89803896033006,19.636569322124515,21.45264995154886,20.375540367142577,22.52485942839372,21.17696832289479,22.5862795436211,23.729626943050036
NDUFB10,24.849586623796053,25.18475944667456,25.101072108374,26.059974156788158,24.939752461326517,25.658888710687243,25.576004083886122,24.946052666513108,24.0309245273743,23.917374559023415,23.530259360146232,23.188798203954526,24.249653481117605,25.497028788399664,23.8976616855235,23.365716978313884,23.697608082315273,24.525520866362537
NDUFB3,24.566365722274945,24.660655026429456,21.235089525695518,23.93641281348213,24.096673634680812,24.303913434004468,24.28887191648532,22.43860034138425,22.88102599830735,19.70219980440855,23.933530194909693,22.076700691139937,22.107021930653335,23.69461808380687,23.38803767049791,23.206865007478957,23.058287043745676,23.89044921479897
NDUFB4,25.495201026896456,25.3857447721346,24.19303878622937,18.46872534674938,24.226662508150408,18.335406413657743,25.47227409633219,24.273357931464936,21.539728792518666,23.71833760979591,24.18886263587633,23.507383101134636,23.7194154219419,24.44134322660142,24.485115490294596,23.78888662772389,23.542083210520357,23.135199968608823
NDUFB5,24.395148924447373,24.746651657877713,23.502857889559625,24.921290228684217,23.24031498216561,24.352495407271373,24.60177006663845,24.655798358165182,23.348916884076402,22.47384584757428,23.764640252070453,24.119046381484864,23.288165965055462,24.889732208920083,22.942892576866605,23.028978126316076,23.11244525287249,24.071990273536223
NDUFB6,22.564953032317984,22.16528264621073,20.51149231281879,22.05642048386694,21.391734349896964,21.391872234587,22.80644122349511,22.23046264531341,21.244634822941144,21.335161032750968,22.177458506975178,21.41806566312085,21.419806305467848,22.546689374177294,21.718587249791987,21.953247924110617,20.75159956791893,21.207866008356252
NDUFB8,24.39510328206173,24.35745821208967,24.13163946214628,23.58396076179211,22.52662106815059,20.461624371149064,24.4963793886761,23.986866642344765,23.164170609827487,22.004545932103518,22.894487803877013,17.638466657368586,16.963466084873602,19.242481662643197,23.20329821279054,21.708100434315796,21.748092087526647,24.09702059419674
NDUFS1,26.528551961206375,26.446443645909046,26.57439569831546,26.14926649923441,26.979019467516576,26.178098449387907,27.57804690382704,26.291870235024994,26.005423195789845,24.798942473684843,26.2459232831429,24.681805097304157,26.20612791758898,26.6679665362891,26.19169875731234,25.62142656418369,26.282532869695817,26.595219700219424
NDUFS2,23.65500375612821,23.868307623538268,24.85719635142757,25.451384631306226,18.691041873816676,24.726248624128914,23.828183570046388,23.04602692773043,23.107082252141996,21.780210601821135,23.537803777067268,23.23269411330208,23.1847886768229,24.855688859221335,19.522253271711353,22.90364154573646,23.76466746845861,25.444495630047417
NDUFS3,26.861028574865564,25.30589931145322,24.971006550270847,25.887129461804314,25.60138632100195,25.434521470279424,26.38338461635626,25.928822263326104,25.19895660498153,23.420999983294934,23.861815032911007,23.98238410872847,24.223971096209105,24.72756208446801,24.91100536810549,24.494060433655754,25.97420194631888,26.492527443332595
NDUFS4,26.110171970206814,25.960396327902856,25.240770324607624,25.012543326336356,25.66489301570969,24.930011252879584,26.124367133198135,25.545639222064445,24.77693732156965,24.383799754607153,24.005799954939867,22.70729971302822,24.979458343967337,26.082115190042796,23.911653724073506,24.92613546725253,25.061091277355136,25.417667727298046
NDUFS7,24.88132813572321,24.743759704850845,24.00206398794433,25.008366910414473,24.824789635270704,24.837365845404058,25.27259699134618,24.320326344537982,22.808503321706045,23.37074844049506,23.404561729921635,23.71805116387452,23.88736776202846,24.720931630097283,24.170459429945847,24.11706254345556,22.6165170803854,24.43945572655091
NDUFS8,22.576942733203015,22.239565093741493,22.124751386107423,22.803792319249077,21.499003956033448,20.663022566436425,23.42171562773859,22.983942256193586,22.32282362928783,21.554020847226244,21.783555107363213,21.493272493678447,22.12450718374241,23.086814957927867,21.220167571730997,20.964328147571145,22.040673761444186,21.130047154663977
NDUFV1,25.404484581816426,25.453299470415956,24.772202669252426,25.009175623105754,24.390433049128728,24.154366579298838,25.685957541299675,24.344696636504764,24.308904909554528,23.30723402684208,24.780026561058232,23.434285828628536,24.359664500101907,24.763015851504708,23.927164645021563,24.489088359919513,24.5245492976437,25.491092542327856
NDUFV2,25.921184933680795,25.81341846785022,25.567492170383442,25.76469098463582,25.58923362312773,25.955465092867858,25.30228413620248,25.496879377003747,24.88258059575992,23.755762477127135,25.34744611405788,24.655493081868652,24.56311211998442,26.007640874435932,24.619995220642952,24.898488628429504,25.1982400721102,26.132962944881022
NEBL,18.939837709817112,22.203140164090605,17.41939331569947,21.211346664261036,17.86080388799378,20.812502771830488,20.059119471027202,20.82930488847218,16.605449828132976,19.659135045861234,19.358339889327326,21.664273622870763,17.82221942877663,21.591531401775704,17.708528717386038,21.321739735957788,17.94277772911509,21.856933924961993
NEFL,27.626289348722477,27.332414357527664,30.73050447818522,27.227020897931244,30.286621328961996,27.81975158530714,28.958130971565968,28.20682249283425,31.60345426929022,27.456112356933804,30.620013694602125,29.34789557939203,30.940318683129686,28.14851546679253,30.100727386600642,27.878087887494857,30.984979114897705,26.65316321964479
NEFM,28.77924680008401,27.99774674411316,29.495125932742432,28.06900531934167,29.012944178361646,28.69338174870294,30.424457012874786,29.570800148121386,28.449178694084154,29.750519833991603,28.781643191674135,29.97730286209158,30.600501059786733,26.861538386686522,30.577240112175254,27.229959277116055,30.091783646717236,26.961608947666573
NELFCD,20.88156213276219,21.32357285163499,16.30623912226568,20.89815680772862,18.761827034898847,21.0099133123434,19.672446269794744,21.26057881837621,18.5615068980611,19.442681405298757,19.275769018649147,21.29629440560143,18.366243113936893,20.138288749305037,16.187199569190653,20.84652845026231,18.834747635368522,16.22246215894618
NEXN,24.51090702486386,24.507637814832066,23.349524281485962,24.304062355243765,24.591323164913025,24.649241835807125,23.255061685243458,24.273087887490785,24.358608331339898,22.304088077413333,24.106704465871285,21.66402972604997,23.03163606751317,22.058938972006974,23.127480362127024,18.72636382063184,24.841171067639817,25.938826066209838
NFKB1,26.00883495719432,26.51887644747958,27.06312741629887,28.294319381420994,26.646712429382376,26.9060362101969,26.693294557590225,25.544575429359515,25.01905734502108,25.32550272878548,24.632453741322465,24.61726999407083,24.894299064488365,25.555646425500147,26.007721526602804,25.085292169600887,25.590498983612694,27.269711113479286
NFU1,22.57820131307459,23.354550248649883,21.981133258139742,24.015701302488647,22.80689336888941,23.061781000592426,22.668127448200117,22.226943819790677,20.992070129154694,22.404190056217402,22.032922331252713,21.50637193194286,21.46752871796888,22.21214563869235,21.87846175387887,22.120248542774124,22.113230841854868,23.952508450357204
NHERF1,25.784487258935233,23.785369886126883,26.61784719337626,26.402904256238973,26.09695635176463,26.36798480080092,26.67013787767137,25.017463104494254,25.611491509947193,22.760711020679246,26.010546482552662,25.57679419216416,25.073615813432465,25.859751131985778,25.864470289916216,25.526947400604605,26.390220269425576,26.536107390827635
NHLRC2,22.139830050272277,21.708885055355804,22.30569661832784,23.09562055136481,22.224791092725248,22.47833179534793,23.229334393300665,22.759355312354998,22.67195384893464,22.038813518690972,21.955559509113893,22.165172898737065,21.765316078382703,22.551321554931807,21.882706663309207,21.716075772235023,22.606765156865674,22.853812520120712
NIBAN1,23.986395139070662,23.024696918831776,25.610053851854047,23.09771709405182,24.576534815240024,21.773939430275263,24.690506000567467,23.725728386617043,25.285286827438448,23.939241674681536,25.504886718553198,23.52989457548677,25.439045710816863,23.767257514644875,24.641614226377534,22.99759441470285,25.069096207019033,22.013750520140274
NIBAN2,26.649913369963002,26.43986789953018,26.14214507804191,27.08698353751352,25.87223668132746,27.01935165875407,26.58664978264582,26.682967271703237,24.61205334088339,25.288164851680435,25.352006043282383,26.24365281906118,25.461734141244836,27.14641410165916,25.227643652373956,26.172139209012375,25.67054039157287,26.79607588352223
NID1,26.904586724972013,26.123822382934424,29.656358847456517,27.42596841296843,29.12253359665358,27.335543754073413,27.091969578372737,27.146394296689593,29.264153534883004,26.861119795886836,28.20393706752902,27.21024104565058,28.017913344594426,27.014407763605742,27.857708945867056,25.817449994223466,29.292388283883337,28.065443012937592
NID2,24.593187543834453,25.062108490238877,26.41572141784524,25.09335708571928,26.254222721384657,25.17544725654329,25.208428839418463,24.60287624147114,26.09702401316967,24.561972867263076,25.707512869423738,26.309204078375483,25.222280338691803,25.4650603526975,25.27927729897033,23.81498564199015,26.583129935898256,24.344673772863885
NIF3L1,22.187786969694887,22.494188219314715,21.854520487654764,23.30776888753547,22.270690887378347,22.38833854560286,21.953846252734404,22.74842114118238,21.158555464485875,21.409038704836235,22.383960729812365,21.978370072599745,21.850167698021142,23.234429570675644,21.084808356788734,21.1825113668703,21.54542337876391,22.919560012785503
NIN,25.82245103248574,24.05296140130201,24.980285298545375,26.16129025630382,25.541580398604,25.870931764803288,25.41440631988383,25.18210254818157,22.031680516708086,23.13749927733347,24.407909881846116,24.51657414661734,24.927611416727647,25.10055921743162,25.236444142640156,24.497880954692256,23.77405933867168,24.35585306695742
NIPSNAP1,24.790859871670975,25.629874429227105,24.535858117835893,26.038042494754766,24.714860372245585,24.956535321629424,24.90526085568423,24.838133708210215,24.602100845774682,24.137664396400865,23.245077526088508,24.41071760939095,23.923246684785926,25.313257195520293,23.29937329545649,24.37229312203256,24.689472534953445,27.094790547507454
NIPSNAP2,27.04029423623665,25.61623916336435,29.508522544837525,26.537447501646906,30.21830829225958,26.826106352644697,27.66084807850458,28.135896150455128,30.57449096804676,28.5843535590273,30.959136858341935,29.148912076987486,30.860690673782795,27.958798297640705,30.95955607966222,25.45916292088818,29.691872544593387,27.483805169852612
NIPSNAP3A,25.81226353496879,25.79508570498251,25.940622626300758,26.48796873345621,26.243046765695517,26.487463826721687,24.42522301768849,26.093282305857688,24.622652205521668,24.45465697683389,24.76349215418737,25.382376015764773,25.245996376267623,25.973983834106633,24.339750803328506,25.141682821424986,25.725575462845633,27.497426608843533
NIPSNAP3B,23.942996876338498,24.256849979832342,24.718862513034907,24.531925954702423,23.924116975281628,24.199550651304666,23.228814277923448,24.083338482306758,22.61788060239119,21.1736075098309,23.452028425792253,23.145644776752633,22.087963762516416,23.392611350858367,21.451374970337074,23.037675352494144,23.42237469292556,25.23733426712474
NIT2,26.613095913474755,25.17018043564164,22.81001060212649,24.667263151138027,22.35159547678896,23.460915558146578,27.48325400232981,25.685269968468813,25.90432977602708,24.716206308949857,26.186476401479176,25.88971988213912,25.52184747605493,26.170492446151126,26.268954051094585,24.00011415583343,23.42217898989763,25.162520551552284
NLGN4X,24.850492804306473,25.537575508491276,18.850894848467334,20.56293757256299,21.35093165024266,21.085308828556293,25.920319939277782,25.356517242766586,22.96938717563527,24.685496665978253,23.482137361506677,25.61331924288396,24.216394976024954,25.426887522046187,23.65920772973485,25.169684753438883,18.135750972129404,22.117410655551996
NME1,28.004669108547272,29.441051588947797,28.4020174820707,29.645939767396317,28.50293398796099,29.594873419305383,29.102657398857282,28.93264427028392,26.738773990001324,28.38953604972978,27.270085882197222,28.78187303499596,27.614303399449977,30.075377829783257,26.88512932168792,29.00234148920546,27.733166966717715,29.54078524042679
NME2,27.76779404350923,28.408769950828926,27.31425425209997,29.24747387708661,27.489574417445873,28.734449661105696,28.19845058974464,28.10571483068636,26.837087911002904,27.61735479567662,26.815365259105057,28.312806969283805,27.1702501927629,28.09633382407832,27.084791565017962,27.618638907057996,27.311150541466642,28.8356823783446
NME3,22.915208850138242,21.934858722537715,24.377018953081723,24.085474565786985,22.97346242238504,24.63065389408156,23.320751158196902,23.822529268743367,18.54260981302102,22.396471226470865,20.81454508687905,21.044757052433646,22.324244191486233,22.37732253633607,22.794035881441452,21.47940342554418,23.296410758548674,24.409808917706826
NMT1,21.48306287008767,24.063507962685215,22.379717446248016,24.210658318293316,23.466036412182653,24.52771609539315,24.193303037695383,21.780013809072614,22.653800206366956,22.74079031830219,22.572057504367365,23.233833606453025,22.474311586065134,23.275545117309672,22.635719477418302,23.891627915007128,22.304328237810658,23.89805474229534
NNT,26.651964445756192,26.89579739206642,26.831011468156426,27.550297809049656,26.75522608737586,27.195276849823717,27.198063150918564,26.509983836740723,25.664556410193292,25.5699573683001,26.081415571754295,26.33121323565828,26.34730265667336,27.651450230842183,26.090904436879196,25.941054819612493,25.657303043454693,28.557789034564312
NOC3L,23.660504998232245,23.088504620763217,22.550669545015932,24.28999607054462,22.42030631835054,24.885308269774914,23.91654975541804,22.88085990348134,22.5393656772349,22.618761175935735,22.596417622586134,23.078750201174365,22.371037644872693,24.005204124937226,22.385305874746635,23.243937199267336,22.63952405126962,24.29029673723264
NOLC1,23.640464946765235,25.596374499988976,20.667567457847824,25.579170676220507,21.07862109980478,24.410369770675974,23.553873901823863,24.36532110531305,21.894516292020114,24.763754102424837,21.740520423912077,23.62034755748953,22.511529944513555,25.571735992920413,21.075308876970354,24.505161149136267,22.07337020139572,25.945383976870325
NONO,26.698469221884384,28.20717030190484,27.14141360237685,28.151421956472337,26.39614571469165,28.494284880601004,28.630676394099666,27.56250249787196,25.598308890423258,27.12457007760869,26.099322868506253,28.134092640877252,25.744122338071882,28.42227754908998,26.047791500656356,27.989465017419317,26.579344133893347,28.95226369717401
NOP14,26.65554517816924,22.207958764542866,25.305194445199852,25.240178468495436,26.51954093443721,27.38963584910208,26.045009806610626,26.239541138575785,21.979859745094448,21.934322782418636,24.41562967609311,18.939147535600462,25.383092154131965,26.148371522848638,21.28282269429481,21.447165032437244,25.7551385698359,22.815023521899935
NOP16,21.83312820053748,23.09709513650424,26.116446215561183,24.065961558040883,25.884188656565634,23.032296002423987,22.932924272204094,22.9736679811145,26.41959108428672,22.05436047154895,25.974660915713315,21.73860718575285,25.54396559548495,22.15715176655913,24.828323732168606,21.50306955225523,26.810101200335236,24.295287801851558
NOP2,25.078712030918677,25.875520443149497,24.260049184723258,25.333942673137667,24.592453861616153,25.263824957220198,25.688844377384342,25.26713127130415,23.95147424685039,24.89148564039225,23.987312050961226,25.44850963710061,24.035522606568446,25.572186358816236,24.0810072371851,25.58044745625719,24.44585190447655,25.92805003027936
NOP56,25.54163711612375,27.502917650154693,25.587702926582278,27.24387389008719,24.819474659173572,26.985090988827725,26.931879505575257,26.546783827618963,22.8474463974767,25.748678461480257,24.204369171763055,26.198490469053244,24.81310192515101,26.17467263853356,24.739110372402465,25.833296934670784,25.3720649488262,27.384958549670966
NOP58,24.88703366633398,25.8409860503087,22.567724477245363,26.65286507868147,22.937243806761064,25.19061476907394,26.275974586665242,25.42485119698624,21.444932403300594,24.691730741315457,23.324036986304854,25.62974424814772,21.61507179967774,25.684833944947037,23.515388616857212,25.403034937469148,19.86035635135576,27.35491497588495
NPC2,24.304901587589953,25.886030985964453,24.892167830458437,26.54441599356255,24.900919601328113,26.56888507128787,26.266381985007992,20.081968299603922,22.062946358242993,18.69644340643716,23.381695414249638,24.94401104387726,17.77373733033253,25.635321878755892,17.782601257968295,25.287556334086506,24.558400313393026,26.18019557498273
NPEPPS,26.59492333968287,26.63947746237311,26.391952748709016,26.764776289746187,27.07014322043002,26.880631702243925,27.075573840415007,26.511148532827526,25.78050312432816,25.680439502846294,26.6184846826233,26.575013054572402,25.806097117598956,26.944359576896215,26.230077577539113,26.297705572857634,26.769636984908033,27.46110618546924
NPEPPSL1,25.425793650665444,25.416201763837773,25.631684232890077,25.362405473232783,26.1318357939904,26.112822320952024,25.604951182229037,25.024107454382644,24.688616186292194,24.62857786719884,25.03826314613583,25.10120532934099,25.890917752076177,25.75434788449532,25.64414729769183,25.185363757413747,25.651868741978642,26.099542946293383
NPLOC4,21.702535953770145,22.50877584932232,21.17808536425813,23.58961551995835,21.247725476388077,22.7166306823469,22.810850179807694,21.965496621323997,20.761976377276255,22.272625625115843,21.034413247814122,22.267247339066365,21.21190486841426,22.209571100927402,20.97821310675726,21.767663971621435,22.06815464284411,23.01834769542117
NPM1,28.859654347595708,31.056112501675354,28.34861719886452,29.94348031346805,27.59628902326328,29.05701301169641,29.059444145099306,29.57409498939725,26.551041222078226,29.18131241588184,25.359753659521232,28.81548022849132,27.238880442445375,29.537063732385626,27.979482985862184,29.905738293996645,27.746413477000452,31.517541432224185
NQO1,20.349655526619216,19.388597482397522,17.650905355931982,25.54100844606869,23.112648408740025,24.007446482001917,21.67053715148142,22.446281701735955,18.80649271123773,25.07676456992379,16.31791871324858,21.831871810388037,22.44513399763621,23.245533979929206,17.91399389690357,20.578203284224355,21.614442935631395,23.944861414974117
NRAS,24.029460970396144,23.791110413754645,24.034704977888623,24.518672406190404,24.137636731457544,24.596859725828207,24.484940612458697,24.028909659443656,23.14542275198637,23.188647038382857,23.63829383201516,23.621664116910775,23.709808227938954,23.984813458018667,23.489172952600356,23.721988460789074,24.010856094071087,24.41100112766833
NRBP1,20.769133318755614,22.10973236674075,21.094598681868312,21.331118926509664,21.547922763983482,21.567791594312602,22.10669468736755,21.735061086237952,20.664150571281144,17.311146660223805,21.23627312146948,20.9358273520025,19.934377645240396,21.6589477447336,20.093952718810343,18.367566562082878,22.095775120035107,22.732610178086702
NSF,24.50146961268711,24.66668483200107,24.376233252545095,25.290532347618246,24.985237936029908,25.726611651002035,25.571501918957487,25.515009936368145,23.42656244491467,24.907969590385456,24.33558085041931,25.07153724980015,24.116640487322645,25.108890821762746,23.46052568176662,25.144368234982892,24.275318144741917,26.162317032574567
NSFL1C,23.823865320876813,25.66563837523971,24.509773830501075,26.608246242608157,24.357723104399263,24.995703949832947,24.02493093175084,25.547330617864322,22.555515252804664,25.118049244264892,24.57110777692517,25.48354689313704,23.456861929707763,25.595048434421166,23.294715384347384,25.62348027662745,24.392719164781855,24.454700488222283
NT5E,20.976354142262025,25.786288823971535,19.948362055724285,21.801851474056303,19.964490314112545,21.483175205439753,18.974830034943018,25.29169301589121,23.920469704461727,24.63955980767473,20.43024815254378,25.325892888759423,20.24175363054672,19.28041746914768,16.89348183140015,22.969513042009577,23.26771594060334,23.72303010993224
NUCB1,26.056428543823486,26.274296400458024,25.895918075485895,27.630942991137985,25.485233273089477,27.359521575973925,25.968190054464625,26.633051177369794,24.03853905294231,25.768287641551844,24.960295425287747,25.509405645953464,24.648065828362952,27.276411616550895,25.13031272158242,26.331534679953283,25.221706989135132,26.257097128343222
NUCB2,25.286016909748614,24.784582913851757,25.85206297562614,27.219866723858498,25.510161604576275,26.040201148084734,25.94910009286975,24.96978379354442,23.11453341331909,24.784197515981397,23.664203036691116,24.417217143533037,24.34347780426417,25.837983252186625,24.21937605549962,24.839235975692418,24.86453312552751,26.014314880461708
NUDC,25.797941059391032,27.03620838974528,24.889347332744023,26.823563746870864,25.362541196358443,26.69442381991497,26.795082843263142,26.46076160884844,24.4624491600067,26.74183455947363,24.72869091629685,26.506434567454093,24.15884568466095,27.098755907723817,25.122179662078103,26.725243946868314,24.570710312436066,28.040697204005834
NUDT5,24.81438859233166,24.95653291919003,21.61670158583694,25.445675993511628,22.233555111614923,25.063225506452408,25.036437027922197,25.340311002780137,20.630998483152723,24.467189219664043,22.426189494205804,25.033760551582837,21.92311870477148,25.982385419958415,22.81598791783617,24.684775997846323,17.497429981501135,26.238444480506168
NUMA1,26.26491278200401,26.093764286783863,25.82593559669048,26.576738065826277,26.206004838387667,27.438472770595162,26.59707347755297,26.338750601209753,25.230527471021936,25.66205543410935,25.21538708792225,26.049744030033423,24.93786989255169,26.901556998774595,25.421875483272853,26.401645047539784,25.921811493579913,27.722879055321805
NUP155,22.066942386828977,23.488746662716906,21.677709014956104,24.051952566851984,22.878612646646985,22.82640431870434,23.578701064054023,22.354426428709903,20.873541836990047,20.73484780998446,20.55058342908937,22.64440875059276,21.188313047524503,23.36352893577615,20.179220505075236,21.747805713547503,21.869287544171403,24.622213631108092
NUP214,23.257220226710384,24.711096071314707,22.713919902241173,23.81500950689921,23.633859607893566,23.239666348673083,30.348885386507586,23.309403970545713,22.68566959190482,22.650802749470675,22.392917452425124,22.850003494984424,22.48591218963695,24.719479005401414,22.644736178269127,23.866899557552568,22.538867975485473,23.919747348645632
NUP54,17.040255558128365,20.162430052362367,20.840139123752248,23.057393945549393,17.883717766543505,22.974746174926768,19.072345939334188,19.59521954283559,19.246036091693483,21.46982548906264,17.901164846273993,19.17503927113909,17.530915728463256,21.07848016326264,15.878061382589493,21.98162717216279,20.052907642960456,24.19215872850435
NUP93,25.371880324189018,25.564551826794723,25.624004081207534,27.3962972696129,25.18580742723753,27.31041543922171,24.29601926321021,26.26616432959359,21.424662829637505,25.817332872286705,21.291374582267302,23.28773424584087,21.547100073852718,26.4488883123763,21.66460455109745,26.156697799317495,25.01819040600124,26.951917471032544
NUTF2,22.83470453733797,23.714360010995467,22.12637361123603,24.556557398379205,21.622874279483394,22.533411357615662,22.833178129779025,21.72600405704951,22.94983554955201,22.082088383949912,23.611864812960988,22.244946811865038,22.501914844663318,23.63305979627257,22.210980221123265,22.86581083282795,21.92662717361653,22.568528166096076
OARD1,22.18234858078498,22.796046577654863,20.531239052554305,20.090000402266533,21.69954527989266,21.736563343058574,21.992476076813485,25.260675280729135,18.02497464805497,21.849274417770882,19.474761565771406,21.775465354359913,21.590329386133952,19.564603268038876,21.29273580410879,20.889066236185613,20.036188385789668,21.882276346362435
OAT,22.44871394871241,23.60546807228116,20.596804994189373,23.705810962393134,19.93726310241044,23.151167740903954,22.63195599781916,22.659065451621323,20.93494609558501,22.108482496283386,21.4770065558688,21.578188292090967,21.341750558417058,22.990561763825685,21.334717977387598,21.836823809649808,22.034302513454485,25.346600445830916
OCIAD1,22.508463790327212,22.54333233607305,21.120958127760375,23.02396961398069,21.874686637389615,22.08004028263948,23.03218394388602,22.59295126475176,20.498831568495884,20.87389825746923,21.709775091071105,22.949145958847062,21.67406170962679,21.712890880331727,20.824461625564137,21.892592283676922,21.506339625757658,22.309865562429337
OCIAD2,23.070489510112775,23.630662313969015,17.54570084391535,24.444369787368988,15.35013891798972,21.061851066102463,20.25448088217359,22.904581347604406,16.29319302685316,21.80039686701677,19.926376784517213,22.474790652202245,18.68006695297986,22.259734826397665,15.240006216471993,22.58856638228349,19.149622956826313,20.093294021784047
OGDH,26.802500988264423,26.327497099020842,27.196317989270213,28.320580252484067,26.99449385007956,27.483573972991522,26.96901791732564,26.937665152918935,26.290068250914434,25.549099039285846,26.706125171149942,26.158596270541562,26.50261624803801,27.198872470555926,26.28816508320566,25.787068639938003,26.68311674305678,27.822209414399943
OGN,30.15769541888948,27.338031983549783,31.858099821656154,27.509859427797146,31.64927767365363,28.392198009477802,30.75746778495986,29.303764072142176,32.19716169255561,27.968578932692925,31.90506648694476,29.398349917284715,31.11240719952746,29.760808570595017,31.513376413512255,27.415043008034615,31.470770158317727,27.587086268807294
OLA1,24.820572078594,25.943166047475742,25.267537708735514,26.451871318757522,24.865115886571356,26.31449950519428,24.95883871687365,24.931173797338893,24.477912216886708,25.443745452246485,25.01973604822357,24.632524745690834,23.657453057509706,26.016921591008433,24.613439881739502,25.459149897762426,24.392991425809825,26.375555732524436
OLFM4,26.75731357781941,25.70650165278906,24.233768401635377,26.785750688388276,25.85593991285797,29.800340075969267,26.75866295725629,28.690287840245354,23.4867243479217,25.12418571070983,21.64792905232965,24.34932747549173,22.619319222529324,29.00934716697421,23.136739754922463,23.636610755470894,24.925675392484575,24.799360430289155
OPA1,24.517150653589024,25.273075913568004,24.031515372001024,26.078246231659083,24.87746908550404,26.065771055850988,24.974420116087625,24.91159895707573,23.38583940022148,24.061439198357647,23.99285081678045,24.437762094545924,23.64300356925814,24.447908995268005,23.40621161531248,24.221773160753862,23.7284800017086,26.008648817181303
ORM1,29.982811048595106,27.97208274285976,29.907890270460065,29.111528229179818,30.316698049185053,29.349685112376687,29.64588268439404,28.013799958304453,29.285940545639463,29.069955417977535,28.729904861966595,28.33078824438021,29.224845548386078,28.062725893620325,30.238685788384675,27.982361515826597,30.866830675859696,28.85682603395722
ORM2,27.590302820532063,25.384514920095157,26.189357971638113,25.388461292603097,27.492062894736527,26.517161146259376,27.06810816298807,26.114734780966913,25.34516322522899,25.98148000144838,25.685396621175308,24.561651773348007,26.640544064837236,25.816129765245194,27.07092678884322,24.376498023784656,28.14604068203287,25.81796754200845
OSBP,23.841477674202366,23.67759452574491,20.08921563903389,23.327205286831983,21.95388143024826,23.543037871118287,23.612062007110662,24.122896987326367,20.852719634130885,23.21100461398208,18.466523578701374,22.457716767653146,19.532043646497932,22.908944372555634,21.477356377297813,23.07597976414883,19.88555632038658,23.736306894654756
OSTC,25.230859981617733,24.978995899984984,23.73188747742514,25.50773725876346,24.14724195881446,25.036013719436514,23.969600411022764,25.19709951982016,22.203234886151503,23.93568874435986,23.790691815753256,24.876086427682555,23.48123430585185,25.735424039168787,23.404402534279125,25.018912612194846,24.438038114658593,25.8220655988481
OSTF1,23.134751449956607,23.387348923280275,22.4200305038581,24.065068528526282,17.558568781728514,23.004921451102106,24.25349845470732,23.286750100822108,14.74814528221051,23.66383459043654,17.617184290453174,22.68283269009326,18.94137609366003,24.208378349378417,15.621955837715578,23.447120701576075,21.919418917626373,23.21055693108724
OTUB1,25.15869970087064,25.41447330728238,23.065695428042766,25.095474575077915,23.91812441034859,22.821388374430096,25.88534311092467,25.78018149351908,24.605411825447263,25.653514849419253,25.301731610553553,24.08179613090303,24.306208017087144,25.88050025139669,24.718202934260788,24.861383368118258,23.118456341042467,26.03068042054153
OVCA2,19.61941698069018,21.748878177598904,20.805903726101146,21.710458574130893,21.590448163830512,21.26245667088906,21.391380009967747,20.709231740010008,20.228223974319086,19.34351913973507,21.0451229495364,20.7754365408185,20.849926318742167,21.69597736133244,19.968637422127628,21.41419500788714,20.77789035233874,19.795733012303447
OXSR1,23.44699045734518,22.88479502759372,23.202919769032814,24.09823505386495,23.746660883091046,23.2692567764699,23.05893039400664,23.825844626495478,22.529592314618483,23.269845414135276,22.730700244993184,23.176819584457025,20.75884241202224,23.997907651588346,22.87419643359216,22.296606499248302,23.697589968685765,25.42777477791133
P4HB,29.88668182887212,30.40664414458433,29.65746780155905,31.578134664093792,29.902577185113227,31.071549438097133,30.563067350341882,30.505815701572427,28.19990762179188,30.007015389260165,28.5409357766752,29.7436840508804,28.255327344444524,30.84424210728811,27.981748469289798,30.283594334516888,29.31158441379378,31.45890017435517
PA2G4,27.25121053430573,27.99341599374348,26.770434892509428,28.607851171841954,26.941734637816985,28.55133874339154,28.046170608488072,27.32094789908966,25.95944373513165,27.718121730260457,26.452200007737318,27.67909680281387,26.081351080264668,28.075354572106395,26.744244103744478,27.61619419339312,26.275888308895727,29.192982599841503
PABPC1,27.426110898751297,28.46980560508476,26.941991926470852,28.92157825518811,26.987424267448716,28.854494604371858,27.452839023089684,27.90103777985016,26.256514677035764,27.82887996561624,26.059402992111405,28.38060932404814,25.764990253633357,28.28138076733927,26.27973032682441,28.209621139017937,27.383532289294855,29.14033812304627
PABPC4,25.734141824076175,26.679630338558088,24.459860148240704,26.808413332219413,24.9864178662348,26.556271959597964,26.224549911225342,25.959311864347463,23.540030153946052,25.426688232921975,23.293043068249723,25.87225009533957,23.852719595690996,26.44994572804855,24.468952947308285,26.093008087053416,24.91118524111386,26.72086631924984
PABPN1,24.107610263227922,24.170449126163025,22.519781668152387,24.894709404308998,22.639335533565472,24.44650056258584,24.003427191058808,23.950753168928753,20.691041192081926,23.157328895457344,22.27562806952782,23.12507665087867,22.10656483885373,24.28376120024543,21.69189172423067,23.94368622819682,22.823588025207727,24.81849513546924
PACS1,20.089953557173697,20.37467769740626,20.55883485361039,19.5126743873471,20.36549550530636,21.090341874231452,19.55866553538002,19.89657015071426,17.73669430876166,20.156320959695012,20.309352680609763,20.491523093754285,20.03569742236527,20.862342321224613,20.16360982366414,19.736843420874578,19.750010150498007,21.862825800400124
PACSIN2,24.671414150132957,23.870796752111666,24.310438740006585,24.80084830368274,24.52160219326563,24.58704468529656,24.31308667235428,23.180036105077956,23.721280812740687,23.66637415095338,23.760829511667865,21.892860915444338,23.235495666452753,24.466763831990825,23.43428119611707,24.57546790161774,24.02110088168061,24.693825367654306
PADI2,23.59587243068643,21.25351223001886,23.758334509520747,23.17513234284814,23.113983949665556,21.280625384478718,23.721612673284714,23.263100956583084,21.417915031568164,22.43280488038356,22.6677738035177,21.659818777524368,23.016088823056457,23.740267892804056,21.355178182712862,20.41205078006882,22.465520279281563,21.692328481309627
PAFAH1B1,24.866766939449725,23.19547595658958,24.807859863753684,25.821193788264058,24.539810786350404,24.238734087696287,26.238797558572358,24.209175164940216,19.152100072172463,24.154443564279436,25.027291653571538,25.547494020550904,24.845511231721982,23.82769470661889,24.568980656599784,25.307046014769696,22.9867423658183,24.88019623291253
PAFAH1B3,22.061659829396067,23.89848785267717,20.62868638749357,22.4448934671227,19.95030823353317,23.81760227903221,22.897512317887966,22.421563029283913,16.910576064211543,22.324452249908298,21.510406140033485,23.91603913754482,21.857109208534496,24.110290163251516,19.487098063137545,23.379618212876178,17.653506561058283,24.002821388719873
PAFAH2,17.5970381687815,18.02051361793976,17.693512878721968,20.225063545520186,20.37792508749941,19.155080596290485,20.504437134032635,20.411651221896634,18.103296329748627,19.339759349572887,19.449723104138112,17.241536208781284,19.204561618367357,20.668368715290214,18.915497802679834,16.76741460761844,20.37296589092085,19.667346806201746
PAICS,26.536116130376413,27.39701992563882,25.988479509873617,28.006987799504294,25.685639611048696,27.624049520420446,26.713832043749203,26.80609843312733,25.48893034635635,26.2807698458574,25.771452994899732,27.01335433245404,25.671240737908036,27.550094498751015,25.13259662251679,27.070528852626353,26.098847764552698,27.819205427015934
PAIP1,22.484118533038497,23.355063411812022,26.129184128084546,27.828469010785923,18.97598322038339,28.12915803577947,22.34318996851021,23.11848342395317,21.586655049790572,22.87543762859137,22.054277686373297,23.387018448519026,20.876937586404594,23.026995407528986,16.110769578314777,22.600526170348854,18.098876132769803,27.506301666818985
PAK2,21.026770552921228,23.734458304419004,21.067135050839674,22.367881319081143,21.41412319032593,21.363782760344765,23.731333495635695,23.564365475830886,21.248163882447997,23.057520062176888,22.304254520244957,23.382329273207752,19.256137944577336,23.82915837571759,21.73640313106019,23.376197396582594,21.049658227853175,24.03575669105622
PALLD,26.14074509031401,26.37807060805509,29.48570869549747,27.029260912416575,28.762418816174005,26.978583327816168,26.97964720792728,26.99079104145178,29.42293139007483,27.181788780197603,29.170255570322258,28.73739094948138,29.0220488174351,27.159201819005222,28.665688698811994,25.629691036048836,29.341807478602867,27.20146466743385
PALM2AKAP2,24.705731277843018,23.081953361366583,25.01605979934039,24.423558003310177,25.60883542443274,24.090648823543503,24.840855109306982,24.280896042007235,23.991060725704454,23.165987564200595,24.830619030162516,23.37466778237355,23.769866025065834,22.58884576887365,24.108498765755805,20.511552947938732,24.71443801758665,20.35716030817017
PANK4,20.997537196730818,21.666801826401663,21.193059957796493,19.826079894817678,25.830667515696426,24.05079447487147,21.947628541753495,21.396689254926272,21.67537052534735,20.22265206790467,16.610824464326605,19.616642510475298,21.24559902459923,21.728681433167598,21.030741844824554,20.66858643563684,21.231056080981,21.929418303218974
PAPSS2,26.715990321857074,25.62155735975828,26.180107135833985,28.203601269703423,27.627519414677593,27.187840137985788,26.648025612577108,26.58558459183823,24.060077523605894,25.529852997995167,25.17906410777082,25.2254596470505,23.95060926130468,27.119770010901064,24.517658933392806,24.14631142714996,26.64912622021009,28.54391791778185
PARK7,27.589572026737127,28.10575134129993,28.36384395961072,28.381784636808533,28.069393560065127,28.299110505178128,27.80900189500914,28.36692734820535,27.289287219219595,26.73279893895026,27.519216961857392,27.586721524793372,27.25409242867594,27.968675081734528,27.410569866885822,26.842860946294305,27.57332419212834,28.690807925006027
PARN,26.555459546381524,25.74930610071699,26.991097797218558,26.762417105542774,27.134130625046545,25.960824315701885,27.044878429624593,26.66227335759907,26.370315102656413,25.511282647074015,26.78955145626449,25.56748773181572,26.72427557682186,27.339564907708848,25.838592037854937,25.75058114470891,26.494593530380918,26.00460741814156
PARP1,27.108588662691535,27.750051294397846,26.79717406184607,27.347222599139815,26.458838292099713,27.504179054828743,28.222654798060468,27.409633856240895,25.371579245605698,26.99481162041667,26.23762791521609,27.2789588098657,25.871468842187923,27.344382219465928,26.141438411611077,27.768047376267614,26.67232874295243,28.09022167937499
PARP4,25.576281203797304,25.65682592349645,24.401890045617808,27.001478602699052,25.235796523998577,25.810585210781866,25.066237418242224,25.2595012040654,20.73113161426748,23.86700973300415,24.055177384674984,24.482029076971724,23.91968326094507,26.551638319445676,22.21215162983118,25.247543069862154,24.13519271882949,27.320617434600013
PARVA,25.161491347283754,24.299417254782522,26.523957024063503,25.269073684018807,27.660011475615068,26.11334772720283,26.12554796252381,25.16827065325579,27.181470491630943,24.92355623629249,26.976665766427296,26.259828549232424,27.701625194409832,25.376530625913606,26.964756618352148,24.051822623204732,27.31965196761572,25.488696133150874
PBLD,22.5573330836789,20.45463897003429,21.782567390491085,22.88882501518287,23.204002775675004,22.69518072546796,22.456040473263894,22.533085927304096,20.982747376352037,16.77334357165762,21.887414110093225,20.7951863497145,21.53018717278601,21.937915783832324,21.44409245665138,19.82374677349124,21.591515625381465,20.86309441464686
PCBP1,28.25660892669891,28.96702522281659,27.930718537955688,29.329180289153957,27.7611914505581,29.17725922831296,28.947868728475587,28.636908232053187,27.3114884137121,27.829638816381237,27.208030801719694,28.529684126551235,27.324107752494672,29.275585986531286,27.33945002265774,28.743902063543,27.70380734648899,29.700743559506247
PCBP2,25.77775145505543,27.175034573134756,24.78126931642851,26.068950945687774,23.555149405459993,25.891464534680946,24.780328208112635,26.954504262807564,24.615521893136112,25.598172662105785,25.575350007318416,25.667572396498752,24.565294885823693,27.374643234426237,24.678238363218576,26.591344912307967,24.466734041743315,27.05175612699925
PCBP3,26.105991624886766,27.362807263388902,25.969077776565126,27.569504179922316,26.458399836419073,27.821169540763417,26.937785993685083,26.689126540528132,25.161581255827112,26.132473031658627,25.397604512321063,26.170150946791644,25.167608348115984,26.58326406303585,25.143090000112544,27.45575617372411,25.787054968905732,27.899886343115185
PCCA,25.12899776835235,23.58589608158073,25.26668661739342,25.09687224024517,25.13077879330026,25.076219066690477,25.11600979303446,24.647830078141727,23.493260668316026,21.684639021668087,24.56695021974554,24.129102785717308,24.309939596928622,24.35822807864374,24.010541668790307,22.739917835578847,24.54976927265763,25.851869662226065
PCCB,24.933726685730814,23.879537344588044,25.91197065982092,25.08057433253825,25.615563372436835,25.43712853103348,25.017688927254838,24.681008020886196,23.31471569576376,22.523374707022178,24.06919179143853,23.65823200437898,23.85508250032556,25.18593787259625,23.214865050904343,23.29291846067429,24.624171866443888,26.130084886625475
PCK1,24.54175862005019,22.974387148559305,24.678025586562363,25.506102759383726,24.43448161049153,24.42135768721266,24.028684455424976,23.721915289655424,22.939520572091027,21.163116281688996,23.406152201104746,23.478493190489196,21.744540330333436,24.553054572243326,22.935288944664745,22.986031595493564,23.312099911705943,24.61752444935881
PCK2,27.579325320211705,26.497942960383714,26.656177098910934,29.116809397492943,27.05092022069303,28.265330769493136,26.94075057753701,27.204016891749525,24.394411097148982,25.634270068852306,25.923832259126474,27.031431262546576,26.175596688751114,27.57254658420606,25.722507257994437,26.373259725598295,26.593030247498177,27.812856451737574
PCNA,25.60482600096166,26.931243484203158,26.932578347116063,27.699693306676277,25.7255511131107,27.60277831490473,26.276982726640544,26.73289097684707,24.02209212531924,25.910134690231597,25.525337931267032,26.37554224155626,25.41683250718867,25.835731718971914,23.889341982898852,26.540178341351474,25.67422167870121,27.078703654942228
PCNP,25.247396366911072,23.835550644066316,26.125981281863513,23.26243439655199,26.92455555258242,23.184771712076262,26.09578641458329,24.728614618787176,26.58399291438504,24.595117874542634,26.05486902280516,24.838624206645967,25.84190435980237,23.141322411906852,26.727595790872517,24.262657465672945,26.36603102295397,26.053958931466884
PCOLCE,24.114777397104767,23.520563726929485,23.26752090598183,25.201023698455888,23.7629889460331,24.376168116231053,24.511120719326012,24.101819762082997,22.214311322879286,23.81920239457329,22.730301343543506,23.648908528996557,23.043503913437164,24.67988934765425,22.344933195536704,22.555317612763943,23.19357459135742,22.759470269924634
PCYOX1,25.89623903567077,25.103783091924313,26.556689437792105,26.41449778739985,26.332701551492296,26.282024684628833,26.6627184626411,25.69806213467074,25.629941749164878,24.564814318005418,25.625602140535694,24.830701400555686,25.40572964392929,26.241681558354852,25.25005316846187,24.978008609837225,25.158011318457277,26.015935068503325
PCYT1A,22.525407045281018,23.266113666391973,20.988393632161884,22.904661161609987,21.83324976628278,23.418850507948722,22.733872729066885,23.5054860191764,21.873019195396772,23.499599502951572,21.114613647360894,23.560243203985436,20.542539778053552,22.183559804901776,21.564491247341493,22.88757851875556,21.331278516745336,23.739731463158023
PDAP1,24.813847078861343,25.31001049528954,25.031842291351527,26.632014102457717,24.99046402102358,25.19053967161282,24.935350604854086,25.604906583586644,22.20212824480359,24.380544923258444,24.05744285729122,25.253547733276662,24.244182651560244,25.74293221826255,23.814409333726058,25.28307602332544,24.33670305615244,26.437197507150362
PDCD10,23.10666813012853,24.387797847448667,23.94884319865848,25.322661614246762,25.38065995784605,24.91506647513973,24.12067932496801,23.83379825172415,21.612967476260625,22.945501069668403,23.279069456054977,24.19276490307112,22.230249983617657,24.400807234435952,22.14240249887107,23.60213927285232,24.149236677260433,25.38240377927742
PDCD4,25.77752725994785,24.482677441477293,25.97784315892049,25.05284392197545,25.89088188975067,25.655110418707082,26.142360831753432,25.598505806769264,23.580749468322377,22.484302838373292,25.561435154316296,24.947170202918638,24.705236439433996,26.23134621114531,24.09822843598624,24.08653345215608,23.651930017354136,25.616778559923123
PDCD5,23.150512552292685,24.938130608459158,21.88092699654285,24.545000560664498,21.623285356983494,25.781357182610314,25.142469166155895,24.105421379283328,24.052381242776708,23.859754710232874,23.590148764959146,23.662056307038657,23.17978060529205,24.963730132248322,23.20835696799287,24.973581366184852,19.9414723383101,23.562281014490846
PDCD6,24.43119182759869,24.296855181246226,23.75480364120276,25.075096364445393,24.010723327998942,24.523441400626105,25.893982086599316,24.310444868199415,24.33838330075956,24.622453399260497,24.17480896952323,24.44429420588337,23.276265093457567,25.41942794521868,24.26186132692822,24.11187386674987,24.643662102401617,25.741869154103966
PDCD6IP,28.29082723764063,28.415875101317173,27.30249760991968,28.877749015176597,27.939149288636465,28.688055240669392,28.46330291923637,28.221909483173572,26.699601057871853,27.29935639596015,26.960347715981566,27.603946626043353,26.814143311795913,28.687531147507585,26.659738716923233,27.858730701459727,27.687914385895457,29.431882699054167
PDE12,19.905222390752044,22.509729284865276,19.912125595709394,22.397497254721205,21.29607714107305,21.381994151338024,22.1215231594168,21.8782460913247,20.286709747016225,20.086963446189767,19.022601360028474,21.473286160688794,18.896958620906336,22.299076576578468,19.647349797846726,20.83521661479383,20.914658015215007,21.470813996722374
PDHA1,25.852309288888634,26.24716056354897,26.897029682754134,27.912418789637304,26.938187697842803,27.17312386000974,26.64104492740844,26.750702492864537,25.6133425189248,25.80329704838294,26.063062282881283,26.02776400439312,26.125968715647346,27.331458445906954,25.146951025115,25.76648859774254,26.241788103715972,27.868638817504834
PDHB,24.445019629030014,24.42426199890535,23.322237833809353,25.54944270933022,23.392858842098242,25.423273561141055,25.125161079016085,24.944876746387227,22.75062821206013,23.394533211639573,24.286494845877026,24.128240771134454,23.65859694172236,25.14954548363703,23.382359116658566,23.72663354093766,23.54874492056679,26.031604624836337
PDHX,22.490639088018362,21.72706609846305,23.508503913218153,23.299989268330677,22.96283951863223,22.865365480027112,23.190889046837725,22.7897121455367,20.89399056146915,21.704700303958056,21.600834630727643,21.152653445028633,21.295436505716065,22.777971765088324,21.195783222445815,21.998233589719568,21.55226955823279,24.247204375313686
PDIA3,30.978019130209525,31.07559925515304,30.280344657962786,31.313233960114136,30.62985701935531,31.90449779618405,31.673954454272916,31.539761922560164,29.21847097705339,30.70382413297332,29.4671325579156,30.766752100068278,29.496524999536376,31.50841465506346,29.334805333452444,31.104606941563397,30.190393175815757,31.3002123409409
PDIA4,30.76506717171238,30.51274689691868,29.438472461449184,31.273763329156086,30.129193168128392,31.69094265713815,31.08129956536142,30.899479109223364,28.290625383078787,30.14400986566895,28.69165986486036,29.92997595981937,28.78954822988388,30.941189821535854,28.549623909838207,30.689162760846223,29.607300312044618,31.68997264917893
PDIA5,23.352778210238863,23.743834829606733,22.07798771852358,20.955104257343468,22.862347207080745,24.65452704112798,21.689402293685344,24.128144854770362,18.231082944505335,17.92443259295978,19.055735648768582,21.085002921488403,21.360603030588017,24.298123517132524,17.177667946629818,21.770678805240497,21.773294513652537,23.21152152132494
PDIA6,28.808558596161333,29.299012190382847,28.71226648588925,29.85888314994413,28.495689356678156,30.03437552432255,29.711477307282067,29.295779353971877,27.367971535579624,28.323692069171873,27.614197934352255,28.82418564745843,27.87050908813169,29.94271836514722,26.95073499020117,28.96074316322606,28.562162502208235,29.995036696843577
PDK1,23.816319075062644,22.679201598651012,22.307270357894758,23.873600615824085,23.208596725497884,22.94325716804393,23.59203207348994,23.984593875294983,22.40821569367887,21.504438723360213,23.049607354853624,21.93698209249261,21.89420027328931,23.710532939893685,22.230244059134886,16.50385202636677,22.591019989040543,24.209275257346277
PDK2,22.801303361922955,19.284362441292032,24.84342015515831,21.140592517810713,23.969736581251933,22.263755599410953,23.5346193046433,21.26234824003261,23.184085153543,20.230883685714716,24.828534669412964,22.521581803597975,23.62905344170127,20.476762338283635,23.054498415309016,18.779855857662334,23.457486670595134,21.308463112893392
PDLIM1,28.190068604284527,28.994069953132616,28.239182002019746,29.49429632770231,28.604156886578245,28.66955228603744,28.507975915305423,28.880258028839027,27.753276132471864,27.569409032181653,27.786873902686402,28.869017286209907,27.86062243519696,29.532985903041514,27.697623808363915,28.06244490111352,28.768767739151002,29.306066448671032
PDLIM3,24.425579769608788,23.302366213081424,27.976048479026762,25.382758627641167,28.058164714292666,26.47568381516365,25.670510458902914,25.667889345295123,28.018437999880547,24.845654664988064,27.697207592564723,27.000950936718578,27.103485856678798,26.211650943174444,27.622851833819606,23.96722512001408,28.27497338053684,25.32624514154484
PDLIM4,22.83861684442439,24.009262507664857,24.880928435541033,22.791121689762214,24.312389994142833,21.207866951070933,23.73261538264137,24.087177643638697,25.024368509595853,23.37467284098542,24.72285885294533,25.015677422629086,24.75770609166614,23.944581421202322,24.852098205990547,22.96094311148405,25.60889476903294,22.532513652796805
PDLIM5,25.203450215949534,25.526122208627363,26.361196686784623,26.99942428366703,27.23544465747015,27.136580625090986,25.933717082104586,25.047936529846176,25.26117137687636,25.754329453763564,25.93750773950083,26.930848908058465,25.916641324674295,26.490826576455312,25.412487685456483,25.35632570419418,26.11900652600327,26.715109679018962
PDLIM7,26.803989514653274,26.149704461846422,31.226062433907536,26.69615933790763,30.488319305985055,27.5994892976974,28.51164174893847,27.64651895183974,31.00257922366313,28.381707118649352,30.94872752561248,29.683441782032137,30.14102219448185,27.76297745445462,30.351606291957868,25.833797269401682,30.645745192399115,26.657776048991224
PDS5B,22.703422863530555,23.494877460617126,22.74536142010607,22.888796462220505,21.806518008345265,22.584685469055145,22.437071561453898,23.211741421900978,17.385510573314267,20.609137324527435,21.944321792323553,21.94512009196079,22.062952375961732,22.905306314186742,21.58990904204249,22.410413810767405,22.403699484590355,24.01242506863866
PDXDC1,24.600866016099747,23.896392054480526,22.600608316958745,25.592088316349216,23.366487356749836,24.8302743427686,22.521292503341755,25.197312284486667,22.091577297370566,21.234528187935034,21.905123699336247,21.289774732628782,23.62266065939137,25.51857175092142,22.98868042788128,21.168441826407655,21.952625576814405,25.335530200775302
PDXDC2P,23.488375253667332,24.584706189489896,24.050159337232643,26.287103028774396,23.582775805345893,24.984541059527874,25.228089210177508,24.960846362701815,21.49559630693756,23.099011132019935,22.18657934519977,22.801466710971816,22.426045548947357,25.83673055631069,21.480564718603517,22.025516403837045,22.24205479117444,25.0132307818357
PDXK,24.722538177674643,25.408886968892165,25.504813497841845,27.63440569302819,25.428428583013446,25.88985978435443,25.621982746487042,25.870438395704653,23.62167676690898,25.310167385549832,23.987598432947046,24.64106837616524,23.562675937082812,26.27404665196804,24.287657339654512,25.148837659747773,25.07867134664228,26.6339952109651
PEA15,24.942659333805928,24.666351476208238,24.99212062159396,24.694936671372446,25.883114710702127,25.484629744274542,25.876443169392548,25.394654545954182,25.919143540990547,24.47618685986968,25.70214885385574,25.323818609399233,25.478720435801044,25.397505648466016,24.30833133888929,25.31731700585016,25.89954706914332,23.08533588499597
PEBP1,29.174436797894817,28.179709043784186,29.967513475486893,29.510937071457942,30.03742861590221,29.90907281354875,29.683038686900577,28.67088634866361,29.430722174238547,27.943079205055067,29.331926917839954,28.30460154894163,28.608518111993487,28.983688483180746,29.055617226800166,28.141188347732996,29.493342746606587,30.347940481692135
PF4,23.64175497818056,23.08044725520087,24.08593689728134,24.570449063970077,22.813226363602382,24.25696281765261,23.34438015412264,23.239984035866502,23.186207067393763,21.69040737520455,22.89973513786845,23.00264900031469,23.823819386831005,22.368557039135062,21.147043990938922,22.896437948166678,23.367750715230155,24.033937052271714
PFDN2,23.01773809681815,24.89131622299111,23.435918829778544,25.426611956873256,23.941501072450574,24.93789816666198,23.53719861563172,22.935684955761204,23.219264014223164,24.082141249441634,23.02051241229807,24.12817940239699,23.306735177749676,24.110528131248657,23.188271944816236,23.828214788086687,21.203882880212106,24.929676513450207
PFDN6,24.045184272940915,25.05647568314723,23.562033803233952,26.14412459721696,20.2419074042541,25.648692725833406,24.067714473733087,24.575850416396733,22.16192052116777,22.77554723700973,22.442106180199964,23.349848359387845,19.72529894973849,24.281432551977908,23.159957031997763,24.620926975002874,18.059721921416152,25.65798172109837
PFKL,26.80109660035381,26.441109285115047,26.49737054834317,28.226402502797193,27.251128793192706,28.157389838834632,27.57045386873531,27.20979428225511,24.927965374686007,26.121940033311635,25.394834743180418,26.294685872453552,25.196898589300293,27.517000866260904,25.13778231710603,26.546028287573304,26.43575147150654,28.17194698707959
PFKM,24.436927935635158,24.673821313944117,26.3594384496963,26.82212332757466,26.272061151594556,25.847691212103182,25.41848814504495,24.934088029237273,25.67210922847766,24.333352652120936,25.09581041216411,24.55321125104442,24.086066080800396,25.73795061363514,24.197272480205054,24.321473552165088,25.551935685814417,25.856926275679275
PFKP,25.560472435392136,25.630933142285574,26.44313508482185,27.995730276839225,26.491390821592532,26.43274044279045,26.35412342628435,25.947023459906028,26.71686722577776,25.65939005378885,26.196823230578136,26.009279940140885,26.889440001468348,25.88758147601987,24.707839779953375,24.433567929200443,26.681001222765573,27.30710949677129
PFN1,30.49150843848315,30.33917181692087,31.13776233705064,30.622564691688147,31.039187268522692,30.499793476128843,30.866855333063363,30.764255702022048,30.583269814177676,30.51432028198994,30.33223845436869,30.984176571292362,30.372659789798977,31.236177851680406,30.890267316952222,30.75617510110921,30.87737081642639,30.043325299124874
PFN2,23.935669844566213,25.23916644849287,25.099448393430404,23.695811739328562,24.471393952677168,24.386258749194493,24.019693981352976,23.59692169300104,24.854316175500013,23.46471067353912,24.167566811735437,23.947452301787465,24.067769583931383,23.35633595078424,24.63492607812145,21.60096147720413,24.910834540578062,23.75162881458756
PGAM1,27.61135789621035,27.94158327355197,28.728454080819564,29.12814391922523,28.618549695002184,28.11934055691353,28.501012995867036,27.957570659444333,28.068878711513076,27.97053065143172,27.857640017355838,27.895772719058446,27.454395822003917,28.139943355713847,27.70371641732443,27.40249980206862,28.66902562180484,28.972993213832645
PGAM2,28.101766362525428,28.10815024781196,28.59421372284006,29.86735769110251,28.657115685439003,28.83503112794911,29.009268646382694,27.983198970168036,28.03998490727684,27.948858698376466,28.332777455225134,27.730754127431908,28.15292290494991,28.315151906455565,27.76107338178574,27.414001939376433,28.41202051723446,29.072566312875363
PGD,27.563141903716932,27.368550629555124,26.63786874999826,29.022422078434932,27.690859706872608,28.812077786650473,28.130919857183628,28.34659089590741,26.005389252555574,27.857676583814538,25.59604362917933,27.849823002570588,26.093137639697805,28.320607023000615,25.4330373138613,27.55038151189252,27.60281823212005,28.965211154836997
PGK1,30.99365408129591,31.39555360636038,31.173903505285733,32.85496977668341,31.189193965739676,31.707430233395595,31.758854226506777,31.667486820537288,30.59357394972321,30.824489271281852,30.70543466134403,31.330885477130746,30.518083690955404,31.801929748570323,30.662384961957333,31.83983475354137,30.8015925986841,32.44745575133214
PGLS,24.093556570153606,23.99752852316353,23.968144052370324,25.238396900954392,24.512105869239264,24.706149457907344,23.822479551829552,24.393550380555403,20.72711921422999,21.866840724808423,21.151397393425217,23.410914359542492,22.50254607510573,24.8889415150565,22.51240624577581,23.64604460324277,24.141474503716104,25.93884695670245
PGM1,26.08156061715783,24.963167676048336,26.922618383578595,27.59776858240228,27.298670135263563,26.4868373290703,27.312457723823083,26.80324469735139,26.27518041917035,25.467192817615448,26.467207576349644,26.143027639948684,26.383282662713533,27.018318980823214,26.025148987188178,25.120319384810763,26.65473520639784,27.471872318220235
PGM2,26.348158684888453,26.131821371379875,26.208878407198657,26.48595192963605,25.661578419564382,26.812928772371507,27.215429762660456,26.727317218477925,24.809283727751815,25.00821906286571,26.00144671008292,26.20627893810194,24.774102800237607,26.735220443809332,25.226180193113237,25.978465075021877,25.734957072275538,27.002042411939826
PGM2L1,22.086910369407015,22.1183484087123,21.403086061684967,22.604919002916127,22.049372728685842,23.483137526621856,22.6105149421993,22.66688421861639,21.059687398798275,22.281093382760698,21.39588621132944,23.095694749903473,22.264425908676237,23.132594178852973,22.311408173993815,21.353921193610233,21.493708093542,22.833780854027193
PGM3,22.097515329731877,22.91290025004697,21.48183450516188,24.50018237267357,21.43223462928127,23.892606794202255,21.904940005471655,23.720681687239356,19.115983047743928,20.91273742107687,21.297644627482843,21.97242233661706,20.911642570810407,23.51720514012047,20.050256850950287,22.92608714740079,21.906038769567804,24.50551561347678
PGM5,29.561381210233783,24.697155847859257,30.994938037697306,27.441491351458218,30.226296974415117,26.99067135624963,27.968977388187184,28.837942791468368,30.632394337628813,27.100311722355734,30.08192694616649,28.11191568419683,29.876835940684067,28.62484981569088,29.992690602902908,24.072205944722864,30.513763782280172,25.035227299834634
PGRMC1,25.89618487033342,26.223923825277836,26.565900597363232,27.09339299577698,26.36838995103683,26.88769231237456,26.35714022182782,26.48323552888971,25.655821108158825,25.31095155468688,25.726271257472156,26.151687098704837,25.339202252359893,26.7503652962671,25.672873728909654,26.00682067293876,25.994512933394464,27.337561741107624
PGRMC2,25.986378062160348,25.680597133566206,26.073611646962227,27.013183600326307,26.196949817140766,26.470822573586638,28.04816308069778,27.683578875755398,30.947778305109622,25.17154319049525,29.251939316164968,26.219145583493606,29.98429013102063,26.59179504319565,30.210376697044858,25.13042122424289,25.416646377697987,25.947618498454332
PHAX,20.777476478271936,20.80192555981737,17.517057403907263,20.455533492196203,18.682145332252272,20.549789555447795,20.772631784089217,20.346600878326033,16.93521973549476,17.92363855317426,17.01747976172956,20.532838255658543,17.63793123425529,21.442956621172012,18.09811248269441,20.315542526674275,18.69032848518549,21.75306401618596
PHB1,28.732112996022675,28.91153464659511,28.763622502976318,30.262345740960487,28.467222163668737,29.185058918201474,28.88747681461338,28.852420491834724,27.237604966750727,28.22617006136469,27.71687877965445,29.17965010220732,27.70359956952071,29.23842851276915,27.118251554493003,28.925704215793022,27.76752292351798,30.11382284694499
PHB2,28.885285419735844,29.218398012294386,29.061769053307334,30.33128600317801,29.12070277675525,29.84547171315778,29.811072534382582,29.242720882325468,27.813110381470306,28.19081551323446,28.069019631227953,29.564081219969047,27.948228544343866,29.308341273031154,28.584735229733322,29.10885549607437,28.369474051131732,30.5149818422975
PHGDH,24.794897175966266,24.77291683003481,25.882819993013605,26.49963122923921,26.644358940450815,25.274624320562964,24.789777578934714,24.160295490646174,26.22611917915447,22.524852770422765,24.780501692899996,25.66345845795524,25.519828493499418,25.618305421028147,26.43945794197488,21.82238241448844,25.1715169064231,25.600199192227016
PHLDB1,21.847147784766754,22.029418159780022,22.818235823419382,22.798511119659594,23.01149911996485,22.610366664979573,22.47347891562071,22.027639002108735,22.14829809746152,21.646423532073598,21.87577977168451,21.469845645883627,22.385569345018347,22.04515095040457,21.689635186982446,20.735475930193914,22.060668021011185,23.466947760888317
PHPT1,24.69850463741076,25.33803267623244,23.360917200282664,25.08048260381825,25.45181966481981,25.013097923170065,25.13286383737415,25.40572362694124,23.97759315785034,24.388541692737483,24.421842783944975,25.230713415395623,24.482699640943697,26.281590191000674,24.386486411513918,24.604571941515157,26.32776806329882,24.799599936360597
PIGK,22.00484132209457,22.667894115479204,21.64515571169321,21.660011984883397,21.434570952333228,21.647889187329945,22.313000796062827,22.707029607759843,20.75182342350935,20.941542600889555,21.463196682304424,22.12562136280698,20.746625014431878,21.848688855865955,20.465609835488763,21.569612997588706,19.722107368160803,21.585050576044434
PIGR,29.1032490851627,26.49482434567857,26.977223171572533,31.842558586285904,28.23480780956626,27.746490043561973,27.864361492672902,26.655422790225977,28.08691932115976,26.59287364496355,28.50786372101209,25.61002775169354,27.544425190719416,29.36872913795346,26.782103400212726,29.395640731078025,26.98219215519519,31.317623691594463
PIK3R4,25.821741520562597,25.65398560452075,26.373741389276507,27.15623544505136,26.52707828339722,26.901778909371483,26.053315578028172,26.081233191143742,23.125237802853817,23.929179946484023,24.247620606912765,25.111657680830287,24.358912159055503,25.361793889671844,24.201576673642915,25.512955151265075,26.06909465926438,27.867873646935386
PITPNB,23.390350318950293,24.037055132324653,23.71185474022037,25.101731679353353,23.691755101672634,24.81138934840301,24.413558140175162,23.869346313305403,23.188438057734032,23.56738005838,22.726564814511175,23.985437821744778,22.748849827622664,23.96198546734122,23.00025340769069,23.95077085140233,21.671274538351994,23.356493428290072
PITRM1,22.390575694076265,23.66037485393938,23.566687393405164,24.27846752513574,23.038022848337814,24.890923825727253,22.372622732305167,22.902133587692017,23.144995900197106,21.43360991308694,23.425373565756505,23.210403773604202,23.187986052828474,23.063098880057392,22.498378123051996,22.689943208090398,23.083211741657898,26.10591866540713
PKM,30.715728680416046,31.38481706033363,30.676742311302746,32.2326101437702,30.702801897123624,31.515825378875373,31.277376219528218,30.820503252733975,30.56867910715178,31.66045385496451,30.608319472000268,31.351002715883293,29.91101520848223,31.69493378934156,30.40696524164467,31.149723543933423,30.882438689490847,31.73554991670181
PKN1,19.15540466472832,19.780266076689824,18.734163959264972,19.04508466337861,17.327681995502928,20.5809415102308,21.346548033294567,19.993219433047855,18.516459929406587,20.4831911955292,17.92482818857511,19.47538902138245,18.407938914258878,20.646271427350083,16.823028464394106,20.00108514129152,17.842701878716138,19.157433479162442
PKP2,27.15800017910628,26.185987263565053,26.10531597483362,27.404891656525553,26.671538721179626,27.860793499760586,26.650494533382744,26.534796315701797,22.074908299968055,25.841457170990132,24.50971195996248,25.183273222238036,25.176136381721545,27.638220635864727,24.203072076794577,25.820314781767983,25.30430664998157,27.496492103428753
PKP3,24.861204000401,25.632774595178265,24.117419537249923,26.856266770502703,24.394959218397087,26.384885998504828,25.245476339322664,25.301542479125487,23.88336926838576,24.288564916760514,21.40943209442827,25.573875744663475,22.36543425922553,26.344993850212326,21.189963446981597,25.813581509435373,23.618597004562382,26.130906638489336
PLA2G15,27.199252044506885,28.041920775792455,25.992876691127105,28.149208668326576,26.681998415073945,26.82228079966158,27.367215519423148,27.149367068297142,25.41342847307557,27.16351724025704,25.915970790342982,26.756822163369062,26.180542498858802,27.495307260391698,25.624025374469625,27.41049080041223,26.238082229230987,27.342208611015902
PLAA,22.782136781816252,23.267081090240225,22.44630329298574,25.22168534059621,22.34558863701714,24.30364941083986,22.155072512200423,21.4708867197782,18.570829551681477,22.692728438736527,21.42124096573596,23.366094471641855,20.228650695141276,23.480948382898234,19.833828131456137,23.038401636966622,22.640136786298243,24.829331707555415
PLBD1,23.964217129632544,23.37089749998269,24.30526796914312,25.259824072787268,23.59812085009984,25.65512582187996,25.633453773679122,24.843218501190318,22.442730706885893,24.794996642403387,23.314025902673638,24.48462861312895,22.36156972425564,24.570744080143594,22.839430573963703,23.473258583057067,23.37116549481624,25.335207088797606
PLCB3,22.091979538974588,20.821239405879663,20.59716976816863,22.35989875535739,16.516052017407006,21.671205307797134,22.210241314105637,21.599298095338373,19.212106814021194,20.56657410500583,19.293931357300657,19.273477902918952,17.917625207341224,21.64179237829058,15.566794809754427,20.501199566457455,19.50557177990123,21.784518041641125
PLCG2,21.594486771512518,20.495018483007872,23.3107359018678,20.077897326940796,22.530262290697998,18.018128105652448,21.85128779229046,21.95357355092276,26.491706633708286,22.781236587646536,24.95158566618625,23.013191717172315,25.361632761096757,20.63943636198139,24.41715610355584,20.421768241992144,24.47257994125558,19.651524056626872
PLEC,30.24449066316729,30.254537256634894,31.009299795972545,31.763605616767325,30.898315249486945,31.03645123302665,30.782765077465047,30.23894413208526,30.25135993167932,30.20218140510962,30.462999005303317,30.86019389074313,30.066351072317637,30.929997726853024,29.909335508922158,30.099111287239595,30.616054612283868,30.896989662008007
PLEKHA6,23.726094681271736,18.564950545692863,16.92426035553094,17.525830856632382,23.049327692494124,19.038301017071156,19.37837260229289,21.417490524455715,17.559294995747397,18.197521130953056,19.040313263349635,23.030253606979112,16.440728998037983,21.111537208684332,18.60269079494274,21.149744571319765,17.738431390953753,16.984875738274603
PLEKHO2,20.117491712168615,19.47815345113783,20.818949596452615,22.132191338954186,21.14209106537312,21.74136501230357,23.11047808314726,22.026646710048713,21.131805471135753,22.4416888172596,21.130943825517626,20.275476377556124,20.34756223789932,22.57127363329128,19.35593740035592,22.26617456256559,21.35835006600957,21.485679592088985
PLG,18.525909008314,20.300083658463322,23.2656345256042,22.687256977863512,21.89855030922482,22.423807218645106,22.27555605736639,20.566489593023316,22.855883318652502,25.413968343984987,22.505700271813982,21.616254947303627,23.685302930907902,21.32285196138276,23.073790973168798,20.304866284311725,23.57506116830139,22.37915503939394
PLIN3,25.415724573030474,26.676386067736384,26.636057348009203,27.78354099600817,26.612856951534393,27.433968217773042,27.594236766864427,27.233070270309423,25.47293948802491,26.029339781338823,25.757212980886177,27.20769934696766,25.86569266494377,27.89411018863939,25.42220252986362,26.801209260454968,26.537393822722844,28.190330417146974
PLIN4,30.613435631270388,28.198854312456646,31.695737345979133,31.252142040395572,30.93287112414009,28.998643420427705,30.271159675842647,30.145020487868578,31.848937402291735,28.800715879500554,31.129853069106993,30.4580581684347,32.10375625181178,28.96433940527679,31.417302292468612,29.16021395221669,30.22108579246462,29.7186097202823
PLOD3,23.732946906962674,24.793160057652162,22.67887636972824,24.7268959679752,23.330492925999174,24.963685365467512,23.760247888021002,24.42876561357116,22.030928230463843,17.20345740278747,23.658500499162596,24.838347281466227,23.2412391955681,24.412126893168054,22.257731129510315,23.61233373751426,23.86139347843921,25.661226974986093
PLP2,21.55060405052371,22.79547496420722,26.020194265496304,26.598521883410925,26.35050821497457,26.55110174141755,21.487922067276926,21.329343539660048,22.59596321575275,22.376618979408853,21.611270708961985,22.043396591602995,20.968463062494752,22.439928456595897,22.422106688968977,22.659338065030948,26.258035763340512,25.875151285865194
PLRG1,22.84005312661325,22.555514590682765,22.360396210985137,22.948166035897916,20.411033721645662,23.7381703563993,18.186742143767738,23.26775917941717,21.66567409289884,22.0728718960425,18.036391267132156,20.851426531871265,18.44489730257886,23.24075691102808,21.209753199942217,22.42633958702352,19.697293663131564,23.48877032695265
PLS1,27.887996421021047,27.07329973716876,27.189265120812177,29.350513056549588,27.46085287585102,27.956848480056834,27.813652711905316,27.403764516345873,24.65767062745638,26.726885039578463,26.280615459893315,26.587678670767023,26.285021281194386,28.4190797773968,25.98304638293029,26.57605521902199,26.57188530142345,28.601930124920056
PLS3,23.71065936787558,24.83879319169678,25.27688562386287,26.690083370406317,25.16289643595046,26.51670279553196,25.318051803031135,24.238734446594275,23.644698742717807,23.90866081526988,23.60906146342781,25.896478937531686,23.34320269390711,25.788822811145653,23.61236308027908,24.969647758221193,24.4428249951161,25.89542358442609
PML,22.552923519932243,23.26230675254542,21.215803133606247,22.928602890318704,22.120343314801623,23.41507354351034,23.222534821914312,23.501621122332654,21.869163363024512,23.495742171128573,21.110765790928063,23.55639495585232,20.538742062517287,22.180641335015217,21.562216693795104,22.883739920309914,22.409322170387455,23.73590196350912
PMM2,22.79207733620659,20.964625074890645,23.672190277263017,24.625348354949708,20.872087879288674,23.58654744400039,23.20972250300851,25.300375019672828,17.022954468776746,21.04467095776298,21.11480147123203,22.47836654634524,16.89780635953235,21.531950087567814,18.425887396818652,22.17757478733779,23.068286403404503,26.934176636303263
PMP2,25.44899685335191,21.021136941305507,25.610501289807306,20.316570222932125,25.082514607559652,21.380217006429707,25.971133967138403,22.14467204183102,24.468358990973123,18.297343876220346,25.7726271762788,22.52915523620472,27.926678100661732,22.176947318356792,27.869608100860724,18.105778005143566,27.428560000255523,19.325727497322813
PMPCA,23.32943684713941,24.468469531384354,22.78492478938618,23.92543072161302,22.432152822431142,23.86177342421225,23.03554950054642,23.647497868551593,18.790900486109358,22.230817441976132,20.697417882839837,21.948599420446207,18.8349051185246,22.85781252205221,18.782481776720584,23.0497495968417,20.80600838172718,24.5744411656472
PNP,27.002480316571127,27.264889840273995,26.34769716118696,28.688363811309927,26.95121233049191,28.590341339583368,27.658709737942697,27.939097727683972,24.77376182208239,26.736757251464923,25.851603257374304,26.865779396180788,25.587432623799476,28.009669723013843,25.41516293589591,26.59249810502114,26.021456451037498,27.904669768182742
POF1B,27.001458503115764,28.12333562425924,26.27038436284851,28.13073383687248,26.346142063874645,27.963811484390206,27.29202022026694,27.268863130915587,23.33839250337671,25.268834756879656,24.663213303718738,26.595171941450477,25.0015321979047,27.860109870844646,24.817754051254326,27.71634680509819,25.293867478720667,28.179698041734657
POLD3,22.855413524751086,23.607387107538543,29.21466886684668,31.218599383044076,28.790208239191877,27.92606931888951,23.151644979172783,22.466133532475588,20.90047218652892,22.73690152745924,21.923524677840348,22.81343811239141,20.43964997131504,22.83221243295476,21.01299869421258,22.57468175161466,28.727142777381154,29.90371654277702
POLR1B,23.648613654899037,20.873074067660113,23.807172318308083,22.15646553730645,23.704611687109598,23.913935676475635,23.974266875812255,23.743966447122116,17.915669732293985,21.341624207212778,20.493140970640354,19.5895758273616,22.058398427803628,22.490044671983938,22.207633364175987,20.01682611540763,22.630577769266576,21.24045269257634
POLR2H,22.535425077660406,24.03623607287972,22.464003165514892,24.087859736245164,20.84329847313493,23.898013737406337,22.3686699119495,23.328819052864926,21.90377703817594,21.163336197695962,17.12790703945311,23.48109496075313,21.241432452351237,24.211644405828793,20.666942340237885,24.22907484683256,23.29715158125986,24.000824280770733
PON2,21.37019883659211,23.521996023033733,21.114480504313097,24.554938992237126,22.392814882452154,22.207970667401938,21.962740600768313,22.225739169432337,20.773417082388168,19.71397074953262,18.96464948345152,19.364758610552474,20.175184253562986,21.476573636850706,20.07547992944799,15.548018708614187,21.282974989353473,19.802819516771084
POR,25.818172452523143,26.71252451591457,24.521702815857637,26.79072470813816,24.564768114009492,26.61084618705312,26.841857722495796,26.89192311499578,25.971657789602354,27.637810173957,25.11207941694975,26.828483205662273,25.359074605459472,27.287801814860174,24.934253707908773,27.510733846754523,27.459124503665294,26.29597591554289
POSTN,29.094731860911132,25.885812912783635,28.940689896015037,28.0235596286477,29.390968433326716,28.26939334075947,28.71423664007081,28.7103774088931,27.843857166973848,29.135671520486678,27.050939872728236,28.97838894771161,27.732275653745052,27.874885002072784,27.673760588663114,26.502335194459533,29.02645667556403,27.734371519602846
POTEF,32.57639029815936,32.648626285726245,33.37442899597013,33.28262881089041,33.137041946328594,33.26615489362389,32.54348634330408,32.72031650915178,33.24822015729537,32.473454479198594,32.89949749493464,33.05237687106547,32.778439679987905,32.65621461963039,32.50818359550215,32.4730430749682,32.9753098277607,33.020760649493184
PPA1,27.753121028136075,28.43673727219231,27.14196882560965,30.10820809611162,27.502638880050323,28.954139658694782,28.20643713302408,28.235831931527592,26.438181149268072,27.689519156355427,26.99887296811254,28.012893207555468,26.90047794530182,28.874027909824775,26.76914068564446,28.27106469763417,26.513709437390254,29.584411284568887
PPA2,27.133776531104232,26.802216397594048,27.753366327478386,28.67519005928462,27.45796113624421,28.432049197105307,27.485504894348942,27.276388165182343,25.84991840580136,25.33767972188663,26.250432991923997,26.46849552526487,25.985630874570433,27.44020818362415,25.996371196105727,26.267046167736037,26.925933418354802,28.368850296438907
PPCS,22.9716306491944,23.256852899189862,23.461834678315114,24.19989353033385,21.61200927695639,24.3191255938163,23.872415816821878,23.26264239796632,17.967642919059703,22.2418649997555,17.81489767374487,22.61613961269688,19.91036642690702,23.5582978229126,19.51442611031061,23.1689271581568,20.48300809714757,24.41164259594232
PPIA,30.27343888729299,30.76786274928722,30.371644639418886,31.30230752427563,30.314105139564067,31.23940069938628,30.902505091044894,30.874537056960328,29.751015622687852,29.840828893571594,29.97399162398643,30.44073248656764,29.9796788938986,31.11279425911284,29.81835383671236,30.101346092729273,29.960142348957543,32.11307396407558
PPIB,30.018100975259646,30.268831402843745,28.715949937080573,30.561698865742507,29.448548873282117,30.49763388670267,30.977022086730653,30.532384568134308,28.131495245218915,29.629941976230725,28.410042932802583,29.782919246249364,28.34357441426747,30.942083776790554,28.372358540558956,29.82841377271267,28.867294354726226,29.77128034335823
PPIG,22.445460750282884,23.213075995208317,22.688964239425047,24.060865491544078,22.424955354686066,23.088941674670632,22.703136555893884,22.81052563365116,22.065798635997826,22.674495236457197,22.15515790183529,22.35409969615475,22.122039569894646,23.269056523697923,22.041793825165676,23.014419183189034,23.614781501432482,23.761742248865815
PPIH,21.39944160425506,22.31344464760061,22.181425466297657,23.49473207737331,18.00539899478831,22.354103098194656,23.19118249181613,20.4731673044754,22.77431699572309,20.583730964052386,22.07219121274436,21.642049994191815,22.441012527572454,23.69981105120757,20.38352051542671,22.186657486613033,21.631651483723875,23.950180035674308
PPP1CA,23.916258646964412,23.469484957342086,22.84331786323098,25.70938808720503,22.590979790042706,26.075163267268792,24.342051653513455,25.083371374155494,18.903545208605507,23.627239227502347,21.977140857617247,24.693824822476326,22.268595220940337,25.187988207608164,22.376748358719748,24.683277411515665,23.761416734490624,25.66226427866124
PPP1CC,27.182830980080812,27.467257973859937,26.430579251806993,27.15911914640602,27.182012804758465,27.97345248749196,26.843788538375417,27.40687542390456,26.478189736255906,25.704914208803775,26.81964498389133,27.1146792018139,26.244459658300414,27.43801709603216,26.381016801403135,26.71023268044397,27.103426238275624,27.80141345988351
PPP1R12A,24.5855078327424,26.14429709391991,25.957255350465253,27.610244137283875,25.823294509584603,25.07356894650752,26.292987585588435,24.9249601319411,25.4673914652977,25.149459432936528,25.402738677297155,24.55127020146489,25.168726586127075,27.248936996120364,25.542650970500926,24.2481598099619,26.21732142367999,27.791796837002266
PPP1R12B,24.54869688961007,20.578538515296426,26.2922266711936,23.071557073745023,26.47779827393077,23.73685772096752,24.01071933819515,23.890330553536074,26.412555098181823,23.366246478993343,26.392946434497347,24.27368159576063,25.903956715499444,22.64214724441608,25.582059188749838,23.3061169367072,26.187471189203247,23.222151571810485
PPP1R1B,22.420868279870174,22.65480162129692,22.565579471443584,24.828179441681034,22.509163124233925,23.03912048472374,22.896110817917762,23.541973374243266,20.850694094342312,22.77511319369753,22.463434378973094,23.574419490346365,23.08196195455203,23.763573604948206,22.459843399495114,22.233305072882548,22.937278493684026,26.503969541258886
PPP1R7,27.180361141318883,26.95497199119566,25.556744535348045,26.713941961391424,26.282449631420445,26.67904522446152,27.80222809736153,27.387034633757054,31.477657336401435,28.28239511689533,30.7833184180469,28.879759872015622,30.27239553224851,27.608173038400484,30.82027335707867,26.32059703406798,25.235725685510996,27.39923222328888
PPP2CB,24.30468050153284,25.598734370792506,24.359816761060138,25.877474209081207,24.21467148081264,25.34199605108263,25.35676049677454,25.214178128848207,23.949110653597376,24.264610716686203,23.174297378812234,24.828496296245632,23.23910380758764,25.668620174940166,23.35977626881152,24.676801539788762,25.020174932848736,25.968328009986607
PPP2R1A,28.01956661602707,28.29645644238916,28.102806232711437,28.63187895523243,28.170762431599854,28.705960195840362,28.695080618509678,28.36468588620841,27.619653577935324,27.06535891465289,27.654079509024207,27.84909351494358,27.411317407286166,28.64565013832356,27.513885051693872,27.410823390067034,27.778356366587108,29.238254849687593
PPP2R5D,22.201020661781236,22.991812173074546,22.74669327548834,22.98844818890162,22.628678753902488,23.17001765141021,23.151483947872688,23.515213616607603,21.245649946595798,20.610709214839197,21.758496762723276,23.018552741319002,22.03828185958202,23.127409110796435,21.635752368592396,22.189408107610483,22.47848952075893,23.263223743301626
PPP3R1,22.699197421548604,22.106019572173526,22.423550270829182,20.712751237628876,19.62571361988106,22.596811141524537,22.748478170730106,21.240011013298023,22.299991482566938,22.012207431104144,22.687790307072365,21.976246127365805,21.786964544416687,20.55563470141369,22.27802915218483,21.945138880177502,22.85766264435256,22.773601189567827
PPP4C,22.25009389593488,22.969436912730895,23.070267153356486,24.707207559496695,22.370834065292353,24.26545025224505,22.573599556200012,22.897614660391046,18.315537137677698,21.744703419765976,20.327313857603034,22.164494834909384,21.322271964850987,23.2447291060932,21.31890337744405,22.386287358762164,21.756367612863894,24.925732970330596
PPP4R3B,24.378183923683633,24.919752725361185,23.47113961567872,22.071406281454212,23.193612306101915,18.62642430425161,25.2588337994014,25.57886230201935,25.21729780998438,23.607349143778293,20.677449538157468,24.988951118133556,20.87106491492283,22.63909175996508,21.630278189136078,22.749200025627648,22.05453865700698,20.029196070796633
PPT1,26.566356520324597,25.76671461710364,23.736249271774373,25.593734446638326,24.81074531495892,25.00487714410639,25.861313882822547,24.59071894015435,22.786912578453553,24.95408902582955,23.20339416105332,24.767245263595512,24.276821710231218,25.12612763859368,23.48730786790615,25.40992473914686,24.64755620013988,25.736995775810772
PRDX1,29.971820333164313,29.999029492377446,30.413020831299026,31.335025821895833,30.265724484106723,30.72762483893111,30.900511565392282,30.030891485629905,29.79645632026528,30.374975258055496,29.554033243000752,30.405846509576694,29.124159514328827,30.84189189545749,29.88430997014525,30.56662869581558,30.32834224346285,32.06957846845971
PRDX2,29.61528859367875,29.897091108939474,30.27077570447564,31.26764522579625,30.184761284204026,31.516417371685744,29.995130021599795,29.80530448500211,29.195057452870273,29.15254517241906,29.647540463262597,29.241008496324344,30.051276915039992,30.065292865471623,29.419241062962506,29.471002698141195,30.26620844392615,31.44215963966745
PRDX3,28.010958832960593,28.66087995609918,28.548527633754755,28.336965069967125,28.64419080945239,28.716127043030365,29.06035311993093,28.000978583045534,27.183653281244204,27.54551972576956,27.5390401151222,28.209508726591277,27.35342831217607,28.309013254280096,27.20037124692957,27.506391308083188,28.143407837761973,29.827391631097548
PRDX4,27.20326230339418,27.091539332450363,27.07193704187693,28.77268737573967,27.438587323092914,28.100221777092838,27.798546974706746,27.896774655730177,25.58791337462274,26.115418664015625,25.083524118554433,26.544570230583762,24.966580727233218,28.037915043647516,24.94895493995931,27.128254694397032,26.995723929217416,28.318689350309565
PRDX5,29.159275678782937,28.1912038437579,28.86807727259968,30.93291499255069,29.172463959847498,30.499919721536195,29.214786293874916,29.00168715529105,27.318282367628946,27.635845560047375,28.131342884658444,28.978357936241206,28.270308110059364,29.525911020470637,27.78133958475773,29.72079291512942,28.160729659136404,31.73036017622913
PRDX6,28.40674350108897,28.056473744832026,29.24785100563974,29.227594156206365,29.21428274939727,28.337413826172583,28.959985979432336,28.70598872691187,28.410376756410287,27.579863001796305,28.99424358017226,28.017925031988607,28.6095789545068,29.179017986599046,28.05784129935481,28.193066292507797,28.861702620515395,28.388170929851203
PRELP,30.00467642683722,25.63101726448624,30.493703750039916,26.44188018146691,30.811647727703768,27.837630658158915,31.0076481325487,27.985927472559794,31.536855086648952,26.971653086750816,31.093011711547238,28.669979538250146,29.820124655982074,27.563187283678765,31.485781764412025,26.05075354055876,30.37658914500173,26.572849520429898
PREP,24.545701049458348,25.271820338714925,24.306018010677587,26.2325704223912,23.499436007391715,26.28295779523352,24.81408184759846,25.205589948995502,23.95224860641359,24.107083255339116,24.290010498099246,25.119880849599195,23.44583836395072,25.86095908268329,22.759329407620697,24.200130476530628,24.082131903177864,26.699286467973664
PRG2,25.760652134545726,25.387948267007488,23.90432936611859,26.237589871444953,24.82437869320761,25.980962639776923,28.610587561459063,27.184869375227873,25.01813838253777,24.887822402161856,25.09097357084344,24.12806753462072,22.60937103716247,27.93092015428454,22.326758614370586,25.127187352949598,26.60392788809175,24.24225739050997
PRKACA,21.795086092379623,20.96493356511524,18.14650155307698,21.518494473931334,18.692349839239704,19.445556462196663,22.372452657986702,21.671557604941047,14.245241008925873,19.72715880754533,17.00734530231922,20.96581831934102,18.52088062156871,19.738723852099557,18.14683071011278,16.072726968954758,18.719316393574047,19.620803991237523
PRKAG1,22.229348443235644,22.983552898396432,18.223889349855735,23.970244102337443,17.927547798542943,24.07406449059016,23.39803655020279,23.217472815529252,17.546419362185464,22.35524737981365,18.643151158268612,22.881602328979962,17.685307038586817,23.756983998619543,22.23199220176917,22.879474240834345,18.957975490656448,24.809235536139273
PRKAR1A,23.90653960469323,23.507545764337348,24.933396241801372,25.109455187417044,24.1732023263391,24.622291248407585,25.35856019876036,24.137293118997892,24.046237050434375,22.948758105423863,23.588725809210775,24.0760828072376,23.721496725703375,24.52118900118669,24.035064415412567,23.982433992351307,23.950718745681982,24.037771658244495
PRKAR2A,26.097518503917946,26.365619526764423,25.1609738981192,26.117258842263084,26.10992000211342,26.484523638871085,26.439250696009303,26.512398416167425,24.36219819383458,25.23773837606009,25.096289028480523,25.98902421060522,25.12957058737523,26.67480109476561,24.32687122637864,25.38379600947136,24.447277095744695,26.31213829359005
PRKCSH,28.41761805409424,28.459774453171033,27.925536036443688,29.325413315062267,27.75421112690681,28.60371657576969,28.486253207180734,28.964299065018423,27.087932616505135,27.554363196285305,27.08438338326687,27.636190376735073,26.973793412259518,28.531245571617326,27.21738837453331,27.655931046390695,27.646834544937352,29.810758391864685
PRKDC,28.345235364766467,28.844127571138916,30.18059957396681,30.683001549996604,30.337582252056258,29.184766266295238,28.50545460632701,27.90854602932036,30.899394639515776,28.742849505163772,26.095182718194977,27.835624014909705,26.015717742000064,28.324806163626036,26.315002466947377,27.844809609294312,28.60048863902111,30.093014225742053
PRMT1,24.945735254748943,26.824127583292558,25.41909230755846,27.529192368977387,24.70354608416044,27.333749472869307,24.440610193469368,25.712883132897417,25.18147424863971,26.770360349755666,24.09248129065874,25.65234236732394,22.438934419547934,26.403635047197398,24.16805793022134,26.209248000554513,25.49917716395616,27.13775222817751
PRMT5,22.421188857311144,21.18550829694262,22.22057985392401,25.462294112151792,22.054602515369407,24.476183437275154,23.093513994270943,23.536877219967373,16.290595803461983,22.01883967216574,18.511580476499944,22.301340028280976,18.287249187684942,18.78320877520616,18.220223080892932,23.011467950142716,20.575235652304173,23.85042439420262
PRP4K,22.506432336639723,20.04075628508655,22.158779448652364,21.53899409667232,21.8343908622433,21.473276056652782,22.571211322360504,19.662825790664034,21.7400218939755,22.30467432904003,22.603146239452585,21.07739580407116,22.250259026550655,21.27606247141935,22.601876430905808,16.74865560038499,21.96441133818505,22.28728104965279
PRPF19,26.15857322297285,26.673048996779354,23.907568690122172,26.233046380262074,24.672427659071957,26.217906293910406,26.21576002326237,26.560130908066835,22.013229291757423,25.501810238734862,23.613226287124544,26.005992926843675,23.976008294927887,26.50675598284716,24.216159098241544,26.16747530117165,23.204667617829248,26.95771906616568
PRPF38B,25.110299411728676,22.08494790914641,22.260410969837057,22.51318724803936,23.121159266631345,22.53950924084837,26.241456480739146,25.463295192908728,25.274187742729374,23.437649771586614,25.772183373508028,25.655798593107985,25.59049295952315,26.128431483314035,24.40266002834091,25.057175411805556,22.798910685715295,23.758203375224348
PRPF6,20.64987207761656,24.028979125007936,18.12007166227742,20.425402841385253,21.339128966961795,22.801015572581534,23.23156230980734,22.817257587996625,18.15835167087103,22.37983966278915,22.96392606202552,23.626022001369012,22.566696723212434,24.704726150397025,19.508310172604865,23.75497029232692,20.238377193025343,21.059626816373722
PRPF8,23.887495028205823,25.032865184268193,27.9166782071847,27.107204464370003,23.467332044622943,24.38481094030644,23.907594956307527,24.374784480612497,26.184530872995673,24.27034544321619,21.91036640238421,24.523390165678528,21.93787095013282,24.816631503770648,21.832128708634354,24.70938490805378,23.372954756887832,27.483819703928216
PRPH,26.156134923444853,24.818738295444142,28.815696441504105,25.193369857023253,28.760149461164815,26.194332142427623,27.747298502057824,25.47822770332331,27.14179693883243,25.931464148899835,28.387810323957464,26.355576634687868,27.293483708457952,25.148357972754106,28.142732893285352,24.30761708844382,28.368653290452297,25.294493976184924
PRPS2,22.607942246566203,23.708278380104197,20.978353795124995,23.831013007425337,22.757728624486496,23.1421744244322,23.524260084070484,23.66712335595851,21.82557671289002,22.13707204163253,22.885579313840125,23.613659581379075,21.703791702238032,23.975033814256488,20.91582639853941,23.55256667089854,17.087332457954574,24.644294504091306
PRSS29P,25.276259265771316,21.278809261272766,25.570427618343107,24.145230336929938,25.411069429182465,23.781064007225677,26.589988945271074,25.466032215398776,24.155386643951545,20.751517535591823,25.361493903856417,22.65748490711952,24.27027154802953,24.546094576641725,23.71041586345588,22.197107125668595,25.143603716268046,21.961525317867277
PRTN3,19.1112225251638,21.142690086720627,19.663184652168496,22.15551570899436,18.71627485181544,21.624113186212508,21.035072055343747,21.861022712352327,16.92740386195095,23.06266772694334,18.095879113586697,20.391734184058215,19.01838435704356,21.600661516406785,17.09790960024935,20.845461616344778,24.423738730377018,21.120381260909326
PRXL2A,24.768836829000033,23.415210911438866,24.113599226831212,26.07244013417452,24.66689706791524,22.811887314518035,24.3709324173229,22.96771001415716,22.57958685642796,21.41319411006367,23.63596570663969,22.367716371896634,23.584136899948476,23.23826286095098,22.5900482319148,22.31001338294118,24.202597501633143,25.012764262086108
PSAP,28.890789890288843,26.20196045021821,26.03878855714178,27.538900610815247,25.603325040666455,27.43286694876492,27.511795569088928,26.669989145507383,25.591958369288605,26.698666184403656,25.63923278105991,26.836684613603058,25.977958472635155,25.961717390438828,24.704131720858943,27.058179349301465,25.845468214274042,27.676201095183053
PSMA1,25.97948600094627,26.38844793352484,24.740608447034294,27.158057403927863,24.899462955415757,27.695855219712968,26.70970934928079,26.19295775115862,23.580606236998477,26.17062832976196,25.509300063265083,26.170403980028226,24.413269727861877,27.118630724606,24.987519791069047,26.754582780161066,25.550886364505864,27.59291347894002
PSMA2,24.84292222791357,22.5810786388286,20.800969690471906,25.79823203070832,21.969325259777364,26.86983079791171,24.29983935812344,22.716696601713995,21.521760136847703,21.017901543414045,20.03404724411991,22.029111287066595,23.69458634528589,25.871217591304944,24.396769121379265,25.547127470592823,21.378961451406855,26.460171362824703
PSMA3,26.242371988633217,27.210050651048824,26.671141851827567,28.426483510746223,27.088274762405018,27.848629241920026,27.026927039433136,27.379683449815683,25.236400386894175,26.494579204158338,25.88355035088834,26.70031065491491,25.999244062741028,27.40696558402303,26.115376356550936,26.80762931944756,26.912244600397283,28.044401341991197
PSMA4,25.18699438380889,25.664038673005017,25.042246095543792,26.75376362818901,24.800577504283652,25.763591063254005,25.53125224821277,25.765822863793634,25.00003338389571,25.08003222363311,24.717067170097856,25.848404609268435,24.431182582702125,26.189895096461033,24.61745186702274,25.31842095511247,24.699479072694384,25.58205352217566
PSMA5,27.68849116763463,28.2871841184065,27.55729671559843,29.202800599857518,27.692562717797607,28.98618042503841,28.340128715657155,28.03145418504556,26.137145487478143,27.593879848236135,26.736107766879268,27.90839315978187,26.839190583194114,28.179299598290925,26.703609812518717,28.125382981745034,26.941473370539928,29.40358852938844
PSMA6,26.811193492231602,27.272816607584556,26.89092070743975,28.09397812245095,26.771283810703036,28.125617185836276,27.357391103723558,27.23391903472066,25.738418428615027,26.46139118543445,26.062275552132032,27.175229385138163,26.795920213372014,27.541386079317718,25.67367064155119,27.450243721459444,25.720029616728457,28.074060660837475
PSMA7,27.285007115405467,26.928394405269113,25.458476122302795,28.044684684595065,26.1566247422291,27.5124257355831,27.07702600590307,27.500366013553975,24.89158521961505,27.045126180392188,26.031738593009372,27.20571443568989,25.59341852503547,28.118354384019312,25.57358367545247,27.604472587522487,25.842154281229345,27.918450278750992
PSMB1,27.564101326326284,27.333035243058077,27.20037847407874,29.306963420818025,26.876109665568887,28.555705123804486,28.43057964003448,27.828396460722303,26.04935444648472,26.854260600314674,26.96567705931243,27.00443048591398,26.440507090837496,28.634160027679304,26.713056747320632,26.91643778533545,26.900504797886814,28.30802709062222
PSMB10,23.61140545964085,23.22282047354541,15.893767679291617,23.0145483586216,16.69602310711964,21.91620818999455,24.786573172445834,24.427729180856005,21.77785878073713,23.88995370333357,22.2655227944487,23.505488055518104,22.688026022136604,24.738380331422128,22.84757276169714,25.247541211485178,20.711512544483544,24.91141646055408
PSMB2,25.236311711432347,25.64552797654146,25.744632440635442,26.30933951606783,25.607223892506024,26.503667805417056,25.52248055450153,24.81002917837318,24.188585115157977,24.498299645445442,23.26542693764193,24.914172340485834,23.24126866443105,26.654248739860755,25.00428924813619,26.607806211277907,25.68200615085532,25.83569778093843
PSMB3,25.585175316979132,25.582853162830627,24.815961736875813,26.354191009117287,25.516574761562847,26.40726090431982,26.07576538832028,25.9402989656392,24.451652829221032,25.244047848555,24.73289135133623,25.338658935678364,25.02821256806472,26.39441039650387,23.87909309092115,25.884467593517932,25.018046701468926,25.98058392873598
PSMB4,23.867142715260645,24.749787986078967,23.200046676469963,23.223036496124774,23.98623616326638,25.172250518441718,25.324948461385898,24.76003193182633,22.278528640811285,22.6411802677001,24.135178172417408,24.185562277570995,21.138525291405188,25.68696418933613,23.617545093416485,25.15970292060843,23.15167499562339,24.655949845539755
PSMB6,25.400266525978257,25.842604552569874,26.278514032041834,26.925774481848542,25.607933993146887,27.14100739828851,25.44236186723774,26.281148307620537,24.666655700108766,23.372065459755998,25.098595623750267,26.15186735242324,23.549912126179994,26.623096806246494,23.423962887821574,25.388954714771735,24.448485040264487,26.208949539545358
PSMB7,25.345087688034422,23.127251263106402,24.876895317858153,26.28146104838435,24.22513497400199,25.230287144145308,25.48465515112311,25.0935951443861,23.34898003780288,22.21335944943522,22.843722301556046,24.27656830817795,22.632657374709108,22.478200323929425,21.98366279981459,22.002834807948147,24.606926456834287,26.24484778961018
PSMB8,27.35809384188885,27.764367135412318,26.853950421110348,28.73630322480367,27.322057011461247,28.624936595861993,27.705667601054994,27.812509908406412,25.186271145651496,27.36019992213156,25.434688383385996,27.779107328996975,26.04797418707335,28.270952094380085,25.93298197240579,28.49299195336264,26.64037018709613,28.383044211064494
PSMB9,25.464249967541125,25.166915477276888,24.828177774721286,24.71248057246864,25.5111550961809,26.42608460496534,25.610946325880896,25.505541970214086,24.361589591263993,25.557947373112345,24.13872119335519,25.81349739024568,23.857571498442574,26.60452961239342,24.197401916701907,26.569592794599703,24.688907226771203,25.389644618791746
PSMC1,25.400130311395113,24.88414760447575,24.918341039652436,26.5871503972229,24.361527745224578,25.991520509905477,27.023342976127037,26.010473150723303,23.628072429163005,24.823347723510167,22.56870642446957,25.027575725762283,22.76522193776317,25.309777671002514,24.688290503162754,25.203252830656737,25.5995701661758,26.986397858117186
PSMC2,25.312718731345225,25.899821865915,25.0096576151232,26.645394332645687,25.123127326794773,27.031560362320292,26.101459437259216,25.62248197907551,24.53748436406558,25.73016769818967,24.487074324170987,25.737140086132747,24.377853474095946,26.43535589111539,24.896202681989873,25.792688293769142,25.15151078927004,27.402416985135
PSMC3,26.11548753855262,26.184158221935196,25.387031028388126,27.544695127617466,25.652420734881247,27.01635681087772,26.86006618399188,26.78668197363021,24.73947938365684,26.664295614691056,25.208109933056633,26.311712938722174,24.223392284551753,26.685746331676576,24.755686214581072,26.138082972241257,25.70290283870171,27.243270544364382
PSMC5,25.83416572740014,26.33110527942403,23.418157444070932,26.895994272161378,24.60445048906138,26.16446429847558,25.73268341616878,26.211550660806303,24.240149236799766,25.292395624786693,24.527672911268944,25.947095139768454,24.05768420821969,26.508809296703078,24.131627133930643,26.183943375630246,24.213637035701083,26.656921424452914
PSMC6,23.616190634628172,23.02472638204786,22.655411275949124,25.442670898599797,22.995480169912618,24.508979103296692,23.82013590101948,23.557333112309525,21.642345726171943,23.97503821177397,21.975972883167525,21.17284086185142,21.581582233364088,23.992868878990386,21.05963599789805,22.76221306711981,23.466433621923375,24.497163951767934
PSMD1,23.595657794756043,24.47954730744387,23.33535220945682,25.92784363673472,24.335576113804567,25.367442769324835,24.91534609323739,24.784803254479673,22.696904120169144,24.10690813090415,23.49967276257411,24.671529867139306,23.761345682587493,25.025433845875757,23.561129099916787,24.81947202740652,24.09212082588005,25.22484457854319
PSMD11,25.403778642868847,25.832880137357865,25.375946324628178,27.219358568056375,25.87997659251443,26.83848889931891,26.393656598800877,26.005666715719137,24.394122369680183,25.917776593831103,24.524362651619953,25.974116668989968,25.09567912878236,26.25407862289375,25.11041169025981,26.154018896975405,25.28260466214421,26.77271022443602
PSMD12,25.810130841972814,25.641855981226023,24.731430259379415,26.673924097244665,25.493532074672228,26.541250896072903,26.523294660306178,26.213975122954604,24.705962160440983,25.467505041473114,24.84551644968487,25.436853107819303,24.779219855331483,26.36468443828581,24.94416840837461,25.944928721548166,24.687080271454757,26.746991037208605
PSMD13,25.618646901743716,26.293699357887494,25.170227365459954,27.086267100612762,25.561324506502896,26.41502927723042,26.15263085505839,25.770691587528667,24.232307027481056,25.946302715306665,24.08063119864087,25.987630718956552,24.105721652965563,26.167478250254415,24.173688145223917,26.375633633198145,25.06592843285244,27.388062685163373
PSMD14,24.669347723471464,24.7348755348061,23.777206219270436,25.499276846861413,23.46102338411879,24.797712360789593,25.675967754503464,25.058513405573482,22.91454743454221,23.962789395723203,24.025453632092624,24.817330540229307,23.37200955542878,25.885151137897406,23.09350737350212,24.3265481307972,22.14639045300447,25.243386338512437
PSMD2,25.913048888340306,26.6719538279465,26.236991169702577,28.041621696666365,26.45975653667565,27.715772964853898,26.72730347931255,25.6006352946619,24.607644193790538,25.434200065728948,25.01393068267768,25.440556844816975,24.382032983055144,26.20649001107313,24.533944670649674,26.5451570460867,26.318197993362013,27.271758764332407
PSMD3,26.691332939190705,26.80259469855102,26.391782180579597,27.551298213237818,26.230767338509192,27.118593572405068,26.641964799240693,26.06779200706177,24.749465938003432,26.001650571944133,25.770822966557066,26.53407521707518,25.135514986619835,26.548002570704888,25.644977612126105,26.42273463765517,26.57251307123847,27.570086957448932
PSMD5,23.651590010718632,24.016452915746644,23.88217297234079,22.005453932326024,23.409014382535265,22.533013497657475,23.415430331704343,23.332739505456537,24.12681760776037,21.816433534319856,23.92982926145275,23.177226300756164,22.39985836907882,24.490789657679827,22.83208474740954,22.867447179704754,21.47838132520613,23.579315117734733
PSMD6,25.404488908259154,26.44871512687423,26.35369248837434,27.0437955271674,26.149417311854187,26.408238699591486,26.221114791196005,25.55566441967669,25.234206535152186,25.39862677668399,25.18628178406233,25.861903973510817,24.5932917453601,25.990916441210224,25.035292789564078,25.94680457958436,26.00573780491989,27.21234596142617
PSMD7,24.251489224004246,25.73606778548839,23.776285029559325,26.130004966860405,25.01806831740591,26.162858918429865,24.667028595208443,25.180589626117616,23.24960131667668,25.340681863101498,22.065632432789876,25.01513090526164,23.597095729617788,23.748516681097556,24.190824043288696,25.002001606170136,23.894232578100006,26.622418650256684
PSMD8,23.30334792296636,23.567023669487032,22.55579349022755,23.48726505438259,16.8939483168731,19.27343699961426,23.887541444281737,23.284544255868237,23.427171704567662,23.694209076331155,23.543422786533533,23.59010496118027,23.109313968266054,23.56192414467636,22.940374499786238,23.796569711255145,23.480290314131384,22.7713430591699
PSMD9,24.11548620743216,23.092684742642085,24.24999424156681,24.576337800402786,24.165244659795064,24.328312343968364,24.611486839272242,23.986960460505667,23.488422140793702,23.635283097276016,23.422414752211374,23.5966112212644,22.86725511139924,24.254257073636747,23.812800024190675,24.057634015742106,23.318315050609563,23.228996779561694
PSME1,29.504150909876888,28.945437646462214,29.145246350646733,29.97731149891875,28.87252474610775,29.82499059086516,30.17463486469393,29.585953423085797,28.840636937746496,29.282295318707977,28.983346821771626,28.972830729452603,28.868916656431438,29.748845869432515,28.756516629712017,29.423774450416037,29.134893468719653,29.411230913165177
PSME2,28.340151723339126,28.365626908092185,27.66984124136379,29.563126340894918,27.613947103915653,29.384988495801718,28.85949863744989,28.645607848212386,26.43493223719109,28.955589243815826,26.6478741924403,28.174516066201615,27.112924153317334,28.990890055682886,26.738356295404955,28.369315417310947,27.478107283896552,29.011249004146013
PSME3,22.98728851620422,24.899344285901837,21.82906227033513,24.332996423724396,21.149063452028276,24.253642140143835,23.646681827928163,23.66493097264684,20.14663496940674,21.300784529956918,21.162868461318514,23.610380964623214,20.690350682744896,24.070161029435866,20.643036864151863,24.101691311619483,20.97317798756118,25.05664269324849
PSMF1,23.71559572754838,24.905780893740875,20.49743173955604,25.37334758053425,25.662846846430693,25.318772069585386,25.07394429388896,24.222509347102243,24.29914481118607,22.51480141996136,24.463276375621973,24.253461754451486,24.080081646869814,25.08343938794077,23.47718416716716,24.45626123499153,25.047150837390205,23.55582402454717
PTBP1,27.426719171204102,28.07909357712198,26.47552926728259,28.720351189409172,26.55302959123683,27.99145739440047,27.952904602621285,27.244623398877152,25.19788530065163,27.031972883804308,25.923702980289416,27.19001008351306,25.864161192335718,28.055524338617495,26.6178375467296,27.194503415831033,26.582160598489956,27.976966854901626
PTBP3,26.738123547677407,27.121879385593743,25.35378684582901,26.43597922265085,26.14515357360469,27.498943837952798,27.343422449168855,26.758478024851428,25.044726433452766,26.368014667925507,24.566272140552066,26.52528855332656,24.89088873752333,25.86209234061255,25.40643265549373,25.6602857052607,25.434197712465824,26.850366147384214
PTGES2,21.93512850141481,21.940657857236467,21.749690240727368,23.456576088957366,20.16893288305628,21.642606454192386,20.382093617591643,21.415028801538902,20.92517212978109,20.749410723163795,21.488639835566,21.021008795351957,21.083393581096868,22.286251374364653,20.340356440788725,20.893452686078582,21.361700865857806,21.844768055875676
PTGES3,25.7783586832104,26.88816948367009,25.695404061050947,27.62345718869695,26.07734033943006,27.2075016871696,26.651671890105312,25.95392420294251,24.322619897893453,25.977438971117458,24.629949407128336,25.887170488267387,24.175556114734842,26.61124591781793,24.707145942033403,26.77139032910935,25.414127864084783,28.03373369049529
PTMA,27.596537050899,26.68312704358191,27.597303105287686,29.155639335784322,28.467908854508224,29.724592042258223,28.900740103992618,26.521953230385158,23.615086212674488,24.37760825849637,26.092495310788905,27.34207374650294,25.79537816498443,28.356809255748797,26.020606450391483,28.524189235791468,26.684272057825282,30.32554786551225
PTMS,26.55004452531949,26.862560594733917,27.105577375267593,26.648440592976876,26.384594819804345,26.101775736724367,27.313292479155262,26.432850206689277,26.560287538921955,26.254037789295282,26.859461097373106,27.054885457792775,26.209993919547415,27.37978484181632,26.088725246422303,27.35765154898196,26.865536830297422,27.13190692099475
PTPA,25.94131536301892,26.830931496032548,25.989610847513404,26.86460600426577,25.772182290949132,27.06000051633655,26.706135421322347,26.874129957981282,25.17600178705921,25.32962639695516,24.976258919485076,26.035267149139184,25.121609386591746,27.359411582781096,24.818342635323656,25.353007706107196,26.04020627516598,27.705389468331344
PTPN11,24.413583205579712,25.32205029380198,25.297680757713003,26.324970843929496,25.604284706368894,25.909789894767908,25.272440500206972,24.679960227856224,24.458787890378293,24.805472351686657,23.56404370031599,25.168777258166756,24.030556350298262,24.65299868208573,23.00866811594809,24.616618078046542,24.924049456967452,26.5748255007145
PTPN6,23.93883375841458,24.765909918361164,21.938545977336485,23.34669299070113,22.77604943364915,23.394998565498717,25.147184089667736,24.531579875635384,17.70503280305041,24.187545272690002,22.68991871825216,24.37063988796532,22.02656512480914,23.633176670780852,22.460550799456968,23.80707241864016,21.481058954621975,23.665496282953256
PTRH2,22.04344974911394,24.12796881660563,18.48207519976317,18.028618154031935,20.6578022337579,18.711848065274225,23.74065558153102,23.634368085179663,22.16900702811482,23.39334628289012,22.126764872511373,23.184285801943258,22.265359846713036,24.013600643975636,21.75456678039095,23.593495770282544,21.4301827052542,20.857783671176094
PUDP,22.5508802205957,23.79740767910437,21.667143553381255,23.14197261955239,23.626117112363644,24.611919626849392,23.841510267252627,23.820004163527052,22.1243287079021,22.09598582794688,20.068225705683435,22.290576625582144,22.269070529374385,23.131603802621694,22.576270042853785,23.409671752093,21.126595505325643,23.81239857978239
PUF60,25.52657859720108,25.52794854088798,25.10350415277768,26.209102007085583,24.501221833408927,25.76250454539129,25.411009929152772,25.349413536996668,22.70770914537191,24.170470178432755,23.715966863860853,24.938031073329956,24.17922163686517,26.148781378520024,23.460692592454553,25.24685345132522,23.932106253603134,26.654333598711236
PUM1,24.646101719005962,23.6323352007126,21.95645192043714,24.59972123720538,23.224890527811638,25.551478489220088,24.86167858108383,24.15842874634506,23.388851917798103,23.595225237451952,21.4907058191692,22.65092217157511,23.775394216250604,24.9183099494043,18.475536772524283,18.186688477695263,24.106380667490438,24.227613472304597
PURA,24.324015756155116,23.8110988315957,24.78161304403304,23.779926712403977,24.980506485660896,24.438851092396668,25.055150566518762,23.80409690588214,24.392226329874457,23.65162361855191,23.74462901542189,24.13417641538571,23.62369847677765,24.400077434657817,24.065562268400235,22.72412868179228,24.55109601753721,25.02380213720139
PYCARD,25.69604607552294,26.07877979069243,24.937387809299842,26.4653145918223,24.970898976694706,23.292586722703682,26.133341652472808,24.9387393297174,22.898492779180717,23.792359120319016,24.736549748922457,25.892748141767818,24.592720384444974,26.370058148010415,24.326855737665085,25.603091161153753,25.147269060474322,26.914971022732313
PYCR1,22.26562121921194,24.344799021371152,19.053174777188026,26.50367179742189,21.914332312633057,25.58139151250442,22.998808299124335,24.475297727977907,20.710301098773048,22.696324459457426,20.134457053538735,24.756646416888874,21.27435891884304,25.17480780659332,19.792911592741174,23.96487339129028,21.39396677910986,26.574229638858455
PYGB,27.694490227513477,26.756462254739372,29.014541850331863,30.40739159458565,29.171989597273015,29.449323527673492,28.183745452806534,28.287818304520727,28.46696084024902,27.001502481702538,28.720724898552454,28.465423082052588,28.197141969456744,28.50583732189416,28.04927949185663,26.52498841632447,28.150785498714512,30.851519971390207
PYGL,26.466425254938937,25.894716028201618,27.65921619627293,28.070577767680586,27.505517513841585,28.023795229438917,27.538504439743928,27.3459448861734,26.898298516153652,26.370992583023437,26.962880877323915,26.966992018407343,26.97580524642324,27.118692758414376,26.760618393764897,25.667728613458006,27.361073034305996,29.235830987754902
PYGM,23.984247808818907,25.63341363112143,26.425302283620173,23.223366340315568,27.086051816076715,24.33667848548256,23.792099439445746,26.4693238654753,25.74002914338105,24.976633241562272,26.056762052026738,26.155881470012623,25.691419306851834,26.317781306051046,26.08005217058422,22.99161675924222,26.332194238062396,22.921304571695863
QARS1,25.874140077425327,27.587732276465537,26.439841616765044,28.567208927164398,26.475844939209463,27.784362782021713,26.952089350023975,27.135412699591775,23.89899165081696,25.34992591127535,25.2902499676828,26.3652354226339,25.161285766803662,27.666451424129406,24.501963960633752,26.293748233632947,26.014591555065312,28.049876927522142
QDPR,29.070287885151444,28.354628873764018,25.77896834992203,24.7912017178783,25.199810581654926,25.726934610168946,28.644722685967476,28.00076227616926,25.554248824436947,26.8894147234537,27.784742802599954,27.46675442587608,27.937353098253478,27.008508642498857,25.995254643901582,29.2987289320598,24.864413120307432,25.76471478483315
QPRT,22.28212982220058,21.049694172084966,21.986505479809818,22.80409951103274,23.059698611798886,21.564237295826327,21.646301311186694,23.223188487468086,21.18787248956205,18.8072044728115,22.016200516119547,22.104870927185065,21.647311904160457,21.409974747877047,19.32458286602005,21.839376810101868,21.559658284889277,25.799686792380076
RAB10,25.618343521301725,26.151959699152012,25.027944627597062,25.949804763679893,24.774735605962114,25.512441724112787,25.897091706168936,25.154310973762275,24.63547704713808,24.71683193732205,23.90478453756996,24.900640989111697,24.28902129670631,25.45114547476153,24.05103932744933,25.071054991237656,24.65844684023685,25.865222865203226
RAB11A,27.95108109564015,28.278527528018138,27.275616061728044,28.648957115035177,27.400945657044534,28.663723848436632,28.15990006775859,28.266427445456905,26.81504472333988,27.448963968579633,26.79329208567662,27.385155532948893,27.18376868697702,28.146523845063737,26.8854547861747,27.503141588083913,27.354602109200254,28.609773902611177
RAB11B,24.805643129023355,24.450739311617316,24.977380647874302,25.83438722592766,24.368404365530818,25.162582929271075,24.73926201304358,25.125124759670854,23.1766043150598,24.021120097269797,24.200520794401864,24.56103389542673,21.49763018310255,21.022647421178434,23.743186643639856,22.271858481770252,24.23944564411729,26.10669734346946
RAB13,27.9451925356122,27.815878076408342,27.002570552065905,28.974903640218216,27.72853704006301,28.55242510337499,27.454990091389607,28.096538770515778,26.45725409918058,26.924419719098488,27.381226317251706,27.424642492445336,27.094330789507087,28.761345014630205,26.427288809106436,27.413851403012167,27.42191099150896,28.493196901575804
RAB14,25.202734504813176,26.00272732621899,24.91259750673142,26.504323753834882,25.34991665454526,26.76590413057428,25.582958387625567,25.986077921142602,23.164650274769297,25.342102700494983,24.24768397906665,26.00084164491725,24.1741335206011,25.304923513012533,25.090664517919986,24.76099601910736,24.375204125918916,26.851427033534947
RAB15,27.97333353456938,27.720434351696458,27.758141837650104,28.669357196937014,27.897279390750356,27.867586303984485,28.176218768992932,28.0500662903104,26.538626876927925,26.96768807597568,26.632736675831875,27.867691468460144,27.148401366552257,28.761317598905475,26.609102532792107,27.871765448657904,27.20272991201294,29.209310505058433
RAB18,22.747499274767392,22.66404427957611,22.176420883446003,23.91238494936314,21.50843520728051,24.197233067882696,20.930435849339613,17.69267310258654,19.879862448528744,21.149614862068255,22.58464846688155,24.198319779042567,21.426429643537382,23.331800740288763,22.441036607231947,22.69579813737371,20.70833320461998,24.41370135898849
RAB1A,26.850830654252963,26.269832665234354,27.07677438298908,28.898815304835953,27.2292070336276,28.047162273805434,26.97365580209364,26.720936913689908,24.933752299496767,25.29774627362059,25.762647428476857,26.626609121249743,25.316904523526766,27.47023560535847,25.643541619077066,25.758371660851246,26.497624314590425,28.290960904057417
RAB1C,23.259237416445792,22.24174765683757,21.070837306221694,20.005879874787926,17.26258343952009,21.292035313007897,24.323348002313363,23.249200670487916,22.394432834684885,21.32367553911077,23.061678957851147,23.296642012031583,22.472104366292008,24.685274213290956,22.914359650196367,22.5424971731498,20.479065309031984,22.778831000487155
RAB21,17.98907981605615,21.967183305807996,25.338595099611226,23.542656336127372,24.80391312265478,23.68194465697381,19.302573672278267,20.094016749241664,21.157161525557754,21.822742235112788,25.042532455848175,23.251205025967216,22.16811303783132,19.847753564900845,20.548862463524433,18.219584126580802,24.852067126640332,24.150186040141488
RAB23,21.492059072552937,20.275297803974205,24.283524403067148,21.776682134976806,24.858227227092073,23.586638252579252,23.164582433085467,22.457572370969572,23.82808138825627,22.73491828394589,23.779438164127654,23.24995651295741,24.028606837900668,21.51939067878702,24.02965727915339,21.115775795372,24.217389818294883,22.739385598076176
RAB27A,24.1770173206043,23.68145493461347,23.929943103586606,23.495234053294396,23.850300669914006,24.71834951808391,25.090360701486063,25.257786072463464,23.205012354738415,24.88523013332357,23.76822609712476,23.116216775353095,23.648198065488717,25.603432914610114,22.688512843661915,23.226073425455308,24.14727422203838,23.576275911367258
RAB2A,26.8849394618521,27.556959246055605,27.301650802584078,29.06654337928732,26.94775181830644,28.234449546479066,27.685420742001174,27.57738696129977,25.77715247543076,26.71019748320759,26.249509440449184,27.55433803627358,26.191675685058268,28.017165391388474,25.69040741085954,26.325933188357922,25.97551067385768,28.09636611506351
RAB33B,27.906450045240508,27.65632399049937,27.694696601399873,28.624748332038475,27.83022201308378,27.82416227476869,28.13142128815345,28.007126590735094,26.473438681911805,26.90687959293542,26.58362214618829,27.804319943728885,27.09544450975783,28.697849322806366,26.541170175571292,27.81986492824599,27.155721594495116,29.15421165648558
RAB35,27.987477423692532,27.858155214193047,27.165254006557966,29.051175135746416,27.822233907131956,28.528402221211866,27.46229688992778,28.11204889444564,26.425369589815936,26.916588875825106,27.450004554161758,27.3880403935544,27.18562305110457,28.73025392926455,26.460535801572018,27.379424461728878,27.4597254816614,28.57773281460674
RAB3D,27.946025274553367,27.69174966509161,27.728963615890237,28.61328112046028,27.87005732209953,27.81270447912053,28.119952585152237,27.995672712859246,26.50762430859022,26.89528229485425,26.572118913210577,27.79270200843598,27.08388315590697,28.732241091323736,26.575270083687485,27.80831205882744,27.144235181190577,29.142660407526094
RAB3GAP2,21.167020346124342,21.08312728257871,20.050621937234858,22.75761865486953,22.036878185435743,22.87874936052053,22.32089029878841,21.392568205794905,20.451574953914534,21.3337390960704,18.683365021982397,21.659600259339115,20.87554766225103,22.049123524774622,20.8953508709319,21.67517082229399,19.56585032559406,23.152182286154904
RAB5A,26.61884028635859,26.957424487467446,27.09134573024203,26.89115924097048,26.89056423544937,27.863640681052768,27.580230293274976,27.045863579973737,25.75472549327353,26.73983221403463,26.127910728552447,27.333124568132018,26.523896453316205,27.689384756072872,26.43792694810481,27.320181958856985,26.54013486966829,28.208080091673217
RAB5B,23.909115530795237,23.13355798457396,23.05244907505266,24.165772976605748,23.944262527361406,23.407839601737003,24.051516692240092,23.76567236198861,23.918566422117408,21.31263609609503,24.129325599044776,22.17740332294787,23.779846292422725,23.5009856939302,23.628682975041496,22.68096897404872,23.873357511403366,23.357379443538118
RAB5C,26.539637035626193,26.63748178562911,26.533834142038828,26.55396872985513,26.68846455863866,27.33599444521176,25.97912342773028,26.521942001417987,25.688995671492236,25.670885971606623,25.75110819917925,26.911257079552204,25.229184309652744,27.113397178376534,25.482560750593446,26.177251998174278,25.57396902190807,27.649658053006846
RAB6A,28.375220831622816,28.0108975691041,28.216254861518657,29.588575276621867,28.30251653315408,28.325251960911938,28.507935962646616,28.467420917321473,27.14536554019323,27.54270171385723,27.234489276590445,28.135539631413636,27.578675443003487,29.183604408404804,27.131210665132144,28.136235073715877,27.575407444805382,29.611802514875343
RAB7A,28.616603510020813,28.63209415192886,27.658196367199736,29.263526715728716,27.82747528549128,28.485476524314702,28.08746235089883,28.62983833420322,26.77241154288887,27.818286678550372,26.990186071951502,28.324507426201627,27.148651335342915,29.001917182537106,26.932547041314535,28.13890909294872,27.549329669603722,29.608127138668415
RAB8A,23.592191069315813,21.84060185886356,22.980411359143385,23.59760222263291,22.391359186564316,24.357250678560327,22.54614535600447,21.50837327333942,21.241500603542427,18.69937499631588,19.786778836130978,22.90699935076016,19.79610554930109,21.285385650202457,22.07892688451273,22.03594391914785,21.17439453830103,24.691664871074956
RAB9A,22.006433094231273,21.68347867322025,21.132266363424574,22.656096840348166,21.262337140722813,21.316296115019103,22.703397204215257,22.162335899475927,20.615608634087906,20.899818357421932,20.81831713088648,21.12576625236928,21.049394333236478,21.794238924065827,20.6870235609655,21.1466293173362,19.92193242513622,21.96690757864922
RAC1,24.41291960952284,24.285684089718075,25.859854259744726,27.61425693302882,26.066208461999164,27.55920645889245,27.06337416084077,25.203165862938906,25.506576379098284,21.531413695065986,26.452957118042498,25.5948870143477,25.68201040769244,26.777327690695675,26.108914912113534,25.95573898748447,26.357128038937653,27.448852187613355
RAC2,26.796955899236487,26.240986625827645,25.270219718367414,21.810098048613455,24.933593756898407,26.190000929777874,28.14081493128306,26.408098956437097,24.74481539713258,27.559860732000278,24.73929842783777,25.771803666831257,21.29411456260316,26.34592030340378,23.535887042115103,26.77676316877316,25.501522017185593,25.798386770872046
RAC3,18.947287045125073,18.54379243829223,29.379087592123923,24.831580687126394,29.61753812934644,26.329370936206956,19.40509605668092,20.558590871261863,22.85679369978352,22.623113372239917,22.358672358290235,20.957827742226627,23.875088270150183,19.055140886794042,23.255086378264085,17.700793235377215,30.18079139058031,24.01053202815026
RACK1,28.584406521822185,29.04921343418641,28.0708655235982,29.773183015624376,28.228879222286125,29.673563265230264,29.252895150451685,29.025541659508054,27.21924476216241,28.584368138934227,27.25016786048587,28.87236126295198,27.530473013668715,29.162929674670853,26.965348047531688,28.648667964638676,27.90789063710219,29.669881415176953
RAD21,26.68177008412118,26.053991319916893,19.92644837799399,20.8841576470474,21.27767363142621,20.883958625350303,26.595669280605062,26.31134357353567,24.38435673956257,25.477988279523167,25.073469585849164,25.687839598518355,24.494103589297147,26.556301561719284,24.521096595375067,25.01969981996406,17.007943373274735,22.021412923009333
RAD23A,23.417433937331428,24.203323833579752,23.37026710647652,25.294209354493592,24.63479232279931,24.518114237107795,25.32412307382902,24.774199303641872,22.91675750437565,24.090513877075008,23.626486528068938,23.949639579775447,23.278245585978965,24.075312616169775,22.971320067800203,25.2389268206199,24.903150891213798,26.036618603430142
RAD23B,24.89026121154571,25.271741934874186,24.890941134810518,24.96994258453543,24.45889518411254,25.691696557680995,24.73835964596899,24.34635645220148,23.482132857702528,24.76866585008829,23.19989256071057,24.79786683200451,23.223045824545192,25.031200027515435,23.192075506234527,25.2326808871463,25.056177801471108,25.96447767441838
RALA,25.278488584710068,25.585635623293722,25.56861574993744,26.011715120045785,25.942142725727006,25.488521465781847,25.533656378801673,25.12527621745434,25.88294297937819,23.95124433356297,25.316894125657143,25.1644050985322,25.80357825158268,25.593330480892927,25.845440022708022,24.878926188256738,25.945128225084336,26.619507638251637
RALGAPA2,24.696494902243273,24.128907284062883,23.785021800488025,26.49364361206373,25.11693440572632,26.226125961591155,24.355860924376774,24.99488023403479,21.337586417036235,22.270623618288408,23.303265023780636,22.588879618652044,21.944230951179613,25.510803843461858,21.354541818517923,24.72412822031403,22.481704489016273,25.912689543611226
RALY,27.39551554674564,27.79273373743952,26.532204385332463,28.057545767755812,27.230666598063834,28.504432917933336,27.137815994063025,28.07248967600471,25.2866126358286,26.108064380489004,25.553987460038783,28.136510400141766,25.67154251603988,28.040910394525802,25.869477359909144,27.487498268976854,25.9611597900817,28.90576035673773
RALYL,24.950970793849475,25.153821431121955,24.770198211046576,26.170456342642773,25.47543364447035,25.678132581421842,24.388173138910602,26.87260583501227,22.666757727731962,23.136880620640753,22.7467619174354,26.6145088565292,23.946950235185987,25.0975134343329,24.563469408651066,21.422084249325156,19.15971502304707,27.15057043940213
RAN,28.59840843816472,29.466849609582436,27.66881057979192,29.07766677587208,28.327455205302705,29.798452048314054,28.744909292557292,28.777072196733926,27.198267605325416,28.313879220939782,27.740396834446578,28.609266529479513,27.54905909555663,29.18778761990504,27.624896449522936,29.039494600002648,28.0050571994547,30.009274796036806
RANBP2,20.298860159541185,22.406947996970278,21.63029058697632,22.799823207277324,20.120569506917594,22.5060819971911,22.11555713108556,21.72333231141036,18.300913074491962,23.053459744763266,17.368987698145204,22.264135276226746,16.955629915206575,22.476428334965785,18.526088420826056,21.83833670873743,20.79211204001437,23.449434843967225
RANGAP1,23.275671684893183,24.392393457850567,23.031491497541555,23.761302653763895,20.431286517358362,23.921448089820313,23.85189019116791,23.164687470725802,17.2637784222119,23.201033337430374,21.326986449616648,22.720038186076728,21.06120923725837,24.263550941792953,22.03687129221253,23.857516967158684,19.30861701515272,25.13014207241615
RAP1A,24.481635058643356,24.108887641739933,26.625369681298633,24.951583698440494,24.119083821038107,24.369015765055945,26.229351498126018,25.179571279459058,25.530649294398774,24.802459752822404,25.311163347117805,25.168006071789,25.561888908245404,24.963979770118932,24.9760628095025,24.38923740421755,25.066759519884425,25.254411979017927
RAP1B,25.201387892552916,24.547819686419594,20.563933730787696,20.604175257878865,20.721012229445044,20.088558913561045,26.252806369797053,24.311339381625505,23.807751578594633,24.13722746830982,25.092939020553338,25.636490230287173,23.05319216695607,24.415563649986876,24.984426556546936,24.014171669415557,25.94597662520418,19.763789117639828
RAP1BL,26.19734059918915,26.44686055005943,27.557020470572358,27.3984441472216,26.686421244448354,27.55170068949267,27.50940979129283,27.188777521738402,26.172463424518153,26.41642553317335,26.216415265894028,26.870525293889937,26.071654935139268,26.515078999880163,28.053381950043555,26.81931575437182,27.223047468215803,27.653802476484785
RAP1GDS1,23.35634727822861,25.251831346547323,25.621758030705173,25.654984216097944,26.046117906654988,22.968639511899102,25.34006462996093,24.17448361994294,24.530997019746476,24.588483451486148,25.37099595865335,24.606986928455324,23.5232930354666,26.28329872865972,24.943060665125113,23.714100679554413,25.380418723869564,22.828177711033582
RAP2B,22.426758346293518,20.932253438432966,21.521441566794472,22.251729514849004,21.400022660640918,21.94059871646797,22.79172755668718,21.907488061898828,21.401407664617654,21.343616052651043,21.686519377452417,21.523950424551124,21.390324061291007,21.3768419847307,21.032735941908122,21.30905022318201,21.392385953247096,20.567503179958806
RARS1,26.72682669837723,27.11648149648535,25.83858969274238,27.932566527506836,25.91987814142091,27.497772611348992,26.94948460406537,27.216963385911203,24.523652699333116,26.139697746477253,24.68857576379112,26.259459407885753,25.310422583373644,27.30222765135588,25.204329480401373,26.5098898941681,25.18897097191215,28.003982614572216
RBBP4,25.36761295075948,26.24824470915541,25.35277014016607,26.833346355889216,25.468878484145677,26.906156388667934,26.444593062587053,25.637033952696605,24.166513349731805,25.12436535760411,24.000644455125943,25.900656605828004,23.614077309641846,26.616804866557235,24.210066545638014,26.015925792746636,25.0922280129866,26.64022604840197
RBBP7,24.319830650116703,25.455091939787692,21.188810135954725,25.357567710867514,21.760528271288713,23.515825889568085,23.827283230724248,24.582618840589188,22.005604405464442,23.4883642005435,22.44156405764658,23.758018352208445,22.820110548764944,25.00390299460736,16.112873417849904,24.690743146522028,23.00330324002012,26.320132381748284
RBM14,25.128222716904478,25.714742787241352,24.463145429130947,25.753445650098953,24.093095179285736,25.65482873025667,24.606811645223296,24.75622746636678,21.91434395016876,24.260978903077284,23.431440554899336,25.324680027162735,23.59365205231417,25.224694113487114,22.14267182692753,25.189233400290565,23.77729466713591,26.928565115212688
RBM25,21.991653331207594,22.68796894049695,20.763170122841935,22.873496999651007,20.315946379510006,23.915111164730828,20.663400914629918,23.01995456305903,17.817853408250077,21.710025176322166,17.56062189310623,22.362711712966302,18.772110249243507,23.31186631261694,19.049720441234182,22.057130228011797,20.35721726970455,23.552543732066816
RBM3,25.68560390576792,26.261774725289076,24.909235186039105,26.483720225204337,24.885269554166427,26.33864230842089,26.500563596774054,26.136480506646578,24.2754944323,25.199059787437285,24.963526085024647,25.676750184391608,24.652990804323885,26.477228745043313,23.695960819291955,24.861494360456177,24.734812485871917,27.350806352623852
RBM39,23.855378661043478,24.716563667147675,24.218522513009514,24.86517950013232,23.946142569953775,25.195786780674677,25.125125708658054,24.496413911505503,21.839560652592354,23.704910569025188,22.443984205265906,24.449297755851642,22.77574272390113,24.695460379302446,23.073355847394442,24.366289796339938,24.476439725197114,25.258641888261554
RBM8A,24.16290816872122,25.067392175578018,23.51815774676164,24.94502932941725,23.66162749405556,25.228026755786832,24.657915456675028,24.563261170545754,22.361747742997363,23.062446325864915,23.070107713812874,23.726938491962677,22.21030111945617,25.144790162212253,25.371823443288026,24.52195545151276,21.337500511816817,25.378475474815346
RBMX,26.893288043884194,27.346762105823753,26.4761321608104,27.759889167285415,25.808962522780494,27.908465902007404,27.217360032735073,27.120280332153193,23.957606521958105,26.44760290748359,23.562126441204207,26.632754008091762,25.19537196339888,28.005686725805848,25.52124767802601,27.174801113572002,25.093093852861283,28.46896462531429
RBMXL2,25.750230247159095,26.659854597549813,25.200453186957315,26.37690885100588,25.12915456265072,26.530334387870525,26.34829911066374,25.97980677417507,23.645656489170822,25.29590363180874,24.168446336435107,26.16640788682832,24.077531330374864,26.139247553903022,23.941125700515794,26.01537205919791,24.44968080514954,27.46334215052587
RBP4,25.77120804877645,24.161470286678473,24.638667585724864,26.218989984788507,22.432484936830704,25.100773741004236,24.9570709736263,25.356993811055702,23.91740533401421,23.68159881890035,24.953004569574322,24.17233258165405,23.967272705226424,23.904198039367664,24.275725857209935,22.543423887314326,22.381789187036166,26.61688256805345
RBX1,22.855936505539066,24.29038528376603,24.188124552251725,24.41697423595597,23.902290967290096,24.368311936936063,24.354611671793453,23.769503846970306,21.077994202598095,23.609847338429613,21.810877067001975,24.105552516393292,22.48775772380996,24.123582837257743,23.11384564296698,24.39330550173239,23.742180479349685,25.13694483332534
RCC2,23.1787230250551,25.7258999768335,22.038197512764125,24.52857136493851,20.605217902572974,24.88744507491724,24.82694899905965,24.139899915474608,17.716960574281316,24.298019335747,20.549276845354917,24.46410258123396,21.33496921500029,25.005439171783973,19.705564783574186,24.72221161859146,21.099995318260945,25.053572116169278
RCN1,26.472739612004794,27.068475708149457,26.69118232625509,28.670212430838003,26.29902490962409,28.366213208872512,27.157589898346085,27.339204378046198,25.040948689976773,26.368306991884182,25.673095363115344,27.354889080873647,25.390316497648392,27.87233676415115,24.73681252369729,27.01223957350792,26.317494310350494,28.685445322649784
RDH11,26.045634885100842,25.793859368219394,24.089435553471183,27.24518506437211,23.165883297615075,26.032348882017626,26.686059274156815,25.865108464562297,25.602608766653297,25.382517711731726,25.778446683726326,26.485841725143022,25.03394631555205,26.641191074606375,25.627341703795796,26.150080027802804,25.141244221182205,26.497215575841494
RECQL,24.667863762186986,25.36535623555485,25.170140782690325,25.55718809909718,23.930490525075065,25.730718072276,25.389034157834022,24.839874407558153,23.67567486118821,24.101618051527993,24.192416432406002,25.184550876447208,24.082193623242752,25.52452787389573,23.68788382409107,24.487178450927946,23.18598120832297,24.83984192116129
REEP5,26.854150917082595,27.079265635852995,26.479747519303487,26.99854202387881,26.12573830931718,27.574615568929882,27.024269291700726,26.94462797211218,25.342654303514703,26.049991230591928,25.86556103020675,26.48406860711021,25.789972699376907,27.18668203612979,26.202067842723636,26.564239863537143,26.023931943029144,27.35391203623844
REG1A,22.493790223274925,21.876352726296275,21.208860796592326,21.084084676754138,22.42306200193378,27.430121178169486,22.509789954820874,19.457773494699257,21.179968846816074,19.58837739119283,18.488276115727427,21.19768272459333,20.996150913296525,23.664621742939627,18.834212391035134,20.892819791376095,20.138777746692615,22.361758432467447
REG4,26.025223565989034,24.39603868437177,24.72161637738714,26.050239646919362,24.70504747271559,28.122432962241874,26.156371382606235,27.433799856205308,23.49607259185886,25.182485188275567,23.37918154052268,24.610402719598774,24.28304520634336,29.295434096335562,23.776446528085668,23.19128910663935,25.59204019433854,25.207789447568782
RER1,21.895133930471278,23.559016321044403,23.069101993297117,25.43751689956807,23.481370241239627,24.934985036272757,22.096306068573707,22.134423240760658,23.0252648112853,24.080561211988364,22.90039181278673,23.328090160072176,22.71013808898059,25.425471621479527,22.443181216304943,23.46808661145156,21.57264022062657,24.88210079037049
RETREG3,21.76301102587889,19.77661497749804,21.096680338719057,22.45663139402108,19.729868763789806,21.73749865232667,22.130100901970874,19.819393075168414,17.856157628845878,21.141716568180836,18.312776814482458,20.324209701246552,20.60608925339973,21.794590313089103,17.434108489374463,21.929857176065916,20.944360787143612,21.467114310553224
RETSAT,23.81138410643102,23.472393921552356,22.981697246921197,24.000641955518276,24.193520142590277,24.483933101429216,23.944101760837096,23.76965249568972,23.03784066312324,22.824255557446193,22.271622680435108,23.78052137590157,23.286250225841478,24.071922696617396,23.28240449472499,23.662233893683645,24.06103023197229,25.129408928042352
RFC4,23.818919907300888,23.649598045138383,23.07221613191864,23.862643908526152,25.217682324063933,24.9884282715004,26.612889845193664,25.069243242649286,24.22945669300133,23.332636386662564,23.63502265498668,23.509341301729727,23.927686897389503,23.56193837256786,23.813566204980233,22.97176533832525,25.582355017681337,24.594664752744507
RGS14,23.320859097032077,21.531330604051266,22.496007804443497,25.64814723497337,21.360011317966805,24.483144796607743,23.770173828155123,22.515175826521666,21.1148029284937,22.543294842716918,19.843857941150727,22.31190177628875,20.70439848278502,23.7917146440105,20.332021270311827,23.31898203101673,24.424088304280964,26.14438967940987
RHOA,27.003319506776133,26.954050385107767,26.545995937032554,27.94590834767017,26.015534224585316,26.961994386936347,27.69348571591158,27.040816625067325,24.861508758931667,26.733982864505013,25.580939469087912,26.948594216701967,25.694605952556003,26.69949040081169,25.92749188999921,26.037629846541744,26.783531751127754,28.41994437515576
RHOC,27.175571912012842,27.122073357883306,27.011067664106093,27.872449431579867,26.607381248702843,27.439437556631265,27.784796804689122,27.243911083652307,26.435942631505366,27.296309627708514,26.52920165872588,27.31954426808669,25.861507594565275,27.957970852703134,25.998868649145603,27.05102920204711,25.999470593762304,28.39557341756487
RMDN3,22.72275403069832,23.323062776729127,21.72246396375907,23.528009987437013,21.899698781658167,23.40530774927361,22.802546044314397,23.06238058818814,21.105150531675022,22.678655939025564,21.69704925606346,22.41310437914103,21.97354348084034,23.214774691786722,21.654851547521893,22.50868458960473,22.06324314603977,23.505076715251015
RNASE2,27.645929150948344,25.974378784686248,22.481829431318417,26.441637836725445,27.288680025315173,26.52121227225176,29.899830102145085,27.50462603539439,25.65113879291759,25.864283002553357,25.33663734985207,24.802249337479424,24.706880526500147,29.25149275980238,24.1779252150616,26.028632899086208,27.46358909285225,24.240781795419903
RNASE3,27.236605406569026,25.643768705703234,24.646684901894513,27.295591029810108,26.46656507477647,27.677836478472674,29.001991354322353,27.809336613245335,25.928610998052683,26.777988286412466,26.054309484746476,26.397788652211304,25.193470845627537,29.72963377317704,25.27794843550367,26.100751522040504,28.247163167565162,25.65620205384374
RNASE6,25.491205633490846,21.740622631108568,18.726780125678054,19.99582735538594,19.219046352739152,21.819080510726614,22.73934033196451,22.311209183225763,18.710695681730968,21.394519634791507,20.757780490199604,21.437060318985903,23.101959144214682,23.07047699767936,21.38150410343685,22.250993504130218,19.162319075615205,22.328658203215117
RNASET2,27.51873201288927,24.51561476721606,24.484402173972047,26.86546245796665,25.303152249504585,26.740506608279713,25.87822857605798,25.048254885749248,23.75098689459301,23.6798276826807,24.28653718423901,24.664617130454115,25.2711258610437,24.716890587658195,23.91898869149972,27.263975145826144,24.48343221517008,26.204054860785718
RNF40,27.871173561791874,21.285672142550244,26.779210167494416,26.5294853512905,27.684003819163458,29.21810037518402,28.253099986075135,27.692350835855308,22.755742078521575,24.315120919632367,26.46671586291923,18.051636378694546,27.19239152532709,26.84806222202886,25.57402619028075,20.973515609713726,26.716793036516204,22.244669094452895
RNH1,26.817303161044574,26.24188176828593,27.263621881014615,28.154325433621683,27.459827862262557,27.247790211889146,27.810348859473045,26.531803955017875,26.89941272246417,26.32960483422832,27.40686492922665,27.46975946434068,26.358465937706644,27.19182097726433,26.693478994660705,26.543076740112358,27.155786768689026,27.85811458643671
RNMT,21.646097200924338,22.889287675431554,19.979435752255117,23.178635803237427,20.72297392439248,22.777803496610478,21.233457081788604,21.068193506490278,17.476599150575183,21.718088403283375,20.386289214186025,21.315536080924513,16.739431358994405,22.323908324780113,18.38806148165055,22.772409334287044,18.76170293701283,22.952126417042642
RNPEP,26.33827248182713,25.655892614862758,26.176014438120397,26.688347040421704,26.6174407272865,26.98286182845851,26.714137639732375,26.768445698772624,26.749538622090586,25.55298651738938,26.292390945642197,26.017116499995037,26.035108453689755,27.14924059101926,25.94622987454288,25.640754601937758,25.9624841770285,27.833354157039413
ROCK1,25.10389868392713,23.93082346002942,24.406201498146032,25.541886495871175,25.10236305338436,25.517924846403215,25.02625771889372,24.316002260819527,24.252925392019513,23.927525985986854,24.95471056290195,23.683047859590374,24.298946616346704,24.470001821451692,23.446287811390345,24.12310560126459,24.477256274048937,25.87541967800179
ROCK2,24.632188797316637,25.44530753782832,25.217790511761844,25.659463061994224,25.118867156651028,26.049345764915003,25.188783894300123,24.890386673669983,23.827230065047083,24.629540999335635,24.743468476826326,24.915526167526902,22.71783640710292,25.854615306794077,23.790553800125107,25.56270336206933,24.5487938005176,26.804132754478008
RP2,23.583920056435712,23.768674124381022,21.7457567594089,24.152520430275025,21.8160643373677,24.224059826967952,24.81366579621936,23.558799954660323,21.18491365265108,24.12904628417214,22.456565162008697,23.650107142902247,21.982365989171416,24.26416360025742,22.628931005629187,23.931755099844132,22.723141057480646,24.76409904569866
RPA1,25.147331978998814,25.78199397506956,24.872901007428343,26.07483730780716,24.836104918248964,25.62038061970352,26.1869636142102,25.14044983561268,22.86046222848981,25.06862386079426,24.089617428329387,25.884400392547377,23.444193225437413,25.412464313465456,23.964418532730146,25.2887754473593,24.665087663543193,25.777620706527326
RPA3,23.526317711616276,23.712292808533785,22.21582902814659,23.617284827661656,22.361519754321925,23.684258581672804,24.169884333797057,23.363987531852864,22.255241642781733,22.636999627458323,22.511517356181322,23.456143637955915,22.28154273939585,23.778064250629633,22.178283667554496,22.95930450875785,21.22806008927339,22.981220634411702
RPF2,20.503165682118507,21.478633078802538,19.340570472752177,22.035885339702652,19.995074314472312,21.057041250684104,20.64098959767868,19.81280740083857,17.475710408736422,21.1701367781765,17.443555455333563,19.24662615287452,17.471079596577034,19.463658587180365,17.55284015037623,20.224015770707563,20.151005748148407,21.70987165214218
RPL10,24.06981278843023,25.851894630233605,19.521243544965326,24.73802479576665,24.413758155830312,25.490381848813502,25.833650602571865,25.658043804380366,22.288581815345463,23.881167127168467,23.629124996951766,24.46059858067232,23.117367511660152,25.63330061541339,23.580618119953904,24.652098760360396,19.597002237558605,20.576359502381813
RPL10A,27.634878689209064,28.613727132393958,27.71614084969899,29.207594007572453,27.461639083065144,28.932608006501344,28.484010999185706,27.888521211069175,27.564216346419492,27.857083702367717,27.35453813643854,27.39546590612512,27.605180409358585,28.725947698779628,25.105986147055198,28.39733126597594,27.290466744135845,29.471582288020436
RPL11,26.76933374499912,27.787834426233175,25.80136290271242,27.343877318309573,26.54811502091339,28.16885930895885,26.549003932923917,27.25605728227507,25.483823950627237,26.337192908379777,25.7923920155261,27.362782770781568,25.61745571249769,27.429125132263223,23.845984745837566,26.835871726286328,25.444037815944753,28.634677059903616
RPL12,28.023409202683165,28.380249995514628,27.161784169894837,28.77369050076269,27.58500862970629,28.51333990487616,28.24351458591974,28.13245467648393,26.372728596076293,26.86512099800397,26.77110797659363,27.874998306995295,26.001446365093262,28.254120572118705,26.175612040132552,27.87016865821273,27.203968279402584,28.322401370779527
RPL13,27.866531063526214,29.068008534980578,27.914584372626717,28.92953232066387,27.464599778045194,29.118979746418997,29.233027657811494,28.556855760048943,26.14318246841523,28.13240414894115,26.4998851786046,28.48773209727221,26.972750489432745,29.632318030993442,27.188009234677327,28.969873173444313,27.504088056649735,29.90950377736712
RPL13A,25.88365195554132,26.885558328583233,24.76394920130874,26.76832626254649,24.728063199814283,26.72987179920321,26.996957554442275,25.9947729654288,23.582212151218407,25.962927407040794,23.759787279268878,26.126768711627317,24.40172603082437,25.650703281093044,24.85758322587193,25.788208067085368,24.964833192978496,27.906586929622158
RPL14,27.259959657983508,27.541676906014395,26.325972583020786,28.216706380554545,25.99943070862084,28.50651864189826,27.039326462054344,27.69815133625268,25.513628599164303,27.2484776455071,25.928996743375283,27.030484045792313,25.511360566008236,28.389768544656395,25.42325565922561,27.485338157681575,25.2368439300287,28.727947925639988
RPL15,27.91962062308628,28.60906482086381,26.904801175368835,28.00470448744826,27.18459880397772,28.867203485889203,27.901136928646515,27.90140845292154,26.245891955206535,27.577762556727844,26.396699133289456,27.739181853676925,26.459926535864348,28.374361243558635,26.261390092517118,28.27183225151028,26.82919481506974,29.03354831828613
RPL17,28.139030695003292,28.834377329549664,27.26388977209755,28.848723003776993,27.996956506797794,28.992574648278083,28.679861598329147,28.53714735401229,26.592692912047006,27.834282243453888,27.020407926364815,28.06179212880223,26.232268315667667,28.89807080529957,26.86069156595918,28.257674424229783,27.056454156094393,28.80809640923553
RPL18,28.192682625172782,29.310995866234627,27.935089721702692,29.406444245077324,27.427086535571373,29.31829112551905,28.964523263158455,28.728259678877517,26.84223692837364,28.23707869425962,27.289866450597984,28.631160577193672,26.74539232061902,29.228633985574607,26.023304659312828,28.55076534378481,27.51644124743825,30.090735642649786
RPL18A,24.476610836775833,25.035863997833907,24.440103862920477,24.74824452901554,24.262538787890193,25.56440761717093,22.837899558912042,25.115588627070093,23.958337249212164,24.627044377092943,23.576815958188703,23.922383571866884,22.69333817189964,24.597614826370897,22.375951844212047,24.63457706129211,23.597449644657683,25.98206186248171
RPL19,24.95158753071172,26.283353252817648,23.53227626428266,26.694742305562578,23.66614611651158,25.30969451274265,26.84661325534314,25.092265120312003,22.114875118065314,25.08064406058601,22.7844320168158,24.000466552261308,22.619809041671083,26.083508183688373,23.421868963300604,24.85963091169641,24.395159862563506,26.42037931506703
RPL21,27.025215942532785,29.01475238579824,26.939525876570276,27.613926281156356,26.945193383697344,28.351325797959376,28.989123490139587,28.809813222934544,25.48152801628847,27.67094814647563,21.731806083162397,28.210966375851942,25.086912105765148,26.669650237378985,25.352943622118925,26.461186601807267,26.638623665377374,28.69578985866204
RPL22,27.8075948218769,28.164959236786935,27.271125481942594,28.94292250935221,27.598059053289976,29.262611746694372,28.057954590687164,27.375477612280722,26.3599695526827,27.186062557517857,26.681580364419712,27.33187451671643,26.630971374632058,29.065992092070008,26.282523269715725,28.182215898899745,27.700192877012306,29.372920841300264
RPL23,26.2164426099787,26.98404121441033,24.851429427373777,26.565468163948363,25.11679969161272,25.839273334522396,26.0368117286864,26.0058759224511,23.470665382801386,25.187683895622946,23.414966343852,25.052649559045392,23.356518547133618,26.767883594798505,23.214534900106344,25.97040416065528,24.37457435108156,26.61472581126585
RPL23A,27.62285216296859,28.81038608435417,26.267990956262018,28.687754315100523,26.845435331965618,28.865145218467564,28.189603628837006,28.43882069801825,25.82921137651369,27.407843506246408,25.853751227701967,27.97678758712891,26.61322371864051,28.482681875307367,26.607546417635884,28.446804458371602,26.977032519119636,28.950114164913824
RPL24,26.69673409048353,27.931053089834347,28.008510571421727,27.60783194514307,28.450870047378007,29.472208702580478,28.175747359077345,27.807876152772465,25.63113855735341,26.781157436301335,26.174492212912494,27.41979709504169,26.310780728898763,27.842659908134465,26.14530544330183,27.400700097862323,27.863935846237602,28.729833521321673
RPL26,24.18715756335839,25.57231343112754,24.570007373763477,25.92683862492326,25.78164053597516,24.676067962634637,26.11029183617397,24.785839020057793,24.883345194275407,24.719111286867484,24.361929050886534,24.34786695666963,24.560651733429697,24.211322683785365,24.659275173045348,25.21452150645687,24.70242560530472,25.83345714931923
RPL27,28.066273498683252,27.778189100472837,27.00820446106268,27.595623265163148,27.3193263514351,27.371198084365044,27.939667188064835,27.191311949566863,26.27985026378458,27.548362834714,26.240566397174668,27.28673996591329,25.889382186554137,28.509013370680396,26.65373599101264,27.570064397706755,26.9582266757585,29.437256192615965
RPL27A,27.90050206681429,28.627098690486473,25.42354276993324,28.199694458008526,26.27592323578462,27.70890250539723,28.14875637597154,28.249326667344555,25.822966974290686,27.60150554108523,26.40450178928782,28.16537347758093,26.251012282510104,28.82059157330811,26.31764589805423,28.45273321851221,26.282606064871786,28.37161190149711
RPL28,27.308457069705593,28.488188460869935,26.087692586635832,27.45604150272136,25.85522749724263,26.987750312947487,24.806832231499403,25.9701085762199,25.351002025773592,26.799447868728844,25.463803887867094,26.466685697640134,25.860416001003333,28.223109293049163,25.71784495604007,27.114676308794152,25.633218166565396,28.215631277031353
RPL29,26.162140711673118,27.818997042329023,21.269776521067616,22.058669644252273,21.47808581183471,19.52504464697699,27.47333824387971,27.384978083202647,24.843272641040457,24.541937074724625,25.474748626288942,26.28221373851709,25.50254396541406,26.544679179019152,24.684025007812036,27.106959786233578,19.591777405770408,18.547806952468125
RPL3,27.47536782702895,28.125313548912896,26.27928515441145,27.805407556043505,26.74573035761287,28.573053732384146,27.584026782749195,27.737920234628703,26.010836284140947,27.10411087600594,25.90918611270728,27.57035581216897,25.683322732577505,27.7840483387983,25.93413092716884,27.399725842738665,26.470040395466157,27.850571225507366
RPL30,27.222640254821304,27.853960190404678,26.603230017829738,28.127111010059654,27.05158162070876,28.550956941269423,27.15513596603393,27.662093744368658,25.5089867040509,27.073081197564687,25.400725020378385,27.64337093464765,25.116716106735463,27.410248604453443,25.309216721655464,27.954823047129285,26.691910936388552,29.019190133092227
RPL31,25.38027773282027,26.99347111299767,25.973195565159074,26.764357447830246,25.93729573443698,26.63225117226829,27.15520653306125,26.812882676008794,24.55984767546351,25.48170075185076,24.46785841745998,25.369236025447172,24.996176272812804,25.35015532705367,24.585777168148223,25.793090233008694,26.186189594194385,28.32536051003369
RPL32,26.2253541797826,27.042111806708164,25.62789091112953,27.384265530427967,25.487916953081328,27.066008218915364,24.97913966241515,26.157978984948297,23.749718240939025,25.966566390793265,24.163310266522736,26.38401581435004,24.57177410090079,26.98828775267264,24.589362643030185,26.488710996104516,26.06729662036045,27.823506096413222
RPL34,26.268887230031222,26.268518250733973,24.182157273501904,27.046738965265583,25.00230897641842,26.741325525728886,25.10575462460554,25.804732850308238,24.098349139469917,26.39124926980592,23.98949254617761,25.7263668063657,24.309018074303008,26.17037803470971,24.411182771218673,25.824224647338504,23.673288739291515,27.755444947164747
RPL35,27.323168595293062,28.410993755008146,22.660932285728315,27.91362681141142,20.086080239762417,23.99382974299238,27.47507255864249,28.111376702178237,24.18052678546034,26.1778683585867,24.716474966163705,27.77360388787096,26.119352538557433,27.30003178291576,26.23737109063499,26.944532127247886,26.003722649238565,28.473642396727737
RPL35A,25.606917743055828,26.01726158726933,24.555779953166212,25.172832623896216,24.85340133999791,25.91457727933875,24.862367695159463,24.953131594445868,22.42526768215354,24.090603271841452,24.20463186938034,25.407531596486795,22.769465983427015,26.210318763149093,23.319053938393218,25.13055689038835,21.931990136444785,25.672553840215134
RPL36,24.364729562318402,25.00758577685601,23.992463487682116,25.173428047672758,23.921623488582863,25.46270791680022,24.281261752220797,24.376014525355803,22.130398421136942,23.78666850409316,20.2329812587902,23.391100704918156,20.753361731161206,24.142081115030017,21.02395428015219,22.66623242698997,23.222133416178405,25.46104478865794
RPL37A,23.54479191513934,25.342726356896495,22.030014959460992,24.650490141233135,23.4347191878313,25.465499480835614,24.022500990985876,23.920294504276587,22.100996642471976,22.984660429265816,22.520729426394073,23.801860912716624,23.13686655786101,25.379741050123073,23.16911385153175,24.65807488087419,21.67367790720958,24.666865836535216
RPL38,23.868964175774448,24.79194256142595,23.123927540739658,24.620928844689267,23.043898553692117,24.5958114651233,24.211997721693937,24.428561801936457,16.27674893598338,23.236082776914184,22.650201003999992,23.358697178253284,22.298750444556934,24.697242436914326,21.940953024838716,24.06846786360216,22.44489137029561,24.827556524312698
RPL4,28.687690174611472,29.699321887333316,28.48527029749074,30.119892927650195,28.0392519221337,30.10838317463479,29.322182417346202,29.28866846828627,26.224412780422774,28.44697093634777,26.96661339693645,28.650616661122427,27.264233096515483,29.27483253908232,27.1186637140582,28.769068696158055,28.01578588612715,29.95986328680822
RPL5,27.193947192014868,27.584647971122383,26.074791935160036,28.47595344773414,27.363180549820406,28.477146670581728,27.94952155717987,27.96864711072632,25.057819504125458,27.393790652380034,25.768084653851368,27.288570448045036,25.64204582568915,27.875745638046254,25.92803734041325,26.906836378298692,26.51228017096869,28.871080800080968
RPL6,26.88373464232448,28.269069867624765,26.927390478874567,28.38984665404697,27.11989277517904,28.951251074497115,27.945964632339237,27.411932864846392,25.796804496383317,26.828642049655812,26.133509131909786,27.25889212787095,25.851214937173143,28.766730402555147,25.972051372752432,27.849847330525165,26.395564274300938,28.517058790881133
RPL7,28.46439184945188,29.457411534591174,28.09970166490264,29.110540114941166,27.811249564182773,28.967198180573934,29.1935127629145,28.94741941391442,26.89259807681642,28.469461726718368,26.94701799783672,28.762133910579003,27.188835308016525,29.428859540740067,26.80681244160498,28.714506841265628,28.010541562138613,29.204612527748598
RPL7A,28.823919683747487,29.34375214823872,27.542660614526593,29.44268127373141,28.051334612263116,29.68843287330075,29.11438518084929,29.295584996458523,27.202618431858237,28.392861941965602,27.538233143675708,28.79421158593615,26.682562578779365,29.593030345236926,27.007550142539234,28.80315008537338,28.07674097961409,30.06429431548745
RPL8,25.337638429918222,26.29455912848359,19.046827825271652,26.260566806283006,18.133942075567113,26.263348766345185,26.37846831668792,25.788434083437235,18.443278277373697,25.43273969756284,20.287919709046097,24.947827151339894,23.582787003227633,23.537717011946825,24.239669099195535,24.910148571517258,22.286320278259353,27.351330020574768
RPL9,27.232547092568634,27.742311926776033,26.600081275969455,27.87338541760315,26.16375817063819,28.01016199739271,27.62239084476422,27.102889258492546,24.75824809942896,26.77588830538758,25.671341234357595,27.476046225368425,24.845799010739317,27.826728487577594,25.85129081128324,27.552446151251175,26.264657598081282,28.01492905129787
RPLP0,28.160594436244455,29.339440183742067,27.878663569319748,29.775083899760997,28.04140168313897,29.668199905629432,29.342800058748182,29.001186726870934,26.75461090736745,28.078391108851896,27.09123906924397,28.429193191456864,26.445243595022777,29.156268522961113,26.833685648706272,28.228997979095052,27.855779934498198,29.623118479640176
RPLP1,26.36329290683581,27.594449588446672,25.516235846472274,27.51866515719113,25.933702609913126,26.129125848308448,27.339278457659113,27.400857407132513,25.400995854764258,26.007573136081966,25.029717133428786,26.845248434510378,25.52162995601954,27.288994146008264,25.21993124837183,26.205080297861606,26.05073641258701,26.71202848113666
RPLP2,29.20667554903362,29.68373317779303,28.166795086787015,29.8737147314558,28.329332748891222,29.93108790561389,28.904179120234904,29.26660168890571,26.84423559154333,28.8664503032682,27.35666432638662,28.81194385630087,27.43597311957918,29.37324432591525,26.77325350230322,28.410489200158047,28.509978412453645,29.558394531908743
RPN1,29.248901404915653,29.366644548917694,27.84845986862443,29.820950766197672,28.25677729981536,29.298682709990935,29.67852326397464,29.480725398415107,27.365117828390616,28.456357958736742,27.48418412187355,28.68742996038236,27.344866325684993,29.60129951716296,27.216341653210876,28.695853938251094,27.823272787289728,29.515245119904193
RPN2,28.313482541205598,28.342975537186884,27.056766045588045,29.181600547156787,27.015130274426948,28.531473649427923,28.21749554268905,28.633775997347776,25.64468228907034,27.12183871302037,26.624095361364002,28.04251688414209,26.41682209385622,28.127207005781123,26.560558645164626,27.845867226849098,26.423454106936337,28.54242766593938
RPRD1B,24.176332996492395,24.65914738432731,23.299327884718494,24.825085571522944,23.61737552348384,24.292486253222364,24.71523880599682,24.609371687231317,22.718727317307554,23.074822068989057,23.092422234126555,24.444531211282452,22.80138740409838,24.496967485703767,22.239432558131533,24.087558328371472,23.234594865367082,25.18305588458723
RPS10,27.81822212146524,28.24559947263336,27.10544817514064,28.38830680764488,26.627348984946654,28.382630123324223,28.247263741778216,28.280542887638,25.999597863165686,27.324837446351218,26.61849365897329,27.61665934568834,25.82529936498647,28.215455514019116,26.058967742713307,27.598369654175837,26.809381955894388,28.32195318165748
RPS11,26.187422418103207,27.433842816029614,25.813597276149327,27.95405616585197,26.41360200314624,26.974964963917504,27.096442778423178,26.529056107452533,23.932409730910233,25.327927294277437,24.315941309310805,26.38659247424623,24.79986683619434,27.39337461726891,24.546671963033486,26.44594279650174,25.507428390543687,27.88928732908726
RPS12,27.051038969352078,27.551744752773583,26.183726115573087,27.99484590610045,26.18956172752703,26.983652046390546,27.40124036371664,27.37161429597145,24.96656291249468,26.664912399959313,25.413628209634975,27.42064726247273,25.643705544808093,27.185031005160486,25.316891435839356,26.95880632573056,25.7010586819451,28.349469792223285
RPS13,28.176070381012593,28.209825766511308,27.61073745812889,29.31321410799274,28.107158988336685,28.576705551176666,28.203621715214815,28.162018330883097,26.554710314009075,27.633926001287993,26.571535868040108,28.00539657856505,26.480007564383705,28.89911572955276,25.759901566648534,28.165687651950023,27.677599654399636,29.08378949236554
RPS14,28.341162839374,29.024937290114522,27.725595724238207,29.371503932989132,27.957856011040196,29.1289917622162,28.73376603313577,28.509776776761306,26.71277244707221,28.29869107427735,26.34492993259916,28.37270535692565,26.928268186052975,28.776946933116854,26.70202726589678,28.54844404950248,27.542021434283075,29.758455696801928
RPS15A,27.40545487556239,27.992019846955547,26.4804496051685,28.18556399016741,26.274561534134424,27.777943412813727,27.492337324359376,27.221664247328146,26.10255406041051,26.89874366253578,26.07736870058626,27.485494998770235,25.782805848131144,27.929608035421253,25.416482191858858,27.14399035752483,26.10822626282129,27.840349837397643
RPS16,28.37851584841484,28.81098776296104,27.87401124357521,29.174459359970992,28.165715735320436,29.01772255089945,29.255541712804536,28.623349377880302,26.331485800526853,28.47468031641009,26.817084044359362,28.691537702919177,27.39422866419825,29.197947749877457,27.304218477043854,28.501890568558462,27.72066934350543,29.447936921664926
RPS17,24.64162120669222,25.228236099520696,22.995518670547842,25.747165914182375,23.476711213473674,25.468401367511593,25.094990952226663,25.679789213972086,23.508889371427344,25.119450377038145,22.888182245053244,25.607876091474946,24.056480552779366,26.08296709333863,22.604778956804026,25.370867425626876,23.574797336876127,24.882809034154477
RPS18,28.501590959343314,29.350606786595076,28.117097775715358,29.77884644686178,28.4269720741016,29.69570307735874,29.53068472460241,29.21616290538056,26.69896764343082,28.53122638107941,27.60346133052764,28.748024201548347,27.382315897173495,29.711803162359754,27.347934627697196,28.871175676095604,27.62869244652817,30.02516192583299
RPS19,28.453086073557266,28.484799943018285,26.96615418695456,28.885093247918878,27.0738704786062,28.779605100411754,28.09441619643755,28.57192908506041,25.788282586043398,27.983791728232514,26.43360497589066,28.534974728538874,25.59544672609566,28.1808277359246,26.16785701609923,27.928158756209772,27.14071461804019,29.351726672399298
RPS2,27.920326948572487,28.81902967186504,26.80301540743823,28.467710620597067,26.97825907258567,28.14280301840509,28.55555613940056,28.419224008253554,26.20907515237455,27.476855002127134,26.916413567775678,28.142254731662845,26.447977230828705,28.531740998619956,26.615059950376192,28.50757856678547,26.578668333147746,28.794035189485207
RPS20,26.823926130456986,27.33528383406849,25.415494026539303,26.742622273429056,24.02566407721454,26.545122113846265,27.26386685360954,26.924786262929004,24.223626983533656,26.220743812599466,24.474447731895417,26.799906660259794,24.973603059470488,27.228981820647864,24.666079368165427,26.81808406014852,24.926883300409962,27.890975990759955
RPS21,27.90698874267541,28.29151599697476,26.517756535078696,27.784906087974147,26.731563479453545,28.2817935695739,27.580420978020406,27.78899966047255,25.586378240121405,27.176572887976384,26.319945176403987,27.80048176858659,25.70801984689483,28.576493197995827,25.995826765124114,27.693173303006663,26.409847507875035,28.001880372972437
RPS23,27.11943339648848,27.870917970988316,27.082436508038693,28.191383945286326,27.369671888258853,28.55402357617133,27.08016782947821,26.555073235057876,25.526120349612064,27.559933627300886,25.602565868299912,25.43508838834838,25.16021130434983,26.665271641584145,25.362167987123744,27.043066517765634,26.735785675121328,28.961039461678133
RPS24,26.556543453573696,27.34442782903782,24.08530003819891,27.289194703761826,24.78814258421697,26.80068246181543,27.020617334217818,27.088608916181624,25.29108467048307,26.211651391525088,25.37211434612423,26.698273304633577,25.02401047552658,26.95110533079654,25.265261609172967,26.477539103942405,25.104587381679508,27.007226767338693
RPS25,27.319448678153954,27.60710516372702,26.784707990683938,28.521997153153094,27.00198913682514,28.673802850583147,27.990409443882925,27.14346543484934,26.223381738293284,26.833590746346957,26.467439626535466,27.978951295461627,26.742410887726127,28.784674847717405,26.460500883619407,27.936231395928168,26.92886033655457,29.134989916753263
RPS26,25.701346485882226,25.281573863935094,23.97255052966529,25.96390857501548,23.184953341528683,24.657904952378114,24.702023129400843,24.883377192078076,23.88885073278336,25.030088597984907,24.6211990561018,25.24257848338423,24.69711716809877,25.46844974043439,24.38182579661597,25.761856341878175,24.576652247456803,23.750632916842175
RPS27,27.33532985073247,27.41980892330899,25.939306771285537,27.626225439878258,26.55100163814907,27.477316650613833,26.600433093415255,26.756420997881225,25.361188151490552,24.82144263545059,25.534523577358495,26.520874825788244,25.647497853987048,27.55173665055716,25.620816990625784,26.02350596593929,24.85853731138074,27.69558693943243
RPS28,26.801642990101985,27.462378181529772,25.58987166157997,27.03689057864403,26.47712367557386,27.58464527585407,27.048418608552687,26.991618589571917,25.47248002987289,26.21766491903329,25.677424855483224,26.75203936326158,24.591459690598327,27.909562511274867,24.892453257883258,26.749228404818016,25.673432235314685,26.847710983605676
RPS3,29.01019055267649,29.26079732178511,28.25205379328689,30.0322267374773,28.696130466861266,30.035008282172903,29.149777698209178,28.970542923705395,26.956670650108784,28.04211756806468,27.263224391377666,28.764925409898883,27.09158912073499,29.575998513717487,27.26287010811149,28.952822934462397,28.08779933900995,30.38784053490677
RPS3A,28.43083990307763,28.823496989595178,27.87311655255066,29.05508065191714,27.85284240734635,28.89952069976622,28.473390093627646,28.48972398291306,26.551386542807162,28.124375776313798,27.249386329998103,28.526238114467308,27.05986342867495,29.03782708729398,26.578748780303687,28.336554308075517,27.771642374391693,29.29595095798063
RPS4X,25.89687701506004,26.617541261589434,24.738992306341267,27.044890499556647,25.277347009467192,26.191109811747793,25.840688954444023,25.539252471715052,23.884523455664485,25.88547333806513,23.921240003791176,26.259854264676346,23.43836945701713,26.157749859220946,24.51508872290047,26.208759551585622,25.224930723263352,26.089479362778704
RPS4Y1,27.865015909993385,28.4444299470988,27.232010750177164,28.262743330846728,27.045203695974664,28.600113124812715,28.42437243538324,27.713317595097077,24.897101932984476,27.004786915343097,25.679791957112418,27.616331576902347,25.13855798500719,27.590386267083634,26.173760223738487,27.670258827966816,26.374488746287344,29.25105638914086
RPS6,27.21831779669594,27.64008653217348,26.748209069799987,28.818475436310784,27.422797135807155,28.52083495655846,26.1352121231929,27.739074342441224,25.28861116042954,27.37848908730407,25.389801192143224,27.663173882053208,25.366097544442777,28.13376443547662,24.834149530670544,27.729280458372994,26.88350176522517,28.625750955709496
RPS6KA3,25.9834815122294,25.136023377165714,25.47530236798642,26.52466804951094,25.36278884871622,25.71154979582061,26.180449455013232,25.765160753023086,25.211054452895123,24.21311551253469,25.522631618486315,25.111472677581013,25.160490638659297,25.646375167482436,25.06500960237015,24.61085431597599,25.141229456668977,25.40158416944501
RPS7,28.47921291284149,28.25521689292064,26.72018026305379,28.224168651535233,26.663011943530652,27.577015593753725,28.05897895839795,27.630941798046354,26.67640733229482,26.85920470998874,26.289298765766244,27.980106206628527,25.5583388958303,27.839976204473714,26.118573872393085,27.550337330186483,26.390149576036137,27.9151940866709
RPS8,28.133508188761834,28.98531037167978,27.676272185887466,29.06053344655219,27.33038017282806,28.914657594045924,28.49382827105506,28.671456215221298,26.490871459926584,28.017548053038357,26.86952476129784,28.536419617209738,26.464936854440815,28.577746518943684,26.869335896428183,28.379990970509994,27.175635725298193,29.580121564898704
RPS9,27.283943736669528,28.173285845760997,26.317935628120498,29.1330078234994,26.607259959677055,27.75657305469587,27.373261438523127,27.879758118148942,25.62206483129422,27.11223876879341,26.282248878671016,26.89723512265866,25.75876551358589,28.391893289379464,25.79962861077809,27.397756804687507,26.408353268085076,28.46535825297715
RPSA,26.597309323362854,26.569435523816136,23.991581127549832,25.165241949881903,24.28339205761378,25.254209176550372,27.129208585215796,26.286964112754646,22.3588250449268,25.775554832069552,25.50867535128945,26.667325063223924,24.523523587861508,26.48825196939059,23.95909181410033,25.828238699765702,21.063423494977954,23.94445437916572
RPSA2,27.81267247988166,26.334838004634314,27.17952842325525,29.14134222496298,27.34343203656371,28.38372981008696,25.593399637080115,26.725673744862487,25.66346786129657,25.67976719010641,26.098735090678133,26.48568115292635,25.896854172056592,27.73328276445287,26.61309835828246,26.61196362732443,26.950454442379364,28.751738319409508
RRAGC,22.4396379864729,21.608830719305434,22.12209472198303,22.30396961981338,22.235472318836965,22.472135609527676,22.946510135013487,22.25310027218607,21.426592118090813,22.622348707596164,21.900354362446038,22.631390600961172,21.834086727122465,22.508262887087255,21.2966011536385,22.081460559834394,22.200497637674584,23.094737056778094
RRAS,25.50114112891159,25.06907389950169,27.44967688849794,25.792119041768593,27.64913323595067,25.7322539668056,25.76192721347613,25.093814348961498,27.763091354346503,24.44754498130473,26.92475475720124,25.84734250175647,26.998699087175982,25.644833603304438,27.292135432151355,25.048873198992062,27.202848951157478,25.789898093076776
RRBP1,28.74140772306041,28.962194283723434,28.44798304293161,30.009950635104932,28.88918177232715,30.191218000653713,29.620378348138768,29.87775114909313,27.459320127221012,28.08544557011453,27.571560918754823,29.12493761753737,27.41494941203791,29.91338632041374,27.37860961474855,29.128394183837635,28.40601379521133,29.406455264871468
RRP1,17.68513229203181,23.04590677419716,28.36065884540756,29.233192083612135,19.50031189415645,29.553014704102203,22.531295715749607,21.365558561191893,18.163284684330144,21.965003142273357,17.250461909277174,22.18527535296631,19.249215068348583,21.740466684578646,17.85387188723161,18.721916027430204,28.45572100975879,30.68702019123245
RSU1,25.03369695189301,24.30961283119138,26.193867216431972,24.81704697808202,25.23429143225986,24.823317354052552,25.321299071294785,25.32511780752414,26.801747072786505,24.70173391991184,26.21588646595171,25.70261025348493,26.371265339868934,25.26168876259921,26.824152151945842,22.927188896997386,26.412550878200314,24.143019934476964
RTCA,22.647105658064177,23.442078770631706,18.769099110320568,24.220893700636644,17.492669708015747,23.09791845468762,23.301616720578373,23.180660692443485,21.488635619323848,22.56675475808204,21.92730058668863,23.105897669132418,16.4711217752744,23.51542516035494,21.339827011723234,22.597288943722123,18.039482867436003,22.754998776245998
RTCB,27.02421524451764,27.32944090501722,26.054180680448606,27.892540326308865,26.673499300590336,27.661555246229245,27.387293694208093,27.164778386681153,25.867631431279992,26.559316860964095,26.128809439670583,27.0389401913411,25.851929128894323,27.70901529174929,25.702130364943965,27.15873445863451,26.25738440695493,27.84251332353373
RTN3,26.540271264874942,25.21094380654546,25.537102262785023,25.364400742581036,25.826168905006014,26.841454616220346,25.848266202983314,25.17643659126884,24.993002876438105,24.463989073552426,25.523201810721474,23.955896055217803,25.0214876827018,25.622325505674883,25.205156754582383,24.66690192937434,26.10014903490324,26.79819830996338
RTN4,27.989673278464764,27.53724896832279,28.06582999833456,28.133807997694277,28.226291192093186,28.440922633479506,27.756714595947685,27.591531027517053,27.84242824426642,27.422937424904614,27.200166561306812,27.175220049409845,27.171793529739237,27.454451446166345,27.105520053147725,26.8071673392988,28.247566163162443,28.355932456045696
RTRAF,24.96537728674388,24.298380278352305,24.7157635881337,25.470168362150552,25.10922234912714,25.989192069708956,26.38653112007321,23.5357925398801,24.1958970422304,24.322596572470967,24.761617431075457,24.999556063142208,23.41842653383735,26.191203605666686,25.145022733818102,25.29870225101975,25.138075305364932,25.894540525453984
RUVBL1,25.653399851433893,27.09088686311934,24.97279948306451,26.69274857588669,25.79613062061553,26.827132747663704,26.360931164293255,25.793675668247886,23.66568615894562,25.916187525031695,24.61065647094382,26.15397168154636,23.10560594686786,26.75831804927845,24.337644445417776,25.65521422726197,25.619940165487535,26.748606322694556
RUVBL2,26.353402171203047,27.411377832326785,25.871689783778415,27.28415792628047,25.81615302695599,27.095429625539264,26.627130088976724,26.442507427545166,24.38519656131865,26.257947450392024,24.89480959857435,26.5166117095417,24.97802843676613,26.94648532219754,24.708236014982162,26.46273515593792,25.355931090758126,27.337438103817778
S100A10,26.790139832321806,26.76915773788019,26.39827634468352,27.49144501260845,26.63216193571768,27.212098124330726,27.248459233516783,26.377171214701942,25.553800059242562,25.263537927802915,26.181496193326016,26.07592419100366,26.084444617778974,27.235591471505764,26.085220906516664,26.261259789298407,26.099398879775592,25.816335680354236
S100A11,27.063565470880974,28.3552328347387,27.019055280417454,29.276922923043546,26.194601617217526,29.301410399241387,27.68455538072321,27.48847761650546,26.01312522979607,28.26098048309977,25.98882167272343,28.707167455258983,26.166500669750977,28.939244907620818,25.840641951473287,28.954843350025406,27.629837219425596,29.445176800675167
S100A12,20.720921988762264,25.091103151983923,23.9757095839157,26.083937578479574,20.340273251188396,25.410524737595313,23.160939811191657,24.769579447962776,24.733632741095278,28.563384410688954,22.47488209975052,24.26069354325758,20.81423089612206,24.10480716060192,19.400403117671843,20.899694835924134,26.871706181938215,23.559069677158252
S100A13,25.414432444366874,24.600229257737134,26.337855870029436,25.92265252891521,26.082460731428995,24.310822638205632,24.424097311056904,26.05818073119474,26.117389844930006,24.465546480849635,25.90464217285098,26.08834601342919,25.193127092978866,25.649635078677388,25.355619250275485,25.680490599954418,26.48218545469523,25.175801432428546
S100A14,24.40834133341953,20.710601264312707,23.473811934634977,25.90477432567562,23.809517878193375,23.614908485826913,23.87108250893005,21.76418470384428,16.866042430663867,21.388850179945255,21.598416038225977,18.153526274451014,21.454219483200106,23.57279218938391,20.84438073908483,23.16050092725717,23.860782486281185,19.753090891976626
S100A16,24.90129345959374,24.383810317311916,24.397598900427955,26.764384355514732,25.367763488573587,25.63056844021009,25.8111915381846,25.594739257605752,23.5932218791463,24.12417410077268,23.285891341129,23.74216739248491,24.75181763376544,26.440932409612223,22.37414267180085,25.098962626656906,24.695882027099817,24.278259938248656
S100A4,26.903385901115847,27.0414565593391,27.511118603454534,26.570024684688054,27.682388909902855,27.241675886138346,29.106856825578266,26.930230098976732,28.037411062114405,27.136897777499968,28.072923853935773,27.483980919590802,27.67781654412883,27.25395511906947,27.515871830021045,28.615744839117458,27.348402694363035,26.445783579856673
S100A6,27.80241100028563,28.743176777108193,28.760830024710973,30.96478846487737,28.242570772939086,29.002429538328897,28.7379000546129,28.531420591076103,27.62003251998796,28.245289547224264,27.33973020047346,29.353103612099712,28.226822330886073,28.869924594073083,28.04474149359011,28.900530012836924,28.531514906518545,28.88537266965869
S100A8,25.8982924594056,28.907063766531675,28.401038968252728,28.581890372499974,25.993560308015017,30.286648484783985,29.488168468353926,29.47288950356634,28.26902057950654,32.05564257243247,26.22735984228754,29.752160788462298,26.48761862659241,29.21610226293946,26.20798179006978,30.1059741781631,30.01569497695377,29.888952259949516
S100A9,25.69313411803474,28.12425710655721,27.480294654443618,29.598162125217545,25.439153469941473,30.390710818926365,29.727665380491064,28.84701654060637,28.186769455941885,30.850050465445435,26.605506276520053,29.13401723749115,26.228634143425914,28.919162540701397,25.733871236853215,29.786720703837,30.7435180124454,27.231923231309583
S100B,24.368221326806577,21.74986743363899,24.093432141765604,19.796017109565938,25.25281664236851,20.336792472863237,24.878284263264852,22.52485130132348,24.69627827032413,21.43206878502449,25.08215487616657,21.44653865364279,24.168852372526093,21.34477697672872,24.974788865547396,21.76558259467019,24.492468371293754,18.74599759191168
S100P,22.31009596399037,27.099673214534572,22.513937654649027,29.45752355712018,23.421998186012974,27.827392338275132,26.154615536616646,27.119295473121117,22.2164690356425,26.91969931853585,21.57843822229377,27.34966495877824,22.511596551380983,26.767029351169413,22.250326976547314,27.711549148910816,24.081983325454257,29.464102607550014
SAE1,22.466381655439587,24.392303461324666,21.73650488388342,24.59057934046238,22.851921084924214,23.801282678301543,24.166386437003823,23.723240329001616,18.923470346119643,22.385200224987095,21.157860661130854,23.388940610780875,22.06727076541044,23.424663886032032,21.936888100471034,22.152029908292977,21.942870620470003,25.032023907059138
SAFB,24.271655799521724,24.600894299261142,23.650441113367975,24.420694262711685,23.803498187132156,24.766320718944083,23.69240512764317,24.322365868478627,23.25692782023597,23.494143107401424,24.12562709272091,23.82576411811478,22.91233633137016,23.762027045268724,23.469125529040195,23.315640975668792,23.561759757473737,25.25242962104632
SAMD9L,22.089677887774098,21.152416807839025,26.078097578254564,22.448123941651907,25.50331550342713,21.618536545914136,22.837428131000987,20.912591676916964,20.914857273856256,20.60301845077794,24.237429551996975,20.929953205593375,24.69970635393243,20.65230625676322,26.989543792468044,21.402687315156506,26.910720547418528,23.532770005354493
SAMHD1,26.716959486428845,25.98330118427512,26.030453020122017,25.93116524423957,25.70475473526041,26.107656212051264,26.96986959474312,26.588628505979088,25.09718132432755,26.528133173687653,25.235246857036152,26.07240284259302,25.594926932861842,26.996678380758414,25.391086985931715,26.826488475120506,25.370521115940065,25.308418889704843
SAMM50,24.918675114409233,25.599989832765083,25.31006120896545,27.00120827185595,24.595411640753603,26.398262567147828,25.825701737591054,24.76776282183784,24.30679718960534,25.059956419204678,24.329280712371776,24.26011017897639,24.447825548056784,25.0428945067138,24.161750905926766,24.805547383004352,24.616443800063905,26.284667507485693
SAR1A,25.470919950029273,26.102500188453945,25.45936736801976,27.11611490624495,26.11513959012961,27.332890718724382,26.018215081927547,26.436867093831722,24.897921553705224,25.936289332629464,24.827130983349914,25.536935142585534,24.235346369883626,27.233615893895998,25.04065238830959,26.249519179747743,25.81167044164402,27.029177254375604
SAR1B,20.57580288190452,20.504365851685844,20.144645437055036,21.656995923248907,19.94833297090763,19.54593197074912,20.973174489649516,20.455440915997382,20.592519793135285,19.52440830415886,19.78829119140298,19.731571694162,20.381191105326167,21.020783919599815,20.38589300165047,19.27886925134999,20.51600852242593,19.73335620686755
SARNP,24.91298426940582,26.189003471351853,22.994111073546016,26.05455849557308,23.39408117540485,25.032405142301496,25.316473881681443,25.670633685042272,21.29908597340604,25.0982746190984,21.302173241651204,25.221084019245264,22.73861185850396,25.62581559878626,23.368694651778846,26.04518990039179,23.223304971330645,26.356614391152636
SARS1,26.073301928271476,25.812596320291533,25.55352008176673,26.645962969711615,25.539358802272368,26.028980517131618,25.933579236361677,26.668304914868397,24.53585892159396,24.33817412541119,25.23910197175588,25.714973361622505,24.600006351436587,26.781978246813082,25.07463479817352,25.422655407699285,25.8953583844201,26.766172404646355
SBDS,23.589929410883297,22.610181863699925,23.0297003840369,22.94147054420606,23.223859102609058,24.605383773698193,23.1896210378871,20.733858013737343,20.886371158361285,23.032358110971433,22.468279678662384,22.596642542707375,22.486680369773175,24.484233777104173,20.0940941547037,19.534432951681882,23.79054134916067,25.083910183590547
SCAF11,21.110998072873603,21.894361276095378,19.81291060844571,21.333055998684443,18.005951306245876,19.979021916995837,20.76868878369659,20.76317863136157,17.24834847827182,20.591507544676105,19.60351540813956,21.626764730775374,21.082237508683654,21.670148095702192,19.663853350076206,21.603801204382993,18.705706029972205,21.819116510616702
SCAMP4,22.834181327872976,23.458599781447894,21.992319502143385,18.96030528029828,21.806276551632976,20.525544802370423,22.944320347841384,22.917464821561808,22.40256211351037,22.811857288267504,22.572146793812813,22.62753180129383,22.352584322932174,24.545051800146762,22.109680982002104,22.978309685128607,21.115490849001034,19.5556089408647
SCARB2,25.535028231963704,25.395197806238226,24.49282936731274,25.397689934945202,24.65137712249115,25.72210309560015,25.504211378224852,25.096320304292295,24.127691394390695,24.479466460484907,24.409370740932925,25.324158598627502,24.156073118110076,25.64969323134138,24.094429176652447,25.242475811179684,23.6546353458843,24.926233877997753
SCP2,27.460673487914487,27.43984645634352,26.455414553005802,28.001560735005956,26.696929557828163,28.2813361501585,27.232726518533596,27.0899350833309,24.208313985664244,25.772291913006033,25.58362483292184,26.82513892137351,25.662078911077664,28.15470564796115,24.094436557040893,26.605003886542658,25.886504260697336,28.67107657671643
SCRIB,21.045551462940843,19.207894346735166,20.8049624708797,22.80692632261905,22.068275652967966,21.49412567735801,21.938153839920112,21.49314605098289,18.271694932083278,16.696421746021702,18.130996774921975,19.066791391331456,18.076171826479634,22.721855626783295,18.341915067269426,20.667211789421074,20.762847893181316,21.317911849687704
SCRN2,21.79043287039559,21.594948024873407,21.227679135427575,21.64382468733385,20.461396572910907,18.823833766944418,20.13229338519481,22.044447296540046,22.14975386274702,20.94385235047884,20.769248839118635,20.929389742322023,22.55093677316542,21.742011499735895,21.809695433560734,21.531546980942768,22.428181439984684,19.134549782944898
SDCBP,23.553758049289158,23.704375299423955,22.774162953912697,25.25548847993357,22.743232664990476,23.522636920378453,23.454472644658807,23.780935858127044,22.339225633359018,23.484018463910402,23.274691852976197,23.603338968538345,20.18306697065644,22.935418942821666,22.99203531238445,24.18763792372278,22.99155211217693,23.986699685382106
SDHA,24.73705992220102,24.10058538561786,25.104659031453718,26.156509224292826,24.069623377779212,24.939463687193097,23.91232348391942,24.278809681875455,23.976657629580597,23.10837593873508,24.412737326763438,23.75049179009903,24.245877730154145,25.360125186452283,23.94850449798703,23.704410633657073,24.414707374634226,24.5069212281344
SDHB,26.89703568265064,25.625692239765304,26.443658351852438,27.55766226474371,26.520669218157174,26.824698752352884,26.559397105980352,26.175433142130785,23.707975623284778,25.570094311181567,24.991621953303152,24.9726021987298,25.31005405988021,26.441707182151223,24.901063320276965,25.232487107054823,26.378529372908922,27.046555506156217
SDR16C5,23.317278362344773,21.554010838605862,26.565300683201677,22.035235750663333,25.660847770791847,18.285751703648273,24.854636686257848,22.9247057797006,26.70902198274155,23.65436525535442,26.118939758353513,24.655441742713442,26.43993996072692,22.2402803026527,26.30440798401464,20.68943649562301,26.156025440892304,18.8298636941156
SEC11C,25.328951705374653,24.224017418899887,23.46688739271822,24.885325566672204,24.136360799839885,24.97173358192864,26.10638113533637,25.70756786538152,23.544624270255785,23.126428019627348,24.35318237473515,23.626533205594516,23.59182580929288,25.552959536321758,23.882132359990322,24.019811271357153,23.652682289281213,24.310795886738216
SEC13,24.50987660047293,24.975366756608206,23.47748937226744,25.15587346484825,23.325445765433738,24.793719470302378,24.420021450373724,25.158452520871894,22.97749367931334,23.364267354088096,23.45495701530776,24.848644380594187,23.221666048330864,24.794240915769233,22.325090788066632,24.440749265952117,23.82185343665279,24.807730055818304
SEC16A,20.35610130248193,21.354707381956352,21.173031945533673,23.305663495651096,21.715228156977453,22.36401488647833,21.612909630491057,22.00720058549466,18.192946177152365,21.114765994925744,20.920684848236696,21.939726200729897,21.228892906231565,22.202937692708307,19.785072637037285,21.48095790906702,19.820135971546602,22.143628412416085
SEC22B,26.953937365684478,26.503597755052517,24.937015421643288,27.88656738736103,26.29088301798986,26.872779623061646,27.339579638016865,27.30090931559696,25.32536921014956,25.584290992441364,25.756769221814576,26.36401507773485,25.777213969400506,27.317134584821165,24.960838879961244,25.486196105570787,26.397441567152853,26.221702081347978
SEC23A,22.372733773976712,19.715761846177045,21.43158208388892,21.651018109418676,19.095481165009932,22.73567231864182,23.361437244802296,22.519625326637,22.328627533218782,18.93532213158045,21.304134232462303,22.43439518812897,21.630069244173452,21.63967009755521,21.478816537320597,22.481470853497175,20.926409898966273,23.002490419412894
SEC23B,23.751416219689457,22.03285049846742,19.84232408622187,21.60065238473736,20.76825758645614,20.985186669403035,23.08159739804652,22.28982423851601,19.005680856068192,20.433677434114962,18.29329587020891,21.57803447416006,21.06265604232033,23.06427413574537,18.450081572206834,21.431580725993644,20.017046154649844,21.832422910883352
SEC24C,24.393286917713862,24.14481691399173,24.360566198162566,25.203657847831476,24.172192885691196,24.96796625710836,23.55186476608729,24.28830718601597,22.661924936137083,23.7227689006639,23.194813587968973,23.985607541012968,21.379747830629423,24.9331123657223,22.231549710465167,23.230015793102137,21.974942577045674,25.78546335479782
SEC24D,23.375481157490274,22.589079317785,22.649126821125794,25.049926324679383,23.526274564373516,24.531764513877793,24.377713214861014,23.851561520264156,20.504415155103338,22.57867257098996,22.305739311324857,23.646061094155726,21.429780166500674,24.161295755148203,21.679758599366043,22.794417629016767,22.505783530332767,24.062162674351104
SEC31A,25.809702197259742,26.115541516973853,27.27937921566891,27.363596235092825,26.495116077932686,26.61716804774893,26.821262108376818,26.642335892208898,26.3033274070812,25.581737816824344,26.53205566531474,25.65821381150398,26.398738309857112,26.645282726800602,25.930256108102697,25.210147094384197,26.59663587352316,26.227320902451982
SEC61A1,22.350948053639637,23.846549771336502,23.163803463968076,24.21686770692657,23.571704927134224,24.529044387367236,23.82029436019327,22.43058782739119,21.867015188865505,21.013798543389264,17.697497558649466,22.990480531001374,18.439017076095798,24.734146862246163,19.294713404389693,24.14311052353735,20.79271263353018,23.69422588484823
SEC61B,25.395798986743365,24.99229600470693,21.106600474553236,26.746606487491377,22.42237888753773,27.25474137633808,25.526952170228665,25.539553718326584,22.377909326419726,25.466211824219318,23.39323321358938,25.3233770956515,22.811682433499566,25.796239340329493,23.1159355435342,25.247253457693432,24.932582564028003,26.41691336256459
SEH1L,24.355725357931533,23.69975021573745,23.841259813095494,25.174136405329847,24.53579860831738,25.453918762104074,24.803755652511278,24.737599110160204,22.403420193172,22.3974129864908,23.85808102710561,23.382301502998665,23.43089764088038,24.917242625566274,23.406614084812695,23.676786404830285,24.231471496058475,23.978479022561725
SELENBP1,30.45488713327465,27.914449618656242,30.55925638037745,31.64558513481409,30.903138006991753,30.37919907812378,30.606981075404573,29.656102099152076,29.271531162927797,27.118052416807068,29.810867504210357,28.022116720533575,29.829780740689888,29.515512308561785,29.609435252678253,28.97879301497544,29.898101706722088,32.55030032820298
SELENOH,19.549703127923383,22.036329022989317,20.960293926201043,19.188715489003,21.12026467774851,18.272683522154587,22.53678888276027,20.41351625484217,19.338037480143193,21.990927969731025,19.656245283534496,22.460838592803707,17.97982006079004,22.81826553227653,20.537691981864878,22.773442557319797,21.118663306014643,24.087229396022366
SEPHS1,23.07352106816626,22.928538720776984,19.843562563389877,23.56215058877919,22.144183582633826,22.971172453258962,22.82913973872076,23.40400646047616,20.057274466297585,21.799322730203958,20.597764644633976,23.262474873566546,18.65737807459812,23.71908710776633,20.400621344620816,22.72373989548229,17.126109079507,23.661196221988735
SEPTIN10,21.432961733059454,22.82489413093341,21.8990976211981,18.92238530046624,19.2599438458598,20.695367377038842,22.45441461042895,21.769193584746795,21.84712516724555,20.960201263306754,22.106368110532628,23.31827409045815,19.756935066782127,21.823167445158273,21.806964707323736,22.32183214516041,20.656763057531034,23.24612993145961
SEPTIN11,25.476036487869425,26.314880803511084,25.659527881440606,27.01593061056061,25.46156929839052,26.253590608862115,26.368329813131275,26.3139181015081,24.90864799673833,24.96701103552357,25.444997541524852,26.804878057292136,24.703738439653225,26.767031947249457,25.511199446720127,24.878563514852118,25.16260815273731,27.082949600146723
SEPTIN2,25.962536051521578,26.151478215020127,27.02664395263669,26.38252214594527,26.584049572796847,26.201966604654277,26.787862244359843,25.80598436025578,26.24348414566456,24.72949005850948,26.292312168907134,26.181078960605344,25.797557261680677,26.301872320108092,25.9952188243473,25.21491841296534,26.535455251970244,26.225845324550736
SEPTIN6,24.998916536134793,24.86121471962115,25.488562765369743,25.670934988199814,25.956319190348786,25.778805923619924,26.440228121773504,25.43075486414076,25.188894464238842,24.815560714992113,25.499734349952625,25.672768717995027,25.46215527414667,25.567961964935872,25.289467888975036,24.898648167321358,25.519085325075103,25.796715597929364
SEPTIN7,27.370112685362827,27.870572962499686,28.205034897657516,27.607495519106426,27.429241219477678,27.72438960689993,28.04914382221261,27.45180976906888,26.68101458908848,26.460275028643565,27.276105652059815,27.539800223362057,27.4435758426374,28.079493553335194,27.29919074343428,27.30365386686523,27.39419211356206,28.54086537977581
SEPTIN9,27.0041874494992,27.412462940737242,27.684598692775943,28.134171363154678,28.019661620320203,27.962963052507757,27.650856488496068,27.145176945900637,26.969728460149305,26.224433631816453,26.80575830027803,26.66974367189153,26.394494534969542,27.358451540199145,27.153326077348126,27.212233110983945,27.360626097811775,28.693582768930582
SERBP1,26.623817098566935,27.152915045656275,26.08699039165573,27.94579643663993,26.40505550023146,28.412771261447105,28.025369014842877,27.30657833582851,25.490837253032794,26.603370616867675,25.807040171323518,27.611764660725896,25.732950722193433,27.271565974085373,25.7754688166426,27.22667196892829,25.804124751707413,28.719329272941827
SERPINA1,31.738552716837294,30.515151428456228,31.881324361677034,31.34310849496891,32.67159506303308,31.619135478896208,32.98988193625214,31.79617328327548,31.669769714266316,31.556531176069235,31.81862262199578,30.803232581057905,32.137504962091505,31.620237354967657,32.38271565117668,30.683699498353214,32.77877907325495,31.228783351557574
SERPINA3,28.849863574469236,27.447960076480165,28.5528437499544,28.41226652209553,29.658916803973057,28.14112838398508,29.36797253006154,27.895580175950695,28.30602969968735,29.024160474709937,28.530505357924536,28.181842325728752,28.797197033453273,28.239164118930002,29.62432965432235,27.57393270792114,28.939016960627864,28.084351990709564
SERPINA7,21.760150245812756,20.460982207536393,22.172115476997362,21.411350378869976,22.034988627980663,20.33317917930983,23.41960652582226,22.001484108587828,20.751672078069248,20.56367518841164,17.44107503260493,19.088166765270177,21.89643369971943,21.215129157003407,22.61349662311281,19.21847739723995,22.483251475227274,21.150341528466544
SERPINB1,29.46184780257238,29.466041363005953,31.16028809349759,30.988896978019998,30.66531393265439,30.46919051584054,30.23738921168796,30.042449528691886,30.73732840234114,30.564844045178308,30.003250436375417,30.233467383362594,30.36721987104129,30.392165277946535,30.631368671300756,30.074183287462056,30.53742775724448,30.492448108935136
SERPINB5,22.888799316733845,26.17231242243452,24.025177241457364,27.992741814392183,22.656933886717688,27.417549320074617,24.391894134242023,24.642961447406183,20.92814069662466,23.442003447432757,21.954638735517975,27.781553620035748,22.493540779413525,26.704618023783908,21.067074066744755,23.990570923089134,22.78117405559575,24.45996201662747
SERPINB6,28.048098822169717,27.82901570161962,28.501163030228906,29.399736076515225,28.916002070015313,28.99655681966481,28.687000575628968,28.12691222651492,27.55155724573735,28.31405884678274,27.840213315276337,28.589203774907038,27.714448910894866,28.989447154975593,27.853192452123945,27.193917641984598,28.325584577847888,28.71168384332214
SERPINB8,21.495662564151203,21.30812145921136,19.794464969947903,22.629301805089863,20.961992345187248,21.115723410162463,22.90817236855051,22.45674930732099,20.09510526678099,22.272131337300273,20.521300843751593,20.505287509105003,19.838936605327504,21.174290004620417,19.07430992286961,19.504701513661892,21.525440108944153,22.2568971073416
SERPINB9,22.298794884569634,22.925234098967366,21.39541673412199,22.733186506839708,22.208070967278537,22.91428014374553,24.22062449131351,23.398873399186833,18.755114305415198,23.119231008534637,19.54551729120368,20.076681604278065,21.902733520743112,23.348303732478335,20.66397714633543,23.984222355473385,21.83237805036565,21.741318860589555
SERPINC1,28.41885716880341,27.788611520023675,28.246985918267736,28.085901054135746,28.58163964607122,28.47352973534853,28.80340584967539,28.383361746029422,27.07103341967753,29.3432754557491,28.654051177820467,28.094113933243772,27.819699300192617,28.109733906396734,28.23453279390829,26.361732392074195,28.829657193578605,27.928055364152506
SERPIND1,25.43813272795892,24.551078406368635,24.950247624855336,25.031594709338464,25.579361870713857,25.149431030510474,25.114034694582,24.83632436497306,25.498729354782146,25.765336217355745,25.64377229008558,25.040543419339812,24.73810623341528,24.50853485875962,25.15148649640991,23.008043787235533,25.828683759935217,24.178412621541504
SERPINF1,25.323781847677918,25.4484711589648,24.831058047502097,25.837360086884377,26.238506366987824,25.34237162734016,25.571136550680503,25.526302258883472,24.92388742008594,23.726135730778893,25.50486925651604,26.579018415904102,25.231144060596964,25.839645966242422,25.53359505231764,24.40331482238201,26.03711347736389,23.77629647603382
SERPING1,26.719741461875543,25.468472932113386,26.880416545694374,25.595529559330334,26.545442343064124,26.331198831679952,27.09872574717468,25.950213942383414,26.14929449199473,26.196438757897006,26.161176860548228,26.029725381842965,26.500393343297116,25.487469983741562,27.009236064845563,24.811350624313658,27.051435952947184,25.721619025600127
SERPINH1,27.815928539028697,28.79891353425345,27.440931432193636,29.487065724487625,27.95060206107797,29.4725769112964,28.61465908998108,29.095824256562196,27.539745719424932,29.051923527518106,27.248327202691197,29.906870582261966,27.374844104472743,30.093991326207778,26.926386106245715,27.94523902026697,27.875348244540394,28.54557611135386
SERPINI2,24.388191206921583,24.884143048184264,23.56712628484371,26.330261377734093,22.761097124573116,25.095181572966094,25.255618336893864,24.94069638587,23.280448787291437,26.244598221958114,23.51004690095123,24.6099569567688,24.10970110639915,25.44350856220677,23.620690731499185,24.814018565253892,24.836051421552,23.847095809111764
SET,28.600111040681114,27.570629301892563,28.820380982128455,26.855262799823794,30.519879545541357,27.763500956234694,29.228444460745763,28.281334359090863,28.162479670094164,25.771099251695386,29.20717826338053,28.385604166171536,28.619208741614898,28.482082490328743,28.54678467582277,26.477198958416157,29.637688351751482,27.339604482812096
SETD3,21.24589094683478,21.433799217003628,17.48651076227057,21.8620175271049,22.097922960424636,22.80790407736747,21.25385824812828,20.619101706457386,14.398657385480469,19.81009123959999,18.660493912661686,18.90605718880936,20.677714656334384,20.54646615673448,17.178484517272988,18.44762655152507,18.607720040133657,23.130746887338542
SETSIP,26.741796012253335,28.113261953874602,26.674015779016532,28.062496448817843,26.527410428959126,28.319326945529653,27.802318297781184,27.766325882362825,24.103229779258232,26.63597622313808,26.00147799792092,27.93270919866574,25.24366437600045,27.84907428332819,25.272155228128984,27.39289563342695,25.75240862202629,28.302394960687174
SF1,24.590619755271568,24.744077214887245,24.111047173838166,26.00381970008814,24.376216343586897,26.01274474740932,25.222090687687334,24.986365697816094,22.833473877198813,24.53778348005194,23.243988750855078,24.950416029596614,23.072610020767087,25.527972315871704,23.146263784420118,25.03412588801736,24.144866364512858,26.105261189200498
SF3A1,25.779869596077997,26.444462897214432,25.326476424518663,26.671076758894543,24.66699510118959,26.534239622068082,26.364954030980133,25.689202029991932,22.879835306824937,25.253219764136148,24.09011570441568,25.766792916172893,24.36792728142868,26.09359557801349,23.738785684753427,25.642821719982944,23.709053810207674,27.249040696062163
SF3A3,24.868261602333366,25.109827439380272,29.750794310274006,25.474507685494977,29.2791553534275,25.73158201206448,25.326732198132625,25.552283790514434,28.818447008873562,26.567169998556356,28.4851159482748,27.202081031161608,27.708996040497375,24.917681730948498,28.255399646563408,24.728469755944737,29.40311997279953,25.777336877836348
SF3B1,25.578495117058402,26.009091988526645,25.081378989107577,27.60874962348409,24.859591655803086,28.18402373123442,25.557765620120325,25.71102098181106,22.60382554414658,25.064661751853798,23.13958488466478,25.19560101710345,23.13019779527102,25.554297536524018,22.858106688698925,25.32656924360709,26.922281019157996,27.261982489775214
SF3B2,24.330878165899687,25.02515688264491,23.68234735840181,24.3522660052479,24.073036594472534,25.10879157088359,25.165184481096183,24.77300505644359,21.381594876528165,24.264531754181114,22.961540780054506,24.642139896645105,22.581052159866577,25.113295220856273,22.744556848501947,24.492336425585112,23.559608669023063,25.7680313884757
SF3B3,26.802873839555208,27.888879130859397,27.41774489474752,27.71269461113189,26.22497446047752,27.631944133764982,27.243583484477668,26.95176934465081,26.58542934995979,26.571751755526773,26.27995952460653,27.145067011410188,26.5250744832054,27.12368156956256,26.12188469275227,27.416131974204887,27.6177855193907,28.418582201709043
SF3B6,23.065232446038113,23.553310719944932,20.32483163465727,23.46824955149428,22.032655525532647,23.58099478709053,23.604028047567386,23.59905433911052,20.202345474999603,22.587874603666545,22.06381188694872,23.41305585194631,21.986990558919693,23.4147184034389,22.435280245438875,23.49285607733764,21.44215170354389,24.147664434113743
SFN,26.58332429896168,26.876662199715827,26.64505214162351,28.90065855766786,26.6933982206772,28.22448843894252,27.260377476293826,27.061569338670743,24.267687380820277,27.622297672383144,26.187164331167377,27.269946175973086,26.0297947510276,28.284115475643915,25.024965553523746,27.885833350783336,26.270674781127962,29.034584463729413
SFPQ,26.63614464482614,27.550801006497917,24.385435056207765,26.076416243493323,24.223211558043637,26.871228321788422,27.703947563086135,26.970687321270074,24.11290927865422,26.086856310833582,24.01191299639746,26.803196904386223,24.366528294336938,27.095439990393675,23.089954631167867,27.590082808346775,25.49389253791779,26.271059843845237
SFXN1,22.736948510614,23.85444869149061,22.886175980309464,23.648322959533896,23.07346438627303,23.01854660209765,22.839938739506536,22.78418108401918,16.394999303314766,22.30857406336129,20.418311796203604,22.08548891888081,21.406434493153345,23.718647714105888,18.93682948879829,22.17862629602574,21.835565066299015,24.285130007005616
SFXN3,22.53249497828862,21.54642048428444,24.70830649054012,22.572659208509975,24.8497728373093,22.803556228552363,24.058426880054974,19.62398353159329,24.633606284852462,22.20310549130509,25.066998013307686,24.27693949811731,24.457542216721254,24.22517317782412,23.626484620556113,22.50846909506843,24.486675727074196,24.055408718342655
SGTA,24.11290275860474,24.982655317033043,23.761652741903333,25.23366573590469,24.45230198723248,25.017970806329302,24.778108755419314,24.413819020800208,22.49520751339004,24.425474105982833,23.516723916527923,23.99453669309392,23.01536473531227,24.902546922499027,23.18110907905857,23.80822959833057,22.800717297102807,25.16157592005281
SH2D4A,27.691712053862247,28.153560992869398,25.44021572957833,28.203438667038863,27.315392371976777,29.862760337286733,27.586581248039465,27.47430925885038,25.23929820679283,26.21331435831437,26.079109695767535,26.603202300050427,25.737367124259922,29.868355350862767,24.798429579099064,29.146303301334353,25.6029699814144,30.17078533729504
SH3BGRL,27.088224748152662,25.880712133473978,28.561099476506378,26.687877045629975,28.048277685363775,27.045649291423576,27.498942572209017,27.14837326678577,27.677308109322787,26.201055593113566,27.928287094981407,27.463769694790823,27.987578369053153,27.449622695262637,27.88703818030907,26.35423963340176,28.318613703741917,27.084803336574637
SH3BGRL3,27.24508364428614,27.21912480555526,26.730763498525466,28.934035564174113,26.370096451865813,28.40159823067347,26.44964987425026,27.95540270163897,25.701215036121006,27.531848596667686,25.766459387873354,27.512410478969688,25.972054838162997,27.869254878778218,26.096731756431268,27.51462566095061,26.208600160121144,28.222550717885294
SH3GLB1,20.053906875156855,21.381647285647286,22.20022463439587,20.666366336354585,22.284592563712543,22.4720361919647,19.030725274799547,20.854144658524365,19.559567486113128,14.923093074484205,20.96323229420325,21.991081274458946,22.014826634742143,21.107983437279405,20.682727287437274,22.148043236069054,22.271033229435357,19.88332770184037
SHANK2,25.380626543933417,25.20809666105698,24.49036123999557,24.393247408773185,24.982786602404193,26.051088439129977,25.592045658673808,24.850567369182762,21.84956161171975,24.113602900233396,22.032487380999438,24.94938034607788,23.906771696218584,25.558430649605622,23.99258425210666,25.37870666469447,24.07920403049262,26.0931022376749
SHMT2,27.146096394788923,28.327135351527996,27.091833382914082,28.456493202271954,26.517803091645614,28.302912489738436,27.46674535279521,26.554305669077685,24.00519268716574,25.880639674175754,25.600487651150868,26.854658427249973,24.30887098517934,27.746231416986195,25.4326789081563,26.593929675373992,25.220295792122496,27.650512120416387
SIAE,25.539013032973656,22.50076036749975,25.626289765705902,26.240180774925182,25.61889893184108,25.79141773362839,26.667807234496728,25.557943743945742,23.071800216004394,25.290619294752204,24.601818235346343,22.631693481279502,27.825972642179543,26.29373505264095,25.219842442081436,23.49164650364392,24.95008389012253,26.123574516927487
SKIC3,23.982257391298663,23.306903115828963,21.390558754743097,23.111661203041837,20.875547332162984,22.990909178079022,24.9390597587012,24.724179935435032,25.86261373935811,24.637462894471458,25.428708084373966,23.21877400124716,24.55756878643405,23.77733220841886,24.746107229268176,21.695916818199834,22.856467488378936,23.851277037609528
SKP1,24.19837510132742,25.598722078404712,25.538171641745624,25.832937950035934,25.954792913244905,26.7955780984755,24.074752208403343,26.22387055302491,24.55884711261447,25.43522580028306,24.970678700112746,24.526188571765683,22.155830852642175,25.301516711431752,23.13040025084301,25.944144578658715,26.154640522239948,26.780526250645444
SLC12A2,26.16216907402983,27.210244999225775,25.660743018235568,27.821528569801906,26.08288831040258,28.590410124501894,26.889717014312517,26.45548838925621,24.014797472062448,25.11223396726825,25.067862636920623,25.773966135846123,24.548839674849944,27.82376379495097,24.456913797853954,27.0744493043631,25.55766286345172,28.40801089690298
SLC12A5,20.876649915029784,21.093479059480003,20.66123091102138,22.29337901897509,20.101191242740214,20.543856305586996,20.38750295167994,20.13530688742987,17.762798431842494,20.147602668055296,20.288802926096515,20.5280137047357,19.134025796225103,21.623485592663236,19.011710777970634,20.515160915497287,20.900341158651177,21.98035900507428
SLC16A1,24.48873650446057,24.025206175633183,23.369564830243412,26.706444416586027,23.23348224919959,24.23228007702981,23.383427026947512,22.81192474043472,20.815459017690582,23.71251577299254,23.00881862875363,23.84203866390015,22.166603713358985,23.225976840709745,23.7442017370977,23.55186805155956,25.30204550671688,25.080297646287633
SLC16A3,21.57363107128326,23.295365826988306,20.235789916189226,24.77815362389613,21.27168342650027,22.913386540999372,18.39118492602208,22.590415880289584,19.274852941323555,23.20079608964035,20.809407698035375,23.148739349425252,19.69131360984876,23.704080112298104,18.533088765327662,23.590382173838925,21.044402791361176,24.01979310026286
SLC16A7,20.050136436817777,18.494148219529578,19.205202720587447,22.06168802548873,18.566276207255438,21.3135272056496,20.515161930079124,20.187059998579965,18.513988807058762,19.054445602401916,19.31855698456111,18.823673798454134,15.131226535203869,19.546071073437297,18.74095885134909,17.824239426511696,18.761144484035718,20.65986779590139
SLC1A5,22.093718802314804,22.25024262632347,21.03696608333677,23.193691458973674,21.470015791530596,23.065220856678135,22.588842510102896,21.984646736626804,20.44202456333944,21.63579516684789,20.659302298566608,22.096490235065854,20.88614586520236,23.55798142965223,20.056254848808795,23.359113982006573,21.040061542007862,21.991007071461667
SLC25A1,25.165403284131077,25.62130675759954,24.34857579417096,27.177193101978094,25.48772664131569,25.974217083194215,25.214620067663684,25.3963729131907,24.3362125253284,23.318547024888034,24.0033727157384,24.803467965314443,24.750607939684034,26.078962825417634,23.183719480315776,23.743860212354075,25.348439841783254,26.468879631622
SLC25A11,24.398070115130203,23.98610267814556,23.107926893534003,25.291282069366094,24.387534436684287,25.408096815105704,24.739667381283798,24.58976760928616,17.109546300454475,21.9430521626697,24.191964930822696,24.358152662674218,23.95107708288425,25.55846050057845,23.59015345905899,24.16529519336506,22.187033728065103,24.88912613543143
SLC25A12,24.19879268167655,24.388359757092513,25.049635262990137,24.962246825856933,24.219886675837834,24.79008576072938,23.85342176296461,24.09766761656316,24.00717484569085,22.77142445585535,21.18508890669116,21.930172775737084,20.097002987052043,24.5256569263887,22.136846093255343,23.383230449832105,23.78491642962672,25.489141836054422
SLC25A13,24.64071689390322,24.71484669249405,23.648475413376335,25.58969841636099,23.829097903181342,25.57374084052603,24.366107248149646,24.98916752955634,21.062565734546645,21.53010285131489,21.432391299156265,24.027844565468964,21.54698018522688,24.784390248018926,22.349027768888796,24.311320800542436,24.445929526412478,27.262082628691772
SLC25A20,21.393831490985793,20.724053779120965,21.241898742210076,22.438579456983774,20.655306563614488,20.929172975712117,20.922479291560283,21.80813703232776,19.589149052443265,19.761298341352322,19.67516462450885,21.06498654957603,19.756044465961114,21.774105293535648,20.56936510686417,20.461331245779235,20.28797619957354,21.64640565557398
SLC25A24,25.7753527490234,26.267638465708895,26.83000085445431,26.1654681935128,25.440957387624877,27.680753226664763,26.76718374081885,26.138576976843876,24.036453343603398,24.626847238497,25.68151959396621,26.570838643336586,25.97651841515525,27.018557822818,25.202517672021145,26.1727032102515,25.612852883349248,27.12912856993337
SLC25A3,28.46971945648192,28.617578044878663,28.989374622765215,29.850827033081767,28.36776690300729,29.30991616942389,28.393481676305573,28.46675291959453,27.875523805359276,28.31280726052691,28.37904223864577,28.565577623029554,27.703963245759,29.260217642210723,27.569811445167964,28.150113525766024,28.16539313546568,30.620139999174395
SLC25A4,25.649653550528196,26.96698972544355,28.378115046734003,28.0935386801083,27.356451637394063,27.058179168321082,26.422911870475687,26.144661097508017,27.345121842059864,25.558218956984934,27.509681192833725,26.32650460672901,27.301125189745513,27.48032496039539,26.524379184191964,26.07088757487445,27.297235173133743,26.921550566616737
SLC25A5,29.901029974312404,29.742791207252676,29.803044529025104,31.432252349813137,29.991325767333326,29.99763897762119,29.7943326613988,29.860752682100976,28.1692613682848,28.476025583508417,28.719190929259682,29.375913014480624,28.607822182200277,29.84634838173534,28.26433756718303,29.290702003556614,28.543585815359123,30.320962349324315
SLC25A6,24.034641434600644,25.800278493580954,26.19223999264809,27.87978240769269,25.04002554461733,26.93803115555119,19.542601743335176,25.01800824811926,18.610482336067335,25.29124333745196,18.033421852894243,26.26491770628079,18.27235222503272,25.171803928524437,20.389387715114903,22.06451987056468,25.45080085782064,26.498580775422383
SLC26A2,26.026977190824354,22.15324140478956,24.38252261840716,26.976029314469983,25.252884090841327,22.76495862506592,24.067320633504483,22.789200601662557,22.63526182680427,22.17971981066523,23.726548942552792,21.792235116284246,23.556012713805266,22.423174696706063,23.911180091573804,19.600147775320806,24.074858514860505,22.56139067248153
SLC26A3,25.958876547623095,21.439017231229236,25.155879699357865,27.050977840582785,25.202394523984058,24.705077946025813,26.287044555693072,24.64851495858654,24.30296476525502,22.939924636348287,24.877650502830832,22.76922976247339,25.05128699171116,24.94803964439785,24.96790796042745,21.910918945333652,24.345797293891167,24.249639540431602
SLC2A1,24.171879294484572,25.921889047753883,23.370476780019597,25.512955776674723,24.015391896898,25.77379784560996,24.541006452526815,24.89572444494267,23.018834243776123,24.272875074349603,23.551223971551874,25.731951352126192,24.599832321066152,25.226491289731147,23.460927087771697,26.165437271282414,23.676771276633165,25.344166616647037
SLC3A2,24.517392656709816,25.992621999534077,23.42121369304324,24.4167211496208,23.708920393357584,24.61899775499665,25.019216129990316,25.00150393308644,21.774765314179472,24.922201178342824,21.273637513659885,25.178382494461662,22.47652701540833,25.262679273741973,21.810069671722932,24.938141084649004,23.9440858266924,25.79940960339977
SLC44A1,25.17500797347779,23.69219355437615,16.91648619973451,20.235608672992093,17.869968260484338,18.78440389587451,24.764854295215155,24.48986205566743,22.223359443449684,22.67518554375896,23.713914827624098,23.864731488023686,24.001476247746858,25.166290777906873,23.119862352602052,22.958970825378195,19.78492054836077,24.0984403484155
SLC4A1,25.453897399535144,26.576459611572314,25.854709221841347,25.00567054930289,25.639259782380773,26.718257065107263,25.694105713928906,25.95644703951137,25.11222496063142,24.98069618364293,26.016792448316593,25.109830894299417,26.70805894184384,26.015644525586517,25.430040440531478,23.428323706603962,25.175546051755603,24.974213218668947
SLC5A1,25.2787184333833,21.69727716937769,27.645528466686777,27.521720581896616,28.81514318005679,27.560264232612365,26.115769696071233,22.4267115701574,25.429351790607875,23.470472704118585,28.146688194057493,22.968177069222012,24.434254578378717,27.723835067308343,24.657696788887023,21.297009642397434,28.461647682609122,27.331729239759472
SLC75A1,22.329551010042557,20.828011816363187,22.19938454742825,17.77204726829578,23.22178276109195,18.92652187029545,17.156488283002616,19.022623289095392,16.96966060393063,18.937493640709285,17.54188559600811,18.062171783706265,17.573064178259262,22.83328960200352,16.677307967651785,21.07449258264299,21.52416471091911,20.462854189214518
SLIRP,24.503031363929466,25.162303642901268,25.08311722025228,27.619481192555657,25.22448121625564,25.157354734159107,26.136580436258917,25.526937661817648,23.316109046177704,24.728724453536305,22.491747852261568,25.131612778849178,23.63816807946948,25.44190210518083,23.426252323323457,24.8803705951194,24.077706123725587,26.925533995386694
SLMAP,25.922617034513113,25.83646998914818,29.18967976556636,25.93941083740001,28.88498342483031,25.725835811624066,26.177400075608023,25.828966899085266,29.493182126441628,26.657703943430622,28.617169886697493,26.844655431624748,28.584600968860183,25.738567694721404,28.563974770963757,24.839994177151436,29.1974561381847,25.84876121278502
SMARCA5,23.902013597668383,25.454072106221982,24.163155165861415,24.933716236715117,23.629098764125494,24.44049854451188,23.87224336780223,24.41323000822342,22.408501128522893,24.150492014851324,22.36254343624425,24.880091273867645,21.354129371514418,25.134484130075343,20.440680116746016,24.689233057719466,22.576535645593847,25.433036906882375
SMARCC2,25.420316101912977,25.679147179944824,26.2161374714629,27.021838912959605,26.175219215443793,26.679382255406736,26.58127465171386,26.040031494118146,25.314174081811974,25.473351155520692,26.008890646550086,26.18702986621566,23.97616522426673,26.611464045632324,25.154617954995736,26.035349715405875,25.27395690366377,26.75977628050767
SMC1A,22.466557714917567,22.301924020265286,22.067773130648682,22.58527674021402,22.291987627397933,22.494161599611964,22.99600995552485,22.19409509254366,21.60938094943135,21.772649622428286,18.785629450760048,22.644673713894687,21.17760205220551,22.59242394696494,21.830123809997275,21.95522217061285,21.606198607967006,23.724226615693336
SMCHD1,20.35376787929683,20.02315085256938,18.77907177723057,20.101382437677703,17.285932684726166,18.16960103319217,21.335651238550618,19.94213088467357,17.64453701714847,21.227880090174853,16.023204973768905,20.289763471331224,19.113063712780814,21.00127863131343,19.381104365229017,20.025961010705682,17.233397586066154,18.40669963217239
SMG8,26.614004278622666,22.16708075838792,24.996634925842883,20.035054590632512,24.975150794659786,23.34255503239452,28.750636772449614,26.45340760059359,26.56099792449741,23.094192334603804,26.390603181678795,23.607722319949577,26.053364525132544,24.982452823250185,25.592446370735736,19.290351599074995,25.68955346077814,19.493147876577428
SMTN,24.37240991293702,25.27861288707051,29.995379289330927,25.185091276358058,29.36606705519179,25.70084055713493,26.321857238876476,25.286387237628347,29.936038798419297,26.249470970072387,29.632691797742062,26.663247509435415,28.92158068330071,26.205532446274162,29.37904995938257,24.681330573403823,29.652491731112445,26.37854913993395
SNAP23,23.91030133095177,23.42601963942325,23.60043193802713,23.199640823591796,24.7343089437685,24.819820984932264,24.08609963492203,24.442917356311835,22.524076456338396,24.070654556198875,22.89374697258019,23.397758001124334,23.184801541215222,24.047952352850793,23.236999332360178,23.55895724369736,23.872853689854708,25.24117648111505
SNAP91,23.186134750450396,22.763250592669465,22.829070849341143,23.685201262987004,23.516017201922505,23.35608165796018,23.75429452827352,23.140730881947004,22.043531903097303,21.781248877644966,23.4514879103234,23.687445094002012,22.70052250926484,23.730976627830156,22.43040325727048,22.604106415811298,23.56375074758638,22.59407172796367
SND1,27.804057715665557,28.4777905125839,27.259339502663657,28.974561688932717,27.566603136272906,29.153913641835693,28.46314393555436,28.550737823854423,26.520210416836672,27.758893363333218,26.56756026472902,27.752170386480945,26.471379034540757,28.516288219370026,26.980736995613796,28.15779490164637,27.314380144366027,29.421690367434515
SNRNP200,25.400468114157334,25.63651794469236,24.168487224526267,25.094435761918366,23.56875880494955,25.03730593793061,25.18335993908094,26.748875039551194,27.362713522467008,29.822477115958858,26.769235465607803,26.195776823034453,26.94727831131012,27.231098324186263,26.64384816198608,25.419919841760112,22.939115654599966,26.205332059672067
SNRNP70,25.606020175350107,25.82728992955941,24.79415972710483,26.26188682942599,24.6700382606951,26.025296343986394,25.68673578637603,25.123418368581177,23.57640919294938,24.697179250794584,24.71975061493244,25.268424937530078,24.14088833158009,26.31393904037299,23.59622600310123,26.246847766012788,23.553693703009042,26.60670403271167
SNRPA1,23.75851052615277,25.37483921723892,24.131662118913866,25.21157959871862,23.466235641197155,24.768217948806846,24.375790651151615,24.736876193724317,21.960680001275282,23.947640775174065,22.275118492436167,24.8022081938236,22.424712758014607,25.134088785903522,21.940099471783636,25.199541733244978,22.340289924278252,25.776801442001684
SNRPB,24.924134115117315,23.688651851143973,23.88021063614802,24.66201079608535,24.076452447915255,24.880730825355023,25.317847947886374,21.739155352174354,19.90792348456599,22.253808488495753,21.65907808603597,24.62215180933329,21.483050758669766,22.09871593038212,21.926169979588806,22.673885347224562,22.57644797087264,25.658384228994965
SNRPB2,22.755238116344344,25.826748072028202,22.509710112988753,24.451367619612643,23.12065596571966,25.08833997701018,24.783143623209813,24.16911982756928,22.489683767053645,23.936938498485198,21.167569927312226,23.876540531493703,22.473569936856784,24.901543161930014,21.70703615605481,23.96758272187933,21.913749455759575,24.631213978320478
SNRPC,23.482080588614693,25.17339412717618,24.032158389158408,24.997934352677436,23.971754313308416,25.661390981646925,25.012283821821658,24.233868838767552,23.007287744173546,24.017920192272907,22.97866788152956,24.9760379886937,23.348474503847452,24.35443694992778,23.111066972840348,24.423474818417496,24.265955706422247,25.751179369155913
SNRPD1,25.543987775473,27.012788332720255,25.582876906097404,27.46715335717703,26.225126180673247,27.301236092408065,26.041877141529145,26.82770038089842,24.48735525218139,25.436037302703053,25.073846133974545,26.684093369257067,23.925199688323936,27.338041940289873,24.821492682260242,26.870273322645655,25.642669192659657,27.44738209894477
SNRPD2,26.60412932016936,27.35934556518636,25.849377800950005,26.99403232216809,25.616619196611502,27.47049810831234,27.049232002796067,26.730897946134053,24.38524109898138,26.386672728159162,25.306336502196853,26.944548761177977,24.809294337251945,27.14202204461626,25.522198668687864,27.01609995650358,24.748175772981533,28.089009109343113
SNRPD3,26.34519615359329,26.698715812663927,25.63367438382803,27.322342455638243,25.254755662711695,22.502591408195375,24.57889364839221,26.386766656708197,20.830950825496505,25.323142224451164,23.49245370916444,23.54326255208094,20.52663533392492,25.37761408651951,21.026785004099594,26.959618174021347,24.88537210353561,26.498323695045844
SNRPE,25.343887214661375,25.576642568547566,24.806511424201393,25.820379941449996,24.84990643035161,25.79249897059099,26.307450874314917,25.640089323469578,23.355590234638445,25.107880620457617,24.21904842718009,24.88093708704304,23.84580368321481,26.434204791205072,23.81968162652517,25.616309809370698,24.605224971397504,25.999387640389905
SNRPGP15,23.80435197252801,24.67328567033533,21.688318239062667,24.91416335958144,22.597328999540455,24.420371329491438,23.90355958476622,23.97242220307814,22.150497890255377,23.4260087520867,22.89113255459756,24.171467607612808,22.577518022438774,23.846639509269888,22.80411660038806,24.385843784398098,23.143661161861488,24.17413901458665
SNU13,24.61252829824332,25.304213635456218,23.5774441396172,26.876705456731283,21.997263618123863,25.884002587594438,23.79446926413833,25.83494299681949,22.221124881914687,23.891729434112037,22.467208246558993,24.618745462039204,21.24879294070587,26.039246322720334,22.56325290566918,26.171540179957653,22.39508692334183,27.850163193464986
SNX2,24.33626385374425,24.121744453420767,26.717114712696986,24.073198421107683,27.11100803217692,26.147969945407986,25.15575615570299,24.494573451157688,25.31172262245199,23.729680041424547,25.614020558915836,24.281791635731448,24.469568568864673,24.54287144667082,24.846450731857477,23.942058722555114,25.774563934115776,25.23907133923016
SNX3,25.914721563525113,25.993008426687958,27.39935057063159,26.83811686258973,26.132025752173835,26.20327525710713,26.055628334405533,25.647447269425125,26.544275028698515,25.419063935296176,26.630134991424093,26.537318203168457,25.983186660922986,25.80753816075936,26.139675546820797,25.768032861687793,26.749319025378693,26.993090798850492
SNX9,21.863513065462886,23.020628303431007,22.78481465736158,23.64710329739398,22.148166613553958,21.646944201938098,22.830528434947716,23.235997997087907,22.299554838998553,21.930981620400956,21.50214573475638,23.349934079430973,21.890382716131644,23.464244127682647,21.247046243716504,22.50434924449443,21.520941958603956,23.323029058223582
SOD1,27.719181818164177,27.499659605600876,28.513646649250457,29.563602465164315,28.243744185998587,28.797728435427967,28.565655332254572,28.013982618551157,27.521688255874423,27.607148545705424,27.45381505407532,27.56375990845416,27.135188692827768,27.97141868986982,27.998868991571232,26.642286973365547,27.767191780021935,28.871812004060434
SOD2,27.422351384857162,28.145313776350367,26.89569208528586,29.322541284976108,27.67239310086652,28.62018825414991,28.965124413104725,28.49398161845594,26.388362427398317,29.046632971575438,26.647027980657715,27.975104984876804,26.355383904892182,28.63465094892689,27.17654538332873,28.281931267834196,26.921305959974433,29.255935920883193
SOD3,24.70440342832595,22.653293244616844,25.139233171894375,24.6282538014095,26.34958115974567,24.744414716269965,26.470452723786423,24.574891477408457,26.3214089784261,24.178684998490382,25.53189389898579,23.839911594841915,24.080112812266293,23.667732218468068,24.78532793669589,23.001735900326373,24.928324807365208,24.652554302586783
SON,25.944155859232577,26.168254228953145,24.056693176328597,26.94943274878458,24.630104517501874,26.971751873060466,25.365019234169207,24.830173536563404,17.597529605199377,23.63253317190482,22.716226984951803,24.58438472875391,23.742057183251255,24.61265253304909,22.78708788242078,26.842068642928332,23.728738415009552,22.729773611326717
SORBS1,25.82481382091831,24.33490146793288,29.53265386191078,24.89834414650392,29.10711206513138,25.217798774226452,27.186224918043457,26.11430280856563,29.147113860725828,26.50921044380152,28.849038360387024,27.246036153271742,28.69590681863966,25.78765052860918,28.61362931091555,23.93050396369557,29.356552673495646,24.602202627889753
SORBS2,23.268424678571332,19.286085683769375,26.60490797835326,22.803588886674113,25.360152854733634,23.274681560633454,23.78892543529227,20.45235904665288,25.203693955178444,20.985953163076566,26.283494315717377,23.07801961311114,25.226103949273433,20.70476619644962,24.837027054570203,21.345011746369092,23.94528771295791,21.959691133635182
SORBS3,23.341125665516568,22.4936597894092,23.644929462547196,23.612011513993586,23.32266559660676,24.271724688638077,23.93500566127119,23.25952039910918,20.916458620304518,21.5252243044434,23.07629712836376,23.329853686744496,23.527815614269077,23.299458700597015,21.83574075985325,19.467027081510253,22.579195584843546,25.177005877194315
SORD,24.480375433057347,25.53902905608536,25.022316015188608,25.99389762734229,25.072241266530114,27.05965524860394,25.584455468354108,25.88641255205572,24.339557922091714,25.299558250511787,24.85945984716755,26.26504039753099,24.590550070877637,26.148189550632424,24.449927081950634,25.175783814320205,24.30362207288996,27.258975419598762
SPATS2L,21.46633176274653,23.18555412383436,21.687494105854306,23.015759049216292,24.660122490111377,22.899661635613036,22.151279037138174,21.558193334504917,21.590330583103317,22.244282199313577,22.15015996841865,22.511105569162922,21.65334703057067,22.88005606652152,22.372416640273226,20.663671437344746,21.81953057456258,23.78721236181663
SPCS1,26.29676579322249,25.396377221163185,24.49577497881915,26.114549676886377,25.89753917120975,27.049611793085298,26.149445918479117,26.656290931680342,24.015759683816924,24.866299518020167,24.534209422633616,25.43126848471805,24.39215752449345,26.525349024732787,24.502040308378287,25.849994179958188,25.504701988810147,25.503514968767174
SPCS3,26.172542850910844,25.69293188349589,25.85662840312519,26.82038086659506,25.625396488812168,27.044551488748176,27.07796717811703,26.504328562846506,24.225598401811826,24.77273170872614,24.3229747167642,25.6389782648614,24.22661505048597,26.44171657575176,23.336160275847654,25.93321290145966,24.95090062084814,26.128852328067175
SPR,18.340078392070613,20.952199764790432,23.475965140680238,24.529584033032283,21.217497940407938,21.771564598487657,19.216789033471443,21.418910555506663,16.132027092241792,18.961533037855197,18.962472628431918,19.734389098102906,17.564971352890534,20.86984255577724,19.888308841062777,19.06865878061293,19.42528716837346,24.452320054775132
SPRYD4,23.394688137403588,22.909380996341447,22.898480415753035,22.394221588884008,21.426595065276242,23.141999946864672,23.211924108597433,22.646684340435392,20.24656274473807,22.058871212041378,22.09129907009742,23.889421692021706,21.981900647596095,23.934105013309228,21.039864873723335,22.547816592340133,21.330740233063196,24.48283275749931
SPTAN1,30.625013205251168,30.57330640614996,30.49430719859772,30.910456750679405,30.682088839158833,31.05643614594467,31.165164348595,30.4511922149984,29.3537972346918,29.895340133523387,29.984784194123502,29.92910366502503,29.857004228516008,30.793502807125428,30.100072361967836,30.09832878186796,30.03947757284962,31.044769170019062
SPTBN1,29.784368004063662,30.04395669561126,29.784780908451413,30.72928768895519,29.89610595784115,30.966975489260925,30.305305549040757,29.83355756604521,28.749266790538414,29.25978172673981,29.512496631269897,29.104605412731946,28.760800329604727,30.22759881455435,29.01747574576312,29.519134677202178,29.264396199168523,31.23865393863834
SPTBN2,26.314214157309724,26.1628682131595,25.988920832675348,26.59777357064966,26.334245940069675,26.62633426689947,26.418334983580568,26.382567670442576,25.487189024067977,25.807151054677878,25.933127496613718,25.743575307629936,25.185036414596553,26.201877361987002,25.465399843903764,26.208232357685876,25.84956203258902,26.1022349245563
SQOR,29.619502306296006,28.769484446482124,29.030037924168752,29.659706813942073,29.195243256200065,29.80464629447984,29.49720093850199,29.47892594405528,26.973663885048456,27.775185215421526,27.980187941663708,28.231142365243024,27.62621932255293,29.146987611840483,27.294224780039862,27.79336090480552,29.078742325259874,29.289917464666757
SRBD1,24.992710456749965,25.57388863606918,21.74624590178289,26.641462498952613,20.809310985096225,26.05335568544028,24.983021292913115,25.86675748389418,22.779461276865568,24.81040321421904,22.94576738803637,24.638743171705194,23.345496000299125,24.578855207754636,24.28571495456709,24.67816838501121,24.470929838686548,25.18378281334671
SRI,25.978042425277124,25.482794992257478,24.584562977647007,27.459779137908754,25.872926688518522,25.27106326398643,25.290823386931724,25.15089381082189,24.070629019102096,22.55627142353721,23.88868663053694,23.900913111432526,23.3070016326901,27.420053260981486,23.789217731650925,24.151765034568374,26.129052626560185,27.325295219876978
SRP14,26.174655009756236,26.728168460312173,25.366756741606324,26.993193335103243,24.8662792714363,26.9186049293208,25.74595912784061,25.69519015138061,24.320979009660753,24.92414169219291,24.72384599416272,26.347257521185153,24.754030202575823,26.509485414179,25.120502277698428,26.278033298170158,24.53511655481141,27.394157439339434
SRP68,22.661643727400495,22.54758974544409,20.861025728511027,23.369817473201437,22.560932109065796,22.233041482525536,23.462629980764287,22.885315793946546,17.368072922903643,21.801318933305577,19.83383594024965,22.395080262115346,17.908858860405893,22.741670969353773,17.84993172541772,22.06939025709421,20.946014067693458,21.471005481055467
SRP72,23.530198601181805,24.250405438842208,23.886894903118638,24.870487832665447,23.90300808494245,24.305149747859954,24.50457899865379,24.91989299522255,22.45571071735664,23.605388911560933,21.942531479276973,23.83382055591754,23.025346019674334,24.674513945853395,23.054522104908354,24.0174359101331,22.967232670908494,24.42571052069924
SRPRA,24.857521457712934,24.270030054294608,25.800892726298656,25.268792137113458,25.772025708641223,23.88496362458863,25.881510785904943,24.323505056679515,24.227802616220025,23.845803502661745,24.136909148377104,25.080264620864373,24.62429311301996,25.543505233067368,24.13253894906338,24.394197755938855,24.86990157264685,24.537633368248805
SRPRB,26.185508184334033,27.017333800210547,25.794072554883584,27.349686827651258,25.791431045360294,27.043881418052425,26.394892462312804,26.50274223705701,23.781982791812727,25.861527569040522,24.850624923258206,26.03375352524153,24.270273004231772,26.844783628896487,24.735820976028624,25.994961427507928,24.85930237829463,27.342954049095432
SRRM1,24.142114033811843,24.21019429220123,23.27480074057041,24.354778732174566,22.624729973644477,24.354417520306743,24.62645988949,24.413555538970787,22.40822222864217,23.449742693645668,21.840619530597046,23.39790556942659,22.1119445343695,24.441738120903462,22.22357790140685,23.930411850429156,19.098487421120364,24.974189302693222
SRRM2,24.20126618943048,25.3228969887769,23.71106869595197,25.397134569490127,24.190408402729886,24.299450115469227,23.848058954335688,24.527784151220764,23.488290807381777,24.393147635865176,23.892152089062186,24.81603591139298,23.46441183925046,25.603059732826623,24.20903528987584,24.482128066534315,23.609420793180487,26.035998965072693
SRRT,23.62364556095069,24.78216873994584,22.53062827327138,24.949067277798658,23.129059193825846,25.00636625457138,24.042790498412156,24.034247529821453,21.39969224036431,23.85284054930662,22.735303306222473,23.870246997127648,22.019893364373257,24.769899872357218,22.20186556964598,24.250122394650788,22.80928367137967,25.260668207114648
SRSF1,26.327121455738745,26.959099456766026,25.632331215733306,26.515009168337635,25.403363467733207,26.97843187068253,26.628955419110135,25.734521745033454,23.881107780414343,25.44645233167363,24.596016614170196,25.93975729951413,24.65601734005597,26.671582465977057,24.516731689101636,26.227513671191666,25.107661573280744,27.53248477456523
SRSF3,27.57624485054234,28.524961376505743,26.87016552480749,28.622908589131377,27.83660322365392,28.904859769499506,27.89904269715541,27.764275529818175,25.863523410104417,27.157908612505846,26.46927029927143,27.55183953207774,25.816591301391256,28.255532437252,26.49751234561713,28.24456113396978,27.35301140515224,29.148409799131727
SRSF4,26.00761254397187,26.531702517454182,24.07050801744745,26.28910426880416,24.68288851770692,27.330153264201012,26.299047653656146,26.222404151564827,17.270837756971396,25.741504845536273,19.366041758216692,26.239153449293866,18.354879699434523,25.944116713971585,20.183341777120297,26.253832966606044,24.898526386951936,27.141328412200245
SRSF5,24.59090163093607,23.623209792262127,23.833289370220523,24.22179328846076,24.395610900863513,25.535263538999754,25.30184312865068,24.71433795457875,22.548427470215856,24.472270892064344,23.236906657980335,23.826900145617895,22.592140068509202,24.58483878650406,22.965924656386896,23.591502310366725,24.60615293086399,26.465433038957897
SRSF7,26.39088373495171,27.2939282038595,26.00262170148087,26.77317436107584,25.298002678758078,27.601456238316466,26.70657146192106,26.399192560725467,23.82140427248145,26.260136958705665,24.8973248296003,26.58237279598254,24.98658666247365,27.030748394421764,25.150420389028334,26.884368325254073,25.34416183726137,27.18361347352337
SRSF9,23.601612601122117,22.949708765675496,22.104913772163666,25.17946197361534,22.84030754939216,24.623719956191344,23.36270759188888,23.059487287566537,22.55971530374329,22.49844130940325,23.555183053602157,22.64701498834941,16.97791363877114,25.047492560106374,17.409098401621534,23.85420007079662,22.17535032055594,25.653011146718587
SSB,27.12842601446813,28.079492382430114,25.660012549993358,27.209572485354336,26.398669029550145,27.803043161400712,27.76281352401749,27.43620451361168,25.273897347910193,27.057507979244885,25.826655216211208,27.279303675399735,25.657822181685805,27.777044654218262,25.759993653494856,28.053721649005585,26.017801263868453,28.731285778079073
SSBP1,25.264183604452406,26.77672782291931,25.730858738996865,26.88767796507646,24.32911413380862,27.389076552190502,25.29845847098142,25.437156407062915,24.627432733726323,26.02172048680871,24.724618633829195,25.92000533132288,24.397500688866025,26.082233100719773,24.660672127763455,25.947388152028044,23.47513088469971,26.899002251463372
SSH3,22.689965785653385,24.341711553648196,24.068682562506748,26.25020228824773,23.563832259184906,27.0264469097674,25.301479466522085,25.477827499920163,24.855613683373985,27.46142818239223,22.538058046636024,25.773812929611275,22.54954328388161,25.218012388821357,22.518163590393492,25.120877756341045,26.90268970854032,25.64858893680589
SSR4,26.376210348267335,26.450614594157482,25.740113815285266,27.992729940376737,25.689463618939012,27.75252094453685,26.371631256939324,26.900528494785807,24.092733015492936,25.570950327520354,24.82130774365278,25.828623189278947,24.405981820247508,27.196651442057973,23.84671992011995,26.298129788738983,24.652120884347614,27.363844214499668
SSRP1,25.219492460154736,24.469383021258473,25.577481976865922,25.85061901628774,26.058464778325593,25.65817982587734,25.563441289594387,25.234535029755275,24.31733217241063,24.583475223544202,26.894649660440166,25.5502535881671,25.328199948195255,26.089905111753115,24.959236071110514,24.67033790141177,25.019516535250702,25.007309492526275
ST13,26.81314584844852,27.52592495281395,27.508554724975955,28.030911413766585,27.0531761054846,27.485201091040057,27.71161262327796,27.113473622757475,26.659429170683023,26.468842412330105,26.78954686569482,26.690336675391315,26.49810751382119,26.927193553235494,26.77286882972905,26.356783891577265,27.310714158790873,28.814682070803453
ST3GAL4,18.889277007462145,19.56327348051126,20.721716774841255,24.28841406147025,18.182987124404253,18.24896099430273,19.66020650299338,21.06282754137641,18.02309945315743,19.854941913971576,18.019197169585784,20.817903581387796,20.477138253551978,22.247692301800136,17.91273565331679,20.484949788359216,18.448495331692268,14.926387325295856
ST6GALNAC1,21.07346368396612,19.551832187069195,21.63536052312668,21.10750094968195,21.13900661774985,23.623125390738245,22.47890436677193,22.307669306913837,20.227137244288674,19.553163492044877,20.106674974139516,17.814832549818526,21.1052299155591,22.231099321519306,19.71482317479934,18.822410178391156,20.097822568972536,21.48939121533083
STARD10,24.168279602906658,21.769370361943764,23.418534265887132,25.56884822604928,23.648808366054382,25.83954518507544,24.62989223918251,25.492030769014104,21.974880509705308,23.334099098199463,22.725194725827905,23.236043700025668,23.992618481982216,26.130064025923982,21.725700896031142,23.255871186682,23.415939668184333,25.870447102882004
STARD5,21.58686884141405,19.50675256724991,20.978078920986675,22.357126096445306,20.743905432652102,21.978455115519967,21.762362348163116,21.383704173014422,17.948721330589503,16.424264361014284,20.19309110860238,18.905999398889186,20.939453330381884,22.156407009763974,17.37934563441199,16.59847603855695,20.05600848866407,21.707129191258762
STAT1,26.82326685536433,27.572195566721156,26.440319093668847,28.703934846986066,26.41030807299466,28.36520409388182,27.464432982032893,26.966122297954048,25.83637435623286,29.147229308040597,25.61164223958384,27.892673716067687,25.880815937562012,27.79450048293818,26.105418724009855,29.35255079470335,26.675858655547593,27.840266143598342
STAT3,24.59481427479779,24.923762682985036,23.096547268742686,25.37311433519202,24.597745827051277,26.072376385172532,25.392974496133426,24.348082184357434,23.64587653583181,24.802930668826715,23.31393278146699,24.326174112049284,23.770786130148018,25.218253142649637,23.04462486254235,24.969990691389278,24.332260294879124,25.68273194185929
STAT5A,21.74896626117893,19.120801312205792,19.15785249530221,20.8819299745826,20.142079921396096,20.355914987772685,21.478071851661074,21.073409561884525,19.627424024064783,19.4110484430574,22.372681005941995,20.269985542075375,22.938432299390403,23.154950578140383,19.84472876959151,20.382373312156993,18.537005536922116,21.024922321957675
STAT5B,21.36432685402778,21.68333605982216,22.021991803783415,21.979378615985613,20.001130065351003,21.972725704971488,22.14361103914142,21.453122562062774,21.891811708027344,22.033264550565097,21.563188280939716,21.486034618446602,20.2952669781036,21.37135351187894,20.706925227233803,21.98425545328247,21.846876410581277,17.226340637672877
STAT6,21.874761861797005,22.05639848887883,22.858544128846063,22.778137801366665,23.037475097656504,22.63257870900505,22.500346286269398,22.04544636803822,22.166751177347766,21.657434459249913,21.675490074902413,20.757724616985787,22.3847333922081,22.072608140138104,21.71628542100161,20.139409098217982,21.502365018545103,23.46026377027343
STIM1,22.677460709803142,20.6803150253535,21.940785189065984,23.99003875760724,22.640604317986096,22.12091246142257,23.821141565339353,22.40220632213289,21.6750088522704,22.319886092544237,21.169233609194297,21.961068776368094,21.564497515860147,22.474229068357722,21.51597477391469,21.375613420955755,22.31502937205129,23.252214007812775
STIP1,28.211529917019465,28.77433457734063,28.47258607289794,29.41066557515907,28.492910756267907,29.391718517963305,28.83726802562879,28.629489460421766,27.54983503398872,28.499227591744656,27.89553025509757,28.43226456669562,27.660620824927594,28.838140822357534,27.850216834073954,28.465610661357356,27.949153345952023,30.1812013034643
STK26,21.34140897245839,23.252017177993135,23.252171772482125,23.674120081536078,22.45364792457798,23.662023160166495,20.835173200981274,23.26012040581328,17.667758086634358,23.073828388167268,19.063767033323575,20.58373426962502,16.12878284067444,20.875336583768462,16.00484610955431,22.589506819274774,23.131221400957713,24.876038716395225
STK38L,21.74565423534863,21.258336040626034,22.7240366080908,22.40937077859492,22.6502727585782,22.245204141023276,22.46125088462743,21.842067089624077,22.215568016184353,20.913378193090804,22.60720361981941,21.869421634971292,21.65990146519888,22.20856803222578,22.03611874623741,21.248012155707865,22.27273733471624,22.79847090328078
STK39,24.673266689501947,21.332195014820027,20.253530090072445,18.72006672159565,22.768988445785087,17.48340932388145,22.409036735930524,22.374228407801976,24.104508458663936,19.48136180644126,21.822585153462594,24.61133807365788,19.91345114733189,20.850401103690853,20.151591422898207,17.88281667695505,18.412596516135086,21.3318315592681
STMN1,26.408643502064496,27.629185172534303,25.732669567619936,27.236897658133,25.494633449319384,28.075072734952954,27.125118272495715,27.197218639079573,24.88950989187417,25.87644525445602,25.699756489877657,27.30807186305973,24.988632301372842,27.853611312198513,25.580290029542425,27.608001918968803,24.08619366359948,28.010676037587935
STMN2,24.124574673121383,25.528398180746642,24.22747631961375,26.08780829600406,22.65706971063204,25.66086693306537,25.760926962184783,25.708619028884684,23.085230745350596,25.197682765655742,24.242727049841168,26.280209097519748,23.682275027270006,26.392821400048913,24.21364671362626,25.999282392103552,24.229621058804742,26.36972021303189
STOML2,25.048729722821665,26.468842903147312,25.629656736191315,27.88053466170373,24.660496288562687,25.973141719995617,25.032730442723068,25.736747118345647,23.52376749186512,23.777446205549005,23.407650629290092,24.730020040003588,23.953874994873644,25.653963517232214,22.72285145699095,24.866026166442296,24.34889782420452,26.650906791099892
STRAP,25.16640031332066,26.03334271948524,26.35663092703116,27.235799062068605,26.21229660452418,27.37651362934369,27.17131928063773,26.0635594017253,25.5568461788843,25.12534214352875,25.78114123068637,25.786373829170692,25.416304975644742,26.857716293591952,25.267221942985017,26.293357714978335,26.19839317325525,27.301474953807748
STT3A,26.505484781736936,26.040849425990324,25.542238270674467,27.2259558068171,26.321280787668695,27.11939682343901,27.03573517159103,26.636198798162408,24.09538751225056,25.693060136251276,24.45084134829941,26.15680418419352,25.193865544739758,26.78909858138217,25.208802234610978,26.510981115935106,25.383671391490964,27.224607019528758
STT3B,23.30175358409177,24.827761331090837,24.207685433298124,24.501794952435162,24.869397655756345,25.449645002493245,25.48565818269853,25.156673200314746,22.374707385585392,23.467220448476642,23.580141401628936,24.23879098038784,22.09315909064807,25.321243078249072,22.112079453325283,23.95545665581851,22.12386999883427,26.215013106895
STX4,23.282274974430504,23.03750059045771,23.418297264530786,23.696839876967676,23.7551724460031,24.553560925995207,23.63290310262995,23.351008176779725,21.583709254061823,22.740238389168475,21.38338277701538,23.18344436200353,22.99738976712077,23.030834608974555,22.687057750497353,22.466924406651977,23.347556956560478,24.951437445900694
STX7,24.550862777781205,23.863384949251703,24.994385081266003,24.323162471889127,24.93412269264971,24.207622792611193,25.093620906855946,23.88545831650966,25.642971276805493,23.725077074986622,25.10819884693486,24.79165227436287,25.39322351522099,24.25593604866485,25.07247799913613,24.496292757211634,25.17954293307189,24.70414182821087
STXBP3,22.7132408486969,22.93614322979849,23.272722829151004,23.79444535647478,22.50695634664744,23.346465881050015,23.396046750172662,22.96331660289294,22.188165640012546,21.647633912504766,22.617880304286597,22.466130561758273,22.69399228229691,23.595052975529498,21.94175745875197,22.37402312321906,23.20115482599032,23.967749406903412
STXBP5,25.480038111283957,23.42071894532343,29.4945510189458,23.770036218018635,29.81951158860204,25.658928379033693,26.301028251478098,24.087089357445322,29.451945039819556,26.658517834422238,28.11276744143007,27.523307897217006,27.826589386299197,24.93510588331239,28.02929590623931,22.57404763045176,27.738765109419287,19.962190481399556
SUB1,27.220299272661777,27.17324148305737,26.41737040944585,28.373889873820907,27.206648709802447,28.539110380419512,28.389944213394383,27.39896380185631,25.035814658457785,26.723670658165428,25.904987684339833,26.5954441089495,25.90860111651373,27.05609676375549,25.80386680428143,27.4800303912766,26.288177326841986,29.149165799322194
SUCLA2,26.901982609558065,27.251225681111002,27.06419348600131,27.64862230098596,27.02386864259457,27.2628234958082,27.180464115161826,27.207646331881293,25.534191788372294,25.707640290575444,26.00699897750791,25.671126866408425,25.69687350091726,27.07618173916961,25.55202401169609,26.861157092958386,26.351385632790205,28.994303575056758
SUCLG1,27.827757601265144,27.493441636920142,27.64315495312165,28.652478297110836,27.983251084577592,28.521887185285685,27.963702665165986,27.53395151216711,26.209289683226476,25.80167052032515,26.71023763011914,26.41521622804741,26.94195157954115,27.86006045365046,26.74893083186501,26.77501702822303,26.985707756039815,28.88287008720978
SUCLG2,29.174984922305615,28.36678470954161,28.98276983756459,29.44129619565798,29.086748775945615,29.416086897812313,29.187677167467644,28.646498974461327,27.23010520086379,26.833653943847544,27.88829897418906,27.866841061303408,28.148895867086818,28.864214314495154,27.77155079783604,27.532275587622618,28.164237663534315,30.17558233516456
SUGT1,25.804550329279078,26.12663237438743,25.26168632518331,26.989515217005266,25.841470660951675,26.369661241102033,26.36719187529122,26.22973050031186,25.697196379371466,24.831500432031557,25.199321506795876,27.10322048315746,25.13149086220791,26.305128492243096,26.744133379419534,25.82902531019708,24.658594303268725,27.39291874116992
SULT1A1,25.93329005575487,25.38486671791293,25.043562149633836,27.095831193787298,26.183391568008915,25.401642347374885,25.576555100899757,24.83018905929677,23.262945057083392,23.799106234752397,24.823006388125247,23.65943425704076,24.680480928299893,25.426637141231822,23.7607273590535,24.630456021539263,24.319432104811423,24.303846670652952
SULT1A3,26.339036414402063,26.208267843467745,25.634467415758046,27.791026429565278,26.607999280128237,25.413422233579798,26.16047229582564,25.436486255781425,23.975744767069067,23.328827991090165,24.767563950465274,23.448966129471017,24.756826244866588,26.28862748663807,23.968956014886093,25.435971664512376,25.580692685195487,23.906948191960026
SULT1B1,26.752982537349567,25.571222225816694,26.5082602053011,27.274152637993915,27.460886805263602,27.324754745846622,26.830757325850744,26.87185153547837,23.98331056694373,22.424500632289508,25.16202175411249,23.245367454740062,25.463796508171175,27.813451138706988,25.152100953518914,24.64425558432602,26.480291067976108,25.928645026084393
SUMF2,22.36053249962276,22.230043359918472,22.23021416921514,22.849588131092798,21.389156344068166,23.132569391372833,23.16850827672834,23.3442140108443,19.927880440506286,21.8159914016115,20.245176556246783,20.58492707279328,19.740079666275218,22.538791424507156,20.755582363030054,21.9330453509863,22.13330419996987,23.181860014177023
SUMO1,23.325913956864422,23.107296096398482,22.934763795639906,23.80622731499096,22.276967936656536,21.80650629086989,23.305143859129785,19.447789738205255,20.504295866665174,20.58255545449003,22.79847617999911,23.55860637919756,22.235186331742504,19.611710461875067,22.625698062627492,23.78192764087188,20.262469040558504,25.12001041936434
SUMO2,23.95919839711039,25.107211840867958,22.927234995208707,25.011616052547787,24.080648856121936,25.116616089848126,24.454858668845812,24.133736466259716,21.31604445110284,24.325909183960228,21.971885728862457,24.9228643855415,22.608080785302143,24.445744728842325,22.831538710958938,24.70521281567208,22.628502445633337,25.557414320927904
SUMO3,26.754646024451507,26.913809471517645,26.106556488207175,27.771748912064545,27.37696635956237,27.9076246691137,26.910852105866013,26.97655876592534,25.35949420067715,27.05991571443116,25.49241578324201,27.14898983021818,25.383420254934205,27.4046289565623,25.44825538950125,27.802266292251986,26.85083292008313,27.873842626475387
SUN2,25.29300235293584,25.426456104740613,24.381740737342845,25.178721528070536,24.628589723596054,26.022819121989357,26.087672210466085,25.431548250570955,23.3001327874329,25.032690737507167,23.86068786252884,25.530044297845375,23.464111731664172,25.29381170749789,23.467068292986447,24.720405502577492,22.88651522537641,26.545785630401973
SUPT16H,24.50231099108446,25.14767910778604,22.78268146771361,24.203517944935857,23.02973646000765,24.71789875546191,24.33690715848983,24.353979062065818,21.564073935971305,24.01484717730339,22.840243835509334,24.645055194292777,23.065607463712933,25.229920803860434,23.529998322439933,24.90638851414569,21.803545804572973,24.429808657147856
SUPV3L1,25.477503113871894,25.33917156561254,24.080704792251286,27.317535095885553,25.97543520444318,27.570219085337307,27.684008885620216,26.442673421835753,25.30818473846019,24.947527467554146,22.992006914518775,26.774946197235984,25.300096283825727,26.652190139460288,25.52396750378994,24.970348562403977,24.983350376207312,25.798139530078945
SURF4,26.211625155909655,26.107918453484626,25.256333137161736,26.863211028299354,25.16135175691078,25.94403672801029,26.345711303698966,25.59633560841919,23.68316038498798,25.268511765339642,25.28975662286797,25.801192654095132,23.202679204027252,26.502240432761905,24.93280191596423,25.741470340484508,24.628789362048092,26.440445154214927
SVIL,22.76823534154931,22.80139456659983,24.782527617811034,22.699997385204224,24.16389432270767,23.777428497640447,23.266606734180712,22.717817025736483,24.543457414520606,22.559113850061735,24.47558603058482,23.713237197794218,24.140380442236243,23.492678549099676,24.45688249638253,22.163733229235127,24.768956423723946,22.77084126410846
SWAP70,23.561963843153183,24.07459032477914,21.89948641050714,24.2141981287696,22.817117192823858,25.068011629408325,24.429445292933682,23.640857369124785,21.81359555971065,22.971578542789153,20.431699577711925,22.90698971656107,21.59970271897614,24.586454885580295,21.66165751233502,23.494997377708856,21.67023331393274,24.522856395272388
SYAP1,23.231606827946663,23.995131632428485,22.50618502671495,24.083656477982853,22.543951794668136,24.515015382167466,23.38510348199052,23.7129361365116,18.062666763572533,21.516863853711776,18.71324849676633,22.89171350732,20.93573764383475,23.486684101188384,21.79423600496908,23.89809134754059,20.410740485213605,25.248101767122197
SYNCRIP,27.573188452062965,28.547915334969172,26.44556512026757,28.091482560765353,26.49781206493478,28.02787926328652,27.811972547163954,28.06254803947574,25.791304936304936,27.25266236744831,26.265174429094504,28.13434024762301,26.194154310869365,28.51889852910505,26.06646499619004,27.68515394220811,26.430976652743393,28.4770446180029
SYNM,29.042007230076322,27.677412436743175,31.38367301420193,28.871125702493682,30.766996548066974,29.12341994162553,29.87205882149813,28.635278696677226,31.116118929388136,28.290773821238755,31.110869478955212,29.448444854890305,30.588128818576408,29.223525948627945,30.511946973269325,28.117896250696734,31.033617492781094,29.183684571453675
SYNPO2,26.477134716789507,25.675432806290107,30.862962705489153,26.8263979161388,29.953693174524407,27.12948107646715,27.73611344547223,26.80381466490747,30.560289649645348,27.996113256613,30.44523361134439,28.362031950307696,30.14846654602958,26.75665432981725,30.257745333099397,24.784775544288195,30.73200052285468,25.88170491182387
SYPL1,25.548385640878863,25.323229012166006,26.335846726474596,26.44386791675862,26.084949246786344,26.423781186820168,25.99699478675064,25.84719984160996,25.08861086677745,24.602155607432103,25.729103156682925,25.37832487922351,24.86860068953863,25.943094464047373,25.341770431605546,25.300545452683053,25.72345749551056,27.239183630252263
TAGLN,29.646212654809037,28.7503391275725,34.10069276189148,29.189356185959554,33.91392637423834,30.321578620060485,30.879895723881596,29.786518238599957,33.991245409564705,31.262148371469355,33.959825425037664,31.7848945263584,33.42790561404419,29.85118035739018,33.69764709507401,27.773974877020244,34.03666487619933,29.203620760134797
TAGLN2,29.275432756551293,30.389988917834696,29.40321365637701,31.08701836957333,29.172143020208104,30.951643994803867,29.10526163521065,30.252326454378593,28.586805598239863,29.563762566413427,28.89805303827941,30.38289636856734,28.432450535829688,30.388372534837,28.220252570546158,29.962511831438054,28.79074264671364,31.168762629664375
TALDO1,29.117944118523475,29.825209624291322,28.623319210166574,30.490845015566347,29.335311594736854,30.327534204923726,30.41027905613662,29.684771340976347,27.456178535699706,29.250940209488082,27.75947842950554,29.791594619501417,28.020165457559663,30.0008849823558,28.291991841271233,29.67783905042098,28.85847144240345,31.280194369934897
TAP1,20.089155817606994,22.98829958065517,17.262087076008093,24.374307670610303,19.99839595705613,24.97355432980602,22.117303980213073,21.595471430995225,19.45046017689026,24.1840498055585,16.93109431816988,20.90554050859085,19.80286188374421,25.12081967145938,17.091750840209812,25.452676066330643,19.03873930721186,23.783484906113795
TAPBP,24.301278376423788,24.625953917795098,22.797636006094756,24.82767223741391,23.17261191064468,25.468388563651214,24.404330681406808,25.12786958848426,22.229290277710113,25.736334654554668,21.995395326353307,24.152566634729695,22.67022753311607,25.472409859617574,23.34233165721975,26.092861275357087,22.491915635648812,24.97649423902185
TARDBP,23.272895270829117,24.251357672523785,21.185611527267103,24.174531726270704,23.174953328918445,24.139960924979675,23.382180019561975,23.711638479055882,22.125055922249103,23.047813644915006,22.554324263215765,24.114268046588567,22.533796165035543,24.3980549102058,21.26929688722359,23.89501241229182,23.048287581579537,24.44363420635151
TARS1,25.47668890225313,25.90807604401509,24.99007381304627,26.17288855715778,25.23119272964176,25.953688878028267,25.86732914399415,26.027926243211358,24.256567485364297,25.7455108184992,24.94945192160943,25.706113131987966,24.821317169795094,26.635453176677494,24.296748014637274,25.536788557004712,24.545365183101392,27.017316385459747
TARS3,21.58705017511493,21.995631751050723,21.384195569441783,22.823392938139378,21.943243842613406,22.14682258451848,20.906811142324287,22.290740521216684,21.118683406252842,21.602554658614842,21.116434369628262,21.406552374902336,20.172217856344304,21.567439241450796,19.204512956199444,20.2154145539599,21.310720515047255,22.622617789630375
TATDN1,22.87991327784609,22.504058075080003,22.31127256521897,24.38717976592322,23.143740074558274,23.893427228309292,23.068089627897702,22.81803057715026,19.157728755402534,22.531487425651807,22.41122146764873,22.39184799296328,19.337636750421513,22.99162698404116,21.981540752255366,22.750920542637534,22.99484478330528,24.554358819081983
TAX1BP3,24.757132591528272,23.9603147718345,24.163017460358972,24.649769871885205,24.369082801037038,25.35134591190722,23.683381606893562,24.2498251287964,22.33621913442578,22.714436418142984,23.68768136306223,25.149479605974307,23.659339420025734,25.682492926114858,23.748496888160567,24.79125593900338,23.59070362895302,24.79597987316851
TBCA,25.49005120995913,26.69951573471686,25.96074455673235,27.08723604965814,26.00263533013933,27.109552081674288,26.23688655160076,25.175469709789002,24.653027081381854,25.386032582900445,24.66907370368698,25.63551680319476,24.59532946289053,25.796164261584995,24.647837266372612,26.350700136064535,25.808631485339195,27.381222599319333
TBCB,22.712166123326814,22.710903450947555,24.1851040971301,24.03841807971009,24.48887071425291,24.436944832426914,22.922515446504278,22.825333751411062,24.284737325689527,21.098561811638508,24.01087344367325,20.282560172267583,23.22779883852964,24.70557512530761,22.535411353804214,23.315919613135794,23.38133968988647,22.950994837077875
TBR1,22.45241938009288,22.99629747824624,21.104724359263642,23.13642736163322,20.50195964465451,22.783756013754008,23.015642816801986,22.081993328643023,19.538027218985558,21.84584366392375,17.023766032409338,23.11903185971478,17.520156276539094,23.15218337197964,15.11101356671248,22.311382813505972,21.246638439021442,23.114976246628565
TCEA3,22.406220499771244,22.07251716436413,23.190002765889545,23.010295046115008,19.87899138729011,23.93431636224599,22.794131037880355,22.564143580223124,21.146965373191616,17.00282539257672,20.919679983918797,22.663572305729367,20.3506352634172,22.308338927597408,21.098685908612037,21.639206463006786,22.83771797711282,23.67123331228773
TCP1,27.72261248442905,28.924990348025982,27.208102794617247,28.921245979480673,27.71930228446273,28.2208372223518,28.5906455163065,28.495864564356186,26.667747381585603,27.67151036460906,26.516473238703565,27.697325926268025,27.297601776029428,28.546654820490918,27.082371224530466,28.221894640547916,27.954526561588732,29.476868864292314
TECPR1,22.43117722684531,22.19036171708721,22.654270659278268,22.364435155532277,20.2757159100578,22.455019808131294,25.13674740361824,23.60264040093366,23.11534925364108,22.932557139043368,22.72893794834112,23.142941163037758,22.03376822744582,23.135529117373096,22.826778244562593,22.633653885670395,22.847648530508348,23.22546906471872
TECR,24.602221802434755,25.209602008908135,24.09426783398796,25.97635145593131,23.864521900874777,25.857246437509836,24.294965356115217,25.435107818332447,21.908578631144458,23.383428861634837,22.0567716801523,24.208501709929724,22.235677412317457,25.365069510572233,21.95522137343353,23.201250562186537,24.272281460539386,26.248495930139992
TES,27.50756782840149,28.360009100591732,28.922303375098934,28.0730941635643,28.585213208592638,28.788026829234518,28.703254690500017,28.345447384942958,28.753613126329064,27.3238792133927,28.099370196582413,27.863476602491826,27.703964883331455,27.686877674419133,27.61995267106315,27.878946154623286,28.746966385913197,28.48158284856537
TF,32.036135999368945,30.633697447545934,31.525756385761397,31.364745672884162,32.58716670609024,31.67418333539479,32.383839355899674,31.039051355815726,31.422314055913684,31.17797117536472,32.18510416940549,31.13694960703596,32.099624850656944,31.540843733429448,31.407747157279648,29.56557585319994,32.44157787892294,31.15833059943692
TFAM,23.410586845484993,24.797433681931743,18.268578929079847,25.472358815380918,24.632743547099174,25.715083128819828,25.259222334113957,24.22555264384546,20.778217168859626,23.595893102426547,18.083561114217982,23.899423943932653,23.14429916612812,23.965919674344324,20.344682072127572,23.912720413843815,20.618415929801966,26.626080349046646
TFG,25.27826273995636,25.627442994746488,25.253587427318624,26.895840466773883,25.25029229057417,26.299372913444667,25.682820228436817,25.831190787667715,23.136969995580163,23.99142529155403,23.897543873028823,25.754531695592974,23.965050587940002,25.43274120323938,24.231589622352164,25.07386832322092,25.0325948685707,26.05264284072024
TFRC,26.92024067456323,28.55526980591065,26.03524876439475,29.068418079285966,25.8986867781347,28.323269582488088,26.574260830429715,26.762442500551096,25.162156578570677,27.015435987099032,24.971642445250158,26.970465603115553,24.812759415819343,27.814562316527546,23.431228844313463,26.63876438826786,25.490842697299986,30.345363443600974
TGFB1I1,25.885916239535202,27.151929998546372,27.298459872127182,27.216905123801222,27.23412024758871,27.77292193488168,27.427203395879552,27.450284160434883,27.51349745919768,27.175219332611256,27.238052580575804,27.563357072337364,26.59532380780414,27.774955505985627,26.22134899006091,27.013466585482778,27.322030924772363,27.703932895449043
TGFBI,27.71436644065007,29.513986948612505,28.683073397117752,29.381418221994586,28.755537659485046,28.77074557520774,28.61597192283117,28.52897737416101,29.504000029445304,29.700171983566268,28.49553463505009,30.0304775460756,28.977727061830823,29.319339191360633,28.74560150364154,27.78470395269127,29.66112400808913,28.427590167672736
TGM2,28.394807045813653,27.23450119146085,28.149756410811037,27.2540970448828,28.18214259503346,28.595821781429045,28.384168080960777,28.086387345310182,27.316860916562874,27.61590122810321,27.159962783485547,28.073363978924107,27.18554245161084,28.04121236773257,27.239273093361486,28.077963076924092,27.092617276204372,27.371367614417526
TGOLN2,23.49544706814419,24.321371137601552,23.354141278286882,25.909569926411923,23.27032556989744,25.263945875593496,23.554028047391895,24.629916761248793,20.519414418411426,22.999703468144197,21.61528744959848,22.876361657990262,22.01154877179938,25.316715140179344,21.805910446182907,24.288284440714015,22.517911067565954,25.893685516684936
THBS1,22.24470471813881,23.041947392912622,21.753775141750218,23.60086922930419,22.612136618714704,23.916551914136868,23.57149713105605,24.651959378846627,24.311807211434928,24.49249087011798,21.002662539495308,24.067060362555917,22.798789298118525,24.017196753702333,22.50818217031964,22.16570283118422,22.894009559525056,22.820476067923398
THEM6,23.453853536917013,24.36086170452333,23.263555604150703,24.916484241377425,23.74116558884563,25.02157946458132,23.888588362556906,24.11238216908627,21.199787214876082,23.227431384039413,21.702691660479267,23.16450095026959,21.994745382706835,23.463977862657064,22.294179431197886,23.71771677386268,22.71087560718064,25.243221934623307
THOP1,20.34178537237421,21.754278424169645,28.019192623747347,24.749159817368103,22.531668868141153,24.320676860038876,20.723626492083447,19.82845090114545,29.32129652764275,22.526392179126226,23.14659477902643,22.66836131717347,29.089833937644595,22.26651605157848,28.015017728738144,22.937327154508196,21.642012317322248,24.564192901383997
THRAP3,25.339022641627313,25.98683661199774,24.91314366236306,26.436767667169374,25.451799171529093,26.203340647939953,25.5635055617205,26.029118512023835,23.580258144829536,24.80451816148479,23.954130687568906,25.567805106833543,23.346357677626976,26.201621418250195,23.39783123339351,26.07316736694544,25.135695355088856,26.437324598314714
THUMPD1,22.313140734497225,22.279652011860783,21.157478805215202,22.65146421148536,21.110406765911772,21.334630324166433,23.06427234227057,22.605213956309505,20.644476725812957,19.39421229010105,21.079347930393087,22.732240106067287,20.720848198934945,22.609195437438327,20.792204600156694,20.68319231697624,22.05545540124257,22.77577514083405
THY1,26.68013543228269,27.108709672202576,27.62282210724962,26.992996367241133,26.89605422198848,27.88150713408146,27.61347706196513,27.768269107033735,26.596538661896144,26.621682781822436,26.47922421329724,28.369263516520483,26.86669159494494,27.889755760800615,26.517818836257273,26.44783277073793,26.76263220417244,27.49680374062779
TIA1,22.972952949505515,23.717374251290384,22.943336445289614,24.184535670764348,23.079635256052924,22.82243561306532,21.18795712466016,23.52003220545697,22.152078562691887,22.82961779419315,22.158422868111924,23.437614402254596,20.999008015385122,23.48670569103192,22.51083869423244,22.419938595435205,22.915292602006854,23.752103951543656
TIAL1,23.95759135761283,23.632253879730047,24.756130246751123,24.994703764801038,24.94788273435033,25.206828580910635,23.99180458169478,23.55489352121136,23.938106215566425,22.63732300933364,23.301726702917083,23.902706296215555,22.7355072247968,24.343154753218258,23.438180846714577,23.198938505048158,23.98234691713553,24.5819980970295
TIMM13,25.000233725472302,25.54567072639561,23.568766245183376,26.58665999175157,23.80344874788284,25.604910322008763,25.611512837427025,25.17030124843275,22.080486973856814,23.41664385832809,22.49448030511006,25.03370815449659,23.277795607742913,25.58703666739301,22.84421422826815,24.792766569312064,22.694036574338625,27.066454046454986
TIMM44,24.07313615464403,24.071385444140823,23.74690080326994,26.631087522091466,24.374039223551726,24.4773628827363,24.446986974939794,24.218015369522615,21.659976214388593,23.890438939625522,23.493620871229638,24.483869951760408,22.539867383590693,24.65198028055993,23.224628242339527,22.981532343135584,23.87105345333852,24.865931868838103
TIMM50,24.770495389473776,25.356226244880716,24.239600464605708,26.269586715746442,25.142499799669213,26.11315574600303,24.790633387009837,24.780460699659816,23.46338224764657,24.212123213396787,23.844569951487532,24.767422148172123,23.89232135421492,25.33662342400003,24.01382574639845,24.683118300360807,24.681334614373508,26.601290702901682
TINAGL1,24.25131115922577,23.22154624496851,25.716867359225567,22.867216274927717,25.22906528413706,23.906256345216637,25.204082550570156,24.2524626636815,25.113707502397435,23.059092806754293,24.299741302105907,23.67199714148146,24.386954622202797,24.123062542314933,25.033428588554454,22.99073634669634,25.58791894977551,23.063765778609078
TJP1,22.13128236104242,21.972435582404657,20.618428970909385,21.495704023083693,21.482877629372222,21.98832528612594,23.207146382738475,21.89532666531062,21.767299071533362,20.739727209436506,22.2246526469153,21.099328178009724,21.590582723502052,21.98675982102927,22.217263326331626,20.559291298855904,20.760428933574396,18.685237719604544
TJP2,22.75177454548822,24.071165195429227,20.483296513101987,22.041599144730856,22.40258185724801,22.22701250326656,23.583313472089515,23.440469852785487,20.22798259122903,21.750806843918852,21.860741130554096,23.137407577241962,22.558694296025877,23.810275989968982,21.63651922926835,23.22018614484301,21.546011169650694,24.270876080659235
TKT,29.214536641210916,29.76809173272848,28.570327193387065,30.017178023245474,28.92846172714826,29.05906234023541,29.20274795401793,29.321817583811708,27.940671512566876,28.88374128914137,27.654428781923464,29.06164514961804,28.15443114747185,29.88184998236295,27.891087289617005,28.890163790111256,28.80932777739876,30.103109624730685
TLN1,30.931418085206506,30.770486025711254,32.174028316855846,31.533117073134513,31.988589131463836,32.05242102713816,31.65308218478112,31.052303370955222,31.867062343478356,30.76368492107221,31.766495834315833,31.526205098048404,31.577155615152883,31.584716236211154,31.575110549331647,31.23963691523282,31.819774382921487,32.10740287482612
TLN2,27.176873472814833,26.54217682424141,27.463021383058663,26.631972081116324,28.083119212216015,26.59070291165909,28.08242809289397,27.557892720661307,28.850503982414242,29.78166718562208,28.45501442326973,27.66552787063452,28.467470743451994,27.939933367877867,28.303711279567473,26.38983309725096,28.745772208417602,25.827426148264852
TM9SF2,26.77929299590663,26.55454635210257,26.251281104560416,27.73135626393336,25.654306005378142,27.061577804709845,27.11312605188783,27.716181823517545,24.5629728075715,26.120620180892768,25.573172611654705,25.700431006388744,25.258492956012837,28.352367805274525,24.930064292524758,26.546521543968154,25.77849426260886,27.608588829455552
TM9SF3,24.095164913065478,24.89172716341819,23.571360381819662,24.630300518465024,22.565901275255126,23.45772907628335,25.29260857654316,24.031231448293347,22.092407515858053,23.32664861369546,22.67557932683174,24.189134687219475,23.636054270020672,25.4090470129862,23.22567308917344,23.11403598474381,19.557517589877666,26.12256096131291
TM9SF4,23.0597252498249,23.040563218030858,20.75065842730649,24.631929748617097,22.21366899461469,22.980609733530482,21.556472064692453,23.235047014981156,22.400579158217866,21.252867459100894,23.276064127293782,21.540537545086785,22.048336018488644,23.91264031866158,22.901494928571356,22.996920771473647,21.91692169981116,21.24613204067729
TMCO1,23.655490142536685,25.502706964849047,22.352296722394094,26.622314097708614,23.03217350949947,25.401230863411076,24.302745841414485,24.908547249795642,21.803140904958507,23.829927940397074,22.398997767587908,23.992541736654008,22.07255627502988,25.244776085256042,21.44292295764669,23.977574261564058,22.961116839242123,25.655886914868343
TMED10,27.217318709168115,27.1804717258204,26.407433261898323,28.36177044306411,26.56607377188366,27.80040906729091,27.808489988464366,27.657859512652603,25.56989084423135,26.64183169041101,25.59163627741365,26.931184388031213,26.108984364650095,27.939024335001143,25.580820325947354,26.88473458565004,26.811360854514078,28.15641745073229
TMED2,26.919877347011457,26.302287140509353,25.380968437863615,27.592883643224397,25.843335372465695,27.167744655004313,26.93009452051133,26.683486912269913,24.29106715562466,26.144987682501828,24.842241582968143,26.43964064678991,24.920874535354915,26.859738843469,24.821412743411365,26.434659228438253,25.274988338050193,27.293950229909495
TMED4,23.878600281412076,24.10943436553986,20.216037545053485,24.795367030278854,21.251984017204396,24.364858760019256,23.813409620959266,23.147176943161377,16.671504270540268,23.01959714919906,16.87229556916658,22.524090811014734,16.79832600194624,25.134897991639196,19.71311091024606,21.563679284044323,20.446928514282558,25.65018091755506
TMED7,23.696820805193074,23.720224059855163,24.09202772797474,24.858466312086925,23.394802408428635,24.964321342441284,24.858990798298368,24.51547264182075,22.628707115869993,24.468378416813398,23.483756171897607,24.211327659212063,23.461748307360608,24.52654524476351,23.164088732413706,23.42527602394633,20.806640970869914,24.304720909727944
TMED9,24.07998624466571,23.50437241417429,23.251792384198534,25.194155408419842,23.752740389060847,24.367929016933992,24.50200799710802,23.375207492057125,22.255636689502857,23.803207426616883,22.096011132839305,23.65259627849365,23.02510829223396,23.78981094656376,22.54265926949596,22.537180793275326,21.657422533331133,22.49847630082949
TMEM109,25.51769764581545,25.25764530732537,26.38385151445671,26.05044060590493,25.900551850312638,26.5315974954484,26.431289847270598,25.0845623909182,24.98164624240556,25.52516090115614,25.624974351973584,25.991274710026417,25.248662433350315,26.02043682132575,25.289539020819543,25.721521727492362,25.575060618687196,26.595624120980702
TMEM123,22.629147623534987,22.836340964232914,20.585697966630978,24.14301279314569,21.383753602355277,23.07778099937551,22.5949332295031,23.468220939086635,20.865114746802913,23.885515829066282,20.46566260244082,23.64254191327159,21.731510296658037,24.117956689929994,22.078950353940975,24.31126460216509,21.474799101564564,24.827875485236454
TMEM126A,21.30331927263158,21.618169821344534,18.44928075533621,19.660267105491144,17.838851142378942,19.302960533170456,21.668657891518585,22.03604327318999,20.160827155969372,19.737541897408136,21.34989490681629,21.3154831145538,20.77232823698611,22.262627109081333,20.855127937616878,21.08691263626627,18.681443630801667,18.48096367795504
TMEM245,21.67686916942495,23.03129253815356,23.50483089491649,20.707620296875955,17.39068324017368,23.300468821053347,22.462682263024753,22.44645282974506,22.402900655142872,21.738453590493446,21.66002768759298,22.3845497130959,21.593198868460625,22.267369105609117,21.796708161956477,21.748540655092256,19.056141689418496,20.803151632762592
TMEM33,23.416601350909566,25.079354379038445,22.543055876762857,24.998336832196127,22.35957298120025,24.148186270262,20.828971664187044,24.154535746099974,19.520003115955404,23.57653382164179,20.59274416516367,24.331437207448886,22.135986188450048,24.99781981567025,20.30131035365234,23.992062292762377,22.744116478611556,25.19755390544703
TMEM43,23.405219983804688,24.382657845042324,24.65834300102611,24.004979296137893,24.252678856816257,24.267783017361428,25.238847338337244,24.28923491790965,24.08150336280379,23.71274915990774,24.14148221889945,24.79539715742386,23.6533816203698,24.62840667760586,23.786890120324646,23.44027758572621,24.46559340311227,24.482882568947968
TMEM63A,23.682031173860448,23.759593355969777,22.905204662063273,24.74746284419433,23.544339639564,25.529079062932773,24.74867745093439,23.550949293044585,17.430352476470528,22.277798772864436,21.623880952940908,23.64675656240474,22.241318557063884,19.538337912323335,15.34231394379633,24.254641233764318,23.34989199055523,26.41592575287597
TMOD3,23.147198059957258,23.018024818236576,22.04909240951027,24.02869025679521,22.25607778206507,22.678866918939562,23.90063416419606,23.22416464274459,21.52930912353567,22.297200188300895,22.256669775275245,22.99781492325409,21.7208508984525,23.381670422727197,22.03754402330489,22.867773823273275,22.394009889971397,22.13140334404862
TMPO,26.37813356886713,26.881804751218443,26.288865686349666,26.83475394916336,25.599644357096242,27.121254723659376,27.22444532749588,26.803735345750365,24.72254185946429,26.42769314701595,25.575456515384687,27.096982349867652,24.54098714898662,27.099843856566018,25.006744911009157,27.02999217174588,25.696100491319946,27.939807835039577
TMT1A,26.271664179612,24.95177216481485,26.64642951913194,25.822192840179383,26.76225561463215,25.840787896113046,26.67775988187407,26.0479913014623,25.21057968988773,23.289883678373407,25.881477384279624,23.218226248213732,25.138874112025068,25.102972505262247,25.272747663120295,25.246469859151716,25.898146232729665,24.18849051215457
TMX1,25.184703997587494,24.809802676469925,24.965753392211912,26.10706959463701,24.605777430592024,26.13720649581519,25.346687316054176,26.932134970401986,23.544579485688452,24.47535360699676,24.255003029170442,25.12345246846858,23.041065742679983,24.27359595378123,23.310502491189588,23.11460319282743,24.872162280987233,26.036514623194897
TMX3,21.69638645237671,22.33440978157171,21.592340349488985,21.982191601511275,21.733601338695713,23.356313401585666,22.63035148883565,22.186059683162092,21.31978845548086,21.50096440396641,20.92042643977128,22.032767685426762,21.128628816455734,22.359752950416915,20.802998828662002,22.216505724590267,21.509802729272348,23.246633547205985
TMX4,24.45745150539848,24.632760332026677,23.72747922521872,25.249359224956407,24.067666817909625,25.286697852094346,24.295067053695497,24.262696634822735,22.875374697998964,24.22103288520966,23.417199965454742,24.34300441545753,23.249729179505653,24.99471995275919,23.270651123764388,24.90398690620718,23.32657013056856,25.098196077703854
TNC,25.87755520292706,28.445761282559214,29.392149982921108,28.34991282143788,29.639672335214737,29.345267977952773,28.046463901271522,29.03577657213747,30.959494107690805,31.229478954711062,29.790481433550266,31.261962157046923,30.6926403984415,29.793580527324917,29.816120230881328,26.836526128348375,30.527381400403467,29.32455084290035
TNPO1,22.267466960563425,23.77553897819755,22.130924512465306,22.81827508291863,22.048020588492612,23.431577406456228,23.603452169179658,23.17276952935723,21.176612902886156,22.713502256934728,21.940716687626974,23.206965493695943,21.79085812187502,22.978190426836676,22.289170439797378,23.25699594590975,22.563146302823167,23.32696996208468
TNPO3,21.99821160317503,22.62785945993615,18.90531858810812,22.919677166947256,19.74790789355573,19.78176071835867,22.09589884211727,22.28600501633414,17.817067811019115,21.739533904430957,16.5630542351169,21.97797282713832,18.048395770352435,22.326901610993808,18.633877818443175,21.38213152784944,17.94053660962615,19.222451461146388
TNS1,26.692812138721983,25.654173722592752,29.56667806497431,26.454035064532388,29.111629096848052,27.509472959000185,27.629241455572227,26.392659862108925,29.335206627678257,26.561786167092354,28.997470988382165,27.957182602936186,29.094728478906397,27.05158539343289,29.255578835142362,25.285434407879656,29.443639175339335,27.387127139307545
TNS2,23.151234132625152,22.656150305433467,25.924129595508074,23.19240956773102,25.252970123096187,22.639494984547778,23.754717383678972,22.611201873365335,25.5772016791732,21.727717995517015,25.50718582334396,24.977693470728454,25.410121242340562,24.05333228402327,25.496946268358947,22.299686857290464,25.192568207016254,23.39943761983349
TNXB,26.919135682723862,26.75061734668201,27.808911982753145,27.55807811665953,27.729815406394962,26.588704204685023,26.754102110761718,26.53890672433895,27.108041285290557,26.056567958311856,27.042226258889876,26.705425379420383,26.6896866046237,27.070167197745345,27.3286909695673,26.508113569438443,26.580014510294497,27.55293679121285
TOLLIP,22.06160226500765,22.71593506691893,21.64657542030097,24.149111109965816,22.85808429841987,23.005697631473996,22.951529973313928,22.962847160901244,20.787121952077314,22.35982089554471,22.477871660276712,22.96421673488772,21.972560914558485,23.085075981246746,21.647849720274642,21.836421304571196,22.632689519293596,23.87816120425638
TOMM22,22.019429011533965,21.962132519748742,19.076751304760368,22.26695670331445,20.067096666103428,20.78587117469018,20.17761170422129,21.599268303276684,19.63528040817618,20.92988789984148,19.438553676030054,20.67265479282816,20.554177830262898,22.120823731081707,20.77940830979034,21.261945572343723,19.7351026808777,19.05873827050526
TOMM34,20.895466098383704,22.90843245181428,17.727969857837973,22.201333752713822,20.67996536070421,20.986813307225464,20.338772509797746,21.786197531993945,17.673333023821186,21.189557892184084,19.51891078490509,21.506288321628187,19.56149842631313,21.72121468241577,17.138404686492017,21.772912722066014,18.90969538873656,21.809986466842062
TOMM40,25.143400400429147,25.645231039573694,24.162921815970655,26.48143836071508,24.52409316005827,26.737755354779395,25.543917483701016,25.76083051796129,21.94444460784256,24.79286152530314,23.411697362460707,25.259164700875868,23.11840589521175,25.974501857443688,24.202216749318012,25.318586901488974,23.59679944119471,26.864726917207314
TOMM70,26.089453973840772,27.205585409120236,25.74688087232868,27.559747153170857,25.810036128687628,27.284841373326827,26.60004369420956,26.263633596611868,24.440168277839824,25.261064775745744,25.31974567450736,26.19899138102813,25.269541139683234,26.478490126037894,24.931700205242503,26.114909059755323,25.564540134754356,28.177487491137544
TOP1,27.945563419851858,26.01951309844792,28.446081548958198,26.52448645352809,28.86961977662681,25.715343984251536,28.146563853289887,26.254210638921403,28.61865026105577,26.91113745563376,28.22248920641447,24.575199108341124,28.001981248519034,26.310027674269122,24.190696914833882,25.555091214875105,28.168357933702758,26.245818749264817
TOP2B,21.680481684200572,23.59238756997291,23.195637420840885,23.74079942385349,23.368428310395977,24.0002969939827,23.703237650770433,23.67941619167575,22.98744520198772,22.990517235028168,23.77781878773841,24.163320223158834,23.59193293740368,23.70056878136548,23.368646228866357,22.199461529928517,23.677012127257413,24.222479884861876
TP53BP1,20.58553170702395,21.558009103050082,24.661332563642926,26.401319142118933,25.544950898502176,25.77058755801433,21.217387020258684,21.097347866082554,20.906193354312222,20.595226419986798,21.208641325419254,18.307558046609003,18.938097030551898,22.328206282320224,19.198613136585216,21.709315147609896,25.2459183456726,26.292083697579894
TP53I11,23.547565890987936,22.05153100871787,23.193471453478416,24.988768484892677,23.85320825243174,24.70994785345609,21.47920707744238,24.101192989985474,22.00852606581114,22.07016540595705,23.063838357483448,24.558791662667446,21.258569667314937,25.403001708816777,20.218956888294116,21.772385280274598,19.387822762438994,26.208463448653657
TP53I3,22.12231844672667,20.179087793249145,21.32719020258865,22.600350677807388,21.926519690132825,21.327828901726573,22.701352314467112,22.475586760722862,21.536786839069453,20.810190514517465,21.878655748951477,20.61914757594091,21.272178189387432,22.60034576362521,21.797937594438924,19.459510315184186,22.341564334912622,19.93362369778587
TPD52,27.506729768293035,27.50070421433297,26.876860153025163,29.1740643447543,26.32801677100464,28.03569190701144,27.991655841194003,28.01362460022471,23.328493556078396,26.09335943769492,26.05697455227706,27.384327741866258,25.95902108910603,28.30840803395941,23.908145878643396,26.415036308877227,26.042864896034228,27.80148814025206
TPD52L2,25.508326291215297,28.10461670162525,26.67167234906499,28.277856547227497,26.47218185177498,27.703904245130236,27.00431031021591,26.09490553892715,25.631540524243345,26.660746074271287,25.682311249384064,26.967698762509777,25.52759254022309,27.290574520658016,25.825743143317254,27.201504392737224,26.407723700943556,28.476594961426542
TPI1,31.120090247791897,31.20045727799058,31.305217460434243,32.13244708827012,31.416731141967368,31.63581647952414,31.531049770895436,30.969499359252413,30.152294852884044,30.289188145809895,30.724800528345575,31.408301602162574,29.97824293854102,31.551986277092343,30.583989301634706,31.244726418561903,30.89043585272917,32.61500668392555
TPM1,28.872504085885428,27.790577481731745,33.307884043991706,28.204999993980067,32.800332521735676,29.167153194239337,30.20495655126938,29.07943695063889,33.410643583352915,30.23596488594077,33.01984075215865,31.011070311606527,32.37374351281536,29.556736893798,32.48526092604189,27.36838096868558,33.139310285830454,27.897942856937725
TPM2,29.70995081174241,28.916892208862254,34.046923418599384,29.80235317395648,34.068140406165504,30.047690325337918,30.922884927302952,30.298020963155466,34.1321357227703,31.5398066677981,33.79781144637963,32.460829054904515,33.31713453667923,30.466280738846258,33.283957878822015,28.707268891100362,33.83540064585613,29.40404672971463
TPM3,30.640981350918466,30.099295281204224,32.72532882085531,30.90619634079689,32.84624066679304,30.58105776251525,31.206461310007636,30.41083138427945,32.06065389514578,30.969124566427176,32.079720250782664,31.74019408325844,32.27199827091015,30.58105301508296,32.22442902199551,30.02031317003044,32.48566372002417,30.63161444623956
TPM4,28.4021857457289,28.3568461245929,31.154880996564334,28.151264763464816,30.94973129835975,29.794575555187222,29.19282066657015,29.227454672060418,31.795400006386938,29.153821892187427,31.172875975006832,30.68482983429658,31.164540085430076,29.99103550976139,31.03531315576001,28.378361087412877,31.084426488458824,28.43013875284761
TPP1,28.730046878179653,26.522049465349056,25.728810317027367,27.383015543964852,26.38874276276271,26.45419576729425,28.198670874163795,26.892549852142384,25.72995791488238,25.703494360244132,25.093765016723907,26.487792100357247,26.959097050722345,26.21831974911628,26.046776108255575,26.563346589031067,25.636733564657654,26.019178442167057
TPP2,25.576834542424226,24.797383015169718,28.015938835614357,26.554440367641128,26.823258179268226,26.21718563131549,25.8333805437226,24.360632222389576,25.123778199153797,23.904644018011982,25.62099562518429,24.070266403558833,26.70853966615033,25.056332779915838,26.524320170869235,24.35453587914894,27.87895251597683,28.03561301301674
TPPP3,25.481134295853117,25.466737700408423,26.150472344216183,24.090711176601104,24.34478283527345,25.152691216467055,25.82410210338982,25.163990373441848,24.91863821664409,24.15122262424126,25.516949736099132,25.152668521553615,25.348640640320347,24.62167490589497,25.91232676710006,24.05135731172339,23.263455046236185,24.263233337485932
TPR,22.931808300680903,24.613829208925118,21.87565220722767,23.971939798271677,21.489933500642927,24.56267843294282,24.27129532326967,22.372389007635714,23.362824665652475,22.907083884846063,23.167784575545962,24.27086802610251,23.36943110383233,24.162556986501333,23.095758940635754,24.33085106963286,22.54147848565424,24.68863039846882
TPSB2,28.779317624916363,25.339523324008606,29.885124796219117,27.737863809315677,29.6034341548878,28.54764819839051,30.7480271880237,29.00497215813887,27.340624024152994,24.3723772120599,29.084713384411927,26.398675636041524,27.382703277634562,27.51092547555462,27.45921272260494,24.845420224730695,29.022991335041368,24.793766422103616
TPT1,25.90552256403916,27.18381892359684,25.168981740397996,27.643816342223445,25.5576558090068,26.959253520943143,26.645549618102258,26.89661616325357,25.89627190203587,25.416974248556393,24.37689303628745,27.61192879168997,25.60103516433659,27.652293105276502,22.711745068483577,27.04314765833927,26.096717883133863,27.31417081273072
TRAP1,28.512838750301395,29.669103801134455,28.834825010537134,30.481238370416996,29.054453631830384,29.79042485588479,29.124256090164977,29.330358645970346,27.34287317498041,29.043677515028982,27.23097791550489,29.29260823939585,27.898629057013036,30.012519901674878,27.951072780023896,29.16468989405897,28.811155381791067,31.132615836047314
TRAPPC6B,20.36729308823833,20.305087978087027,20.33472553846536,20.98788323441906,19.740263289161177,20.021539842769474,20.81624840544135,19.937555795722258,20.088939346688008,19.882984754481676,20.11597792875617,20.23705834934388,20.025065412550088,20.774596808103446,19.849357242818066,19.613842220246156,20.031240109207168,20.141337835762318
TRIM25,25.545296904513823,26.139352521056196,25.732433295105263,26.77873824387375,26.1873926686368,26.62368795761128,26.420733851396996,25.584137033183953,23.07880742062732,24.91244385452518,24.395177873318993,25.67352167397165,24.256471363294683,26.18587177571497,23.814358326981306,25.93204046685777,25.066671565533962,26.486814208990243
TRIM28,26.52255486556179,27.538497988799534,25.18394097530564,26.848026577294775,26.026545233116863,29.17901342267157,26.88435473855489,26.20655758290186,24.883396088822806,26.641553663569926,25.164202780636074,27.177755241805027,24.46553957734316,27.68131053075928,25.307308275968424,27.945235312975665,24.412617801965318,27.56601572433604
TRIP12,20.46884970605409,21.686550932654637,19.922770392191097,22.011854924253928,20.413288499051674,19.687985471394455,20.693973570077656,20.75503395663416,17.196290259063503,18.49170271948343,19.483016882857857,19.66944524513064,17.926883280391653,20.406489149387227,17.399649822808907,21.524212196466074,18.584361581306705,21.537667608722597
TRMT10C,22.522667557032563,24.158109563394436,21.89056230595474,24.449696503450873,23.20836254906907,24.227644929719467,23.11451592407738,22.363697795679855,21.336260264837666,21.333205409379723,20.304181808483484,23.511440355587414,21.195664593273268,23.70770140771545,20.870123786904244,22.72481664972318,17.744456233560673,24.456648245998785
TSN,25.38918914049612,26.36576539863598,27.20842468731288,26.738900277940484,25.90554800777429,26.65251153420303,26.216733072593666,26.0524373249717,26.54749120406561,25.054221792121886,24.743318536381075,25.75073162474199,24.54616490449315,26.299566989884887,24.44462557305759,26.4614856847811,24.9792020030204,27.258610329951747
TSNAX,22.589911593116753,22.62770668587489,22.375514005355075,23.94627847760409,20.579085875890474,22.769722956879626,23.105647014936466,23.277579755259822,22.745737503051192,22.451946409252134,22.395472750401076,21.599659318334016,23.265809454970913,23.56381559665368,23.363034062423264,22.279663076632712,21.423654290878716,24.471712149707187
TSPAN8,27.04170966634363,26.73245313970464,26.487845138673382,29.661548121582985,27.23224352676955,28.14687688600699,27.231791928253347,28.034574776926927,23.831116429048997,24.713167639319682,24.887070343826455,26.653023101567687,25.38986451809761,27.43844783147849,25.037700818233322,26.660532874463687,26.106974792321743,27.442464490854384
TST,29.00510605692281,28.50609091947127,28.214798118996686,29.886755421477254,28.61982295738687,29.17506589866165,28.4049360149881,28.2737358289044,26.843215954709134,27.930262179919634,27.306951960674073,27.539063656464,27.500665952967342,28.843515410977215,26.882422430747383,27.750370282651055,27.87765346783753,29.917059078113976
TTC38,19.145588597989065,17.743017409844928,20.093783629688364,20.22176749899578,21.611318728397684,20.27802852282424,19.164711744568727,19.707619495255816,19.813840393258,17.575431544603575,20.111735185812748,19.532080611817968,18.73182787562464,21.72407575357346,17.55702359404418,16.40640115559435,19.29961218545589,20.444790979461796
TTC39A,21.687009797452202,17.840949480021937,18.53148614251162,22.910607485620528,18.87225023444368,22.825767397361183,22.214499715542864,18.893462916332187,22.475124377586926,20.836584533005187,25.54195742544594,20.98870556475772,21.05890369408736,22.657192827518656,17.507615650109056,20.30232759942172,18.89431301467021,22.578116467049124
TTLL12,25.76083107604903,26.04190664354622,25.228943064524316,23.806668050574004,22.50794834732159,24.48245983527388,24.69813566511081,25.530401890395133,23.98183576235542,24.91548675288813,23.93087279558783,23.266795227403275,23.908255596398217,26.021338018076964,25.062518458979003,25.200731293384386,23.044077249452215,25.11327718992163
TTR,28.387654378098127,26.894627230339594,28.009822859478767,28.367164656101327,28.60560350862849,27.922510409602236,28.729236858963592,27.66616723902293,28.017976142068733,27.3497950911614,29.485301698028415,28.432297314369322,28.702187697352866,27.377286308544434,28.40493796095998,26.02702733057077,28.745202909980357,26.432682050975174
TUBA1B,29.554053092138176,29.368867196220094,29.328204078476524,30.14120945613667,29.22989816241042,30.153999910970743,30.06445055199743,29.48131913009504,29.755060926719583,28.799420756101934,29.807487074067605,29.491262677316048,29.284171045938535,30.178439771857033,29.44180566152005,29.423389464738953,28.62521165580849,29.578124555804173
TUBA3C,30.41204285095667,30.916106620318118,30.84382578035442,30.814320223969887,30.73727548866663,31.090980647839583,31.019057925423912,30.984567028357514,30.479297730132895,29.864819141537133,30.70173757139972,30.723986822622482,30.23551457337824,31.08951689264564,30.247536123358405,30.660930619261375,30.186923374473523,31.114256600955176
TUBA4A,26.195454642222412,26.050174111967053,24.52191135383889,27.11248490696071,25.18717122362499,26.39113928172576,26.974992639283375,25.569078385642204,24.99799799283307,25.30657039125553,25.745509447058012,25.143687516094225,25.55635441167065,26.985447514341736,25.118196883036035,26.65896661618463,25.72369788391423,27.03562613700251
TUBA4B,26.91604088828078,27.577823459540582,27.98325836404379,27.82245684746182,27.623501496247208,28.208932504231672,27.85739158438882,27.441000822261,26.61614312992417,27.273579119960015,27.04460085830701,27.046821933262574,27.04430067812382,27.79066956009604,26.912246432441314,27.383643168964763,27.27864336248998,27.92695564130521
TUBAL3,28.496023126978802,28.559960188696625,27.02640825054581,27.637096551685676,27.74849850781543,28.923126649791904,28.588749388790678,28.443884735818788,28.359649023347213,28.03636680800783,27.98830821390904,28.658877114458626,28.169031994037567,28.741693929459036,27.700728617049293,28.05723899546137,26.60388343920233,27.916443153560433
TUBB,30.71855267253465,31.486148734422162,31.21517113465852,31.686522062677724,31.04967817455454,32.06848862268546,31.59482623425259,31.245457333383577,30.499417384343356,30.2508249874403,30.341533960150752,31.540865037614957,30.504749983810864,31.66426662340185,30.270920938478895,30.879514122137508,31.068836716437303,32.01767207503941
TUBB1,27.80729611825137,29.178338214832028,28.741159234301996,29.123888460377586,28.98714422182303,29.001525158327244,27.708506845628364,28.638679422615034,26.172009995571194,27.20629744031139,28.301807330182573,27.795617995089934,27.4227980748539,29.09406300443832,28.02708662120047,28.707950084414016,26.67486053145342,29.11251470562852
TUBB2A,26.335710458778696,24.199359131365892,27.22162464744365,25.329462616563262,26.609699106497658,25.96097529044845,26.617233637102146,25.58900359402071,27.559313720755462,25.01805389313975,27.804207281156845,25.10442234487376,27.23910952752864,25.074346746708,27.092269311397267,24.77912311715841,27.33899525111487,25.037762351811754
TUBB2B,23.88235017652561,21.576754688580063,24.76953791283326,23.947176526721115,24.78828046672378,22.282516783268512,24.78675625202137,22.512943529532013,24.5295528567444,22.319058292615424,24.84196938563858,21.89702178502318,23.713582410920335,21.232060043896535,24.033525790869646,19.84700428625652,22.933544573858683,21.357432970817605
TUBB3,23.984733889263076,26.883351719081773,26.045401025061413,28.292500921705177,26.76083903312992,27.951259385841528,25.994206248194434,24.395659910300115,24.662551295921325,24.16450694292217,25.758695583676293,25.829098661227125,25.7396665843875,26.093898105686936,25.775294219610586,26.55158497093806,25.524669769783014,27.74753715241727
TUBB4A,30.548520236833443,31.11133781437843,30.79936574749242,31.060220918006554,30.613322572264003,31.144351189013122,30.912082359641627,30.97883086768344,30.409479943476974,30.123934012693933,30.743648715866385,30.93972461593747,30.24228421133329,31.461254536934174,30.074110380566932,30.465978575107233,30.469399292080112,31.455622052821695
TUBB4B,26.009059983078092,27.081550161372455,28.480950553756443,29.278462819347332,28.012725996321738,27.680356117539155,26.352431386370554,29.247276494110626,27.38329092592944,27.197167420222264,27.24197993318978,28.61447958850703,26.74376093023178,28.24765907592778,26.92290988331635,28.182734255277193,28.07920311757608,28.622278171811566
TUBB8B,29.95458663092072,30.278574737288125,30.29245675424382,30.308554392986796,29.30594493407971,29.813526869440643,30.403952148078968,29.937927963756096,30.121875617814236,29.09440310981065,30.274952845330954,29.764467857854864,29.607212081324402,30.933408386538574,29.41412916996822,29.950806030168067,29.75514622404998,30.185051207753418
TUFM,29.114854667892697,29.537204877136958,29.00625804417594,30.749139954866628,28.783182915530524,30.014876203821657,29.104054174954587,29.09351957536659,27.178696025347875,28.418578078942687,27.64357187689307,29.03841286589463,27.832195250759494,29.733905702570475,27.707071219517445,28.168734588167126,27.99194661925335,30.485960103667608
TWF2,24.427515586265383,25.49989560479952,23.587718224782726,26.16955599310999,23.140803999740672,25.83411422762297,25.41402247299126,25.035036418039347,22.03185429579351,24.446317006658923,24.585260035212002,24.68825144196778,22.261391549742697,25.38620790890316,23.810846822134277,24.66336824679235,24.060545980728737,25.966378854606102
TXN,28.695884661574446,29.688607457326352,26.82922201382775,26.403673684952203,25.49419048061678,27.484097869195978,28.182406062227475,29.786120503346595,27.90664917197377,28.90188841358395,29.195416433060455,29.774260460734105,28.64010517782644,29.753650035956017,28.176919460779946,28.834731944644577,23.749900482554594,30.6111015315461
TXNDC12,27.566915253771647,26.59889771055075,27.61213190340009,26.86248124778466,26.436860496075255,27.971879831904555,29.580695057008203,27.887855520796684,26.120197155245602,25.386312042064233,25.73670719605075,27.308025436365508,27.975632510502134,26.996851026735573,28.079181362785015,26.11940880960577,27.95746953424285,27.497897231644174
TXNDC17,25.99985909384843,25.94467452442228,26.004833142765026,26.488064773532827,25.84722683695375,26.58037390283957,26.026274321491638,26.53154580013493,24.57379354057257,24.988825254920645,25.804929205831407,25.987483614633703,25.063874284455462,26.840139087241326,22.74564747743507,26.060862326366127,24.90452890271281,24.21259337186086
TXNDC5,29.582554210102053,28.852748790031594,27.726919724202443,29.444638102597704,28.48153517999005,29.24953423728286,29.89636329079092,29.885406520095888,27.252989120079047,27.032524328977235,27.58686995404283,27.86845251659754,27.33460851615991,29.44198838273746,27.40983879547876,28.362282699383975,27.810206686724513,27.950822625827204
TXNL1,23.85612102618362,24.810925143259126,25.253142329176498,25.211988090878997,25.318810452673176,26.058354543804686,25.167081781225257,24.91993788429811,24.242243027083695,24.605827936770837,24.25529263453958,24.61861533112746,23.994408683668947,25.125378711630194,24.33475542434718,24.71262551625583,25.307868910531113,26.32096436410642
TXNRD1,26.055921872749742,25.03364289409379,26.360887188632187,26.46433031230747,25.45931631909817,25.933121559955776,26.177950920204935,24.98808671524101,25.12814634481914,25.329240559709657,25.484534896761968,25.659664002594457,25.355031136801266,26.10624581461163,25.234521526479007,24.867756715819976,26.017301660592302,26.639965401765743
TXNRD2,22.987255945108405,22.836225177021575,22.717071214301452,23.66671787755556,23.340215785322975,24.158267178255063,23.030820740197807,22.555588495222317,21.807770782516933,21.788232543727172,21.432193564829504,23.08547591329679,22.093838843663985,22.701204169109626,22.17204292231038,22.779798435188667,22.06963851985831,24.499029784424533
TYMP,26.460755258286106,25.839750351063287,24.582088977982497,26.732959928088995,25.450219301346607,26.892294504602404,27.3850259932915,26.69155434243252,24.869881573578713,27.84536428042959,22.869558994549614,26.725398038862654,24.74327513037086,26.597208959100872,24.2094988113815,26.88315098333927,25.07983691918937,26.84384635581841
U2AF1,24.812660182876346,25.62132394955514,24.242580705940522,25.417477461770467,24.111823238704567,24.877469083297747,25.211428403615614,24.720483425207007,23.92324025149589,24.454824459669,24.498015072325668,24.969722082882022,22.282094364306257,25.742681266300824,23.194592013390277,24.638936572080855,24.055530935786788,24.606232272739863
U2AF2,25.721942344960738,26.350350726675803,25.350737970586035,26.457734881880565,25.24216581805928,26.56451080534551,25.778603781005728,25.762651404798557,22.728166663740126,25.022237683022066,23.613413074943374,26.085473402188626,21.43973410189605,26.049845505241382,23.27254869719014,25.619932783412956,24.385587344233617,27.17633121643484
UBA1,28.83736516886753,29.056089798347244,28.872197238866143,29.89311298800772,29.072649914264463,29.848506129185125,29.50838238488358,28.786288249505798,28.345711109188528,28.259476644739145,28.121779028843815,29.092662377791196,27.788395116254097,29.575546725115878,27.916409779561587,29.557897157984282,28.390456361295918,30.195428926203608
UBA2,23.59947284014485,24.814819947076558,23.486855661452804,24.937924682843057,20.883243970039654,25.454760179866255,24.20473359679879,23.799262665903562,22.294360324864442,23.41475815151544,21.587209423224582,24.644881876369574,20.930271914003715,24.889918941090514,22.88295274951513,24.80906461617819,22.33826002973906,25.123999451590972
UBA5,21.59216056132449,21.55742406816446,22.09344167829828,23.235856318965627,22.356199647825825,23.009547930644313,23.579715340985697,23.068123314355724,20.347645723707714,22.29555397314199,22.050234373844837,22.38037042850795,18.427703533377443,22.99081510071053,21.338781267249928,21.697420952702245,22.12421569282636,23.7718088103335
UBA6,23.828013128544526,23.065493378505032,22.79588798674197,24.570058126582726,24.075381450910314,24.105513039320737,23.249977443243996,22.989187476261996,22.952109925772255,23.494405791483516,23.14007087365408,23.372003721587397,21.49593502508815,24.18070555800001,21.992843229932998,23.684212650673746,23.79188227672001,24.5072421133482
UBAC2,23.166633805527162,23.020010210971865,24.164808191754236,24.669736839397437,24.69832802219169,24.36989508406052,23.59211685141502,24.72760601209847,22.064536223555116,22.156711717329923,22.028527339505885,20.857075811135637,22.25706970085327,23.980923982200135,22.703188865624046,22.118316140274537,24.41319663173506,22.99083278098987
UBB,29.778026446299116,30.40963394080834,30.489078132688203,30.609687970314678,28.749157736575736,30.605645556140306,30.78127597888505,30.11841950774838,29.1804169045726,29.604097985213173,29.37616990194346,29.969242868911724,29.217617212045855,30.287861274022532,28.662110938575456,30.63334648792968,29.448167908216163,31.30944008387143
UBE2D3,25.075802955113264,25.11648471736877,25.38923918505911,25.8653930504028,24.672926098549368,26.11562290679167,25.49429262969881,24.723176393844913,22.58016678564572,24.75037301331763,24.620044709568468,24.795955149706366,22.958824656797066,25.934397962992527,24.535514952180534,25.38007921566435,24.900510336538414,25.555999347039982
UBE2I,25.028252590536912,25.997240774831674,23.926677751794468,26.203344778715948,25.151325009651327,26.14559901281513,25.37126979968425,24.340751624833516,22.77743519135844,24.098683441016007,22.944523311838633,25.313573914466932,22.636953306622303,25.47485534974373,22.50391240741269,25.37471817305042,24.8695577658937,26.657821864810003
UBE2K,22.996893404032676,23.432306966798347,23.99728733354176,24.82282355936144,24.027047691831633,24.35199410524152,23.846516914841125,23.677600267015908,21.821149337293583,22.733943301234966,22.88892670900745,23.466055665810643,21.65669560528194,23.877451054243817,22.97853832758421,23.299682369995352,23.11847171267451,25.088189158873668
UBE2M,21.878065699689067,22.687370047392758,23.778120523480222,24.177007049296986,24.26422022288507,25.38089950083974,24.45366537345545,23.69921075113957,19.92933584059462,23.520363976329925,23.408911902601076,24.3829419063998,23.941989808232982,24.585665989182477,22.945419754349487,24.174734280586406,22.98932938651132,24.82942299265451
UBE2N,23.45431758892389,26.681208104546084,26.761197567524782,28.073097799168416,26.199869694988475,28.11287205807197,25.003893699554865,26.35179224973687,25.339497970264613,23.851998108256563,26.028162790036188,25.145053090327135,25.26933228699537,27.461583461377263,23.701760271323195,26.781802742939146,27.20510743022375,28.64082854875292
UBE2V1,26.868084241266757,27.365707943560803,27.481107979727266,28.38640456072204,27.524218322459674,27.59463501497188,27.243691979791826,27.18627973702384,26.826795791306072,26.74322155009385,26.89742731068466,27.474529011819104,26.5294602685554,27.712089658974808,26.711417561925565,27.233616613857,27.173219128379994,28.964286985786472
UBE2Z,23.445713076928794,21.382862798607178,22.18938259392013,20.23399661111376,24.392292616501635,23.423345640133316,22.681461908335038,19.93828731297241,22.56260265821582,23.00358528345096,22.486171407667687,23.16579475495651,23.606892916784872,23.813744401472796,23.5895939358357,22.70516362389093,24.59645692310692,25.431411699950313
UBR4,21.44380418904561,22.917511410517545,21.71116205196923,22.942753286275,21.09278748217236,22.796455494059245,20.23538681550847,20.051626845189148,16.373030327352623,21.400940383088745,18.048857458636498,21.79818221742611,21.23468281268189,22.766784262663258,18.85721606148482,21.876266652462643,16.937961055112893,21.294858588026127
UCHL1,24.576546076109302,24.125453075023593,26.085909505782272,25.36926359040743,25.675503603752066,23.894872861833907,25.421459715891555,24.060782391449003,25.118647770701166,24.01079551481441,25.711601812652724,24.219116866573465,25.27483502659893,25.01561274312046,25.32018112563172,24.6411909951131,25.374315371788114,26.262122793301415
UCHL3,24.958588271069342,26.662136283281512,25.530330174205883,27.03679505412053,25.38520309647294,27.134604688423813,25.49411760391829,26.210896305602123,24.066810909972908,24.759942274805702,23.970555257251313,24.814405125488882,24.247205906387027,27.006637941673247,24.268711043337326,26.158445535958602,24.812366606589492,28.55743239725484
UFL1,23.433063949501644,24.22389107130893,23.265464006896252,24.011227082268913,22.724011362222598,24.4367709865245,23.970961856981322,23.36099885356941,22.58369434834561,22.517543715118155,22.102050214742018,23.102502516596676,22.776291635349114,23.361430123075465,20.704223076313433,23.487388053983924,18.017886699006514,24.330282802359072
UFM1,24.489523193190255,25.011124401277197,24.130789154453456,25.603178267577924,24.76833222641302,24.93394828033336,25.504018627411117,24.790145906588467,23.921946020213767,23.07915378381447,24.17519683336257,24.214783090299143,24.183334757935064,25.63808447693024,23.752377835414123,24.803822441457754,24.006777873045365,26.513653248020496
UGDH,29.535670652281425,27.526405893003712,28.695786074164108,29.120954284238096,29.56541971337203,29.971293814562827,29.724197864438942,28.980043131390158,26.59253325517549,27.864824334479547,27.952995103446092,27.879392788397467,27.254253535832095,28.810094397217764,27.056757752430233,27.289934386762976,28.702828015148643,28.930102458628596
UGGT1,26.036519512866153,26.086370137489414,25.070848361824655,26.406676027844153,25.31365285756801,26.95027331905005,26.312161585045544,26.566341128583755,24.17456890085803,24.751140442780695,24.119030765007174,25.648549480925606,24.347222281223118,26.403245760542703,24.596852259004066,25.746642610070197,24.827689505753735,26.745425478977484
UGP2,28.086416325582494,26.59130016060853,27.94517513475131,29.21800211943092,28.62990201987477,28.153524708890092,27.5922470254387,27.930461545948813,26.19908548057471,26.209147037614187,26.41210419254479,27.09748740349253,27.111734875273758,28.131833077597197,26.571122732071622,26.66599276907887,27.35037248208118,29.105325508215103
UGT1A10,23.499868129459152,20.83560193886124,22.2311223855708,22.787814826009384,23.859796464940246,22.694823837049878,23.483491632608104,22.952171301475445,21.041955731102263,20.76193162046447,22.147860050550857,18.530919246947995,21.892191529911976,21.8615062306136,21.716484485616558,17.777118771363998,23.457464628947154,21.68099797209129
UMPS,23.53457177683592,25.40421515764366,22.845399879005296,26.102720379787574,23.469785721671947,25.94114034006827,25.09277409239416,24.302325027874392,22.671487501619623,24.14062148359923,23.08078269209755,24.73873495547308,22.855262305855682,24.8126373631765,22.736511881862683,24.389459314347718,22.28514492450625,25.059430714207906
UPF1,22.21683219508161,22.23650633261103,22.234694907041217,23.478883643317143,22.235818641155507,22.631793580602288,23.21235184628234,22.555855220304398,19.93197279896017,21.721634257953056,20.779169353034113,22.375761538463053,20.551096680158476,23.398269288680154,16.55068705187736,21.4559640074122,22.24673775346584,23.21235659138365
UPF2,20.574839675807528,21.418914529516993,20.57029215444485,20.24212859705617,20.558294160697518,19.935683272885587,21.031348211592647,21.013371835596388,19.09829092332126,20.665924745595433,18.436630100633636,20.326203814037118,19.828560153750697,21.726224854247253,19.543489687038836,20.68225141966354,19.527744262806173,21.660030657383953
UQCR10,26.78746814864992,26.45873513375249,26.926944377334035,27.416598789293868,27.109995916984396,26.60399700479189,25.768169528940867,25.965198802391594,25.514928703558173,24.68635508554557,25.934810096359897,24.879836691090368,25.13197031614619,27.11179078145698,25.46400799492561,24.88124018969781,26.15651265192886,26.133061911500988
UQCRB,26.209711248793397,27.012926007053288,27.17792156604588,28.869354505680768,26.98724611209141,27.99589625033755,27.091278295156307,26.402160854100437,24.133418642852575,24.259280014770628,23.66337060646033,24.730825549401793,24.16093517319011,26.3367639414084,25.204045774958196,25.67272478003047,26.63231071918001,27.598133996492052
UQCRC1,28.672670480464582,28.70208135328699,29.14038367679862,30.036847746809034,28.28021587657679,29.194379606546782,28.422266974687957,28.63919173167298,27.050418330333184,26.958047354912274,27.850346437301457,27.32089489488125,27.62109124330975,29.007870734840996,27.75881567379491,27.617229254146366,28.060572675658154,29.94435856541943
UQCRC2,28.72406359921929,28.778583031954934,28.56669810064042,29.74830140913307,28.67271450543666,29.15782705591874,28.44604944289158,28.07037261536338,27.039693100535903,26.9145140344276,27.20978906163234,27.346118681248097,27.377078307968,28.664972836930048,27.720880875257496,27.091635924379908,27.06785423901799,29.631995316724044
UQCRFS1,25.88359722162651,25.319583206892577,25.20265527816118,24.15896324285024,25.570084962057663,24.90000630081383,25.301487559750278,25.16474858735946,24.37060255479085,23.92100463472079,25.329632669442105,23.977572246221555,23.79055552513211,25.15834654235826,24.819911903090105,24.143505225614316,23.450188888168533,23.516080701059632
UQCRH,24.667992204573704,23.06268827941019,20.762189766977702,26.226645974584613,22.92637685163151,19.40557129803673,25.682772093922598,25.53133716223739,23.522918182746054,25.04145655986671,23.739266330898833,23.89148519863533,24.461598988248866,23.871282754409705,23.766843782850227,22.855771504717264,24.348521561272708,23.440551568350298
UQCRQ,26.24946449576326,25.75361300081769,25.90151036252939,27.251705036777672,25.40488783396714,27.44143222871904,27.982716240201427,26.295026301258268,27.015389840197226,24.956354032390607,22.82034178838827,26.105780847329534,24.471450674874013,25.322314027929192,26.888198016612176,24.298381179465476,24.949130439800953,26.814871707014703
USH1C,25.884676232062926,23.849768222790274,26.368115782991836,23.763746496288494,26.001096859340517,23.878195649155746,27.614023079488046,26.391905898207327,31.534364608500088,28.148330735390203,30.304637774215458,28.46510715069823,30.596027871759617,26.04858525582088,30.710313956198284,23.08572450901102,25.63415334415418,24.743326785039265
USO1,25.417872146853522,25.968577759485363,25.97218978594731,27.340614092639786,26.112999996870062,26.81407853651807,25.579852376374053,26.168242292387248,23.785843607018535,25.652272529701463,24.58227013058197,25.48679063340468,24.7088285228909,26.49294490350103,24.386892176196106,25.496327990553482,24.736028962931165,26.250096697298392
USP14,25.883556023347104,26.17491404982974,26.09466533048747,27.04152299239763,25.289159319354063,27.105595920707376,26.358910127119447,25.284783335541306,24.565957024424506,25.331118684022982,25.043005996003796,25.956514584750252,25.360971220004682,26.487182856726175,25.47882224429769,26.263302651830905,25.232014210272293,28.16277241136317
USP15,20.996043933040138,21.42418748804749,21.130818106996127,22.847991680731266,20.95579640455597,21.820282173083733,21.804170359858915,21.721890380555912,20.316095768102425,21.078308736415643,20.62985795152478,20.853264596066353,19.259045571729775,21.465837220375235,20.60143081906901,20.865675812227128,21.24748842564982,21.546198611911464
USP39,19.35340245668713,23.188713658429,17.722852936670684,22.601736291321746,22.011193288149865,21.553735113574287,19.098944238405725,16.574435028666898,17.812033184275645,19.871587096886785,17.86182884300614,17.32147503534821,18.223763126750434,22.715599809847703,17.772649051430168,22.767553547520592,19.26821562349695,22.626786034044123
USP43,25.113201274692884,24.472169417882274,20.394705823344633,20.8984287780227,20.540561824476224,19.909472102753725,26.168976815700493,24.224626038187367,24.865166149383978,24.056125511185016,25.0037418802318,25.555959969790266,24.536012975172486,24.409394723239373,24.90192560270513,23.286249269457365,25.879557669903356,20.32998599238821
USP5,24.174806759703905,24.55125698650974,24.269253042911,25.4117942156788,24.541705182517784,24.838737105181277,25.105390107760556,24.728684312901525,23.94288092228862,23.53620259890448,24.48599279938007,24.820324758942917,23.75864290103321,25.01178708109639,22.879957502145487,24.689012892744604,23.862143843024565,25.29535338988717
USP7,23.04345817321162,23.760647670346167,21.540093619456943,24.585796733101123,22.67344403402943,23.351900578582843,23.64526659363487,23.653319527556274,21.734785317150816,21.558769903735804,21.861783972250798,22.74489948912806,21.369742851186153,23.092494785603478,21.79521740019609,22.4923512839763,22.596405400316826,23.005882686711743
USP8,24.618385498299514,25.399387505492804,25.418286704768978,25.587977566978036,25.389808652592595,26.039080644974778,24.525213534616938,24.668189337515,22.465857315049348,23.546448245519844,24.592497468554644,24.306635860172143,26.071127548114166,25.062669295257987,24.779592992066874,21.939641564354456,24.932607222633706,24.78658789654476
UTRN,25.410319853301377,25.30016611115907,26.763588954081833,24.49255651814898,26.675250051615237,26.193257463305088,27.09876240633321,26.043487996811535,25.54768518495804,24.889350091890552,24.51536275193671,25.31976005802829,25.935331718752412,25.15593973975398,25.883806743489963,25.449684516176102,26.816870303185876,25.499653138414214
VAC14,24.229134496726363,24.665938914926812,22.97867066014259,25.125746367154495,22.75006130148506,24.47913963611078,24.506866046293,24.115489091204267,16.811602362615215,22.642796614445928,20.913041523322292,23.928179329701486,22.29752906048495,24.296713038657693,22.53324666380337,24.1603305773407,22.432831329958276,25.662942418327077
VAMP2,24.055572514231844,23.919649620677347,24.308427653936043,25.334491831864085,24.30418351124475,24.96531868019883,24.300301482416668,24.081147234610828,16.582012809581194,22.035283054521656,22.242858909989593,24.144055949095794,21.914337760024242,24.71541929342669,22.233197429676647,24.053742668683054,22.888528741963725,25.303559576381616
VAMP7,22.22090011351832,22.426102235539084,22.54015093096318,22.598587885602537,21.79707694811515,23.015946291356606,21.706128846709753,21.98647403430123,20.615324235956983,22.07977347755859,20.946788277054505,22.52402913053943,21.56198977039922,22.653910438299025,22.051110798021952,22.151380652459924,20.9927545410808,22.793173838452745
VAMP8,26.279170032176285,24.723989697813185,21.86640861176657,23.98304789617477,23.286073753873396,22.71343720794044,24.707360399623386,24.640711837428398,24.211699299558372,23.813045629987023,22.726206849006925,23.684261333130966,24.486099342536903,23.384231716234023,23.726621365320486,24.671759319235306,22.85418700480883,22.403089011184843
VAPA,26.092798836777675,25.81818501459079,25.9084889400817,26.252596061482937,25.615288390374875,26.228825929305973,26.08900275779438,26.561966011762756,24.39333305315537,25.164188139692794,24.844984092382763,25.837030586961994,25.096386387755153,26.722416213738004,24.62928227653005,25.132249798840046,25.17179616400224,26.316687784705262
VAPB,25.995410451327306,25.848953799777398,25.385357428115963,26.92916478423729,25.9506909842865,26.677267658744103,25.56077861784499,26.158978941716196,24.820005672243404,24.96736845774617,24.90054995161711,25.78447181655449,25.314496661272656,26.471617634086428,25.26467134519536,25.64475401022355,25.112064483529224,26.588975266523587
VARS1,26.07910319936277,27.113136078156234,25.49270863985672,27.975736262893417,26.852022045363455,27.62703073147899,27.067463984317698,26.11500637552287,25.217728764290232,26.447793061536327,25.18996130994653,27.089334371122277,24.78911500654875,27.363286717416223,25.219584933118544,26.96041538822949,25.521185582580728,27.617775046739926
VASP,27.23996734204105,26.934811307739423,27.89465846292256,27.79536374420203,27.367281812603945,28.315319667968215,27.458319081280564,27.236037164114286,26.52360123225042,26.55395314817585,26.988878508995782,27.1363251936619,26.796853408374382,28.033254018815555,27.068170026910117,26.94734793515731,27.56120293550526,27.84126896135327
VAT1,26.8750062269537,25.09397949611241,26.74943008070583,25.01023007755751,25.842788723119796,25.56502407295245,26.52224126768815,25.719014673949975,26.162563614132782,25.024850420135163,26.598403195331652,26.02745527376208,25.506023117794133,25.784067489205608,26.05235739221815,24.911053503661684,26.126579681328,25.522875179259465
VBP1,23.803324758016053,24.976364546319022,23.636058302342757,25.608353053329164,24.440526826744108,25.36913704611432,24.52522829330883,24.714836033637333,23.939505962601757,23.96196152176311,23.7677173267217,24.69847647715326,23.542316765579983,25.177704228496353,23.646209366829556,24.98499144683425,24.091330075312328,25.808236399484272
VCAN,25.49675435693144,25.475870549683613,27.31944319487948,26.16468292734539,26.122539538540057,26.9116015122963,26.592112275101933,26.786922802175138,27.032047562383802,26.57598529337628,26.79416651773744,28.40348587920676,27.35424765202731,27.408850371763137,26.49838475714491,25.498744078338127,27.059111147608096,27.019081774069022
VCL,30.548779496523355,29.685185956327448,32.60877475775786,30.622258580620375,32.4021800068095,30.807099490954613,31.610651108189938,30.71201572681391,32.61253056833018,30.55104550698353,32.56735607867265,31.45880686787985,32.192681697523376,31.147520884217432,32.29583190556653,29.308078160314597,32.704573058044176,30.561686270119683
VCP,29.215219415432323,29.807823971514964,28.5957950334446,30.63329284424654,29.260135050845527,29.807357373084926,29.664036529703946,29.697254926318678,28.487320640744358,28.709774720171772,28.585712986647728,29.433123904635362,28.262938028198725,29.85384494149091,28.098356186980023,29.459940908980208,28.878144834856126,29.978567974266255
VDAC1,28.196897856210004,30.053783896717427,28.181304787182324,29.848698000531286,28.35556529238007,29.78466547454547,28.907213932930286,28.57564529880517,27.149141232520183,27.961964490458747,27.71006243138439,28.53271313339205,27.60578655489186,29.533732527896763,27.265344027111574,28.415047311643026,27.763170825781845,30.203090040643755
VDAC2,28.692535675906274,28.952317410141614,28.867406081612316,30.509700631470903,28.206495213933,28.979174403944764,28.436515064856575,29.192231235589873,27.36978580318359,28.403393328260155,28.02814769530281,28.475763760877168,27.928293648308475,29.118579642376126,27.797327277471155,27.159318995783817,27.892186076292568,30.627494115735093
VDAC3,28.026631555076058,28.42240437637875,28.862114788224975,30.310775483647127,28.159536734142886,28.848371199592062,28.27333548583167,27.946036867733284,27.28983988699065,27.538325550647258,27.515889361774313,28.1215592595679,27.521184176957735,28.227312160937917,27.17231539674325,27.227095979106508,26.981434002829577,29.14829648462358
VIL1,29.778461535980526,30.38709653506063,29.057732507405742,30.433141376316247,29.393410559001364,30.63661291073003,29.350940951740387,28.74712469226369,26.354623969288934,27.493921720795807,27.822877461346412,28.25113489805776,27.90061068878612,29.865675662009263,27.001004257220178,30.651939209246446,28.709102592801305,30.803784963076282
VILL,22.465895191938834,22.4938111270327,21.566685780416815,22.726651700729928,21.83856742737316,22.050381832135173,22.25216934007622,21.344468266512656,19.555561610815857,19.59675816890164,20.23189994297604,20.222933892741807,20.81851126543134,22.516129580467954,17.74715228802758,21.017259670171235,20.546240967674862,21.24555046688824
VIM,32.74095793010984,32.173893721954336,33.055118876752864,32.69263352979061,33.03770054719662,33.045728713216796,33.77912185593474,32.9911041401149,33.02259825213879,32.282015253718455,32.750502239499795,33.25431038944323,32.24256440955224,33.30846141908322,32.64196221917537,31.999150923068303,33.11527957033139,32.094130606339945
VKORC1L1,22.316720110673526,22.157886803669694,20.47408642344041,22.17924586696929,20.576961410871153,22.28667332968471,22.183039799102673,22.076561718680754,20.45324981809654,21.542889609089723,20.082896808792302,21.920110991607185,20.12031695435316,22.567590655026624,20.296947356297572,21.21778203774221,21.535967060084673,23.033115813812515
VPS13C,26.377924209105966,25.25016492792173,24.956198829020988,27.416911814207115,26.850873370998308,27.90914351923929,27.21210661880713,26.592251747326102,24.463823470150345,24.30837402855267,24.81829245368858,25.993470746707573,24.71379530416907,26.566233344747634,25.116719744626344,25.848648604293455,25.452531500731634,27.84533332047473
VPS26A,23.79980160985819,23.346654971089702,24.49550946027789,25.252155355558678,23.472163605970806,19.55652617633462,23.44976061616373,21.445734752543014,22.825792251930718,22.954898290678997,23.56824952250987,22.550501631648483,20.599241611063448,23.753423111437098,20.199570762351733,22.853156442617575,21.583143868794444,24.01887553725922
VPS29,23.724234845511724,22.47042452454442,22.27273066705735,24.52404269150255,21.990830846131313,24.402686989175795,23.67141952162708,23.136022808566732,23.05306556924991,22.816974398704108,22.695108010684677,22.42947393579378,22.39191419520648,23.71924341816013,22.250552163777137,22.721664285986215,23.351955983731013,24.998172349045195
VPS35,28.829550947948707,28.777174005820903,28.409328889328023,29.12215327480068,28.85295177711359,29.13056124806465,29.04538907549396,27.82953436819325,28.066526927592854,27.162075192412825,28.57872886255118,28.27462376476402,27.597566279144665,29.82202559510343,27.206066712555106,27.979741078921542,28.928006992062286,28.58036996323937
VPS36,27.636367116904864,18.643090249626564,26.212758261378287,23.505507442358553,27.96756580413557,28.083379612463713,19.840823183898184,27.018384668396227,24.98656781786196,20.944882585226427,25.495264985567925,21.21300628142804,26.898246712737443,21.063616138124072,25.709513826421045,21.647774794054058,17.926315686240518,20.431727261019255
VPS4B,23.662240797792123,22.98500448338874,24.953314654215628,24.676384629989055,24.23312409811618,24.70231008670294,24.89623426349491,24.569714452397715,23.62482317937301,24.170571240944938,24.044222101466282,24.143409473711873,23.734011763145205,25.148103630424036,23.802031548697304,23.232743205590303,24.34177904238314,24.511181969432826
VTA1,26.144675382178555,25.651879723277954,25.66967749484246,26.061501459911277,26.18406696569326,25.71196472785076,26.286175427984045,25.719562204101308,25.135060456501662,25.072878408999127,25.603539112340705,24.728725903884005,25.484837998180257,26.67692092578588,25.010435924130608,25.705885006563218,25.586827933923274,27.143886317859838
VTN,25.37166940367551,24.788177522849097,25.43112903057882,25.32702657769621,25.397852405308157,24.802866781083143,26.38926502694486,25.315110044555663,24.95365323462003,28.112342557042403,24.69780488537757,24.840151504365522,25.67765065753485,24.4080678410089,25.80121537792447,21.071157923153315,26.234945169844785,25.938940350895635
VWA1,23.315403165903426,22.739115884567237,26.326440427266565,23.59062787856246,26.049709879633976,23.994287009549858,24.135487406066247,23.884066591044945,26.414358085625274,24.23291160685491,25.510456801786827,25.01587804193565,25.553701717100306,24.682105890816807,25.162833514225788,22.339322540272736,26.110175454336805,23.996026198398074
VWA5A,23.930674120930302,21.857564547777766,18.377659563404432,23.23627940956447,22.188443015293256,22.801983157626314,24.40925887691755,22.873491627802903,20.699313976130213,17.06485204319386,22.39000503044886,21.297604122283385,22.9103106549313,24.081933443507292,22.71779259033765,22.74614444803321,18.67911575745859,24.45771078677262
VWA8,23.484030501002465,23.958271852513477,20.619316444785106,23.84235184790243,21.410684113445242,22.034036879659645,22.85463453441379,23.072053732756647,19.629525185343855,22.33036648546185,18.38217109562509,23.304009290573468,18.76557114464402,22.780988625652085,14.605647560164742,22.683801712654724,21.421067418526082,23.808369630097975
VWF,22.561878308583598,20.645380272961706,21.859704743667223,21.268351602383,21.79687648301009,21.31873490491382,23.228281600580722,22.514229149282734,20.57929363917948,21.87252210160459,21.749074792832253,21.698171449427186,21.834633151417915,22.080238868211783,21.850045104078053,20.43749667791064,22.55172712964673,21.316544677135038
WARS1,27.787843050526508,27.64016011584249,27.22360227662436,28.938298231984493,27.30432913845212,28.39450895751337,28.35764784067048,28.378135494543017,26.60421868848546,29.131040869170715,26.779482710167922,28.101263220117023,26.642212134801838,28.592914983372275,26.531738907521852,28.81872304697267,26.781451497480596,27.126161099818734
WASHC4,21.530547464440353,21.1335795587881,21.221032594147502,21.94177277028609,21.390447732513504,20.59240583481521,21.606444295420346,21.864588585068812,20.144302751920584,20.88673285625052,20.4101478620549,21.106763438444954,20.555636254211347,21.800326330017594,20.92380217861669,21.120568285057296,21.583884638361788,21.83633689086736
WBP2,26.41925524202007,26.055026596942223,27.245327599656036,26.577609452948895,27.344485736227142,27.352001252891093,27.311587452203593,26.929916626272096,26.716246184831935,25.661714615540706,26.351819859379315,26.43662836277893,26.53310341393111,26.5664131818306,26.767418252830403,26.290955459539273,27.01376353620442,27.23075290072994
WDR1,29.6377569427785,29.599178812067745,30.43074610564944,30.170959446332823,30.35070186008423,30.151138289072676,30.401861904158284,30.339106591000846,29.93074319573626,29.159195673359303,29.955364067801796,30.116941928035068,29.52093986953711,30.158579442146312,29.552560762780757,29.248679871150028,30.17318488386173,30.48660973312591
WDR11,24.759482222313313,24.14031135090161,23.49093416226001,21.97629697419949,18.091812752606156,23.280367682607075,25.18183234668205,23.55688206641054,22.075044774259297,23.23517611571796,23.557876429116202,23.291924612701525,22.7217133589696,24.121090881672924,22.608509499705203,22.88522920773228,17.744834701916016,23.564139040464063
WDR36,20.813082225717373,22.105730849833506,18.566743997736413,21.916085341494682,22.77344127089669,21.782449845723377,20.736333196896634,20.044256999000055,18.819443492507922,20.72137155602085,21.343521958155172,21.406957647107507,19.231543807228444,21.229576090680883,18.56338278025783,21.18964752451583,18.112024443736516,24.066461093527934
WDR43,21.521440047202667,23.700635541687127,20.867247868245094,22.946325717631616,16.82333636088152,22.199888508476892,21.715843782746457,22.397432166637905,18.616134925518676,22.526579567204134,20.578449140561542,21.29602091527454,19.68079273833342,22.52678356718792,20.430762414832092,22.910301397688276,19.453640389232962,22.69229945838174
WDR44,21.515911791373043,21.81367729805322,23.005914126908696,26.52797761321104,24.808913041230838,26.02715469658877,22.310510525420405,21.068000781439995,22.026668168126687,22.021954156355374,22.426612742032752,21.5045809528169,19.790934996399947,22.741833935172757,20.544267416262755,20.912803598987438,23.037042461510364,27.403725122597052
XDH,22.169432316795586,21.386836664587115,18.33100266518352,21.23319093305158,20.400534888046508,20.850937635847476,22.63511631686802,22.10970102597486,20.030176952625887,21.157372212079803,20.502207985135573,20.888576187155646,20.75088529920364,22.084773927690687,20.305705461677093,21.178143655717747,18.319680855975058,21.227545372511003
XPNPEP1,22.94114306105815,22.049518991988705,22.63644577625929,24.83098722604869,22.610917025180978,22.922484810444445,23.879127423970456,24.11086841127036,20.512911916645816,22.70176482437572,18.80677237684457,23.489066726696702,21.99942595059135,24.623716698991934,21.11037072105167,20.818500241869263,22.717845222136987,23.60841315511605
XPO1,24.00328458113397,25.114377798597182,23.06831029131849,24.92407120415301,24.22425128313334,23.82952225670318,24.411450118394246,24.58476853028185,22.881278892332578,23.64741529592482,23.504335236946293,24.42672549527144,23.130660129793917,24.16865204151923,22.14811875962059,23.489996322939493,23.06748216872888,25.64187456799851
XPO7,26.035351586973526,22.92443115031042,26.79731939950503,18.070036975664852,27.258047729311027,20.832234533085774,27.686012783147888,26.17984144119022,26.700779649459047,25.768158990254157,26.931714267568882,26.476593391906814,25.7103049080786,22.64080760895004,27.780090978933053,23.03438010291662,26.270578071762436,24.06505325767698
XRCC5,28.079162335913075,28.92470849654135,27.234751537626604,28.107180141002925,27.295987671145472,28.853168542156904,28.244096170562127,27.642497216631508,26.08004027199234,27.531181812335845,26.07244121586097,27.406920218259025,26.174538175910154,27.11020868636402,26.341120303709403,27.887423690654558,26.606821821323365,29.183415538440922
XRCC6,28.75442256435583,30.045512437683655,28.02182980959961,29.748486306483226,28.524762793915055,29.9788748743125,29.5902922216921,29.090390128637164,27.070575137802557,28.6348756070573,28.00447608578781,28.890424502251257,27.134345816009553,29.421590487231324,27.950586574666023,29.260252872936512,28.299154186249684,29.974940370828218
XRN2,19.90700420438075,24.34836261351125,15.906412493776612,23.86809318677275,22.47227593708241,24.218148656963624,22.040545000057328,23.106236154015676,16.392074657807772,22.367233807695243,21.965370811725194,23.9539233960499,16.71210918069846,20.97120264603528,22.440229009955864,20.573068491973444,21.871403539060733,24.795128049467348
YARS1,24.991547229965803,25.42306516884551,23.96460643189608,26.7306200039626,24.977126530030578,26.252298848897706,25.005879373473945,24.60754344399225,23.746458984634245,23.584739098520856,23.397775838629112,25.04058825192245,24.230558490249003,25.083628876022644,23.393690169001438,24.91495098050465,24.24459525570054,26.828363761415208
YBX1,27.517851579123388,28.721666717512726,26.643858984278925,28.763287480081985,26.843321487296027,28.99064898385841,27.994759850168457,27.650714868248095,24.593703186922188,27.581198557806452,25.88879644363925,28.026080432131252,25.441301012430134,28.437351915518324,25.227355630826096,27.735554591385316,26.77172691293437,29.377666428373644
YBX3,25.974422830411843,26.829132355085864,24.72571647839232,25.89056977580238,24.895320381826675,26.490993140516498,26.377101303334015,25.18477154659172,23.01697425919738,26.04475660246048,24.330594229745678,25.97815416825418,24.578009769301083,26.255253455929342,24.315401065529198,25.00995906384991,23.53610883624627,27.22111226360059
YTHDF3,25.175767321200095,26.426287526259,23.254307043837375,24.2716244697987,22.258845603803284,24.52365724461068,26.282558201428017,25.833165029622215,24.26014465585472,25.113926881184426,21.488921974650545,25.41984867384405,21.79427244808607,25.23330461372965,21.960098085517075,23.81183506911214,22.428702235465316,25.844669178145793
YWHAB,28.961525257209367,29.610514581951858,29.660023809621993,30.136760672204705,29.529030001666978,30.076638956629694,29.350800632883207,29.234293271688003,28.063808590867897,27.906290812930955,28.209219618190733,29.303926311691907,28.072600155607038,30.34684288049041,27.469863777025544,29.500082432071174,28.984936220712928,30.73442320846611
YWHAE,28.705463064061817,29.03563050296985,28.31250967737885,29.271435784864767,28.619135476015593,29.71259407259162,29.463211920007844,29.088245948605373,27.264528052164973,28.549222984966065,28.21438995497255,29.242187321804135,27.906666191947203,29.36279150327781,28.25952220522568,29.28511675808172,28.398988202725455,29.78696381818354
YWHAG,26.542050229860756,27.05076654515674,25.372792197738775,27.398909137800494,25.180252737986294,27.18721547656116,27.29371320233824,26.672241410392882,26.39358065426233,25.74678715966335,26.318184111105328,26.994833860178755,25.873690686583352,27.16780443369628,26.058941485446468,27.307601919532157,23.95583568292702,27.00417659318484
YWHAH,28.119157774683046,28.30444456129648,27.81621526103337,28.199358276260412,26.60476924986571,28.236775280939064,28.186779700677207,27.25880183408788,26.456171750717928,28.01727124197372,26.59951250564722,27.57718205429417,26.401090294176022,27.93255123586965,26.504399015906195,26.72523347686047,27.46411181971779,29.143670557849685
YWHAQ,29.647722186543884,29.681643505424038,29.71627662777418,30.706346833057353,30.04100608009921,29.996453235392575,30.218788192897485,29.3013966660441,29.20264330369292,28.942699630141387,29.53667077332051,29.916004807365404,28.835606136876674,30.25457415938794,29.085183369680138,29.524083813307353,29.758936331889036,30.25746279465766
YWHAZ,30.004217275223773,30.36446304145591,29.337270070814498,31.52800788772378,30.14665063068556,30.541214792509006,30.664473494551387,30.18583582209563,29.045810211693595,29.799457565508966,29.360548778487594,30.65268028783658,29.15755381786482,30.429894833301674,29.47893793370116,29.628290415952495,29.785142812571447,30.54197296239708
ZC3H15,23.13751339854369,24.0979895981733,24.274239670632973,24.320512135366055,24.138054537715224,24.26001404056942,23.39527436235873,23.220749750992145,24.497414334895385,20.827838820720093,24.043158870672425,23.668063976306186,23.86474100096434,23.8415464755322,24.128678716435907,22.469944004075384,24.12874522810843,24.96864873209691
ZFR,24.576255981875313,25.80830038359603,24.656894793903348,26.39612656646826,24.10114923013093,26.470646159627936,25.882393565539896,24.98932944919286,23.879701066632013,24.499399602836228,23.800758487828187,25.366200691743305,23.772999605018022,25.95722628467649,23.95328262532262,25.727681089990558,24.619741294215828,26.425178780646046
ZG16,30.0870449745982,25.334306404015212,30.78826842935693,27.94291836192264,29.51496918735445,26.764796851396515,29.487805538392294,29.53882591083589,27.54274048362092,25.80374991161114,28.56540231041989,25.69861143290157,28.817997553193095,29.164897251904247,27.887438601366114,24.326402416405227,29.57969216621991,26.300175572192195
ZMPSTE24,20.923165422496496,23.48905908671968,23.637894813708463,25.386765160161616,23.521558307762643,25.123998882791497,23.662011911343782,23.633555088124666,22.142902144290513,23.588520648703174,23.813786583105305,23.632471438159733,22.287252762468796,25.30282520937258,20.3240385278284,20.758410696812422,23.704301776253125,25.326014450099535
ZNF30,23.8439217350504,22.46245416090891,28.907923108952335,21.77136667437213,27.3308388528935,24.240735406766774,25.072093898320333,24.71205548702373,28.55934910008131,25.367698592539185,28.519876957600342,25.651149213489152,27.719927209353482,23.77579975153595,27.20682712370954,20.595334008950307,28.2439349449341,22.573251011381313
ZNF318,23.70975138494986,24.36182910427065,23.401594095056904,24.498621293616853,23.356979878501583,25.4377731094551,24.578892882980938,24.185918877586744,21.734835680063767,23.580245112591427,21.797752870897472,23.48805101104923,22.80553817603371,25.253762767578976,22.07882584548033,23.363552598958698,22.501650834319463,24.305105363501063
ZNF326,22.367372582397365,23.50168563183957,22.012099739079982,23.29917483925698,19.160782675102848,23.064395572722887,22.24094674974442,22.768465705630764,17.601184407091747,21.826291488330753,16.603970318133868,23.18249647402244,19.86767328314597,22.697837443438697,20.9330002926714,22.779544076318253,20.72885336674178,23.944628902771314
ZNF483,25.321213323899503,26.758773641356168,24.439641102705693,23.681525579618608,25.479809754293168,26.834431371804953,26.086913169809655,26.0558422324995,23.153908601939943,25.231973923404027,23.75772961305877,25.75895665810814,23.67526785900906,26.12873858561487,21.197851660495644,25.70862613684095,24.842445648280258,26.58264002777586
ZYX,24.733251042418768,25.47288568703834,26.570835940081817,25.942720869711373,25.956207606212836,26.553669246226477,26.084168529511434,26.196312101240856,27.38468522435531,26.795544742428895,26.80376120453282,27.903557619556004,26.806340408244683,27.00545879979353,26.244164972438444,25.65351325275771,26.947543752820433,26.403188652649874
