Protein,CRC04-N,CRC04-T,CRC05-N,CRC05-T,CRC06-N,CRC06-T,CRC07-N,CRC07-T,CRC08-N,CRC08-T,CRC09-N,CRC09-T,CRC10-N,CRC10-T,CRC11-N,CRC11-T,CRC12-N,CRC12-T
A1BG,159755561.3726536,84911367.92819215,158110585.95847788,120183449.74621752,263857386.73246175,142349244.49631593,211775443.70945862,71579999.35810518,80608471.06291942,65911041.818799764,83325574.32198486,51168042.49856331,86135284.40504086,88708455.91887093,136407601.4859807,23649655.8882211,212292781.6483518,71990996.98845226
A2M,2560266369.055429,1070615756.2925042,1095014903.9061594,755359038.9859169,2950287458.597138,3225203956.6652474,3737369069.9342127,1966763147.8412693,944777773.7432618,675527173.6234415,1681134201.5525572,951485670.351727,2399615169.134905,1446413598.4382856,2252323963.7848096,618389135.1313614,2100362256.5418935,643334855.2425143
AAR2,1729414.5887716338,2698352.819949217,358032.36718364304,1022851.82758874,359731.40656743845,1262463.0050266318,1589179.6432088767,2864853.849280644,1688223.2289086173,1198604.1220924438,1547435.187997794,2486468.4490530463,1129472.899691461,2297503.639943974,1682141.6534319809,1611826.4711210986,565144.4257791932,180795.370351867
AARS1,103441140.38200429,125156693.30895883,75575681.7513935,162894240.53238907,97898622.62791389,139653434.84829062,135627469.7585862,101610149.28249043,61220120.2287781,82592719.70986739,43870262.80495806,97949203.29591207,45644339.47889399,116115345.9286615,56109957.68267842,94301729.2060471,63143600.36032238,255973016.8690964
AARS2,,2989791.7528204573,,7274055.28379502,495866.7358127176,16502164.43065803,336254.029015823,8000391.927860605,,374829.0973204204,216506.44603005232,,,,,,1958554.4825602232,13795108.761072235
ABCE1,76619032.84115522,261455349.4663996,88742280.56309982,291719471.3550621,95889704.91142401,464339361.4276654,87999217.04393227,190560751.2754645,55601109.66661278,93190964.57028598,62471357.22079467,112117496.87832339,46905334.673602656,226114545.98905373,36556985.797748126,153839956.23171395,93002349.20654486,262642109.80746534
ABCF1,5458292.130603192,37699472.35056279,34621542.45222823,49467957.96402342,8381935.853863442,34605732.52657701,27503333.893592194,14275490.437053364,14531091.80663341,4147316.043879372,12716667.207068633,12075797.479600467,13572944.512946453,13975400.693478566,12083070.904545847,27757974.565884285,22712329.691624135,75644147.09019323
ABHD10,20201701.030258793,16731040.610233136,25955161.131079584,38536179.80038586,26616811.47583058,38462926.76644729,10878161.946348878,9783671.562800352,9143892.16682428,7420443.068683813,5789183.962970479,5946892.3875808995,6823450.459812097,17131877.276147567,7779388.41089294,7735183.167453328,11758522.999279048,34209949.92712291
ABHD11,25047156.25822877,24841404.058510713,11398324.95369252,91805138.22215724,15940706.674911592,25056077.58106946,29029512.268385448,26211992.41026134,5109975.996902192,14558876.609995803,6304156.393061746,23883857.628981393,11184465.566398397,27181992.494859096,7369798.423756963,16897192.096679784,8923374.997285977,78079650.113902
ABHD14B,52552724.88363677,107463028.90430035,39005063.96616717,191837767.8860965,23910603.810433675,119099023.71179673,20603842.74910529,86905145.9961772,25931121.189510297,22721021.59960364,59019590.671928495,33234523.587963045,70293859.3335323,86543015.57638578,60518363.945782654,35157150.40671161,22419380.622463115,207459179.6525192
ABI3BP,6083230.765729466,12597157.44066241,18043341.746485125,25311544.30970778,15052883.402076766,13771010.56489494,12747662.710741837,5493348.802595166,13090490.25793277,8023382.98575904,11482775.595998997,13330177.862247229,19861062.051231246,7002103.036020573,5662401.576250181,11978655.71678609,9419834.208137017,30843663.679649055
ABLIM1,3547608.1230703196,4691459.803583747,4301062.662395001,9338787.398851976,4328680.441335383,5225622.8571350295,6732353.9668682935,3710537.916626853,4064053.4006670704,2094376.7738239488,3824533.076780723,3586410.168376101,3056480.172539494,5503275.960273764,3120003.375160354,3397194.419544527,2893695.2587781586,8722378.052581187
ABRAXAS2,4496908.177059847,4458368.021514681,158816005.7597765,669772.8959452859,215520035.6051044,3163806.0877287867,6053339.208591087,8419993.884890484,1204022223.3573058,56438754.05380519,353218347.79468316,71386838.14882699,179009608.0607138,22749415.533285104,118991390.53303142,4937139.203466207,139437240.24386895,2834057.516828667
ACAA1,56495132.2315953,27903239.89510678,24265518.874409314,43194187.14100693,31864877.48609302,27520303.601305023,13387969.770459535,15453906.518169595,1687729.746561958,2200294.911013484,6162653.712413799,4587082.648644568,690336.4794215149,17114009.67125908,2104365.7664926345,,7144774.890897191,39876046.10077638
ACAA2,527283499.27364886,290242724.25766605,341773750.0012831,270496195.38511837,434336855.3544542,1067110687.1351781,318090099.93542075,304722259.89455587,135386728.29344147,126289869.82433777,119438131.27408841,301078832.5248897,116262939.66215159,283893169.97771996,168149397.64999005,250528556.72609997,220253572.8216526,525529395.20985913
ACAD10,2181534.0252072187,811677.6301367398,117068.00590791104,,1138594.2484887666,482071.65444536257,3186408.3684192114,1407748.3972514437,303853.8742855721,368062.86150011583,,515575.8940079438,,298706.9494199935,,97182.00513957137,697326.3918044834,3261268.622354797
ACAD9,15061125.443137962,17109668.523783892,1112758208.649258,265323770.64048305,12447743.749696048,32200900.99783164,23011406.409428313,22024571.927681647,6543189.027428502,7684155.950529111,3715240.485676008,6349684.4048703415,4161380.779705934,18980893.413891666,4198890.795475276,10969007.972225154,6697945.483703058,23619183.799347438
ACADM,6943919.084889023,3522140.9263427816,6066194.340813534,57695308.18043796,18333602.29447025,42151920.27469462,37592337.568458915,9603816.534532271,1915731.1999853065,1028833.64441688,3223415.778791926,12211669.337315314,9386125.25876272,6758332.181052207,17075571.40121501,1037571.5509659756,7724745.763134988,116321100.57174733
ACADS,102161973.75191636,14224113.691452242,147489593.78785217,68573294.12149164,83740447.15213421,97873591.07988262,95312919.99949434,94319515.70411034,32209265.24178629,9514549.669568218,50300881.87856132,10931161.985141583,58402296.63024932,87035126.2547768,42952566.29426491,22090493.7249853,63839282.88008723,156938888.63866317
ACADSB,4080624.3879792737,3103388.512781563,8306060.431483389,33598815.80102176,20049873.857430413,41623631.45515557,14323431.396003071,9744240.910613235,564588.1593104545,1377027.199732696,5299062.5008328995,,2521909.77451943,6303997.177620265,530170.4417243813,4492529.000760356,8360378.942403032,94622156.81059428
ACADVL,430755625.58614886,231056208.739771,370678988.9415558,510496359.14790255,454939111.8580954,494274375.6755776,539431685.9518008,325205090.232259,146067189.6579817,163706516.73621434,144879487.1067602,301714076.0471545,208931563.89562553,518458433.45618767,139188393.05888146,252913733.3665377,237665796.24291536,331786406.87164164
ACAT1,248429442.71615312,88315439.49059106,281082948.85036474,145548696.4573966,196712543.83832192,160314532.8247795,83134980.8418268,162789925.50699413,129325115.36450866,59441556.071163595,141651492.33022803,55458594.69221797,84169574.34263164,229734794.60595474,102732000.66942689,54615999.8218887,127131519.86788975,447540864.064815
ACBD3,9718017.243042838,13472720.888724249,12537601.050429683,44985126.96683127,6166081.883746388,21113047.178357437,27856486.362824813,19490806.273306023,1367689.4672270515,5998976.854982003,4324548.886689228,13074379.006523442,5177531.906709271,29051407.021068513,565808.1315369888,11730290.398417745,8540220.308284838,26723358.353626415
ACLY,41895404.05394288,129759677.30051191,35158068.32059513,116364361.8702971,32136910.57771477,54012065.527163595,91154040.86830498,67638185.66240102,12726720.303325376,50454616.36300633,32609128.51784546,71694047.43654127,11342235.279735724,121204390.84095052,35022624.35960431,92722955.35496059,34689850.716862135,151007503.24514803
ACO1,73863813.57971737,54590822.6873395,99415803.58912092,275938912.18274593,137971532.23519313,145115576.41369104,79178919.40197565,93876015.22495636,58454948.48106101,23514563.847564377,85528466.18658434,65593931.197781816,59022544.67591686,176284968.54681128,58865084.74290953,33460851.435855523,77207279.16098747,130374378.06974734
ACO2,856572562.6685014,772550723.9240123,1200131565.708597,2386946433.989551,906374568.2207626,1085637516.8108716,903638785.3253598,699349074.7658912,375018151.3525041,363527483.9903312,395753225.1552213,339242046.92303646,449167285.00166804,728489463.754466,455733283.7011545,370915512.8434457,628565515.980541,1691115931.3883255
ACOT13,22150181.986746736,39853583.46240294,14874230.80484808,32684621.87607249,13314756.971761685,18225765.773402907,7493540.159756733,23145857.24598479,5195406.640923096,2143648.5416951985,8062598.990975835,12584926.346955338,6902389.041464708,24180128.90090919,8415745.802585049,22362239.70838696,12391130.990975557,103103030.09924152
ACOT7,48591647.513480105,111379725.93400608,64628320.235771194,269511693.56955296,51690283.82770693,97371138.85194232,58392890.12393902,79076703.19305801,10809695.686084902,60335770.24768019,32576383.286341436,96598443.83409849,28709207.78731287,98597185.06452799,20022722.267347574,102555606.02782519,39545437.21473936,98454405.58428755
ACOX1,11761927.249843469,19284694.11582731,7395267.665995868,22903278.5289871,11855611.93442423,10652871.447153611,11386018.529277772,7971359.775833173,1338976.2157285966,4368784.753824347,3912759.98610288,8787976.506512279,2728635.4341871487,8118853.171575272,3549231.939575378,14032125.60085988,7036185.823885944,8089496.131304501
ACOX2,202644202.00918195,32150089.637413405,203682927.38833863,260457323.2270704,208705989.76560587,66197346.312220946,545299000.6480995,76183195.30483815,87784646.9562404,24693687.157223202,155154393.77933735,31028679.3227148,140592397.7117454,64271432.93451947,208938246.38718453,36766402.18368009,140270913.95552582,354760982.66661876
ACP1,11858864.954209443,60266647.38594903,39655262.91323764,86643888.08020946,46550098.490284115,91494274.10162112,28592583.15090731,39823641.305895045,15918553.907466065,30172171.205173206,4573905.325410572,13649662.66125404,9723161.339268459,54802419.28146815,19974128.53344319,51573500.51056212,42805273.61097777,103051861.48273349
ACSF2,10758353.742215496,9399372.325420514,1642649.416057611,6671713.52272311,3791578.1342254425,8826124.882177282,16846452.091004185,6880349.440861067,7520447.229196073,1184566.4068493792,4088075.573872981,6239105.770327356,4888797.058691817,15659572.453988496,6337370.77348696,7225061.095326646,,7462924.943326615
ACSF3,1922690.687534686,1245371.048370523,2391922.274960307,4310515.65970872,954337.7456914216,2750054.651719249,1078018.2211166683,2420571.179395208,,496050.7323090089,363261.1429520765,1567508.395339956,1533858.4527927437,2373481.6604863214,711665.3625901354,405134.19912300375,397915.4006021998,4478589.826756058
ACSL1,24052630.888954364,46670292.50643697,26710515.3471995,59374512.44792216,29820868.844884917,38150366.61843019,9556700.911316704,18785811.569127105,5604288.991509219,5449544.649731207,7716213.034346366,21944894.781362936,17861669.543277472,24119401.16742192,12606253.594153823,42620138.0044025,13704969.393416015,104785353.19525762
ACSL5,53152312.200239256,71066319.64151955,19772005.03577143,131494373.76266822,38357953.40486025,99439588.14894637,47459505.91438647,30252825.226708557,5799470.088158097,13335308.77818485,14590040.21399539,24178798.02700208,17879775.670006167,44441615.56478075,20716268.45346482,54072900.982858434,27403640.338720325,170137770.09464866
ACSL6,36153707.7828781,41745183.40659172,17610634.984251726,50279021.654739946,14525115.196616009,55825968.2028849,25462828.27143899,14053877.483910944,4122456.848683232,8317528.658771892,11000720.626522366,13285793.3402733,10054555.372763002,40703849.63724268,9936912.07411206,29923400.43023424,4630545.601247618,32181434.884114213
ACSS1,5639436.918425362,6281054.267105377,,7670912.982884622,297866.9568740656,7379003.326387822,3867845.8698501014,12516173.943794878,,500309.8079579067,139163.0026403369,6545583.130129511,,5505987.3794478495,,3773694.414159096,4323830.787461554,58803275.405773886
ACSS2,18336699.604105663,1953249.1321109124,13001173.087206457,55996978.662744015,14365622.243717603,18836956.087204043,15983953.254729755,6608922.287256533,5192650.561488314,4266821.439406592,5235704.172165069,4992903.971058482,8206030.218711401,10183760.5414433,4330609.634926947,2443669.445520165,20122041.844409134,33234064.72290947
ACTA2,2270398011.592203,560713568.8099914,8616469703.549248,725604492.0361927,5015165660.296684,2932021097.7298374,4187310743.510874,2035203528.2169962,16949485729.32175,4836413016.925809,14411513516.472507,6667961195.93034,12290428150.874956,1980075133.6467032,14585872793.906162,553071791.691118,14722108610.805456,1581773852.544519
ACTB,8876263390.669397,10330101962.335724,10296693533.703444,12800608949.74881,7343730771.877423,11586579343.118666,14769374329.426546,11092680461.053585,12922192714.2387,12223333589.700703,9626547637.504082,15713133462.447004,10570117442.003723,9457866750.867363,12724803072.459614,8862191653.259745,15461126181.900177,11625073280.511036
ACTL6A,3372500.2329134825,8644738.149197698,21244617.64956656,9973117.21247794,22638148.77108332,13612079.105104282,10568166.378579875,9881785.650115885,3769042.1973234154,3063513.244421841,3353882.9045670344,7256809.167299507,2124506.2024024427,10285222.292007824,5112465.792629203,2011315.40687752,1916950.0323933067,16906495.074813344
ACTL6B,10542573.759328447,16733711.244409164,5450393.604336622,14321951.879298706,2873543.4848345076,20868118.372759104,12722639.392140197,14253781.06149968,3759327.2021652553,7066397.237491401,1730279.6036298529,14311269.02500645,5586210.198682276,17571840.88731797,5304909.480975524,14920252.594419196,2149235.969547534,23292749.52356057
ACTN1,597822650.2147809,581046911.0021801,3215869618.133755,591202477.1220915,2733189557.4444823,959761556.0371227,1115425647.9354136,957354789.0022212,4245743471.808359,1176659444.9407294,3477865297.9764867,2430644462.8203807,3112378509.452922,976185808.6471161,2577581376.871586,369458049.3577902,2794755123.061205,581025580.0452212
ACTN2,14875377.43748602,30864605.82461394,11228078.863463664,49951720.644561656,37668720.71788565,49609412.111282974,30889154.08148648,23492976.680534124,24714420.315326355,16874900.0843779,8497515.97579191,45664527.56025608,4263621.567013867,33243485.820034776,6685704.220285959,44343448.45390038,10348477.241826784,51632561.121950954
ACTN4,2164374507.4656754,2780100733.2164865,3653085036.3284044,6688088419.672839,3084424294.55305,5075203703.7785425,3593347227.889219,2502529273.6580534,3464106414.949046,1818564882.5217063,2714781001.1671615,3644164449.919177,2251322520.342647,3681599710.665373,2043873488.3452551,2177847568.4662104,3315349331.2325377,3727899325.7751126
ACTR1A,41891843.08727329,26889036.554028846,47818643.32332844,109899971.79810262,38362857.784158595,57734164.71192713,63635026.42378305,25285130.28079414,32063563.97631073,19597657.34479966,31401125.59865615,23353935.63229421,31389083.034663435,40474939.54211776,20000603.542383943,27222280.212922312,56184044.165015854,52739755.893681854
ACTR1B,55147999.48663928,33939369.049728535,40999424.12563888,50944880.145287424,30122631.494332846,14250588.801888471,76462589.01026472,56198353.85791081,26637008.35441247,17840588.020381387,44049891.74073294,25053761.590547353,21681045.075322084,62685357.76229891,35131184.31693201,46442953.31356396,2074695.8271384176,8583707.138198657
ACTR2,351078632.65816134,479442062.4925256,286542459.51175016,621690202.2931668,321057125.18930066,420139009.86352247,454657183.76143044,391460822.4751187,158574162.06543022,311035414.0720729,245508889.31278762,422026085.53804374,153014056.58673915,589957697.3118827,204372308.2644355,474292750.6226326,274828027.5968592,793157805.618385
ACTR3,295720576.5461539,309678846.5123282,213294530.9288888,400914102.21625876,240182886.74902278,376963833.42531437,458577647.569136,351268955.4336602,134965200.01536033,229246125.04219535,181353146.77678683,349449272.52856594,159906656.82805645,495792383.52651405,130667052.34315959,308679044.0008088,167114753.8478187,492571858.971308
ACY1,4115012.858270715,24794371.445469134,5955503.347242868,102055338.06575465,5844319.177480435,11797014.860436577,3036251.6504096277,5668574.7660968695,846658.5776669028,1295218.8777070865,3584982.040856033,15081678.004839111,1418401.5943548963,9818375.355954736,,39570986.47465455,5766274.454053487,58553842.83679725
ADAM10,15677472.591678714,8347188.5953168925,14631984.732825365,16045057.5833736,8951676.112533309,19989814.697120935,17248957.418292653,21475570.291213788,4259370.225657092,10334336.330244862,7805427.677301208,13736386.001539703,7228317.948122285,15833635.875869256,8593095.719056662,8497449.799301889,7288321.263703377,19988922.946307298
ADAMTS18,15317337.08984498,7615459.131807428,8697323.057218147,37810899.9859137,17060556.98638671,13706604.343367783,19480737.709564075,6428964.556846686,3097783.6894128383,3195458.0325263846,3781927.976628311,13528460.66507663,5187555.775591054,6332401.766935091,3832259.004024931,6301636.822134787,6086475.116679151,56264007.188421845
ADAR,8572864.351482682,17375041.266856335,2009515.201844769,31883237.0016416,11183088.347958026,21132995.914239023,9981883.284908433,9494902.576384038,1551140.273939534,12906136.32354626,2344930.0280230064,11376427.068367824,2490336.9237082624,17558546.99978538,3803380.1942236,21963786.70676675,1963309.5257081464,35954276.25647751
ADD1,39031175.712450966,18870404.791964263,26071982.36666887,19718151.81295407,34614168.10272619,42880338.097429596,42057633.54508229,32467680.25699888,15889044.409477428,5625408.166367719,30330001.619823214,18686409.81287751,20867306.51274406,20425319.06190721,24502042.447365865,17102669.618500505,18168953.881443355,43891883.36946938
ADD3,46414457.734465145,20520129.25734383,20669159.05018203,44479433.072438285,40859969.18135294,39324124.03777205,60698853.43207558,44305990.797315165,17573343.388559103,17132481.222550064,19772779.133085765,18201407.064850315,26948957.742182333,51031499.18233409,30687315.94890751,19688178.990529288,23525316.270441167,95343855.9329837
ADGRE5,1507948.9413677256,7653795.862108297,8446567.307255952,6015533.120372621,2191280.8940151315,18297925.509497546,3348575.260925712,3243263.211260556,3458797.0649006134,2454989.578837738,2238909.376159642,15357592.90987382,1912281.3535571035,9890731.097233435,1209829.0129453712,7574372.642220091,5014286.851451202,18500963.15852646
ADH1B,701735629.5658647,30923720.66030948,558810260.071967,27356946.27657615,653036888.0828272,177915899.98647064,1292713717.6287615,294376719.5750848,311050924.03358316,8958272.437245347,437888070.61396587,24941445.1342115,474206451.20001656,261280482.22625557,654218897.9978565,44637176.56935809,486622591.5130332,19703685.22275632
ADH1C,279072614.9482217,42136037.880676135,138585307.3917223,109174409.62621066,365735701.3525239,372195930.94717664,297376069.6405555,269177307.0662201,62777163.152829915,6205702.005657554,126426513.5870299,18706593.690130718,179560000.12686518,390223537.50446165,153669995.13107824,16387051.042586923,103735938.21531293,23775222.709516425
ADH5,29337969.871401586,83810923.31226172,394602786.62196696,153818550.9268716,62241324.00453628,213014687.94066316,183456586.84928948,26654100.59556057,259126376.16696596,69102408.59919572,26287916.090484567,43515895.79707802,117564653.40164694,46259926.32806357,254534303.9729784,36384129.250030205,274466639.2868266,184033816.2873369
ADRM1,4547942.003224199,20037445.261367388,1856281.843239254,29513155.94586428,1556008.0459536791,31344029.798899483,4360649.314768736,12975890.922048356,,6059103.93590139,5597892.15205904,14892022.696996262,1333728.5270746008,19076698.164198697,1125572.8054812069,11087492.254963186,1132477.34380188,55727441.71710898
ADSS2,3367767.172420308,4335347.138021838,1757339.779922916,7919965.497668843,506886.9462170942,3736952.417704426,4475105.606600523,4950636.192175913,1894489.195464256,3400075.7657707576,1002452.5093873716,4700207.555066399,1111811.5753553542,8355313.461236166,630479.4147273209,4992794.273186899,1504844.296830887,891883.066819923
AEBP1,5000189.049037306,6158657.535164136,2327046.9855277864,,191340.58237314044,584473.5366747201,10485115.474028545,7770894.836345284,8515037.743058551,9401083.399010178,4248092.04960927,24779221.634929895,5432546.341916727,14273203.23150437,6971205.366241602,2608285.8226153543,,
AFG2A,62911367.08790672,95904995.04955944,,95660347.7843828,67298115.56180558,82238159.11100473,,,18324331.77768836,,32942785.70808366,151397705.51467752,,,34990208.738401495,109750175.03664488,73109656.97301319,20116070.32149825
AFG3L2,17453543.645910345,11162611.317951744,35809150.182301804,43329930.70897317,9431976.099664455,51740591.51183745,36287525.61389038,10875191.972805193,6511040.683001814,7387711.93064394,15128831.616831385,8954794.427961156,14365088.971978553,15352313.191919193,15478914.884769633,5720809.419220059,19578875.41603858,72122906.95798527
AGFG2,2895566.10669353,2028518.8618693897,1342742.79408418,5241757.688511949,1171685.8692104325,1405595.5681913206,3626550.915287972,3971859.7287239647,678594.7218465173,843332.794530237,1137914.9629521472,949321.5071645916,889353.7946360236,2468188.1946929013,417183.5029733969,658828.6544464474,961110.7861084138,4495786.146751957
AGK,,,16530204.824304633,16244929.427035209,7051788.205015694,37148592.04565665,,,,,2536753.1391994,,,,1901193.6259597405,,5595833.882137683,28633767.621003795
AGPAT5,14411969.181274977,23725594.883091617,4332199.849066899,10462344.01498346,7360715.419516777,30994147.23050849,18063973.709432203,20703281.77439816,,9108980.913816232,6662802.08525862,6769697.893718837,9454892.86330428,21202499.48339594,5558079.97752525,17932705.01093803,6268109.461048592,57395040.527851485
AGPS,17004413.440036964,21714198.69671122,8682560.103925746,21574563.692704663,9564154.339945018,20789378.289892323,20142693.870998945,15540303.231696757,3184290.6696783556,15308961.828724269,5426659.345804155,12386926.894364685,6363158.862193647,15755822.733030284,3213614.116511227,7123601.751402088,7522939.494648774,21040692.39657552
AGR2,969936556.9691635,356147471.5066743,1604239252.261631,3064389264.4612546,1311198037.4820783,5054961050.916441,1733531425.1498437,1195211652.6291413,49112365.62641106,1148559110.883423,402715865.085511,270165177.59841305,264638431.8364919,3517680999.326592,167226756.8923388,106092865.0059832,697587871.6839308,2269044696.6702323
AGR3,57624053.815984145,13274019.32700836,60214574.876496725,59166099.17923017,55309329.14320229,127399902.01929364,40509016.120797835,32216580.11082468,7191156.871891392,2945797.841460225,25810692.38796424,8953436.350786068,21086814.6775069,70169418.87310773,13683421.150006557,23627732.9319536,16133160.290180575,30484325.21986107
AGRN,317146695.4639379,96608435.87883133,182003750.27814072,148363643.95392627,384556727.18649,182343796.1417572,350066652.801239,122665748.63201973,195110847.2735254,107824988.79637799,400356095.3032262,165581118.65733415,174352884.9414237,197869337.82529593,128662977.86852393,67882511.9997369,594644922.0106637,32833565.18099944
AGT,37577438.13511327,12972535.574138794,27109158.428951062,22701097.85758797,25373783.69120239,22278833.096821625,82914960.3053059,32973466.00445482,20385864.05227932,7981698.562151294,36439487.902166426,31091697.942949794,26172707.960300088,26662555.176397085,62434704.61411781,7040132.314870656,16005543.385648666,21001585.489709698
AHCY,420160369.15327066,1051174417.2559261,268036915.9777218,1297795054.3573184,376558873.9015173,906015151.535314,517613652.39479065,482295790.2591933,132659052.61218037,264525450.2797918,182816305.71836546,401595096.2646974,102060038.96935298,817701722.013009,187751632.93316782,536793969.76626116,274579541.5388123,1155078821.6240323
AHNAK,3544720276.6421065,1369647583.9267747,5411795242.161708,3487610988.611215,4598517318.762897,2875436567.377529,6104169686.6906395,2590015714.669,3619906095.630104,1088072880.0438228,4437161559.849854,2592674719.8260155,3624731901.826872,3804809766.709279,3747383275.5816894,1432376169.9434493,4740240869.512059,1218348934.211983
AHNAK2,88632574.5540129,102237660.86598352,182214398.3154866,380270998.41927934,144628277.66059157,187391306.86068052,88626706.4108244,54374154.56800166,126718072.3482745,33342446.247190364,177278052.60906535,59900499.4095392,110131173.92213078,94387817.06660123,135700607.4679084,82977356.34636949,83904924.41366914,250537207.74827614
AHSA1,18712215.519851428,26638073.837953724,26626212.708666816,102663473.07838549,14311481.100451943,48868874.655522764,42252445.82571913,22390898.351086646,16151493.52427401,32967368.507472925,15762906.517087614,28993341.8928698,10200982.663419295,26517180.341948144,16817453.200427957,20029336.949314963,17748329.84647087,25821517.442548193
AHSG,275021011.1709178,96810013.06199726,215812155.76199892,244305999.9903431,445224900.2293587,258728989.75465927,415834259.1189978,196215892.76117533,165300861.53126094,124054405.57843861,254906609.35853472,182342298.1653636,300748489.1116042,176236303.09609357,176216276.41822055,34588513.07811475,362140120.8148073,153751779.04188332
AIFM1,5841392764.892181,6533257382.006999,5066663230.619611,7480641234.158764,5474855984.8012085,7827986894.998051,5164532552.297167,6271752438.933797,4153209919.4695516,2761740022.5075407,4997308506.61347,3494067186.5131474,6382139877.142232,6409299139.883061,4618575754.511907,2425243601.428958,4185752509.845329,3709183713.4656076
AIMP1,84397550.46531342,116181207.43621567,98036096.0975093,270399167.3913918,186796534.08484423,189121812.4177972,136874672.68540075,145035017.77173102,122890517.97360888,75831130.92597653,164245962.53306887,124166206.0185628,101753274.89325705,189908469.3654269,168994382.73068154,72750672.01721415,180987890.98680055,278393790.989493
AIMP2,4841083.602885358,10103572.788711704,4214740.180720083,24174771.924173445,3760078.744135893,12867798.626728978,11824747.15728204,11151434.682110906,2736722.514973565,5208899.6485771015,5934625.497337211,6653545.445500357,2574242.246445017,16293353.940553391,1918977.9789154944,3890487.555858502,6284762.095305127,20984049.163368795
AK1,46289481.29298167,48656412.86099954,173055705.64092696,227366001.14279768,143661702.43289015,85792947.9317953,64262445.275522776,79760425.1164645,82701921.26570588,53217433.00543983,159976531.87594622,93667896.37980248,66827288.59291127,84373219.51600386,139341411.84602866,38995084.780709535,139466652.5255103,129989349.85676686
AK2,104976063.21044926,166855167.89893478,126474262.45105694,342230144.96355635,119933223.49322692,239176257.91118994,223851771.12555608,181183835.97687948,28308532.58264668,67599366.61187574,67418683.75747468,140729833.20299518,44597999.34469475,215258240.2998454,48155239.289881356,154323688.10791376,118350208.55219583,513730253.30514234
AK3,38581164.43832983,38156469.79821612,28800687.20928988,43836012.4620649,29884519.38048373,24636921.489937507,34382998.13549218,32140464.725122936,9129634.477370504,13256300.94224991,7667384.139700177,27565314.12800299,17198571.47732605,36759055.01062445,9499422.917935465,19173024.856800664,20674021.5666631,50795665.102786146
AKAP10,66718884.089276925,44303671.28436371,57785775.17192702,172993786.9740725,38161684.200726695,67985653.72332211,29684021.421949867,36858650.80944109,14728019.808604542,30696149.488247067,23700369.002575383,20646771.734459437,23923207.34355059,39393597.16553689,14827586.921735788,34341372.741512135,33512075.65458345,146830910.248054
AKAP12,33413230.624009587,4060964.6673453934,48979485.99967495,2479521.3222215953,46754589.2393423,7450595.827754697,66246461.016431175,16582475.33762379,90869141.58137485,10551567.169379612,44548236.71090173,30343246.32620067,35319880.80898952,18652048.80568098,67841358.43243816,5770373.858803019,91647075.01485099,5054870.491252023
AKAP8,20526895.783600956,8518533.150863603,28214335.342633307,28680426.99071472,32833433.183325212,14004895.427268792,18040784.63052904,11483433.625433572,19622126.61791107,2494418.6387291304,26499698.581974324,7859780.138625384,16785904.627450347,27569049.5764906,24918797.11558177,6367650.951638031,22143399.72330043,18847239.16382299
AKR1A1,254609949.48825797,146278554.63000637,208293757.23249578,488846843.01469606,224364313.84975716,444712308.5546935,312241812.6744419,255590079.2262308,96268047.3932268,157440752.0756848,139643853.04701602,186004194.14850745,126783930.1871031,358375256.0433093,123388984.70272145,136285050.07664615,167975296.06253883,517814365.5896245
AKR1B1,93944589.51720633,48754516.3676066,49431706.08869089,130565114.12226908,37234447.8997179,97445206.99840121,129470331.72038937,93477025.67494343,38861653.014807045,54111465.948386125,54531164.435163036,44924959.863635875,38129939.31626853,98569154.00489224,49800487.91770308,50791956.53709751,58314691.12119731,129067451.15236199
AKR1B10,48374535.33396399,2864306.2252977537,10331221.814988596,40918810.68169969,36326439.60309523,22076865.03860638,29633763.9084536,7850249.92287388,6661009.438652266,1447586.5715918464,7254556.617998332,1922438.329687765,7110126.444659879,17057584.118816797,11846935.767662484,2203930.284828427,36087501.151767336,5180199.4346544985
AKR1C3,70913675.72823009,55105025.54893055,72299291.16028847,61618194.48757415,76400153.4247909,94119715.26417406,87663974.94652826,96183013.70966007,37576452.26117218,7347349.8993686605,61597523.60269557,41043849.76921826,50296509.98405502,119424997.92857291,49992322.06155897,30513093.67642759,65711694.137520395,32235275.262443863
AKR1C4,40935035.567133285,16975000.607559845,29098519.586426824,30891492.490223903,48440160.18947936,70277050.177806,11140325.67240988,25820979.27057575,4792541.9312380925,2804182.804139854,22868324.758160748,6479501.582148627,12762699.202440085,49577289.44778899,21433710.51186842,7486015.604587876,27299533.203699205,36123740.972087525
AKR7A2,45428880.532716975,33645972.35538817,54710750.95972925,101757702.02375826,56395012.47994313,51159449.094295934,48813678.47073555,46157902.03813221,24647600.933532774,19332666.650317423,40266598.2346895,30243848.08649467,24283978.54620194,58967056.0453434,30082669.23207341,29022369.936397493,52127889.26837981,81475063.34003757
AKR7A3,44803905.2314701,12583045.293421615,21361227.056583904,133043889.7857992,56844819.833864845,49272254.34636536,33603942.58479735,25220838.18558153,7712207.899707254,5116744.96662656,8169358.669625112,13252202.00655465,6325321.35443275,26261704.61447066,12907424.53857395,7160686.676689326,28360507.451427564,34980063.88016004
AKT1S1,,,,11909595.07877298,,8699050.745833492,,,,,,,,,,,,6119147.571565876
ALB,36518878671.33895,14217428062.788374,50548071770.39536,30510012046.90928,52266847936.522125,31346280035.34203,45094994518.09802,23409199946.869778,26381914986.316734,18102599090.58479,40847642851.38375,21545314311.39679,31270996600.662037,20913525360.40592,34619938130.12384,8929542495.005352,46706627816.40472,16049669789.462954
ALCAM,5198153.388816937,4344351.359191327,12527428.17022332,7608981.597469851,4500586.5152131,8468775.126634324,9940920.966126911,5081800.669246867,10056400.036964564,7712802.19777791,9980931.22364559,7456530.055475034,10407357.90274116,10980550.299050424,3898537.435524154,4685521.742806533,11066347.413488718,29245870.558903977
ALDH18A1,163264045.81844082,251321708.77871686,69861163.1007559,485292232.2594931,96032473.26984154,167518428.72802103,94379127.99732022,91969431.96032919,10173568.314606119,39450685.45058441,18118032.423907932,59655646.81166583,22431404.595465284,238010959.8840617,18904956.684636284,112337147.31997177,67921128.08449629,488859452.1820973
ALDH1A1,599549094.7307063,346894442.94217306,1461817422.568857,459187998.4996238,958192091.8344909,654576033.0992103,611569619.5623102,421257164.60156757,380852825.5582857,155378366.82724753,1124431871.30334,410690560.2749134,530738434.1015889,336637610.8436686,769932795.5789603,270287504.1453168,569923631.4607737,305809786.9654705
ALDH1B1,155684639.39583796,146964303.60328758,224976892.63580263,818585428.7891929,174142028.22779888,520097111.85046005,266282078.70835865,235779556.06659937,255279044.94783512,112173737.91363388,115018672.71311423,564812248.2279501,259746117.16171515,272254551.5093245,124650085.89111966,75120730.95300695,205221813.0311263,1485421246.059986
ALDH2,849040953.8694538,837063398.2442042,551016354.4861897,1288047195.9071698,783399753.1175549,830753516.9688191,398179208.4511802,250337253.81458098,110841923.74269503,148262151.50483018,123696417.29185364,196780035.26837084,253328840.00726512,891202301.2684321,339871603.3079643,585666123.8205614,229787006.64951125,986274209.812914
ALDH3A1,9590459.845035013,7734269.540372181,28144359.78847857,10925330.079562826,25126368.67422927,15816722.194147157,8102513.03310986,4357422.979412364,29574272.409105983,5627561.95684707,19731158.64521253,7156235.130703259,23452846.843012717,16278966.967507992,17924582.484746035,5296552.011749915,13505334.14096032,7365211.83418058
ALDH3A2,27304210.602879435,10330633.470990308,63497736.87380217,201530478.90525508,124880596.33214088,102226864.93187222,36183024.77322664,15064149.99563313,10396349.946565602,36393749.911275245,17028319.727515865,10301823.124878727,13618139.840065584,17978349.30678772,21458211.84037772,12403306.96792245,103852366.79237336,182044228.6475182
ALDH4A1,33596298.258629754,50954732.06689042,69968256.95680995,28376765.94880773,118202066.7870246,35070348.322325885,5199418.095450262,30538607.238876607,541348006.2767471,64000391.60718505,229674825.00403503,184041322.57378244,297566436.1240927,93672503.9831342,430807372.08583057,27949424.427237943,240434975.7426629,82773643.75619954
ALDH6A1,5887343.29045965,23337504.876151375,37398368.314889975,108498392.48212269,35808523.78174769,74702426.0876695,36160608.38825385,40811934.0777439,24240885.59367326,13033767.17347989,9136701.103909466,59353993.812653154,8223573.1211171765,68078631.49053463,4942325.105407719,13214444.08736911,26264708.800279938,110188099.31206149
ALDH7A1,39609864.45143496,34312755.720948696,54448853.55000899,62447104.84754058,71105521.85572873,91116772.59929852,79786049.36034013,46974647.40485935,30631300.78673174,42199366.7313762,19920714.866628326,30249776.92316161,23842429.588517122,52882869.07929701,21779287.44365561,14254762.020646498,43695607.67034213,115945360.53105381
ALDH9A1,88207432.42885411,34794385.075882986,74508888.73254298,70717657.16299382,72986362.87532485,83412679.21052948,106215223.17578265,74824671.90785909,44967709.001316436,26065569.367298998,43740029.09011413,41535480.15200774,39979847.84187688,88333607.59773615,54108249.96971585,47479300.59605982,57817264.74601288,92733886.48120731
ALDOA,1434163747.4373846,1995027694.613048,1665427895.0471482,6008941014.210534,2086967777.1860635,2887898458.9968224,2021045839.0530412,1515441811.4409018,1414726627.9878507,1661389185.514999,1400074941.1549916,1643890821.0163412,1382484560.9538314,2976425897.9740334,1275127957.5689662,1449975190.4293816,2102254049.4645565,4712608846.554603
ALDOC,6086651.708950866,9489027.074763604,11939135.450526074,36632690.5373147,9662635.992636506,7446238.397976067,36713856.91941753,11525705.382059306,6188866.139700903,5557993.473701562,5940833.770742456,13645019.882572891,4339079.276829784,11683639.855177866,3639425.581539642,5645872.121102705,10217388.833117792,49630568.845035866
ALOX5AP,16889880.237558495,14940691.086891796,13790843.036808956,43223050.46514955,18938177.80454964,21133170.22041798,33376031.685228787,19600523.593173776,6816828.479163167,40255837.57372698,13498962.83146283,15230294.73571764,4654844.712789368,38293254.60134044,6221292.916860733,21458335.690997012,17108505.565450896,12262392.200316897
ALYREF,63003594.94591661,132260746.33072807,44560278.11542374,109979200.7148552,30881040.68137271,58374655.15939762,48811285.837161556,65493810.40746018,11670697.659604825,30191429.02806434,14342938.887956843,68412271.98388737,25540213.834100682,86218171.38119483,15793463.050460294,57413687.032765746,16397198.125375245,168528881.24541515
AMACR,3100696.638303997,142271.94893979013,,1080969.4866506488,,9727629.095770003,,5312001.080171709,,,,10985287.611129733,,3673275.235824982,,3253356.8291319925,,39360851.00937363
AMBP,17988620.259645063,16349129.771208508,19082212.748699035,16176759.007711558,53320256.73337681,16340451.36970364,32001269.954097718,11834070.417377219,29103612.067050017,13374482.11910753,17972721.154175922,22758574.050997473,28841412.93499717,6097018.463527166,33249168.13017601,7913872.311615029,69508664.19622377,13847412.663571613
ANK2,7342770.576700199,2655101.46248316,13673943.49806344,3571802.302149239,9680160.641175844,5903410.121059277,15051188.952218212,6283149.929187578,6843093.280698941,2475796.675808369,10618895.63456538,2358368.939799561,4374597.144501174,3467160.73621991,6700866.761965317,2161359.160901047,9571680.974912409,10902939.333465409
ANKRD22,5304172.740580553,8800642.246301394,,18364318.987849742,776752.7503845011,7016398.433984688,3075477.3322013877,4479955.655361026,,8275558.507590579,,86782.5939905657,,18279819.242606327,27566.38351013119,9098128.781530924,,11052891.490860237
ANP32A,109802442.86608392,162580472.59237358,46092082.53078338,174742837.39849964,64390668.348554015,225116753.0812295,174646423.57084703,120988660.72480828,16248627.046817712,65108649.962796494,41498566.686699346,59889716.59580471,23584677.953933083,162904705.3638296,42546877.506800905,75232942.86367075,40358350.721965164,287031903.6267807
ANP32B,113554622.42180252,227180018.95986497,96183295.91541302,171583059.74936318,77552632.14494975,243029097.69354695,181071281.63285637,186055468.86854878,33333896.450023487,109909738.01157695,44490472.815458186,126878503.81369147,28572242.76812983,165874161.7627067,55272284.48575099,143531709.49812034,34872789.85403636,200005477.83072245
ANP32CP,7445875.055884614,18564658.784527693,62909050.37291812,73973227.51276582,41184454.71389147,119373462.8442528,15723849.86211268,14803601.739355603,336091.4740355795,9176033.029570132,14274116.180111088,13659429.81309408,11840012.983476132,36748052.35817504,7719449.973916869,88617535.29516834,5672630.502607067,113404726.2338586
ANP32E,35534643.52281061,61184509.199123636,17009075.33475255,37453674.0929323,24937257.076131474,48919955.31749644,29402725.897273537,58095348.26853755,8867466.555457724,31688998.444864415,9738786.946648777,15346052.789513238,5704622.942416703,38206551.349198535,8193597.111192769,44836621.38630062,13928254.209989686,65010564.05447762
ANPEP,75122096.49739547,32972785.298592206,15143632.238253934,36115103.84697983,135440719.60028595,51125183.23935898,55350469.26472346,42059660.80316113,16414178.44890822,37606942.20894404,12276353.995232362,41224474.794489406,10336489.547443101,47478796.98366985,21372125.24393728,14002586.28827056,46849242.25317809,26007058.057821576
ANXA1,699963728.4810902,440445301.0426253,613650704.8650172,464036913.2760518,588565046.034174,669657223.0609967,1542611209.4090378,583033983.1641757,729137879.090854,1306445003.9888606,681695439.2565448,883661979.6919246,801344084.7776525,648823024.8958659,470675831.8025286,507856085.4485288,761969858.9209473,201337581.45098507
ANXA11,178033558.44580486,202923223.59448963,140961551.41164812,318750777.40203846,143447680.66152626,163169373.47544593,223726127.9345954,177252060.36806434,145006659.60939446,190357394.07173702,147640679.1571553,178623237.0428884,108713510.31755488,264734338.61057946,113680509.53348905,120815041.2659619,139170659.87756458,369694855.8756565
ANXA2,1188764948.4889688,1204257117.51615,651154694.2598352,1463994724.9323554,1077146501.181319,1050127784.8652648,1458747610.173554,693130734.8287976,609090944.2880957,314886871.70675963,851001630.7337838,904160266.5078868,747633523.81404,1663250228.5228043,521697926.0756842,550520602.3340329,871442334.1162872,662450650.555464
ANXA2P2,3117148148.7999406,4019456705.2262774,2577703763.1299677,6425361578.271119,3443058067.0312877,5325469888.734532,2599486615.264129,2522810225.398615,2066753050.7958937,1195667990.1478455,1623295584.6711369,2451568256.881659,1668440992.5787196,3372738450.21203,1694774495.4548864,1467526955.2984316,2694415736.0962605,1625693113.43402
ANXA3,99457947.8037502,323507579.22756815,125586654.65911189,378816962.6670214,70358147.65162966,533267678.0838273,173593973.62347594,207455711.69497406,293280978.0586286,571228058.7203722,66518568.676651895,323823370.5645517,67929588.99001189,372597324.62816525,104113690.87095521,285268376.47129744,241947034.436069,237333840.88091823
ANXA4,627854885.9168932,1354615991.1055155,518535654.65306515,1689471897.734624,572171378.7129849,2012465089.01105,581597500.054014,858340318.3921192,395896860.4174334,484630969.72110856,375718770.0576213,629169304.3686664,281678754.0711726,1058483811.2861441,312408170.69066495,750498504.103932,672319397.8074076,1431198618.4291377
ANXA5,874512521.9865041,421221771.31281376,900154156.4824076,566160550.7645273,951310523.6028118,1258725020.3559923,1547269367.757034,986253944.6379347,890178656.4664339,700602959.1930652,968766273.4878005,1158008888.6651793,762832058.8341308,1475847954.324047,671825140.2685685,491736002.2713565,726421945.446066,439915089.4391306
ANXA6,1294333767.9880033,1063228334.1384363,1650968837.6089664,1109179969.1334434,2722965992.401892,1177583357.917987,3119903270.278857,1543416888.216999,2063328362.1381786,1345633299.2912,1906208823.416234,2157963328.8450384,1361613181.8825371,1441639260.1067948,2600830109.4335546,814374391.5810807,1781908509.8802953,1461055727.0678198
ANXA7,64306771.12845438,95201243.01624975,70111998.47652227,88777936.50478299,71366452.25866671,110938460.8398343,129888964.67448848,97111723.92347604,57994246.82949343,47148714.24752292,76409677.06954968,82671754.37693192,81675686.53618851,115188983.00439191,47145604.59048073,59118970.096647754,78599529.38376571,177075226.8470397
AOC1,80394565.00999823,24799464.981203884,34076977.66485621,70654102.74954414,52972580.47043945,80495407.53293368,56176545.14727059,43215548.144189395,4306782.216278325,9485455.81319234,16476978.969977325,14389450.624283263,25701613.549794868,62637446.903337836,14494552.0441968,12566864.899821538,28972422.873694215,40265491.63079642
AOC2,9440990.591279203,3339826.969083182,25408160.164402492,4657263.929816611,30866470.63232784,2507414.0239219037,14382977.669880562,5733875.371294891,42593961.92221528,5026552.657194529,16943234.649262022,8773436.523863943,31599655.866536632,9572868.272612654,31493497.777098272,2051436.2865912304,24373801.4692612,718239.490753648
AOC3,258314814.89608866,21195656.57351467,1471460866.2776654,18147453.91845922,1151762073.182307,75176450.92079426,552292943.2941731,104176976.09215617,826457007.6719323,106478626.82070257,655822674.1617947,215199575.85402408,558568947.7024338,115012032.48390052,964295616.1576955,18379037.53453347,821095334.4610708,15365679.705756312
AP1B1,56349907.155842215,74949896.2053599,56547098.45555787,122727817.9702656,90680996.36320597,121759361.89155146,84102764.36221766,69426776.4102054,21343165.612308446,60147953.74098987,35446123.188811556,40479842.674816884,43912071.49578354,112908396.10019168,32931141.20042645,78198880.57527483,43760207.06029378,75048473.48064661
AP1G1,21503476.324708425,22283270.072746318,10632973.116705973,32974113.398665562,12963589.531318044,28290791.33886858,18037176.930109076,19506880.64728298,8251799.431945682,9778813.416296763,8172505.903377503,15662990.207731174,7614973.511902502,31192723.057634257,4014456.4204759793,8348716.1444476545,9594417.169356208,11174030.845400825
AP1M1,7046686.75796445,3094147.964324051,191564546.83176383,24895938.325206324,136613454.6566348,21464757.0471225,12814900.649720296,15063169.995202376,92020863.0203782,4392420.747623522,57928149.805671915,3296487.8491102317,100245185.49785271,5046213.444769941,73262920.96050999,4802524.518170489,84152136.18721129,20277550.75368864
AP1M2,2993688.327776925,4859516.407570993,1568471.9703536106,8397265.966453863,3575897.869372247,1717228.4001360885,1544415.0280190893,3955826.094629056,2316606.543069797,1409886.6785079313,2150387.75390659,977934.9284305358,3593032.4795425804,5274003.386244791,1267489.7725312817,1898690.493224333,3499487.7614316805,763500.5629689959
AP1S1,14600397.034914676,13553484.961554648,4175260.2355362102,17814906.89254971,12885635.303248124,7944571.317444181,25924965.85167464,13811313.006133966,3703075.951094372,3523441.524143611,5478964.959679421,8722578.192468412,5946036.930866758,18095987.91219092,4518314.770048403,5911287.159419383,8997338.787351144,12232585.267599665
AP2A1,10892618.322604321,8384770.146324581,5387132.499968335,12537267.206380773,8790843.697050206,40443460.97583297,14867348.905190106,8655593.90584276,1790929.555747176,5250423.934735422,5418656.487279631,13809900.348645099,2304108.725222609,16684837.614853205,2569310.6278412817,1846322.3096913318,222631662.0913939,196689.69007550352
AP2A2,24914592.119546317,11718756.903398851,27087443.63602142,48166123.55329303,35349435.77260592,32240328.543171167,40146458.87068346,20560446.12099038,30298764.664771207,15303983.381551236,17345838.804538086,24665179.499929957,13054968.785974406,21932739.69983182,15534890.64492276,15235712.96880383,28084696.527886245,15706032.670849498
AP2B1,92054691.8771914,81601719.37609571,977026438.2028303,170855648.8500377,760994484.5231339,127078069.32408339,109647805.95607907,87414408.93207756,34859551.95724203,41461367.22272571,49660525.66088041,102321783.17092775,45699094.71405175,168628955.5880504,26757160.500404723,83367738.56692082,988720899.5465052,26813188.49651523
AP2M1,72537547.81642555,44711033.721873716,48296222.546320915,101130440.84040816,62286799.089122,93465610.40920612,107115469.27439623,61796900.77816877,38091548.92141155,45245541.50266905,74357925.85267052,88300338.91727635,36699327.15203932,58387225.6929838,65891542.181382276,17993367.40667741,80464691.39315392,44900415.34543802
AP2S1,2656987.927836581,3979277.1660312545,3669269.1248583207,8469701.250325732,2846880.546473012,3304345.9995741392,4702074.82495225,6026908.5088228695,1310910.245193937,1778339.802083457,2352593.115285666,6404456.2188456,2210297.9212763626,8475781.49274858,2676222.67157592,3235305.4134275187,3636616.0256468207,1790919.1429899351
APCS,133646536.38745669,60813950.61396224,543911032.9557624,74563625.0343148,504697873.5306282,136675273.44604385,337342656.973551,108753386.89749464,349594601.19666255,126918089.72016738,292906685.744826,168886311.11122555,409753771.22262955,96987109.51554963,521071277.5238661,50109253.82842091,420337059.3728219,144870443.42301667
APEH,44237645.87182626,51390837.42394921,17898796.868799288,88092236.12649357,52284581.80656864,105919471.42128219,59848181.91806511,56321613.569793746,12617352.49133165,28323287.009931028,24436227.403658837,31214926.78244012,22217773.408041835,53048889.747550905,28395769.945370086,17880182.126639284,38324441.31758602,96427592.81971425
APEX1,154760571.7091826,116009529.32865176,113907340.4342627,291108821.38273835,194381656.9454279,333804852.9233951,245468005.98940715,175137121.36181873,53048981.11138098,121690402.44311927,54125842.51933378,137192623.17318428,66254778.43023349,164576438.32610425,63477970.826145895,188209300.619656,118415027.12294208,243099868.35467127
API5,70163983.5779783,84582008.31643623,42674487.86343853,85911929.63367535,512498660.2721867,77684850.41060986,48176751.280787036,56868843.79850836,3027500.841677346,33404666.210366286,6283356.6901417235,49771771.05707902,1762369.3411706316,69223879.01822425,5997388.988982001,56601639.55076586,19581631.2482636,179568135.55101058
APMAP,76294893.83000925,151676801.63842216,30086727.351724774,92508924.81132814,63064340.2819528,134759684.48457175,52973950.004396096,64182608.45896031,20653987.109028272,97476143.4847151,23330781.168022536,125116447.06480381,22967012.965859756,92978194.70001155,25738118.32679171,114133169.89167365,81377165.2626672,219206313.23069376
APOA1,3626702678.988883,1923509475.5097091,3765781038.3472433,2917643332.471861,4294626695.728444,4124245901.467412,6649805587.220461,2732149633.0684834,2133826941.666387,2059511511.8169065,3715493237.744981,2347285935.6171265,4159635810.5108666,2451054921.3166623,4782526710.702087,937793904.4045244,7569402596.445631,1513303996.180226
APOA4,16483001.270649163,12843732.166850982,20225773.09249779,26271762.670783326,145992279.3814305,53242069.97571762,83445151.78456998,27443648.638828717,26016808.134520438,24590891.824872665,65398030.25887652,34691566.30240297,28261386.602452844,27156499.55592588,70134953.56365576,9828280.830805691,191262268.72471845,28586858.910699412
APOB,261564528.0223123,373146944.0810231,196316023.1724231,373834917.77198917,150105994.5163351,283606748.7495448,494254322.2573707,391938116.1649577,88370673.3361386,210074542.44724596,104002320.26579395,301839518.6882224,205962417.51269916,458104705.85251015,175108339.29347995,292112245.9827605,149722772.86795563,225398795.05322835
APOBR,53887764.63022266,132883123.08180654,115093025.08093318,116356506.374863,115942991.96692155,126586456.353098,161437749.38220963,112170834.11416261,25083822.741273865,57269805.150609896,79372365.83983766,63026218.31947523,43912134.524778016,104784173.25631493,83406226.40118983,60633851.20405623,105011157.78550413,271513895.37466437
APOC1,24579098.15007179,13544752.908733957,15796694.250566738,32993340.420143995,18668813.429198623,39291135.051884495,36848670.89645535,15868495.12781835,15450717.381839922,40850376.88272496,21959824.80445065,23116028.893037993,22372298.229136825,16548184.779079484,30802963.398742076,9750673.994633216,49779188.800891966,10624361.295104587
APOD,32980421.76140972,5757099.978899309,19449707.70372886,74466208.67375752,28912485.67019955,44278092.3798942,86255525.1539408,18184623.091695,30983053.335673787,84248944.77267894,17827553.48188109,29793600.033175882,59030564.28234102,92459095.26184505,50998137.898863934,20902542.05495053,81164287.77530067,19256499.161444634
APOE,54978259.692889646,26320932.00494441,48382651.83903767,24482470.76360136,88107738.13948137,39659703.27516821,39918228.985200614,27918951.731341068,16452570.847620402,44092370.882135406,20675899.313622627,24488719.93922613,52245814.6855142,16956108.86717867,31000781.320164006,32967815.000356816,135551967.55783838,38719814.10726134
APOH,139590660.01249883,78543930.22371373,168070296.96628645,160618096.2776891,120739374.08848174,111322951.80953172,189555064.58398676,114383061.40087062,186620920.22955143,134132001.24974832,155275390.00070873,156460826.06876534,110530212.84685011,173681680.78772116,156545999.10727966,62894729.7189232,329449517.0105798,145878816.63467306
APOL2,7791936.708467706,7342004.754851248,66208486.8922754,15135133.161027605,59905391.44652429,14115525.376748163,11249293.44227635,11248423.353146192,84216785.03265654,21760553.527176894,39779819.53002169,16450031.029746288,38098324.07823633,12709531.630564228,55761669.23011309,21701445.114115104,61009327.74255268,13787058.220310513
APRT,38604408.53411492,38684516.69959326,25545077.1504821,94369158.62482576,57447836.01940997,68617149.9574009,38365520.16691884,28990476.85248433,18581900.88052897,23205018.80310619,21127880.5072617,31340304.82045977,18634078.615582116,81437528.96137083,16129637.224029977,50970618.592438325,28478940.884504307,62553704.91786966
AQP1,2473844.1596596306,2790742.4043534966,9106477.496030446,,59771691.27479137,4383621.515155633,50113067.672663435,3072128.1651524077,8262029.718765649,2063027.9470142263,4891958.75937385,,7396025.736231237,,52819309.79321204,,16900405.492849547,3151137.452063475
ARCN1,182267970.16464636,136037441.4801683,95704483.62996808,326213423.37325174,112307495.37875113,261730198.40626395,254921294.880965,245384661.55218264,33746336.96857202,128227623.88999026,61512311.3264598,144789541.68829426,64367447.15455476,323050539.7714607,31549442.480898596,130109645.3745109,68505040.28686413,348537384.8393757
ARF3,338140859.93784183,350362517.77144235,352686037.87653863,772676859.1281569,281280388.42893,599604995.8314066,454673130.4524827,349893006.7712267,67137152.53856422,169992219.99214455,93119235.47593462,312914156.6712681,143473931.53991234,409317501.8091767,149722932.34307155,355216785.5972905,193892492.27869162,526782290.61771935
ARF4,254815435.73519003,329280560.69772875,239438855.3452413,785949476.9231603,257858504.6083492,433515417.7598468,354786762.1817446,459315796.7567869,112294574.24640462,179181302.9608534,169242515.65986925,287700563.4048993,184526521.99498284,670719439.2085664,97885406.25641531,150914341.9831487,148060014.35011083,495889122.5413966
ARF5,28147665.389414556,31875688.805386215,24493648.53407041,49409510.002830416,28626532.04224065,38692003.10935487,36611919.182171755,32238797.326778483,28089990.26073092,15825783.37580038,29400918.487292506,27897999.354656793,40737218.14584181,51324430.32859722,13495496.225582138,26125255.10660695,26309849.680400927,103059713.63621564
ARF6,17826677.1037618,13217081.36456221,3995905.0483240033,8605901.169890413,8376927.055759602,8426192.806237537,16795148.58639808,14502265.690498052,7303659.621554025,10236682.215399548,9006041.249131428,8262817.510231063,7982582.757046104,17879402.17548704,6784692.191960427,10931490.258985704,6831947.150747983,5555947.841880552
ARFGAP1,5301907.264763595,13038638.25165882,10419889.921135936,26184117.520318087,13265626.036970029,15167535.184669254,11766982.362727791,12289553.496545546,3040069.391967986,2197684.2537516137,2735724.1438455605,11033189.643386466,1639041.5981369885,19714006.454867907,2095532.4035104208,8759968.019165365,6675763.385002676,9661234.296896497
ARFGEF1,10715589.784103855,1591024.3551335633,23919819.74719474,4198976.773532922,11829159.280671146,1590301.5326742823,1635069.8494736296,3857258.824576641,12157866.789490726,9437427.043051684,,1596769.1615117206,24066172.215261843,2056565.7703064813,65450320.476449534,1454509.760796182,30836347.69403763,5418098.384212657
ARFGEF2,15137169.517823383,13922718.558770118,55126697.18392791,22556199.310531333,60114501.89560568,10688390.686958715,42954438.34163228,18659382.79742861,69472004.93327534,9923511.89993913,43714897.321436934,17226134.47015189,46166745.26491212,12564422.434418544,41078958.14874761,7443903.464146324,47179641.16275521,16507902.379289152
ARFIP1,13462812.634388598,23014648.198718306,284816.4890978558,29409647.500070702,351329.584542188,41834806.442987084,9955916.528920392,27576444.886338085,,11937698.152732177,,19642986.420051176,1439000.8361431155,15492973.85873253,,12770042.184520416,16295740.098430494,44035940.35623387
ARHGAP1,76532036.42731382,61268736.82852341,59569094.10662025,113241537.55683345,54099177.838979185,58968140.04943953,82863528.25055169,69930115.73747869,84424218.81278092,38606063.87617674,79131804.20687594,173645550.32836956,82844077.44561486,166533258.57924873,72250942.44877286,26299576.749567673,62932168.66245442,93803709.24818383
ARHGDIA,179766820.04437295,215735876.93903768,95951159.228649,383439202.8367338,195410469.4337472,325717678.781235,190361836.62063313,206334913.5349264,92565119.12921181,121890541.1531667,118179654.6350928,193749524.34422213,116950942.72254995,352773506.1109557,148865202.27139807,227567927.01635283,100973343.45660965,483870561.89923656
ARHGDIB,132162832.94492908,126673069.4775933,43964764.55950102,84863105.78075922,61609526.29122399,169397049.14197436,354582578.5310309,254421990.89586645,23899310.05059439,232704619.76811236,27865913.673606195,123491473.21202597,43252412.697528146,191319102.07662725,51900822.75964469,244493227.49309543,93397755.39637892,93551264.21187906
ARHGEF1,25348016.533949688,97039129.9267907,4330054.665529486,251292158.5358076,1093291.961660996,63747374.88749991,41012486.571087845,28814883.911687184,,15847824.999916743,,19021270.23416451,11958606.546167534,7370085.171154253,18201782.37294665,16376382.188248208,10405689.15691202,120127038.79458667
ARL1,40622197.61825164,42337959.396284476,18774795.073473245,5100081.623110102,19338984.195376154,13945787.861011503,46902063.557919905,48206043.52535454,12636814.592967581,20222188.2761716,15330631.71032549,30278813.872549947,25433880.903278127,100866791.15332893,17285940.3567827,39483398.892525196,8791531.902990889,3922034.429441472
ARL6IP1,34917531.44808033,27757135.996619288,13133338.583573155,8938737.680701343,14565918.77251486,29060019.45560049,26392606.791882712,34039969.561040886,12111214.634903278,17185327.55484799,3861246.6495214794,7354447.484772785,20111581.298689347,26027380.238963235,6066530.803508682,17941770.32487222,9877625.88942126,23154027.0785803
ARL8A,30096601.977861416,20947655.332232572,27942470.44976645,29726631.256251726,58664579.564281754,21838954.747472495,34479026.32328175,25728157.9647225,18140295.94424306,20570972.28461869,31734561.02484231,14275707.642913558,10111464.752368197,39006032.36530626,15710321.161930636,29926693.412649605,12247072.59667476,29663033.404996816
ARL8B,39324632.004279345,26864310.943812236,2711604.31731546,22821657.489802677,4445992.632416662,4121915.8737732433,71050877.59024344,40534067.87369357,14937879.510064887,27047436.03667863,20498722.26434606,31463348.61811051,18669029.240927674,49444539.463830456,16163772.56927254,7574670.788171549,13176319.803542685,30401336.71876263
ARPC1A,7365585.679360917,13295106.700805154,16268170.638022091,22201167.91985954,12149730.30404967,21924926.795848627,4971949.366018768,13373305.99824421,14800624.285757916,13837602.650715292,4926811.87104259,19098916.82255052,5712130.839199638,5288862.455192426,9394527.84353273,13635411.884479368,18933793.08431847,27820287.25970001
ARPC1B,324766250.57595026,437207386.78054076,98205266.68430232,476976338.31610346,131861987.14273992,361953330.3812901,487393951.0591399,308465942.84866065,77443800.24389169,271127574.16055423,137596867.52994815,339512282.1613176,85524859.7222808,481689345.9137345,105561928.3819125,311173839.82273805,141523546.67032045,715623698.9469987
ARPC2,343431501.1059557,357358747.82213086,188279453.4657231,637898797.5665419,218408430.13310504,571167577.0193635,526645155.18794626,385540682.5722036,139634223.71889406,266088820.7954982,178042780.7458666,366254101.06976974,155124003.8958523,482592606.3328999,147697162.76730534,298376002.8183789,158466435.51729473,685121434.5857325
ARPC3,115989730.61607854,148173100.59556657,61036179.84789163,163593128.10968068,62791380.415499076,165049715.00276342,258156946.72713622,162330520.5218014,57714763.409897335,97078919.58914337,66591952.804495364,135639885.7696464,54261504.7559752,205803558.78715795,50100185.70304987,120771402.9363155,80470495.72764692,172743075.0706276
ARPC4,151933917.83856934,153580198.54483664,131519898.3430469,357081645.1266194,173602782.05308372,212114017.7001015,176206077.97294313,165757669.80918944,45266566.88833307,88378000.2376962,33447403.40021094,151242581.13000226,31608736.61270932,257127796.17628556,31193798.70289915,152340134.82835045,137538271.40135992,269581429.438443
ARPC5,179250127.45515624,161361762.17817426,123357685.93406673,238858826.83623725,163487052.6041777,243033848.12296954,341106026.64040256,188400501.18233487,78112389.55307879,169711950.9171628,94167985.33067217,206990257.9363041,99320057.7299971,264899143.64729533,111673029.6733918,207699544.78697354,136547533.26108167,286361150.77731097
ARPC5L,22713534.1798368,29420586.642105505,21569918.652384948,31220186.91697456,26416625.006841697,45272245.1360454,20015827.60565804,25543851.32116831,20238133.619512673,16044452.951356038,19824071.267491307,24775765.892750267,11876725.547963696,26241098.094650134,16317626.09706785,19847857.614342067,36362053.00051434,43353750.26513977
ARRB1,1094377.238909571,3639303.431408,2151581.4978019847,9955922.62647646,2988311.3136472437,8687168.076142754,515736.4901293303,668785.4736304317,655501.0641724223,441687.6761007624,,4438842.520893901,,716685.3375085518,408470.5576309266,4950123.865248186,2134375.500936472,
ARSL,,17315395.978743035,,,52603.02374851563,410748.1414968711,41212.293726694515,734493.0855964661,2059315.0300284247,25707.28781039473,92985.04664389756,410474.1425179987,,47610.75270085526,1010009.2571317398,6003307.708677107,42280.12838718454,138889.5172720726
ASAH1,120462833.06943768,25524643.347163476,29808508.579900224,28679939.62308166,31228999.297661223,34962156.49490681,48590529.7924544,47672215.92964806,7560491.463125494,31551232.31002494,5948306.647829899,25291179.834852077,27616365.95306052,51966781.20840038,5699902.356299786,31870521.880079307,15009479.288373468,34369563.86747282
ASL,35536698.287997976,21796948.558707573,25629083.292374767,122353716.26781046,38439389.81806123,85440525.29553655,41822397.135010645,77859879.13160598,13941158.144924866,7883832.701955273,16756819.653035238,23947582.281065077,18575788.66498199,75388306.44567738,10489030.576848075,20440259.05690455,26340842.446298517,198693762.29902655
ASNS,1921341.821105226,6078366.301891342,410330.3991671342,20905354.681003537,2256605.5274709333,7094864.362662005,3815401.760783035,5132118.338235225,1365284.1579788988,8621311.002097387,1175795.7797899258,4232686.886985954,1185661.7275562785,7818696.609785633,512875.0903471304,940364.9982204597,2814403.794038714,7780027.509204365
ASPH,,9766857.078582078,1060696.4970846537,100687163.09860304,,3030570.3536006003,,,136831.0828952072,492989.5423679123,1393505.166375745,12147444.844635677,1103432.4543588443,7415416.273470318,1758201.068060261,3654416.866512208,,33931093.9657903
ASPN,81100699.9873717,43672451.19118946,216297692.50028396,26005061.22931211,234738794.09496522,30983657.771013178,477987333.7547568,49294687.49093529,365718305.5411615,77507036.45367488,290327825.7591289,97478511.06765477,393619580.4721755,22035278.69708275,586658756.7374226,26335298.72615841,280286032.9045738,17269968.05124504
ASS1,42547803.04951613,40651676.29010782,68381096.8484473,318454384.10135424,52714221.61894464,177859424.66034222,63603984.67823467,136007989.6689457,14988699.731713247,232106534.5100646,44263899.57855752,53065357.545730226,54577295.83162358,185264878.9492281,42147468.78374688,34987397.66066885,43794892.95074432,165643097.3255642
ATAD1,8432873.937571172,11100248.299988164,3828604.241527072,21744837.387923542,3369750.658747808,2619375.592824818,10532340.468907597,2688661.346199608,,41616396.52321853,4044650.595225787,6544347.044393771,5428046.843556412,9446803.335728478,1774473.0897903426,6287742.239735125,,21798050.85892144
ATAD3A,98377.22579534908,7448943.324553763,7931496.2282880675,27358121.24390958,465628.7878473467,3280349.386503969,,1164819.599276355,254973.6367536355,2389538.457777053,127282.55232796416,,662258.3577589922,4294669.635678575,609023.6003437199,1436140.4225069417,1230993.0202310907,48418440.50182669
ATAD3B,29144206.160208654,70640294.33085017,33402713.660599224,130962302.11889134,36132337.74793072,93946788.88807079,48990928.00048837,47152840.03244822,3513224.829512839,32784146.959119473,11541764.642542526,67598935.8494971,17878316.157274786,93391936.7284146,13891618.443730187,55133091.040204816,26900350.042639174,180190479.67281732
ATAD3C,22707604.445296355,26490097.50664977,33541046.440150715,78157769.37483755,16871884.910445318,102492490.62114684,34452929.359255895,36105955.619987234,34735430.80133589,17919116.06125564,19876833.858164895,64709056.12996927,29261763.30246545,35424570.45389043,12288703.368397068,21798827.33337084,21758079.272024825,230336680.85869905
ATIC,124420356.35999826,248664278.9846964,133891254.39519206,336481610.59601533,212028811.6137351,258878077.72138312,223574802.54706582,135306809.7115227,89778808.14183623,63736907.216968305,103873835.14786255,148216019.56620896,107436656.23370548,258360176.7105778,84181406.38036264,176196871.56016004,147406754.31260473,476121767.1769519
ATL3,40817679.63612307,17779638.30891617,34973109.67317404,35583115.55741519,36266813.74868654,46196445.98463808,66965337.78888789,36984320.55080454,25741128.163163915,27199812.679020196,35180933.772588454,38036760.29684715,27871162.160360396,36450150.656927936,34859867.566099845,24221332.105545796,37841181.797285266,49646388.62323234
ATP1A1,1722354749.1138122,1323670948.2568204,1000760888.1264813,2970014891.149359,1476757840.373063,2148668207.6323805,1606152835.0002427,2129675531.1636357,396672723.49100435,356007515.65596485,659947925.897324,716898751.0389444,679459720.8650779,1846183189.4327695,426156869.8299233,908266914.618587,909633027.7511185,2102804846.9533308
ATP1B1,384208581.30770284,213306110.2984966,187498210.4737715,407277862.1161904,207050639.9846153,315321242.35361445,234780609.62169704,349074308.57565165,38370057.653786555,46818859.33629594,131898292.17028616,132809601.85093558,54521857.136356145,275744130.087356,104841517.60061708,99180961.02931371,121084526.07867686,266470931.81850445
ATP1B3,17976356.532240994,9808963.368245903,14173427.731764598,24436085.916654997,18185248.009091888,15154438.578019883,26868661.62531778,22917983.699108243,2499920.9242387055,8694985.192604382,13985280.501947451,10206944.33530816,9114933.222052593,40819617.682511106,7274943.132528367,11737334.211586095,8521838.19667904,12960369.107331423
ATP2A1,51590511.91619159,77855650.25896898,46765158.68120518,83336538.8901508,52302605.72444132,112257091.48710252,59108716.97873006,72343858.08759761,13370894.504727313,58131423.69682676,18303820.18712941,55417809.00257185,19000575.479696937,102986737.52155305,19369572.757939912,60528287.30624436,44494207.60095173,115476238.63872322
ATP2A2,131536581.7311064,109450884.70473987,55992223.51952207,220631449.99375218,54302336.112897664,137638339.15104523,117320807.11732116,91706521.1699838,28715037.7227457,68986422.81828712,55203187.066742405,75401337.71775636,31552797.057704795,137611477.9573114,47080891.18516232,98065148.36792912,50861502.45946531,109865903.0173814
ATP2B1,144817069.19108582,99061313.92583191,198644109.91661227,265652513.53013125,211765636.16659993,209739354.791484,98487792.66745609,123802558.09657864,65554593.237049125,75639441.59696473,76322902.26347782,138486860.2784364,81718932.86793818,190222939.81869408,105095221.79373193,109217476.3428407,140597588.1776182,355494400.2331052
ATP2B4,17853125.089311723,12329521.439384162,165489778.72643477,18757314.60704699,98939212.21026185,9688533.084592756,30098428.754787393,19818658.827112887,123766373.0152235,15782555.448084116,133775268.58762038,34902496.56352764,65929240.89875741,17332933.23223617,69221067.06641996,18032314.13555356,97682604.52875529,10953462.644614523
ATP5F1A,2842138448.9517245,1924450437.5531645,3207758131.4918904,3372410840.7521005,2630594807.8697996,3175470829.625608,2980824312.311092,2829188729.571394,1074954999.2900221,821076131.5358899,1738235427.2991893,1611622393.461563,1565021924.7555377,3393375341.5730324,1277412397.3289316,1561781986.552982,2227327613.94605,4278695341.243974
ATP5F1B,3008714030.6711507,2456735558.7357836,3173356784.4421654,4029246701.547249,3807649965.159142,4267785207.6883025,3928231190.9729314,2779067361.7487464,1818432443.1944792,1258649385.3487394,1852975953.1013305,1960910160.8248708,2020196356.299729,3823108984.8885727,1561660815.3670075,1591600063.8589137,2232813255.4637084,3533481527.4912105
ATP5F1C,269898493.0447694,207038996.20136854,294430303.0929328,265326681.99088567,214583225.46754527,170260958.44478965,251976265.87392434,273433615.1824038,143807183.44496757,98577281.30146483,170271817.72522977,115774310.90931785,158635638.78361103,327145382.7035179,106767091.29821673,159625799.59383428,159918205.1807142,446403871.91544044
ATP5IF1,50347163.40257503,24508415.4421569,13680339.73212542,55316780.57141931,9124529.434822168,52227098.95148912,33984845.49371354,35430763.38103731,1676328.7173616604,15444675.229546022,3859073.52883653,14486743.122321555,3506879.363653969,22988117.92241815,2668395.119595708,11750455.290234037,7478406.701609197,166113323.38909632
ATP5ME,86652769.89411354,23508905.611049633,57082209.92761804,69425789.33321565,45980717.63923773,48159581.41361279,2368164.820596314,47224809.81948363,19959778.6728242,30145241.010073505,36988481.316608645,35597867.31318596,39028817.54389219,67939603.61769085,10588251.678743713,27372866.86401568,44824694.49646313,118927893.83128132
ATP5MF,57680725.141457066,32321370.52849898,32566782.620899867,63174656.06261333,34878008.95240469,44149316.78116215,54838339.50073883,51056076.95179569,32387983.36340869,24495877.97325428,57983014.98448608,18107179.658234395,28359855.9107073,38079451.62162963,24943763.974926498,12841949.4468505,37343046.67737739,54516690.657922745
ATP5MG,105318032.28336662,41090262.855805166,77183878.945984,95430921.78471991,36281869.67459344,84716383.28215496,31939968.98057576,98483270.70937908,32885496.412677713,17721539.92050971,33134497.090282436,29676074.334585816,39250027.80195016,82165457.14969912,47807358.73186002,63482414.53737185,60095844.59809753,156408709.28200436
ATP5PB,364460672.7254131,209592707.68014273,520959710.24118865,624578988.8374019,391332469.50635123,622634350.8344804,493665384.8559995,361253488.62123513,158536111.9768183,163331216.5148676,257032859.67064998,254322360.29192746,193956612.24331218,493674498.4766723,255143168.08700478,242617985.98827577,292308780.2668928,758297662.533821
ATP5PD,138660395.50216115,61709840.50245714,78510188.7113696,204497869.9501894,80155835.4263706,128630760.67113525,55978159.16799613,83522069.08201243,30900037.45368793,38686431.40741487,63797950.77473326,60507889.86468244,29936511.64484432,122752488.01525973,72747472.64281632,73321418.4580234,59492507.82559889,229769661.6106337
ATP5PO,375852361.8053562,308454416.109184,424607169.2735837,504961121.59464145,275591208.7009349,482130962.8306569,392637858.88966227,391649459.4002742,187114085.5276279,134134626.5241598,275707366.80072325,238057518.07195365,309793546.51376945,564094474.2116301,216077439.33289382,185774923.67155397,254295454.4807279,738131459.6765518
ATP6AP1,1471814.1635280938,3447719.67563027,2806607.0149754426,8660749.770534568,1360060.113134091,2912977.256509831,4795960.081995376,4667479.610141759,853754.3292603705,2699935.71706264,1737252.5553978526,2921969.3891257676,1815067.7912628185,3177456.7407534216,704943.0822439635,1669647.2409664798,2055843.208141142,8990752.08448143
ATP6V0A1,64216590.37241866,52862475.84270512,97834925.57834972,122335490.10601856,46881410.18887983,66019338.20011918,84670336.56367719,49757412.32046535,45364465.91592136,37543727.91431821,40915743.29783219,49706395.51336082,46619556.795338675,64927134.77952165,46901736.33507834,32181769.33496373,76496931.38358678,186233632.9459927
ATP6V0D1,18175975.616401184,16567406.87403181,6891280.32529075,26865521.78614995,8000096.129982202,11166897.750372272,25496767.79246787,13322946.10825376,2462165.509281418,16088900.54325021,3374500.102795788,12441480.384040669,5440585.59594407,21697043.597597796,4478986.439131351,7152914.691567872,10355151.165079745,32595214.803469993
ATP6V1A,15871131.759888584,18072943.808459833,11522796.544331254,19083382.49577923,13176515.102109944,23542902.40887681,29168065.43020532,14774179.994792463,5030706.242683739,17480090.930482693,5506520.261791545,11656186.572418068,7612825.957278435,18690314.761876736,6582233.71395616,10909942.173626453,12050404.14347696,17282601.201119833
ATP6V1B2,47573754.09132272,50666636.38312314,27451378.193447728,36279102.79848541,37140383.08681782,37882201.00858171,52088150.37774806,53182188.40890667,6273362.53774355,19444305.788482685,11585247.54791561,23380731.87134557,10452063.04735954,40097439.981522106,16176536.890874889,21797578.31857551,26958990.26015915,72175571.97292782
ATP6V1E1,33400183.95260258,49469438.712116025,119006640.34166189,50760255.34389049,52786640.27062557,53460555.4443148,45612864.21558753,40463851.25808714,13702622.88260631,35569661.5051675,27085527.116993435,36723909.39049025,21326952.12212694,55815717.06198206,18360286.515280172,30755010.370416082,45472821.408451036,102120815.77181062
ATP6V1G1,19404385.182820152,20199849.936204847,2692985.57470382,532049.0321784131,2406085.5245492426,4610892.713888407,20478046.00433119,23534270.259114888,4332773.20037653,17501379.05122269,5806977.207170436,11770975.1179306,5076736.167794543,23240128.25286136,6606669.891942005,15066182.24056144,1400971.1137901037,8258596.09648954
AZGP1,38009996.457707465,17053156.45892389,51495699.70890722,17488390.671190076,53083617.968893975,38407885.92738987,39285721.81782165,26377126.311663836,33162215.679264642,16228142.893357374,60560578.49055846,23696340.145019487,35795624.758209996,29445113.12311758,38847934.28545624,22950479.10120171,96706543.56913286,46620729.54820293
AZU1,3385629.892509998,32636175.92607464,25700215.497737244,22955292.74122027,2237444.55199756,70602711.61875926,40145881.973440155,40326759.13165517,36340521.18079396,313857520.39618945,2518883.8186365766,34020300.053019345,5981969.942994034,40861582.39770339,2036841.8822102055,25493271.776562408,99379265.31828149,26349501.473814465
B2M,80645336.99562366,61366730.36448926,55740438.45244513,71435063.49483033,51008366.36444748,66863435.24437939,166614827.6646039,88079042.25196777,52891438.279077366,96766978.64267978,51780574.78383774,66101861.6757296,38706675.58403077,181495370.20591855,27429893.343431104,101095694.8982774,39811199.16356781,85320870.71624056
BABAM2,2136814.2679205365,3072221.3960269312,3635924.323516778,5431219.439127979,1929187.0970867197,3976731.8962863614,1557484.401731932,2761343.0727255796,,466066.8512982159,662097.8088352298,1662155.9896555378,474810.3868546289,2810524.8229223355,700155.9746166014,1451902.9657546608,596048.8939475376,5303636.609969408
BACC1,406626.0962989954,5661417.14489975,1871341.472024654,14526952.91134814,6393937.118717245,15190992.255809478,15582133.46769864,11563320.871312452,,3420705.548654721,3026788.823885497,18339856.923258524,619104.6363263015,17027949.064373568,,7510523.213030518,3621212.32988543,18668435.258508913
BAG2,10793962.692437926,3698427.9056619215,47652068.03555159,3370848.773834963,90776640.46400234,3696053.863709335,25126315.94366447,6487919.328948879,59871698.20013058,2072329.975993076,34522321.77674383,4751670.468787909,18601330.209482234,4493847.942674666,19006051.693071783,1717595.485414215,45605826.848658465,5291480.750371067
BAIAP2L1,2245652.910291662,5602429.213331437,6313604.870644419,14833042.299686017,3608018.580281096,11706691.295481518,7800991.240924461,7697683.767796648,1389343.036680451,3337040.1560966987,966665.4124361476,2543881.788372819,1901423.74505892,11643033.29503828,1278615.9120505007,3963169.470375403,4838908.557482748,36540326.672567
BASP1,39645210.6105874,20856668.569831908,4236509.156655578,1381477.014677709,1124620.504182923,1357202.7994807588,83382210.4435469,22546756.16677227,10340641.92739339,40533818.73533847,6841531.503765944,32377592.358069822,8918021.154249908,37838245.10266504,9582704.21059584,17744215.571159177,827109.2195256664,809388.5464647269
BAX,13082325.33906777,10632312.58039327,8597716.437377226,37742213.115877986,8140102.490224086,49602837.77959386,19908628.6081337,18825419.56663502,4062738.5348929954,5866036.713592989,5903270.358562204,12500566.019721149,6194283.779723495,19789807.351970576,6475999.8160263365,15863670.680337112,9190477.89325158,20963979.474560473
BCAM,12260932.613913585,20170427.946117222,5633393.0999874715,7484360.347922769,11734230.80586578,40108344.5075732,10925505.44544442,14808780.006176056,6997727.520880833,13786822.899687236,3590719.6953102145,15680274.884275338,4875824.0986637315,4627108.60328763,11662452.06973419,4528462.553596684,7968715.846667936,27960634.797468815
BCAP31,204387755.28323776,300298412.2267059,170345195.67417222,484363033.8227954,203405726.6605627,370949159.81533396,273541545.4255482,196941677.7755566,68273394.7609945,186246373.65426993,118348059.35740657,239287412.2255783,131309810.23548809,330237906.84299123,98813341.19815172,374203575.21217704,144732639.47868752,735326124.2930278
BCAS1,12937666.486110942,1071106.5780136702,11351305.22190104,10432835.687955238,12449675.545826023,32979762.703764964,7289965.236907663,33933399.922821976,,480205.219895153,5388084.261869149,110508.60575685072,4045236.603812138,30296118.24239672,2183943.960546934,395427.5014076565,10725930.991388643,6714677.224774643
BCAT2,16897667.24746604,8287662.174461452,18912749.951378837,22813435.925660037,13758790.372665748,27223035.021871664,25169092.01874428,11854934.6062426,6408173.241519817,8053106.45515223,10604028.22315358,7821951.000114145,10835206.009171724,19548698.29455249,7745402.806992034,5669463.982577908,8397350.05601476,22454919.288105242
BCCIP,10741687.015367365,21301501.34782615,2792418.340391129,22064870.7896491,1643199.667690232,17942457.25306754,12580479.609121803,8333518.766486298,3378198.515707087,10974230.996748801,1361643.192331161,9238160.59945755,1276441.352224973,14528037.11216001,3179349.192343146,9013717.779692799,4343303.430522562,29304103.748733975
BCKDHA,3748892.435222901,11016256.141817436,14816464.706398085,30796065.677668396,12513871.969146036,65090508.1768396,1101390.4093666954,8379482.364972373,4402006.544472383,1391684.195291632,9128493.634700747,2736692.906406126,3349136.9918013723,5228304.957958598,1367905.3156428256,9542741.61252167,9963420.670907669,45051614.230708
BCL2L13,674814.6135064231,868511.1923592702,1210131.220197277,2951118.456386012,1609684.1038339655,763551.4152115551,302448.30889464775,836208.3817002841,578998.3002388439,347891.0832314493,477946.81050398946,295284.37940199353,331330.2734008897,394325.5453621396,337612.54112573963,241794.43493321465,1448736.382667214,1345047.1951469032
BCLAF1,17227734.178984188,45892091.16091456,1840728.854216806,24927466.63462853,7026854.005472524,34350150.411641374,12661583.784467341,19390528.74602125,388603.9545046686,7110501.604530138,2850959.0883213496,9770490.100638263,7474367.999516564,26759088.944050774,3660696.275052205,17909474.27523552,1776173.5300114404,36076721.25279742
BDH1,55022678.55928782,30963349.671816207,48271881.31210537,77776674.36191219,36747206.95933542,68182276.42764656,46530864.42097828,44528198.16211898,4060596.1914964337,8966687.514470488,17803779.101552892,21725923.687483605,22942243.53200786,84403719.13010517,7143677.256164298,27677287.026782062,24007652.648613967,110153080.52902076
BGN,431463139.88355315,92424740.73494329,759553435.4029231,162093156.89201415,948762759.5519099,336838062.96848464,903819027.1661605,247427112.1124014,1212597547.7767806,323239827.7569546,954332991.6210462,646997759.1961838,697714903.408902,141419776.22210008,1528737904.7351546,97753903.7527799,591718489.8144076,271509049.0019084
BICD2,12388666.21277029,17313623.215272542,12115721.45690582,34336646.903155394,16043518.640112223,11226532.34402363,23442740.655119933,17150302.732796207,4806803.959309904,11222622.038427116,8132408.086167304,12596990.102088297,5046013.906864371,24259333.401472338,5814880.636044998,9007496.268712653,7776927.033856023,31956791.28501994
BIRC6,,295441.7996420937,1385516.4974456052,8420025.136893531,1762407.0964460229,11140051.470632264,,,,269806.0588556032,648846.9123970146,,367319.51247729233,218453.39147369232,475487.85171224806,258475.72321042628,1421602.6196998968,17832875.734678846
BKGD,3110822.658063974,150126.40837851234,2616131.5933471043,3666411.350966054,3483016.2385662235,2950347.9462024677,3882062.099946152,4491388.531522647,1992629.4611956691,1351188.2411850377,7454057.443629295,3495163.395528485,3015037.1554814507,742510.0964796944,3398758.1091930303,2734097.8797288476,4002861.659976411,3392586.9251810517
BLMH,10902377.320730193,15533323.038903488,18771950.804588538,5042725.45620997,16938146.17444262,19428821.101717617,13356254.092823517,13904350.389438843,10315760.47449678,6158674.14593933,10052151.804689797,9464489.63308518,5785522.702437062,16687766.257647734,7613416.693287814,17923489.67022862,6863732.367190035,4740580.156053872
BLTP3A,134369855.689709,106309439.37768193,142484729.63537008,211067871.66607752,140488429.62290066,240782696.26337203,192329999.96308756,127345432.43726736,45186166.29575851,83288994.14225799,66309783.26197088,135249660.14535168,65431929.01291354,151778394.95182145,100388341.85744923,193752592.237547,102480658.96406078,357573488.9212544
BLVRA,43857425.810569294,50277187.31435263,44373681.591092065,23713926.363494545,41110683.421013124,51464204.22699565,71365335.79481591,48547339.398065716,38599960.93706183,23511500.90132175,51211932.55225229,40304746.698867284,79039896.06633848,38750948.03200357,39972016.25779398,39310653.06765057,20889796.348599754,14270359.42688682
BLVRB,285898360.1673947,249827644.41048646,161760822.75610882,302922676.6910292,285978903.51387715,304027027.72428435,314228263.3122498,226580286.67586413,138357057.1485943,64955141.78720943,280337345.17933154,132253116.93738225,377846274.1779256,214096303.93966952,195525383.00722957,111669706.37171002,178585744.55593082,176295265.78488076
BMS1,,881378.5970422362,,1937009.747928564,,2809837.463152726,,560937.2238624357,295399.1732775115,2989480.32036951,,1002247.2576102732,,4130898.7172996886,,1939895.9021325433,,7411097.630488634
BOLA2,7040380.035517565,39016198.14832435,8180622.93858739,109501276.7669589,23135858.469543263,46767085.57929667,25577301.467505593,14078322.252279008,4243889.325915784,26483103.2387879,4315384.9897851,17882540.869423542,2697740.2996619903,42381083.40559819,5608772.7852918785,25287215.72605621,9962954.515713751,108356443.24765816
BPNT1,40247865.91619049,10032517.882770613,4910460.174465083,96756423.73165184,24533076.456875972,38610194.69744964,24558216.08858678,63268690.91357811,18030281.19319074,14259906.115707457,19627165.718894217,20594835.264457136,8752443.499896461,46085257.11826411,20238777.31697188,32641189.38750168,19043741.55509413,83223846.75427192
BRIX1,1998105.7249472225,27876177.497464683,2226475.7023137393,16394152.120651988,1614238.7570454106,12116326.282766204,1372677.6898616026,1478587.3198021404,,1962648.0923213512,,1820615.3309913408,,318284.8913209356,,3443349.596747351,1358004.5641584373,49823427.30260787
BROX,24929475.056880593,13710616.358284837,,28965027.876277912,,16605982.424860694,,26716626.21659533,,2651388.366705792,,32384912.90426532,2725485.324872379,27533582.469579343,,26105760.944401033,,47414772.31583395
BSG,90740902.24038687,80949375.45411912,64729171.35760611,146473657.02508315,71796701.2690569,61186003.94397814,44916530.683366954,28040435.77185888,37635473.423966706,59640059.17199708,25666175.95476197,50987480.49969198,25673015.644708242,51812799.147838466,30337972.751577817,38117886.09025675,54511852.41096595,99175236.54975867
BTF3,27731078.532751836,81831337.83616859,5858342.36862998,37126357.5992497,4344583.652856267,81024763.9606004,36034034.772360705,36153631.936104186,17198508.76393795,29674494.790122077,26424674.402944893,43865234.06713056,16973732.222010456,101526330.52530332,23468915.245536536,35629475.70200381,,105892793.20457044
BUB3,150172004.0234086,135594110.83447322,127342318.238388,352237205.1819268,194500196.95590666,355090422.5052592,171589642.74558726,183362229.89178118,151573327.9719,144290807.90303448,122615606.52506004,218971123.6281881,77137395.07114053,287484103.84020036,108301113.26620778,167943708.37693524,192713826.57356304,639589980.5935583
C1QB,176704424.41891533,55847594.68565707,60812349.688871205,99431618.18948653,67275876.5992022,82395658.53122629,91713562.13044584,89326910.62784421,78285945.41550961,101622432.25565113,53448314.7816061,75592801.04213625,93409832.22316551,55665453.106854424,95257536.64911364,34539287.86570577,90743206.65713444,26149172.178263117
C1QBP,226585470.59465706,414084200.3315313,81302317.50599152,397913655.16664743,177141952.61251882,235089545.9425584,252344514.42501208,245848276.81800783,68972375.76168573,251776783.2437611,96020141.77209021,227828418.86218596,116980984.7032033,266595169.39438784,99018979.61199714,305183173.69289064,119538460.71152063,329573053.00207555
C1QC,36193866.33973375,10271379.48849797,23377474.921895582,7169072.937297154,40162431.42254149,33820828.54139443,30803899.483941287,20555586.456584763,27028504.03199501,26161243.25137842,13466065.26436403,23357814.010216206,18656850.71054959,13368730.147739658,21263063.00331021,19253381.292558864,50426665.888591394,5137664.829228907
C1S,9743317.764444107,8792480.440332633,7149738.556986416,6254279.654890515,6917608.335664945,8949530.745027568,19862528.058427233,12679221.421268707,4327566.943422036,19258788.271987054,335735.90536076674,16436034.80102679,13055749.33480383,11945953.175831355,13329911.12162273,4308128.74346024,3038088.8433145913,9456034.039116057
C3,1477126641.3121357,1025048558.1033776,2113521929.5372434,1640844797.851222,1717645859.5088253,1935868502.629769,2045843125.7810724,1241206320.3366442,983097237.6999779,1097512455.8909361,1663602521.7534935,1350603790.3476162,1476587821.3426666,1107186613.7717428,1583700285.3835492,480930160.1501638,2422608916.2167354,1159803200.3525417
C4A,207736805.5516188,151379979.7764657,340289776.83053243,318639582.13131386,446872731.71453,516926006.76809794,373976323.35159326,154089865.00660738,298907122.1756428,376025682.52364326,269498059.7118379,245323519.32473406,348909486.8636017,301999336.73052794,398175441.2427371,144406958.72130972,590472887.7974449,174438851.9606987
C4B,7946625.251645531,3770169.278024239,8210604.947820216,9518880.545179112,2267398.991666449,3704795.8118633847,4961223.2935526185,2751548.076044357,1608192.2846777025,,7773125.169099337,4158114.46047907,1688403.523373239,172558.44527100073,12513700.813165933,2343649.2707450846,21037037.823660005,5632157.944108174
C4BPA,53845547.57958235,61317582.57230337,54543313.082992435,68402440.75475629,30028758.072394434,87173064.56580558,64158635.38635573,51608436.30234186,70314055.568176,176725614.89175335,44432249.44466159,58662726.20694416,59972962.50752959,38695020.08912934,41050137.63275146,22404441.301389873,105705978.09669347,49646232.27495995
C5,35337406.13259062,3720788.890415678,5819559.338293845,4911614.374765689,7024819.243012673,3273699.6120062727,16235219.279133886,62458400.054872416,4518806.629361836,21419402.37100901,5794891.364849389,6443322.667814793,12365951.26053293,284736984.00562024,6829122.133070842,3859760.0091928174,9887382.135266105,8149178.490432898
C6,4423301.739481795,4087198.910428428,12981984.744931322,27837836.78339583,5925227.016101707,6609271.486651123,7356132.810659895,5348860.204406677,2582614.1105886395,14323553.675088815,2373191.856488182,3330666.119179121,5359350.803529029,7008393.813769786,4220590.355744519,1724315.37985201,9467031.38460184,13141698.987606706
C7,5390353.349420113,2543799.061144677,5671019.751491919,3407649.7484199884,5948654.028347607,1171069.1449915315,12137720.237927005,5576186.986804481,1285705.719023482,27915842.50821626,3604126.2351358617,3233196.5744794765,761770.2015629511,1742000.4594109552,9630338.702338548,2051787.018851589,9155160.709428428,363558.1251529713
C9,80066077.65476371,34589544.62949853,103130028.99023706,70120524.1612394,111995351.69091606,97169617.2247344,94596616.06838349,65625833.97805892,76764238.61185797,722512230.2215412,53246756.82664834,80411271.27812959,99012117.92331895,79390919.46426392,178606705.37214026,40228836.26040729,208716504.10250944,102305427.83917688
CA1,2160985298.5286865,1761582014.3017995,3292288978.3595424,1947394358.3688233,3047841615.825218,2012347889.0295548,2790956823.6678042,2842669408.0514007,648618445.3456511,456829083.02552617,2803613926.953627,669145163.8347697,4513129368.204979,2080405471.0425289,1170529419.7323246,283504671.7981096,984758639.8955747,720106265.1717687
CA12,51741711.66984023,3664330.1135951304,33975827.267957844,53989959.33814973,26751757.506399527,24631082.263172112,1391783.719858802,7843805.210535327,6887984.928024711,2070048.1164717665,16614452.635873118,2260039.043896085,8427191.350763638,36102989.91382091,2893066.2443817444,595686.5580637637,27488383.320684843,32287763.199412115
CA2,912731913.6212938,287249982.01333874,941984417.723274,1297898969.2570229,1386357558.2360802,905655523.0265082,774859576.1475717,757469545.8709748,225244273.26260912,109231667.56217033,539435872.8416791,106222407.8843018,724543656.143362,843879113.1178405,303849819.3099449,71620129.86788073,706177609.8751317,175085534.99621868
CAB39,77469471.32605322,127094423.56763187,5053232.708859684,17765371.178099036,13314646.99706554,21454468.90432317,113760621.86968996,20320169.770822015,12906464.490784135,103254733.96297039,34645806.08120857,52306334.54764566,46001393.16922414,63165650.53246516,7780193.9645378245,25859550.86107139,16158569.167715408,49420817.794756666
CAB39L,1255005.698120062,,8135054.531492236,,5120711.033325301,143825.56556815107,512877.3694543324,,5063222.372907758,,5814207.765731746,,4963688.882748863,1519628.138997451,4074632.792553319,3382343.527018095,5240590.556370691,
CACYBP,13334834.381653206,72713073.24746099,12243547.736733263,26828436.884304658,16901473.92013695,20287973.225767493,57353281.30174613,53306051.865682036,5653225.936633025,50667044.058756135,7243952.141913806,33263369.895121105,4899397.8803591505,28394412.79913466,10088394.972490434,37948512.4589938,14486686.841488931,26886849.66451384
CAD,1103279.2048649574,15873341.609282546,,4930946.861326431,725989.7947994738,2259141.9328879346,4952113.602569895,6801956.404030524,,3014554.460324861,571415.5776320671,4721796.550564489,529596.7497581126,8277749.711191911,266801.3826909277,6198302.1323515205,,10179970.727010475
CALB2,10028586.02899066,,2399865.1863063546,3802259.340654556,10710500.248962676,1239734.9270928935,7546779.85024864,3066284.2111300263,4591323.715254254,2580123.722930054,5015893.582958854,6813729.097517468,6344460.659854354,1808145.8148336809,5163952.462934656,2290425.925746844,4957900.208802199,926445.9784699762
CALD1,934002047.4537681,680675887.0410604,5281154397.59491,798188236.4219255,4443999648.144382,1655834725.7539823,2100628327.6315434,1425154780.9897265,5437338882.328976,1734699067.917152,5225166293.461269,3882763766.1437273,5419647870.102586,1337114335.8802137,4187885786.8162565,440006955.94982195,5491649546.234368,836587675.2908098
CALM1,1034316898.9263691,799128681.1330571,73229341.25646658,499663911.9197509,669303257.5992506,474487170.98126113,1062726555.3800187,1024461251.2542362,484238708.4197286,557014777.6559683,1094353260.8208706,1085799184.229087,662177145.5448084,1574074513.5346432,864795159.2949662,1138360051.4837966,8480803.433316015,824216222.4098344
CALR,1167126177.9068549,1150960229.588028,580086279.0149184,2104876021.0193686,995214542.4266073,2020828131.6800194,1435169038.3510349,1505264372.7735417,250987846.6143331,1183252720.5808902,317489514.18339515,789770086.9563135,309121219.841931,1441477443.817277,348867853.203099,947783069.7881894,576554614.6927388,1435650694.4227133
CALU,108967799.17928019,220755029.4234656,100922745.75829755,313872488.53844714,89333381.65255314,217924877.7472929,167288030.0874868,167339086.66118762,94095810.23061807,91964952.56355539,88092467.06782803,254266171.27004743,78978336.28579864,219497889.21306786,64130586.518131144,122636831.5447714,88485612.5901609,318495240.1760651
CAMK2B,22744070.426970754,19565042.152484514,43062765.19823192,33730309.775467604,35177037.32063015,13468248.05751723,40292985.304695405,31259581.804313485,30249728.51063487,18974236.530626103,38081076.28732779,18269102.760131318,26380329.569705494,23368077.090216517,17013600.77703945,9678281.289002974,34670088.17324111,21232414.077231452
CAMK2D,39902451.014367074,25469074.173820116,34949300.4790674,58486441.237196326,30412557.451952748,51290337.93559446,47358922.72264339,42438999.649770126,25980972.53455133,24369252.859799996,28804274.496728294,28228764.535049558,17017620.043868236,39112580.86047169,23412817.19817755,25764601.839749694,18834030.433183603,39399660.97041788
CAMP,251418.3690924477,9539278.857744934,2375298.9602412875,5408833.176165716,406074.5057922606,11913924.004322376,5424573.023450787,7166659.50283683,5599262.643957351,43285628.881469004,424648.6425685682,7929996.558562805,655662.6754261607,4142511.8155997433,462854.8940687369,2604075.781757059,28318436.83139811,5822350.373751061
CAND1,55882355.82834224,116560180.9126661,136786891.73342887,208778888.7497389,148843238.98751286,153940195.69775072,170843254.12882254,141242151.02081394,58601941.19524634,33264348.577702306,78059903.89074369,102550879.81836301,71854900.15483612,151111466.6779653,60568657.8862749,155092127.91517732,82020718.8927888,229357058.67729035
CANX,751345234.8976595,1633824521.4510012,676756692.5875888,1619145293.3816917,706077982.8637811,1627271493.29079,1165743440.5890117,992473413.3216704,302350748.4410587,807610723.0183972,333496785.79133713,509510288.9727192,291055222.3170455,1691290603.627705,310258852.56104296,864896792.9751724,700432194.837135,2139502808.7268064
CAP1,446423026.2687865,406522448.65195936,313608086.67521423,1076364316.1825442,361906542.65849817,771644935.5494037,723941828.6219931,586099500.692865,233495500.9245714,354169630.0525356,310315834.05109894,446813484.1700344,285729142.87754124,550396476.8139921,218710929.84594947,376746833.76935065,332669081.59860367,762240367.9597999
CAPG,150727161.26391348,113939074.95592938,140090759.64530385,547955864.447423,123543464.97227934,538992213.4418387,333206163.51609814,301676975.0255674,28849311.946600936,264640915.26844582,74799183.50973535,182826881.70172235,59398920.904290594,415806185.5845555,32165378.718326915,445431626.57925665,91660618.41920167,255481691.6492193
CAPN1,192978431.18497962,130668924.31916381,188066382.85797602,420993065.5363699,226450781.7241363,375767917.93409204,258147709.8103763,212171032.1715254,153163704.0355695,140054350.15328398,204985977.6106436,181630425.78950796,122530660.75959536,326129599.48408693,144831754.76546,189197418.595846,194176603.56472299,595051177.5829546
CAPN2,23578900.264641445,12354012.432912618,38025940.57463795,57590922.97928245,49367518.17886433,36978450.283661105,57977356.42410998,41399290.3830546,17777460.259867046,22356324.387101546,28274447.62836613,36953443.79208117,26905603.15373843,57626996.01124123,11493283.199423265,13336858.415127188,36678794.07198036,21038725.83653918
CAPN5,25607688.31194464,6484503.764610624,30394921.671606258,50314530.30427554,12408148.898354206,36036106.27676843,20010046.318239145,25263615.386675183,13273842.89195737,14578341.17336158,13751327.566490594,10311679.150815995,20618877.8751784,19929912.76689188,18490363.384743154,6699596.660927704,18982161.585345402,36239068.78197535
CAPNS1,121072133.91139254,56588275.2182582,187830195.2812425,173883670.94966042,134481507.35562918,239559798.6023956,152227008.64640328,133827851.29416655,40461239.86642106,39885050.45239338,88868988.00582719,105508129.15492532,87394983.78555803,206852697.04260638,73773414.05848405,128030527.77261972,141994900.4522498,211091746.38617638
CAPRIN1,243937028.65342578,134872348.91279304,864057920.8631786,152060972.65030104,672411636.1729714,252435415.098813,532454969.6999318,239164953.67705774,374735231.8761849,219698769.99036095,418224739.093382,280062761.6475018,278128359.98371875,258197840.48700064,682401049.3606137,131334226.3545438,419080416.88181174,282856579.11395943
CAPZA1,255276698.34861207,202495569.36119896,195311104.3140767,408819143.25132215,195418311.39921886,405795791.87726015,349337543.26642376,269383548.4615057,88844448.80344912,143358848.4881633,112917562.7887012,231029137.21398258,102043702.60068408,393450483.8444428,81237707.88302752,212642458.39445302,172246023.2044078,324548910.3626552
CAPZA2,334865654.80142546,217212304.7593132,437042845.6440707,584296303.6799227,504977181.55641574,538620668.3806665,419314685.3355871,330679862.3419066,226324834.03161627,221358028.78305733,316651979.42624974,373711117.9332185,237413639.6845033,511886341.6302014,260363370.60731637,198420345.55202365,395132739.6446085,370671638.6028753
CAPZB,276639668.96415424,248092891.98887926,306129653.6124581,529077584.19299537,331725415.5762517,562881312.3943356,385773224.02454066,312621498.70790315,230443050.957223,181449858.12606195,198535114.7148193,284692584.4809546,170263101.13295722,433903292.1986145,191412100.030597,291172112.8423067,319358187.6125478,588244498.0832667
CARHSP1,19088620.327391915,36562497.40777806,24860506.218494177,28223761.48221273,7413397.554658367,50270800.15492017,44465986.07670348,41809610.29346807,17267256.146576896,31448987.655832943,2440922.072295271,45955783.348127894,2670056.3668524674,46222563.05277497,7010411.175440097,29475857.529726736,9645488.446121134,103770799.47801696
CARS1,11184843.239827644,10117831.993752494,7778995.401803791,40550453.22250277,1255677.3000211276,23781232.31720816,10922804.08818065,21439503.256410137,6271094.258224346,13870399.0504196,8139797.4122902285,13712748.222723087,4776352.446838063,13097744.324049162,10061326.007801889,10855346.379711697,13241359.038635664,17133975.112264335
CARS2,58452661.848239936,6655564.547482107,368786106.76937526,20092665.438895956,216826468.3803737,13293179.363908766,61981346.614122525,1623451.9525726486,229409137.3394684,5814374.651800217,354673247.5734777,135498482.5589299,176323705.33415106,185479364.6646157,245540131.18356553,111454304.62097868,411195382.48059785,52210425.968933426
CASP1,30708897.87104424,37277957.505770914,10867069.71939035,27616108.301853463,17047077.770262223,75772002.49662292,30216295.7921143,88496108.00805399,11263243.31272845,25065740.86567489,7247852.282552881,11846113.367921948,12210210.627607357,26555993.453817874,17312639.347134613,50718116.45057379,16610680.321901223,69146502.40014517
CASP6,10915391.085338106,4824823.921573294,4374616.171512557,9597928.344902696,7803461.103526709,8417299.65443135,5706398.183940563,7582487.840224813,1013763.281319157,1921355.2666433137,2574938.0506308405,8090445.462979284,2402684.515461418,13210453.151589848,1067265.9175782746,1131266.0158792536,263072.0940862386,10219458.221385922
CASP7,18820385.178603783,21097136.518414408,68186687.58402163,21323863.317862324,33658936.40124362,31257122.266804256,33667301.500389576,31631480.71125328,49595236.74831132,16252428.997355405,31980277.683917493,15239548.70433578,22243164.968715664,41412259.5736074,23661058.55565595,10075277.682365702,32303064.354072794,26621380.63114695
CAST,77852838.61482286,85187643.84695667,69914026.56251821,142930968.71013677,97856603.10268646,166664161.23486853,51864969.326503836,59489972.62001549,39401954.89202425,52350310.102349155,43779367.31026383,74657746.64898518,64784065.27005345,145606958.49793112,57753830.735345095,68911099.82204197,67587679.17708911,178723023.83704507
CAT,431908042.2716211,422353992.8602895,271961864.91379476,374670982.1174229,393722745.7224852,708762525.8714612,902915392.6594409,510574977.6102446,185133230.84918895,387872403.40327907,261915891.60300243,247339890.3886896,298309177.7599842,489695500.03714573,257873896.97258458,214178912.22712684,355196894.5265449,448494571.1700179
CAV1,20179916.82201128,11754110.292749356,99574506.56574637,5915759.20987,377628829.2383705,19230022.05376219,29796941.97039708,11651176.610997807,214196475.50073048,16613229.05306063,581389145.9688089,21975883.78669949,124134977.6013744,41433632.61593661,96242083.77129602,4346707.633544018,221471008.4213844,6777428.0040319
CAV3,12343743.113405956,6716174.827475405,81240504.71584909,18755007.91551972,105851543.0909032,22543664.462100185,141908522.55204418,23441057.288627863,80413759.85440251,29318486.96830787,101846103.49000956,46315077.63580853,118895128.25347346,67001015.111681424,123797846.20529324,9887120.934620053,184651346.67795992,2499548.8538358216
CAVIN1,187733949.8138791,83471392.55814356,886372015.4221408,63375100.68556244,891412778.9542894,80987785.27841936,613950408.2081412,194047411.25111696,962340846.159717,73995866.1225549,1264383971.3216627,262899685.0860629,951969933.2105981,194503177.6667525,875116350.4116218,61815407.05385049,871830393.364442,69122396.25376369
CAVIN2,68255788.987577,11688843.945922527,369951386.65811545,19576767.285442084,376885683.9167932,16365965.097449768,162850212.11389446,54384991.2304501,300798243.2340505,19123073.36825186,123938801.71009609,33119782.127116337,125414706.95936488,27596872.406858377,227622606.99651533,7659818.670033788,376183659.4944,20427213.109593622
CAVIN3,22910377.50804292,6214227.444552605,48673792.37212671,14048790.21555167,58120645.9254982,7325934.449067809,34481787.771173365,14071381.189251374,42267604.226843774,10692390.487382656,45997994.43014025,21234836.22241471,36325358.87164873,11913356.539634796,41515819.631954014,751291.9150512028,41739904.88188306,14986520.111667808
CBR1,161320315.28464964,88036886.72295748,180155928.39066663,413437734.5919274,166136601.9625486,151451058.20449877,149026394.0620996,136218982.87780833,129236989.8483072,103451967.15942635,152210156.31507692,140092803.19458508,127422376.98267771,218269493.0164935,153288384.36953622,99082172.93093237,109632686.48407933,149592788.82710734
CBR3,164773241.29188955,95910890.59174246,216189269.57868397,422383650.4732143,199862634.80223966,127694983.98540175,114408130.41432987,156202655.5563382,122757926.8265242,62622425.503864475,114797328.08364043,54951796.84160512,129975221.02061251,92152794.69783029,129405861.9395894,26499530.08749638,155449132.42559177,127628014.60242651
CBX1,77882656.73745254,21438021.471543312,94586423.40754646,21992797.8377437,102098691.40238161,62211760.20364342,35417127.61519204,87074545.65880351,7083215.533326778,29083148.93519374,17577192.44339753,35967827.65910911,102454520.9410524,33358964.272732504,60262503.3642623,30732510.61284306,117341750.58165951,13260717.700592265
CBX3,76981062.76763345,227092998.0685428,40768267.390689224,161839420.2328415,52330516.82317288,433240164.81558126,100625567.36892147,106718683.15872438,24690089.14726612,117378940.8803562,19620544.36664845,195604105.25155345,16342437.006948384,158267727.6924636,31401172.010318734,169372647.7724503,34913884.87921701,335727970.5055574
CBX8,20982492.500563648,99660244.37976746,17620954.18644925,79581407.0488796,32434199.699081093,13178938.42912556,63208718.31736672,68173083.45361057,13546737.59533301,21346276.74148066,14212152.155932471,32539088.873330012,9644433.94227911,81089633.44226913,8442307.52970109,35829903.70863514,16112344.97826932,89931259.46909541
CCAR2,15386877.713687774,20917441.80142794,5275950.734474935,7286063.575197564,5921389.56270504,9127737.746857652,16107928.413873397,9246877.576702569,2594224.256353608,6972199.089501826,5652013.155644725,5219705.576958311,4188306.438258912,22566385.09347024,2348589.361905844,14778320.834130576,6319875.170374801,12181981.346398734
CCDC6,1938792.049772047,7940632.885954731,8925721.457316604,12680194.27647301,9387915.330555117,29116156.888150364,4780705.820507571,4232759.162282244,4342098.716876733,3164496.195069637,2732560.1557545485,3299724.579512746,4035286.575977011,15319261.32353272,971421.1807154992,1814835.0531239235,6685320.499744911,22477484.39419238
CCNY,1845082.1916123352,99606.78337089252,1440683.8179953652,3487657.6126151984,2517131.914679899,1715550.9259859428,4788661.972690895,2426618.6877410416,1619946.5597343976,1204791.658470895,3096824.8276312095,1373528.6131758592,1201358.61838678,2930571.4024593113,1886196.4255050984,1214897.8599283698,2043149.180111967,2430989.5783467237
CCT2,265530041.1139748,723382248.7949269,273943713.93697625,649231477.3805208,296610719.12926877,709752893.7992563,440575250.44028926,476315245.8430557,160155175.57245934,269295074.4300908,188121466.91164052,348548176.79976606,169697624.52086762,552059995.3490771,172133811.8818083,427468102.20586324,270432221.5607614,697420600.3892171
CCT3,204827632.43989497,579884437.6004614,251082276.00324884,661002630.8229002,275936032.2888246,536584988.3028992,444173996.7807771,407088476.1238237,140517672.0111484,332403626.07326275,146187902.61708057,316987977.54602814,126662181.94736832,444698655.65221614,184673191.10487303,352453793.04827565,166294999.95517617,860048284.8071797
CCT4,104179857.23476192,252836105.1890915,94193848.41844098,367848786.96928215,112660211.49799937,301202096.9751312,197441894.94374835,164562587.53341925,51816939.249331295,116985232.56000242,49524489.44713355,140468473.94413155,50756083.26759743,171774279.9480956,47407653.81851908,171702623.6049772,116879131.33659486,446572903.25221527
CCT5,173764654.1656735,401513142.42312586,187134448.8398971,527643215.79177254,210253988.48791504,379128607.46202826,334407846.9250022,277316466.151681,2697255659.5753474,428719987.4247111,1744056946.6364968,544827792.7761914,1441907720.8252978,349580505.5937209,1076900492.0942197,159251468.32231656,130297190.91331121,603971591.3036522
CCT6A,102524100.87041873,380688805.1204556,153143773.06067157,499462917.93614507,168179919.2503564,354067321.17580277,222552473.83783886,208969742.0199612,44068439.110266365,175023306.8803927,80394488.73860359,228509545.73728633,69554083.31722586,419862890.0512595,70339370.76718253,140686937.11732015,122706286.50760621,684039753.9424582
CCT7,72359201.6203397,300094959.0690562,81767340.86852731,435042667.3535164,124084812.37600788,263540469.37773138,183699418.83202025,125600322.00928804,26109905.117876925,179869317.97494748,40875123.39165176,114099471.93895015,47936662.1126671,269921396.0255823,44158085.07850346,219992252.82150817,100754534.11528915,376003096.94413495
CCT8,368444532.20471793,583400848.1583208,303253053.26462525,994088456.8408645,366728892.7444695,707920281.3501325,528969264.78778976,454714556.3614032,260414574.74434096,449353056.31180114,258240937.3232925,416709256.2384208,189266940.6121121,690288361.0011104,207401748.0186868,514202020.9712308,291010170.6906309,1189162746.2530296
CD151,,,121376811.47543524,8082244.161704159,112228355.9155547,,11178371.976677855,18041784.2990482,316604516.35369474,47330995.24068005,159468802.70113432,80535692.93628919,168577742.20009336,9320116.350798456,145657119.4803939,,213317520.77087393,7056752.527179069
CD2AP,29469449.89643716,39627570.01492738,24521991.954011835,56420925.56261633,27884457.355771206,51729159.86713569,29340427.341717344,35385580.15122851,5965608.599644091,22794724.94654742,8680397.31858579,26207346.601532012,12540098.562804377,37010392.311950296,8099984.367068523,33508050.74170465,17880713.497045208,69795529.91081007
CD44,15723435.689176742,14523598.66267668,21704999.27619219,16277353.5305133,29835441.85822418,27484762.056447063,34370056.540510654,26174089.42745801,21966209.104672052,26772642.23299756,20419291.241866425,21747172.682363577,22446595.905563142,24351963.99661759,17794038.75136338,18081932.943138313,36354425.10792497,25901104.12502408
CD46,15750987.08057884,4045595.7261537327,4943869.006828016,27915359.184181456,4418176.966668632,33517127.655883957,2051558.556545672,8091057.731051025,1041869.0472921176,7799177.519561016,1276971.647999324,4391033.747896997,1019072.3410583836,12391957.16788052,1669391.462946591,4402896.668311276,7761953.285995688,42507953.95739957
CD59,31077514.83652099,16301546.46001766,71934293.14394864,34481637.61683592,24056505.412645537,21379858.961228445,70446218.26449293,23654574.333633333,68646494.89877835,33336714.09241162,35024616.01437024,36644682.11819693,28316240.210905425,31143307.13340334,21626925.416930333,29272094.182304066,95719971.0477191,98810448.53310785
CD63,69011818.15789597,3535819.9477574048,14989600.255856913,66980027.54616921,52075439.47138052,116182402.21687758,107723479.0544148,69794178.9683665,15046826.568979658,67152711.99088176,3461094.678691324,37657938.51806954,29036173.632153947,59066907.681161046,2414096.858260764,35741010.18050001,33867178.39291984,77412631.92631416
CD74,59466062.49114402,17633680.364832215,20456037.623112533,213672580.4712674,8998273.7334292,68407489.19358085,125808216.1009765,59214095.26501088,10324407.011284571,94896533.9307518,8638892.00647488,24055147.043235317,13512207.400034605,41188099.58718835,18859431.209352925,97686932.20644473,21324431.150697555,291160654.8307966
CD9,234556736.3261863,174102419.78061602,181556546.84785742,160327534.7883156,193205734.91793814,192844104.07540864,188085622.68755007,160378763.56537327,112213771.21761127,64624293.82726086,148190106.2128572,151947596.14744827,135354416.2755707,186029291.14059728,176427585.8263733,244775817.90145367,199896593.21802267,459990959.4599719
CD99,54955145.78681983,52200082.5312901,79906876.92962101,71019043.45473997,107552493.23415437,54698061.29539548,120646675.07471049,47084669.820266664,44649783.26040308,25218034.98745129,52272262.353335805,76966290.44422492,30331521.83014626,56032421.99943255,29218851.36123357,53191493.10408999,28105633.98111234,7059306.068166801
CDC37,30734821.01687282,32412302.3140942,31871287.733749755,63836577.14768341,35710654.69372059,77706386.22667204,58185758.32469566,21583723.49372913,10138337.752741838,24003703.943748105,17721951.03097989,37354913.52489476,16686179.180802528,45433966.220235266,17075110.340216525,26133702.42220921,19497554.08222326,70520324.0642271
CDC42,55661936.63529416,44274361.41000112,66520583.00468048,110411090.93571223,67515821.60762632,147940055.4456792,144099314.13892797,65457165.053527206,12113287.736371556,52800419.7137765,30777185.49085298,60839523.98070949,21200395.88487814,80518111.84515695,14869283.768948546,83247509.24072409,54146948.26851725,120688496.68434544
CDH1,77057197.48623103,42424083.402546465,32018693.689373836,166366068.85153636,69872000.77710357,120868311.15595506,39255790.82506889,62785947.51543943,33356416.05805101,21479511.82116429,14294444.899642404,18143368.200360473,28529386.91324176,122217452.30643871,13424975.026532486,55673685.078438446,40361737.01783518,53378027.559541136
CDH17,597052005.3884614,862053117.2305515,625972640.0016664,1761202183.9862525,674221488.815867,630796883.4679539,574172254.0750896,613086800.3669817,82404405.91952962,43633520.45013073,249898465.32469714,297732217.4703734,278065394.82951766,728645295.4882678,144608819.4234797,338606426.6555445,404445535.769241,885862616.324574
CDK11B,6003610.115857207,9440398.150362888,4065256.303266597,10515816.536839968,5062465.440525208,10035190.359114649,5410453.895296523,8167771.61437784,159264.542174644,4490471.26171565,,4660491.545272684,265223.48190796684,8436030.680615036,1088376.7746634348,5126309.577544362,1197755.2873236453,19751208.32708123
CDK5RAP3,1496556.1552418764,37194.607816552,,13151834.34898626,317054.8933856236,,722801.6425390143,404909.67990672425,349854.5604532356,43706.324366774,400272.68352596,178107.43006419152,2414865.9523405083,6081794.565296045,140698.46886334103,58569.15091412773,97676.22015940592,263027.92265939707
CDV3,11681266.611458668,22181385.14719569,11327880.392232755,45495666.49892631,5620424.96938052,33745344.7648527,17391777.200636514,30699045.19634526,7042275.987745545,9380154.792813716,7387675.562035895,18159197.182283033,4719261.855137048,21591838.37210333,5976803.99102254,32516423.69631178,7992700.347249737,26018030.66439214
CEACAM5,56553518.015908465,296324893.26631653,27619247.889598288,1452119992.7599325,29779353.133970264,286965623.94352573,51762748.41524419,210412811.71566117,2692473.4463334656,80284326.11491008,4373060.20412716,447052459.83669156,5936937.77441724,215177613.91921628,7528571.658352398,2651913469.376029,12533014.315580446,1545376568.3682947
CEACAM6,6020000.810610018,54983698.232194185,1678330.5296366997,311478586.019973,1455764.6284651752,75911309.46483305,21223556.451000616,12594200.9518538,10050194.644520313,29615950.07204082,4505145.725828494,94659317.27987427,1004195.8470037064,42743305.23758247,8146344.382708657,632887653.8814892,1082187.7142859504,41991791.708108544
CEACAM7,39489413.67227115,7336940.478831164,18265971.71929318,294818668.4203136,52142024.879078574,20822299.498915467,26068618.073959477,14770008.020459767,6945379.56658484,2334891.02993107,18194798.159559906,7615566.292641133,13934800.498053446,41243859.00296685,13388508.35333881,26945428.619672097,18002394.51765692,60998181.76642339
CEACAM8,,7530110.671540497,2386094.751632428,12201477.433784878,,14198971.45994781,14740094.65877742,7966892.741365069,,64905209.919221655,611178.91087116,7384516.343219226,,3961174.8479470015,,5614799.1724529,6057356.449961624,5194365.89941072
CEL,2048371.51766864,9798697.121716376,458436.05845715373,8560488.352453984,594513.4385246406,992478.6738364142,564312.9641923876,313110.8607465245,,355509.1495442757,202593.1053234407,193879.46693830617,569619.8572906542,716874.1380114127,166844.7567790533,594178.2195331951,297586.40382014675,2484433.879839867
CELA2A,87508369.20920417,8435895.377028752,31627810.642514125,73595252.77171487,16070900.96569197,74311170.60794431,77813898.50953284,2937497.5199152,2646565.767874389,4436795.123234151,1378768.5252503413,51705998.502647445,22822962.96859287,74341885.73031479,19560191.615875043,77070826.80298033,23221953.605332956,130614648.34028998
CES1,59487050.08172649,22220131.457965795,153940485.4583329,27199200.676860847,110187752.84492458,26413159.139349364,52443530.568372525,22120877.676905565,137158822.39808187,43447602.61443945,82820683.00504947,42744561.370556735,112817155.20886047,81771354.97832173,86054445.29595293,19433097.767698787,122275919.64767288,23739922.124693207
CES2,186136955.33323863,15615841.33426661,182095963.12334514,140865405.6456262,152642589.75421023,24270439.69784589,113312223.84227365,131549691.93345836,42944511.33549121,18054609.267422654,55887516.023834705,29987212.476759408,47047755.07341099,252337829.24033678,41319321.636319876,8111344.755990621,132277382.11002518,179799968.57441604
CFAP43,11778637.680030718,9730483.77621092,35504237.768049404,11662653.995752396,28117003.336043764,11294623.14460029,19877575.847385224,18015407.288163863,49063162.35185617,9435190.874086283,24032325.731799304,26604802.566446535,21703867.51021864,17982291.128705304,92283956.62478112,11765873.94840312,32079072.77606393,5924372.733821283
CFB,54118268.19109603,43649254.48243065,75389733.44921899,28091583.18108353,57871774.01563844,70880775.76231672,19986642.290721398,31827977.673600115,21168199.89741148,30122210.598549727,30799138.521395013,53272662.685515545,49833642.78266717,27465914.809277,34901874.934913024,36429314.729037076,104567961.58862573,46566649.19520067
CFH,38328125.691423595,13170834.746172871,59168242.620053716,87677544.6630565,59856485.23680706,74644660.81183527,103059844.35580821,41954986.701689154,37207649.9056484,36404788.535617195,36945557.7306214,30833510.061026778,45839312.4665816,32121312.643717416,37867619.314504385,13052593.727035902,69993086.22708912,34920054.4223184
CFI,7930124.825587926,3330696.048958224,,6857341.464763006,,6734851.043510422,8550379.554188542,6138165.894387748,5549950.076652389,3233453.387852016,9288477.298725205,4814114.984392148,6756985.930663576,2215663.7047931436,8461203.543807093,794031.5947126668,2391891.7757129194,3557122.43326493
CFL1,1005219713.4255078,817428645.5165746,983766856.8632445,1834029350.1408029,1601776398.4560242,1477199723.4147575,846240294.0444217,1076722342.6871128,923526594.3817638,611809355.3411465,876682868.1956323,1112322825.650346,818920932.900502,1695460950.272579,518612336.4401779,1027633483.7439866,1320737296.5076559,1801773789.7512817
CFL2,5436428.705756436,4049661.456032305,53353670.53457724,4548310.903293689,31260489.828976147,4393102.2150969645,8978140.126151994,2643317.445415688,36529223.69078335,7114555.477053472,36494291.52627311,5784328.445812052,34424828.09470488,3061463.1228490015,27186628.03463418,,43813851.193525665,5256477.315119222
CGN,33352354.826326065,32649382.98355497,30860938.5968675,74889820.7219038,22032963.367929537,43818973.938254215,42615219.33588264,38735281.531116456,7118743.406982715,19199846.725246776,8877260.896688709,25459191.36550727,14627170.503271334,70540239.88494222,15820205.281837117,27688142.434003405,11298202.29680036,9588677.911116008
CHAMP1,278466684.22896963,292477191.12734354,252711728.66464832,506352260.8780547,670165126.146175,475631798.71708274,326904896.65970826,570103051.4626086,525373004.96338814,176857029.2324879,441951656.61590743,429160011.9198608,208320519.6082887,630743716.0063401,438107366.8773637,475581158.8175094,35779909.01520373,109314806.13447243
CHCHD2P9,1500403.917435006,32922505.85919766,17126957.709302388,60353722.19756603,14125258.755308703,36922541.17346874,14684200.411176251,24623501.636886444,11520540.882678792,4350057.109599762,5075483.113859769,30204035.680169664,4940864.469927873,28347319.18325276,5358679.914536059,25795381.46965975,13376022.472182993,129103659.30973366
CHCHD3,23033981.335894592,27784059.356547464,47758122.971036665,63201957.17278031,21840939.83544283,63376855.70416614,11783314.27477084,36948698.299356766,4505101.855794685,16833100.548647184,4165902.4467969257,21055194.215110425,17646652.16620165,39515809.97523351,12232912.093147917,11834355.243323749,13277615.135580547,82712716.44702916
CHCHD4,13656781.95808693,20752930.873862226,6261067.078884399,54587483.07398377,6893153.323566062,17689980.590304162,8699368.56599671,17317435.3658148,4194564.075904967,10043022.381985351,3803087.3142164294,4056556.870414584,3208468.653113499,15633325.37012267,6163719.178065415,10478574.679520955,2274669.3351449473,44438689.61284276
CHD3,5127940.175200541,8333339.055314923,2551695.60929034,6981701.402334657,2610384.8216413953,11322012.11464136,5117802.28899413,6522855.722202393,468552.0639444319,1515539.3697882434,1166712.49551224,5765075.677866464,1483361.8398795666,12026804.10364738,2608887.963682263,8629504.930003218,655173.2393590865,10461425.186846046
CHD4,6784826.241064535,14937750.955152832,,16735435.081169512,6637302.906942482,21755702.529108904,15305339.007380871,13002933.821017182,,6787646.680508227,,5251265.456280048,2378997.3890177524,12000921.49832644,,9355527.387547389,2817916.9607225913,24006268.279931385
CHDH,,,,,1006307.8590741928,,9644429.765928926,,,,,,,,211377.62295045605,,,269659.7446377504
CHMP4A,21787934.120657496,10824227.381934471,7397505.108773599,11598723.4246874,4626704.127993178,18824216.00912083,18464429.77827488,23733427.344162412,1727850.097746267,7929822.605771226,4043925.8230952937,25777140.03669735,13479360.046141325,19669627.3097829,12948270.056554295,22417786.374288995,5175984.746454614,14502131.910347387
CHMP4B,61248881.06991291,89079004.00300556,52970883.21256271,105373525.33535238,76369397.89186698,86170356.40047044,57302369.88479118,81256669.70701265,35684674.80904804,50297778.824475974,43062273.79738242,100536402.1760992,39563227.6474393,92799440.15503438,30301212.481427547,139216102.70403266,36029962.83696053,243590153.05602998
CHTOP,26289297.031239506,38914844.529232986,20983822.811934285,22272191.517548118,24201941.314052097,104572657.56027889,46864415.10395492,45423412.03217124,14464012.88464078,16968787.989661023,14007011.16077936,38894372.97059548,22667715.59935072,43630275.7801271,9891960.313730799,41441963.227400154,24754803.015598416,98470243.33758374
CIRBP,13904257.187843096,15298902.9166297,11113877.79297331,33048306.89766289,13484611.911365842,24480808.905533455,22047005.45837666,29868064.032116808,14330417.926649984,9238910.775930814,17730817.18555362,11672180.313282236,15261867.689382108,35435301.555696435,9213412.9773703,10482844.869475763,12595109.178531667,15974573.574267238
CISD1,145059987.32759827,136344548.87139627,207965676.88850242,220372642.40197393,155867800.85185125,236742729.90094966,173006824.60572463,201991627.50783166,31478685.65074285,61891021.60489316,33757332.033955604,56738512.208409235,63832373.56248986,146714823.5908843,42251512.464872934,57566512.65295501,113252940.35743085,234563454.128367
CKAP4,233658193.68687,232698936.57110384,300867873.5074434,502148586.27693665,189727835.24989864,645879184.3779005,487066408.23814505,452718125.50027215,89724764.8765261,179986141.8592339,105331361.31553936,397660738.5762812,144620436.7504444,587137828.3322923,141244550.38613144,277939613.43207777,162387381.84129217,359091167.2391117
CKAP5,5743640.761990365,12042394.857785184,3495034.427317388,16302311.272934293,4882312.056749801,7617705.773192996,14794689.326425573,12423728.470831007,2815903.056811529,7036694.594034717,2857402.3227738575,9860667.425013086,4169319.304358627,15734454.635206018,1672748.9870767551,7422091.11694188,3389065.849439325,17429020.726804335
CKB,1162492126.514973,839271643.7504693,5721629289.283793,2108426487.8624904,4533692225.898521,296919045.97137845,1109785679.6446316,499569368.07814914,3069418683.3271737,140956850.65457907,5054578106.289459,392207655.85597384,2549513022.7368712,1333160116.5619729,3200339102.408113,1787177313.823196,3370857809.939182,1766441355.724547
CKMT1A,369310801.1606885,250946696.66226518,215095860.7846951,474620682.06607133,267700945.05026633,289103339.2716198,312310122.09016186,325243442.66537946,44299414.90241996,37303334.157454066,107546506.961867,157177353.5610667,97286204.36169621,385176343.22411007,85954229.16648011,67142386.49726379,216960236.9812016,382264828.08482134
CKMT2,33410469.102716077,66966454.059067644,4619853.303120045,101110775.70434555,8232799.58002801,10761454.124593267,35290131.55770486,37999584.73773375,8059660.311421503,27115110.515454493,13998198.689200588,25854064.31675927,12048701.338879736,57502909.6196002,10759185.236122062,48744118.63096031,6532845.464547067,818559572.5903633
CLC,70565193.46690863,22476186.381940585,6686119.905591105,87303251.42123106,99368270.22249304,65754390.08797012,444298448.117966,159156956.9782641,59790691.247744545,57961470.85405289,46147385.9109976,58248611.73891924,18493256.295867804,370806990.16778046,3474394.523769235,27840260.034230415,136090787.6539727,7777235.338717037
CLCA1,1509738214.8022094,71440845.74344173,624577966.9737847,100060408.84555978,1626785119.9014237,2931036775.217445,875136948.5921174,593051705.8099128,211449344.74388373,33195364.04923519,233926495.4087865,44716709.70980158,585766012.8346951,50729795.31671677,398565485.4805118,42442053.616051055,1171185841.4554102,60401380.30421488
CLCA4,6140827.741273093,2402171.1001067907,7151769.944307844,171186434.02494097,2918973.776097923,474147.06435127335,6544750.242194349,1513198.1150273196,,280534.3821262675,2295340.88567745,355781.6808736197,3814433.34783792,1037121.6406498372,3301699.9853128367,3149769.6431935746,464293.11499186,
CLEC3B,11863608.28121453,5540831.013483397,17029837.28180467,10477637.794616949,17469779.43996662,6122469.56615645,22597804.87335027,6059912.487252453,12350024.643152978,7372865.745043563,41028726.18035854,22663225.35375389,20099947.87812895,9815187.50904243,27000363.42325078,1644144.022467712,26076680.801069353,615110.3504293517
CLIC1,290288689.61759806,458402598.5001448,272154118.3820825,997070304.56069,344603692.6517217,868626586.5132873,546110002.6566858,481041504.1638568,105469711.2253072,269374194.70569617,150879370.13502568,430389417.3131551,161262358.13239884,875753890.7151887,113682904.20979603,574487008.3939407,178919956.44637603,1073260006.6344047
CLIC4,52798024.09472364,35515694.19164706,119738062.31659769,79839623.05320983,73873816.6290503,133168981.92870435,91601762.18984646,58333856.79459129,144543601.84951705,50208651.956885904,83484628.65246852,102262933.28536949,82224229.41183746,79643878.01414673,71628715.35250366,38157046.07353739,166430666.6945671,89535530.22573961
CLINT1,284886876.22869587,295427021.7762006,495592961.17167777,596466054.2508903,617987438.4596447,619323532.2826622,745648856.9188771,315171686.2710179,217897628.75336736,269098284.9798663,664778232.2229909,308455093.67182535,818876944.9247673,273391727.26855445,798413443.803049,424798178.20962626,580509225.8819435,548300325.1872154
CLIP1,23889926.910003025,19075998.350680094,33287888.45519044,39329233.9424388,32144106.90602094,29735195.103807107,21168696.80911564,25299208.67887441,25407492.332237463,10305485.735056108,17797397.82671711,15304953.676809708,10329987.37316071,28232208.778345108,7531245.984027058,13466605.684510233,14072328.549003728,20280397.350121032
CLPTM1,18997125.674757272,23223438.313016552,1299911.470061546,1537451.0557073352,1487081.18453451,3239094.1967585185,36256890.617490344,28007416.690374024,4976793.505537915,16029131.829258405,10234278.548470983,12413294.056911292,9772482.541776191,19579419.1380918,12291812.63478677,21574401.585921515,2599838.6023061955,4378368.488296817
CLTB,38212941.865187556,69545259.79303603,31375141.460810672,65958706.050516345,28868808.0558678,80535775.20139293,41659981.15719838,34741920.875350885,9708716.779740753,38185951.54403467,13670570.974689834,27978030.250156406,8532603.44327175,67740362.71425751,14907810.780999068,41826438.15940066,30447980.80853865,95860871.22525468
CLTC,912513942.9596175,912245277.8672875,716899797.5638151,2464980159.209439,905066717.6786741,1580857785.835003,1355238982.3326278,937721086.6316781,394463426.35848486,565046314.1048166,513343588.9993407,762291314.8695126,449287004.6036066,1304709094.2806482,362563531.39310396,704848654.2437637,760123551.8376777,1726644774.7712402
CLTCL1,213608620.4926075,241852300.34018427,333749815.0589309,391156160.88312775,169554699.40843666,283691626.94856584,221341161.41942164,276548720.16833574,102146926.10451108,113096783.45031686,128132036.62154754,160001771.2366796,80659080.92767426,319121695.4064639,126323657.39711319,208197733.29745856,165322556.35350972,318651579.7597989
CLU,138420465.3334332,95549029.41976562,314293566.8333818,76143717.6387492,222862159.31495994,124599597.42992511,378045504.02972364,134164229.213828,162102292.6956269,711848892.8238294,251706330.28189102,118865100.97459015,227930759.989545,135043392.07876852,186586774.0780895,43362548.26774719,225472844.093467,84185277.36366065
CLYBL,3883350.383992696,6901274.401917635,4062526.599803976,12728842.09435804,5545148.291209885,14046316.846716415,10630045.334367529,4985710.320873293,2263440.009311628,18930212.830594685,3226321.870767573,3987278.2405656897,1804297.4620368297,1714376.4955527964,2233975.880960219,3734384.9886692744,5270847.559454408,39948313.86789843
CMA1,74574386.35337013,7828015.980512006,77206416.66930598,6485751.458671075,61734987.17780326,17457410.907920804,465486318.30161214,83046818.25144762,105742655.02815141,9005646.641348135,76689359.25360297,10900070.32376093,66002499.368223645,32627133.788757704,37502680.04010942,12026555.587356854,24634798.88521155,16239790.947713526
CMAS,164611291.17438963,16898353.959299013,3368472230.9441457,140173725.71109632,2410525133.1581464,318565059.8786016,365669577.74653184,239009286.69681475,629801231.1621718,321007821.45557153,1115252369.2416797,1006805781.1200312,1302255618.6702752,98107234.39371908,1454713386.6198297,55463809.746124424,3786848619.5802407,121066550.0981693
CMBL,1379982.647858534,1848637.656480864,27790665.944717515,36040764.01475026,18981203.66710399,6750629.667109593,713100.883941322,1898540.6427316484,386012.47830943414,629118.0846585816,250098.8566101202,627782.2459272175,2170458.7192225633,919869.0728010624,348247.9188738847,124414.98822050673,23761891.319100983,62672863.53045526
CMPK1,161365272.16882673,214844930.8863438,124964008.06184122,545517436.6583881,192975589.3278406,535633572.7070198,194871818.62372705,255134267.01204893,39907218.83674002,174500633.32599863,68358384.3349974,115464763.64830351,108409105.80216745,381954430.56824523,77453697.83015338,102917409.54140258,114528646.68423565,670262703.1055913
CNDP2,199712277.265622,170001761.83334577,90636613.07570736,246368137.65479955,109568491.69659358,408098641.81343424,391386483.39555454,284765530.592271,53855285.14206163,189497926.20733216,95389671.71652752,151492839.22532094,171267912.75885424,559574495.0214462,63319699.07220232,327767353.2295886,104684151.0650142,327378253.9110744
CNN1,439631891.4761001,204841584.25600868,10221513044.847986,228686416.07129228,9601396409.272036,269101679.61595273,550820285.6787252,518706462.5704631,18275502314.832535,1875212195.3843455,7520936844.116502,2496643000.964684,6944824953.406336,485349756.8810868,7912863232.664723,147533430.35097867,9533666211.23075,227415723.62660924
CNN3,40856964.84441987,69994512.9897143,87010658.43938407,102191805.70107384,44338692.88554768,112866399.24231188,75365370.56650478,59802220.506405726,57954583.612717554,72955212.36395243,31969979.13626039,248011002.78029588,47065661.481677555,80630427.33521591,79482767.41969045,88922095.90556891,56219566.868233144,202516145.30175725
CNP,20774205.156887814,35314704.608996,22661890.64254829,37940220.62053859,13380451.643583365,35743242.244481884,20246354.509251814,13576879.327214174,7368188.348110704,19293681.29067149,8950962.358682096,15239423.631111937,6855541.782425634,67525366.83679412,6442030.61160988,26965718.024137978,32514099.71707757,76266132.16061817
COASY,20429458.673874937,11986980.122983996,22523250.25209435,15984776.729861235,6066153.553990322,29073061.24891093,51347554.56690298,16783157.0704779,2107161.224008467,6645638.625549069,8754338.10227373,18334238.505856857,1111222.1715609492,4658895.964950478,12553548.408219537,13907350.739081152,10613405.588316228,53037702.46218764
COG1,2723778.109874439,4128956.4999961066,572677.8770427717,6978598.11075899,696279.1209904415,6060597.055213052,2076912.4270948668,3600823.6217033537,,1405753.3657188702,,839787.4528011719,1146381.1788535493,5978989.770768464,,2841085.079691893,561760.0343693625,7467898.9179782625
COL12A1,186832196.7229151,655525515.5633534,386561184.8456699,710354990.8274411,451347228.3156236,1055221314.306429,342437265.8458173,550321547.2432969,427176035.99384385,679475619.9533125,243605162.25169802,1650846586.1327972,294198389.23732007,787516264.1065303,240046838.9331605,328744543.28979826,380914035.19854414,1268177172.9287717
COL14A1,2179392494.7256136,105367854.7957055,1691995711.284381,282141686.8112144,2794863797.739976,891787132.7615881,4345800874.438333,1013084027.647323,3026757594.310016,219913694.1391346,2658584372.0507784,646161000.4535238,1649397219.557911,379069506.4136164,2625885586.8367286,241555327.82296628,1997943571.3620706,301938699.99304694
COL15A1,4273557.566957834,1696366.0838185612,20502209.34883325,2196921.0621837582,15366649.546511296,6872570.704456926,13146281.025960682,8882348.023825716,23046231.670363553,7356724.223374167,16729046.46945503,12461349.896129427,22585733.51155635,8706964.892809005,10473277.884282056,2396429.019518931,15708880.218144678,3371292.6944566043
COL18A1,133429254.59513476,93948265.47824907,212290066.04615203,174417290.02652958,180364491.9937173,171451247.93924138,191991934.91115472,207021486.37455645,78816991.92227054,130049884.45740536,191959134.8084066,122298454.24169344,178242084.52125594,156715624.4579873,134404279.06325033,32205038.06281488,268338785.45261422,52437233.11272534
COL1A1,1692524412.7739966,422465995.61334664,2689118600.0818787,648406158.7329307,3608181630.0724244,2311934084.951948,4039677192.994373,1904173600.20229,791661699.8094103,776180728.095195,476899016.9718696,2153495549.2747445,1727917573.081127,518719973.98024946,2402934394.223069,560003672.4516827,4663455429.339317,1584482411.5472832
COL1A2,11466688.964508334,2307644.5079330173,73899202.47814976,11794842.631538132,132482398.12826252,52947959.8858033,4305938.136772177,989642.9948829592,15057308.434359089,1145930.337947253,5568545.043693212,936124.4815254536,26947465.630202096,3421958.5704027545,18471343.649058875,1810967.4213946287,75838757.61539158,24365160.406100493
COL3A1,38668154.25952137,3360217.5570401247,89370270.77816634,5975685.022443755,101056668.02574,28998808.541570917,90018542.88985981,74108666.1928099,76386041.6884612,10452190.323613845,22680780.502823193,44515348.444250256,96680939.0613081,11052683.986112367,21684100.49352929,10498147.73186015,56554628.55940419,17243246.971512914
COL4A1,52198324.52230248,69774810.12539868,419515104.0158291,141649186.19998926,186172363.6884836,129356877.46317229,71747630.14729944,139053899.48463988,144830127.5305069,126812214.19594848,91183501.09966546,174086060.96015275,112146526.70452115,54253158.186993,176214422.51893115,25878340.324110664,274716098.6490747,84001059.45967063
COL4A2,98839008.9993254,81509395.46348213,341455008.4284307,86955165.82171872,121914940.28894341,144089265.7808549,68386409.42833152,107827877.61170533,345737902.221151,116220018.19491516,82262663.10661696,175827420.6458106,227302517.6737303,144523459.86273223,205361289.7830531,69015556.9291279,280334533.6270224,196741721.8570171
COL6A1,1769350349.4024675,586603218.5161521,5345723326.516836,519219683.36118597,5144571564.800865,1691169119.8521318,5704538002.2599325,1724142890.9817998,4422739675.614539,1717133400.4884074,3923455802.5461593,2279803462.365698,3080785585.4333086,1428879002.1977122,7614575144.313877,671484675.0531806,4805266456.473943,1066041270.7578317
COL6A2,1098280967.5429792,241632308.2167792,2899859874.9235415,376784785.95696855,2970001111.091368,780629767.5535156,3394573973.964038,1548166635.9768386,3377649254.2844243,911790145.1697375,2764885507.582241,1284341520.2329693,1757394001.2513738,1089576855.883841,3471945628.7117305,317653461.1293372,3621018733.474991,443185133.99333346
COL6A3,7624637260.782344,2123778982.3886092,19573768252.72239,2699208549.121628,19948671636.394196,6493955944.240259,21234344996.370903,6865569668.922164,19623460337.58262,6135292466.949048,13919018828.429781,7495624680.530241,12076011092.693317,7097706826.666291,22501497144.98079,2402177982.051115,18080171986.28365,3600591947.9102254
COL8A1,5100193.366004862,3340727.9492100724,3495421.051202134,10802509.339846687,2458822.79575181,7175066.0604834,10216069.5617422,6521074.829002334,567932.4362835477,4528617.244948046,491926.8255188642,9264536.580838509,885573.1640538522,5347645.181329614,904334.526927692,4974172.896231804,1701445.334029107,11662709.59676715
COLGALT1,8466006.777203051,11075124.569473317,,23572151.25802121,5558541.464286244,13726213.985612636,9298933.418135546,10011668.61225628,90801.93116874294,5363059.974515044,812315.775721507,13608210.8826174,,18948035.95913576,654262.4191174456,11596095.616991833,,16761286.93449574
COMMD3,3660395.310656714,3361657.5946142524,2662701.30539318,6417173.211948685,3177325.1750341305,3146857.0906491484,6043451.218559785,2260081.3068451025,1599517.9299105937,2134795.9730022126,2276918.6508858786,3204631.4652838837,2145244.969260335,3796147.795762505,2262274.97883569,2041689.2855160076,7244500.946777521,2878061.962461589
COMT,7194563.475406593,26528533.353630237,5586752.710722948,23902617.413124867,5428047.619559292,16241512.385011872,,709778.4486740304,3687601.4591631214,,4308385.100282045,603368.8385555985,4850203.0840457985,14260577.719283983,3959661.2571641626,3962002.819971825,9884555.87467882,34125926.30177915
COPA,320182033.6674147,279157672.2239124,177051034.60794333,692110763.5156655,216724011.18505248,552125584.8605853,451297714.99471426,465752997.80080914,86434550.62589729,217063930.1884913,125828465.99666892,287931024.43442947,159612363.22583076,585232417.0920997,98326253.15686852,265943399.0462197,130936605.44673328,581269610.9515547
COPB1,116108577.78755218,142855695.44198865,102053240.86624162,375753248.5344466,106404972.54870433,344625832.54986966,205246833.98053658,169876215.9121001,46806872.1124118,124863913.92465553,66022893.15240536,101406458.7709422,63208758.42193491,283214617.4984099,53669263.13618455,90382774.61078203,99904895.83728978,301261480.5108377
COPB2,239840012.22281638,201442129.23129424,206900764.6402058,471888427.50837857,229048963.37696478,392484314.53374434,267964252.3914681,363719032.8111617,85085064.67594814,159847884.98690856,99664866.7988551,211185007.54887074,108345359.22077198,443256371.6624336,88321434.45573926,175955997.94167566,173029548.25118342,486552829.49591273
COPE,61305415.400841564,50838214.89175683,12686883.64591394,53080430.55706504,14968328.72449747,32278528.591209628,67879290.96317822,102076528.8473035,11165991.349612469,45130493.955226034,26770978.79650158,61222773.12367492,44926707.085854605,114174486.37901808,15036413.420976311,44413919.233746305,7506224.448399011,50477601.94063014
COPG1,45373565.31681062,52208262.359692335,63942291.28082613,182945571.41717368,48347728.5016116,118605138.63855173,67338531.76824823,90405429.41813076,12459210.463350639,42660670.178617306,19306246.803778704,41676337.52158537,20782593.15241899,113529715.310368,18721287.62805397,40982897.14511723,35660560.01702792,135833704.18131626
COPG2,12319376.217616972,11263617.510440907,7893123.879448047,38895444.3842652,4532775.715164924,6475172.144411083,6043133.349628244,12051745.409039108,4016340.704840201,2928323.5137831448,3178050.2103794,13908590.819762092,7625688.076300554,39551576.74734877,3663005.995059627,6851119.900886523,4928556.70084536,3662995.036648737
COPS4,15751545.459486311,14127389.685968772,22348824.086111017,14899526.915430576,12672308.410374265,27541264.325197123,23625937.421114955,15902531.462874953,6124667.642465186,2925504.325464434,11793622.449599262,11355139.19541438,6977985.377925749,27794181.307356123,8108904.289174243,15377891.09328728,16242182.560380913,32830188.052642487
COPS5,10586099.359093823,15340541.224597814,13690022.622746158,29237295.490008347,15657742.289393935,10781984.820827348,17285537.42697737,12272550.500703529,8707781.796014491,5442750.8105858145,12987467.510661392,12909658.654340763,9209445.926287455,15398132.680245213,10485860.2346876,2941092.675674778,8207712.163325601,36335380.99065245
COPZ1,25863414.993506387,25147066.611234665,14311500.413011417,39751491.7090719,23826524.16858973,54997907.31347747,41462666.17963807,13434374.90622505,2329680.465767819,4487297.117088585,4736957.4215099085,10631345.91639188,8753697.394124044,23782844.88691576,8406548.97622021,31180331.339371756,20758527.86288048,45405557.18786538
COQ8A,4521114.75991169,4591292.381926516,202761.93531947164,1906554.18229539,3228525.187831544,11375067.09236553,7069334.430151801,2909572.428748753,195587.51044618388,1904710.7053065577,2409496.4704380906,2946711.6198886083,2424867.8337476985,6085478.563342834,,3328428.205157808,,40301215.196036875
CORO1A,183050198.18018866,116296819.98547125,59904593.74854234,106181598.28280504,65517213.56043379,169585925.51928505,640465259.6904103,260752663.148315,72571828.36416736,314091603.98125935,57663359.375818945,130497422.87845887,24350208.927838802,339496702.07548046,43920388.86664148,364783454.11082876,111711695.7551446,89349363.25860845
CORO1C,112094307.45655301,197331342.9242722,289943962.12464905,161192967.04672426,345644053.3351395,127689035.48262334,304022171.1031522,126138865.24124649,226973133.54853445,116320243.14885707,169116636.7254048,208989475.27684563,164040445.69533104,150354864.14391732,137618338.44315633,48704095.68644695,327192640.03484803,251136858.45596042
CORO7,7961739.615995593,10311418.430399964,1112447.5519484072,5866462.742152776,6326220.715870589,7961904.861172142,13037666.814714847,11404670.061733244,2028626.2356453647,6356661.494065244,2113839.1468554144,6188291.885282643,2724057.068884213,12782435.550623748,952765.6905121552,4209224.637468281,4269272.712835914,5050937.947956444
COTL1,77989289.11950259,37519422.31111429,25501992.015757535,32244603.83867686,64988335.49663252,66738185.984532475,166109032.41915902,83504147.38041992,31106993.94816521,51912152.032705806,19055049.31329014,55558326.285613045,18057561.13980348,104008356.4933452,17386078.540594757,108426668.6026,32962263.312485013,62318801.84772505
COX20,12274550.646413574,10599823.49850214,9858314.471979285,15725072.493953517,9390388.858201517,24647545.349031195,5137626.108624699,4215080.625154198,5390585.701505968,7282903.055048143,9093985.95382448,16485741.289280435,12598538.459000004,16450403.2533125,11394053.050823117,8518486.586230392,8664199.249939999,33579366.173511125
COX4I1,306909120.19455576,329674061.0854623,312706369.4726807,561403188.3155845,332922149.2575945,659662861.128924,375598318.64864945,279985176.12025315,74879883.7328953,72189032.12333915,123249470.6181202,127991345.30369106,132035926.47572726,440233527.836416,80825513.97769684,171210572.15355533,291217833.81093585,758720126.3893063
COX5A,362397053.4191545,523411813.883213,274912762.63899904,1083089887.5322683,255123901.97272974,568832820.8269978,234201951.16043538,312274103.89203167,102789878.43635282,65927925.588696666,163701559.07076347,130018994.78086528,153344718.5958766,412628516.3230446,101943260.50920697,119303882.62827913,191496911.98053306,564081138.0718231
COX5B,77339942.98623328,75698133.31853268,66963128.35070444,165075171.17223573,42543874.66436801,148242711.1354608,91397209.8776264,42531292.9968489,8629769.40038043,14079073.37429095,18296351.384181228,19883645.185044356,29972056.258877523,51683979.954940334,24722874.584489055,32717423.57394895,43256424.501323394,205592972.5317543
COX6B1,38836913.94446307,35791683.271620184,20668515.112409487,84065876.81272502,7893646.277142068,70951079.60145909,15255745.039195163,23573080.11001056,2838446.594518881,6435354.116202928,3667743.465507793,8053174.428400647,11305013.60205234,13919483.158309562,9972704.017418653,19981748.282975845,18436861.952734716,82972041.87576482
COX7A2,45208354.85957122,53473327.283364356,46519708.225539476,146972293.32750425,17056822.181234043,83249622.25469773,56901101.65514431,21057644.31131923,6801461.151645066,10784081.954810873,24539423.247841895,13659100.467866974,21527915.81463981,58138572.758322746,13280608.503496328,22609624.51439204,25729148.0271255,69405266.98135819
CP,352176209.2817219,125917230.96237464,249753006.79392964,130722009.48670465,516498016.4171519,350926902.766871,458991921.142937,213407566.8141634,215684968.82140812,186913004.09170824,282351472.54622185,124882538.13809478,311428318.6404984,198086341.98129553,336708485.0765618,80206511.66060624,388283488.14817345,158551931.7511897
CPA3,174406332.71813056,10430056.760859478,173943070.48423475,3652401.389392731,124538783.72972888,31289359.587477118,1114498866.0694604,214538808.23185474,202628259.57106307,24948757.53811293,208029019.81958413,34793140.3489557,81189854.61108765,93233852.68398084,111939513.22908083,11659070.72336818,131238896.0384214,5903980.794770877
CPAP,15075990.184887014,17190632.01814263,62635588.60458539,29888335.024865296,81350855.58002825,33154598.319946527,21812298.832428098,15798877.760859445,66979072.94797181,13998898.790962376,37108337.6681421,27919695.960102208,47707749.05236448,19619392.687680833,39361060.63930779,13481405.15069229,62969777.982249394,19787549.09406091
CPNE1,26534710.802169766,63590357.34352733,980005.6846049587,13486628.019733153,37629877.792684704,83763865.76005328,64890974.022837356,48740623.96287663,27374827.941215467,31578934.02153806,40729120.53873508,50951476.81374353,20767823.456071697,57168366.28679182,30450476.87163966,61285027.77914667,38379974.27338894,74007030.91355139
CPNE3,75733773.14263989,138307914.83609623,76431069.03408013,176666593.51354992,109623510.30151701,129569324.8369889,105693472.76486701,94516352.9144865,62592011.608231306,87949063.96642338,81672279.36672218,66170723.92241616,51785689.90306391,116871975.54466094,49477689.194113195,51599934.45614396,81350973.58794662,141092415.91185224
CPS1,465194.9465390996,188819.40514531807,,342636.6515883562,,170187.96717362886,71409.65878857858,38384029.35077635,62124.866646128714,,320586.9164846944,774884.816361448,333789.9783453512,186370.94133637447,507421.8156234738,19277.81780085486,51297.10432229547,122444.60673221508
CPSF3,1228042.5497662963,4285360.171581409,27385.846382346575,2286512.5097648837,874523.5147178633,2266757.5537393102,4520016.966068044,2108061.147472081,232226.1536688147,1372952.5710494232,815140.187357067,1883301.2811368243,743599.1302792659,4289747.897792052,666524.4517678178,2418734.091732787,1124063.4233056658,4600518.778122728
CPSF6,11783351.513061209,26191612.423056055,8784247.059287459,16980364.18967304,10287826.503424425,31428530.395431597,15134994.538938466,11676560.828123938,4859048.157594238,11825567.243840896,2827180.550261137,9313070.898233708,5440320.544787453,24956256.900261022,2048609.768739155,18317201.09202778,7055192.939008753,39428023.63144105
CPT1A,171702332.0460734,38676346.80352931,124384530.83848582,144703033.01792496,114511536.21405688,151064597.5754275,122181601.96001193,98834136.78404364,30683432.69000945,55383217.92122871,25593778.572700292,43040587.09168149,40605206.90122458,124468626.21021566,67156562.69283956,55367424.102901876,55473796.373756185,208577912.84564742
CPT2,47031209.31244265,32746631.356323957,27842217.391190954,47903204.32571228,48946346.49313329,53019134.63376785,59190689.79496431,59086530.4218882,69224259.73931006,12566249.019930791,39375805.24497154,32453707.85971632,35076902.5941319,39079675.700402826,48092940.612874195,35955248.13931172,29291967.16881588,112322212.68170266
CRAT,8035553.146056915,4668498.273647807,8303709.174487151,10526289.0976883,4265919.415058672,4218357.921181038,7687793.540280715,8521574.939145183,3617384.996206708,5388445.299492246,3395959.490939497,6890413.209236737,8236274.035793974,15971034.573663352,5425335.853051122,1759849.1980393955,5490646.306182215,24726762.85924505
CRKL,21365775.863481373,22431276.956778575,9946039.554341525,33745790.388002984,20466506.003413044,29504485.529396236,28146939.563469283,27280751.067314394,12145601.348869925,15440998.453331413,10749701.773576241,15617758.172689296,8263162.401417878,15284938.58052471,12357358.354282565,18465536.880124643,11011414.31321373,25828637.429834947
CRMP1,63588310.83804068,115715975.64466132,159108240.08860224,41694025.35290988,129673030.73014987,72058327.06800964,108127689.45585148,80230994.53666416,97067258.16908415,58407169.124754146,83166700.3401766,76508083.62186226,51479200.02994178,75926379.07364826,81582261.17798024,51501108.96450458,117920607.52589446,99477290.9981651
CRNKL1,15796618.109544534,5032502.659935359,,14421756.3193472,13997932.12398685,10706212.077880953,18323801.097878363,18493031.735593177,9450713.181080136,7895722.528776589,12242280.564970613,6001860.571174447,6316571.693164056,3767618.6360039064,7032825.338131297,2915978.504126637,5502546.4507459365,
CRYAB,69974070.86551683,104043769.98436879,205451336.80211085,72280038.39532234,144757716.95652497,87470339.92728338,143574994.62936163,78648416.56398025,196994184.11965948,29360909.56930012,186293630.98871225,93879448.8728853,193164198.34696627,85748376.71149707,185480431.92815876,43715927.95406466,217139860.56746373,207703087.80462897
CRYBG1,735834.450766956,3743674.329327464,346826.07236368314,5367113.519713177,638051.226323791,1694797.0789749585,1741795.481348716,2202893.7372297593,,1237506.3048462835,,87045.47442203542,,3203382.5443598926,,2025760.76295569,594495.8962537426,2685482.088658393
CRYL1,36086151.45554076,5428645.553880189,18931990.9317007,33662090.672819,22730911.704720214,37631779.88149096,37141325.14184843,25210441.36198717,20975535.20339772,7562683.071798155,20608031.775820732,5604337.205356967,17192121.7876219,35838528.12805044,22842486.31620232,23341573.466210954,33144338.72683436,100430496.89780232
CRYZ,47073352.163818754,38935710.4507252,87806802.94659598,50708127.746713355,63960764.97347494,96806774.30883041,75073407.82609269,49315601.72331998,71721267.38157153,16358292.287199939,55217099.12592839,41359593.46138345,58856962.70287363,70085393.3807941,59548947.90450436,28685896.70019849,62106157.92147405,120913921.88001737
CS,94029537.12814334,68142841.4707957,125812910.04101186,472930306.49908066,107320296.48565899,183244736.48331037,81273586.41491209,75437757.68677817,27825405.215272263,31178492.64703443,26130218.709193155,68494977.1315531,27581813.2475482,65901835.931960404,35698910.492238484,35442119.76746827,99702574.07347634,461721638.00174534
CSDE1,47851440.291067526,43785410.72615214,37443744.034054056,67831077.60129909,12919502.829822741,64237220.71890229,137881635.07959822,73337893.41707306,3908551.907064176,28230300.638361793,11391017.755692612,54088744.48663623,61359693.44150987,18993486.22586008,65511934.69731505,35426024.3557592,46057300.8390915,46437286.205237195
CSE1L,33506683.459397756,125668024.48008454,31804503.738167718,105254491.66875428,24520581.716561355,101062050.5477464,70426676.44553532,46254272.0022272,11002426.517088952,41557328.72414151,17608546.868636813,71227922.18357305,11507233.656968445,97925021.17742221,16988954.205555197,70150044.77865791,21750761.086232148,142328920.26865888
CSK,21520908.875111632,23902783.893583145,4557099.664086536,18036446.455769155,7736407.628314203,18473074.812058736,38306308.263349086,20420837.104600176,1930109.6105867806,15689845.198274637,3834049.190774343,11306103.059220236,1905025.982493075,26474340.52777852,4243498.18114266,19696586.419820692,5022550.845091455,11056106.053419907
CSNK1A1,7085181.952916336,13601775.266534848,7274436.471275419,13990309.429345855,11095926.225625109,15050030.879488068,6299995.27541671,1943972.4968588187,,2922267.620946358,3677782.304033694,8303563.48083741,1832812.180121534,18528528.579957824,2500832.297821007,7527127.711887777,189684.02736208573,19333399.449542142
CSNK2A1,12668916.536991375,34372594.50840474,20839351.02764274,40656248.62282123,19217660.759657383,43813531.79259239,38854194.4866128,22326786.054544203,6274514.301002091,22548482.102299005,13352542.695847569,32138894.79227554,12472009.771396715,19556261.29681644,10529366.82225405,13374896.331131224,12600568.774435814,49488031.46130245
CSNK2B,27700348.822917324,41069542.13879207,21048660.782664552,41228030.85468636,25077327.30987742,39273595.01294394,29738701.88870671,44318560.86194945,12714174.791803207,9873250.70800564,19008895.8075109,26528237.01352879,14372219.990440408,44195643.825902134,12083183.23536626,41565577.026272886,22912786.923668925,66589359.08460236
CSRP1,384589500.4612961,201625202.4297008,8021133789.847592,540534719.3479125,5475350983.185078,609679537.5396568,807567063.4512457,680169057.6456248,6261437303.332703,1165441746.2245278,5428181122.459233,2957369001.7598186,3730244348.343231,486095388.87978435,5457850352.966148,200694089.34816712,8119548035.779586,532331705.46258026
CSRP2,24572547.55136092,49124534.31254322,26317365.510315258,141783043.84804597,28030832.572784036,231567242.79941806,38895444.99607688,38530277.418230556,19680553.19398081,15303560.701362683,16964826.87551578,74145354.37699668,8674527.2215662,63214250.800469376,29435964.509216625,28258473.605922356,21476108.96469199,32490896.90212187
CST3,57561738.505409874,54646547.23214181,76345039.6463354,167581610.77427232,88606981.44238307,104400320.4180672,57229296.70443379,106390151.81815368,34099201.62992912,25501044.905666724,34080471.5050651,17148905.79209304,29930777.69275138,141012286.6595512,15972012.747635856,60320578.859789975,62310634.41673668,158968602.23113745
CSTB,140041002.72205994,91123780.1981813,60022278.935933925,313853357.48049575,245272244.459951,280746419.43851227,165124354.9261133,151980913.6608808,69699306.90068397,116208379.70442957,77781342.6169816,166766547.77973592,53627808.27473363,168246639.58183032,81892896.35497268,181893846.09910965,156918641.60702175,203500805.89278433
CSTF2,3131861.7765457374,5927390.815152053,1372149.95502029,7298943.269750297,1187398.5057919985,2667908.7581147933,4069574.18914278,2785648.5614275536,406963.3896967014,3214241.963478373,132863.06135753274,3384573.6601484483,1245204.0345084495,3467186.620517741,649974.3210683378,5227513.94870816,,2990021.711096164
CTBP2,1457921.203667662,3121658.0259351907,3863649.6921409178,12879298.236841043,2868605.3270457014,4695203.987373456,3074697.4495070977,6064463.279364278,13373287.315199696,1863133.16836645,53969749.822152466,24437651.542105004,29879286.41681331,3226460.147601615,27687488.89844306,3953345.91238844,2668742.3054371364,12669794.939188408
CTNNA1,445502368.24106216,277461433.15771323,226306310.7275645,652772228.4147879,224607731.6232486,331784465.3426735,336940519.27583593,319843275.7449885,64899087.03865259,132985982.347792,125274313.690186,181563879.47865635,141211671.9030582,500583174.9999428,110429862.5188356,236038070.7691917,171088727.22466895,464726723.9154601
CTNNA2,88294048.56071809,45104522.27644273,42548834.564043835,100775234.55696759,26240888.40974179,40346479.73878279,47031100.12922086,87297254.59717426,12908215.356363185,19499835.51258742,25773080.206801377,21811404.236570634,17867256.20556445,64275553.542157635,24644811.188985616,49130362.173420906,36307512.55678316,89277851.57464679
CTNNB1,128255947.30045377,104929067.32156834,84995975.79226366,206793649.18793657,96089283.02862144,228774645.8751983,100288320.2515395,150403163.58636495,17271900.50031578,39808175.42678581,41640962.37834485,81947451.99502282,55636351.92385775,219395802.9234241,34071928.49615936,118756243.94101194,59717779.47976065,188878914.51886877
CTNNBL1,5782997.418873682,11194474.503580907,2023227.5303348028,10079707.105288325,2228543.3710813695,5851803.320540326,9761744.661972169,3976348.385112718,2212052.9458732903,5668911.257343345,2879786.7175312275,2707988.623115216,2098574.653331883,6330365.248316821,2150271.101262593,7500033.058419533,2653762.219241021,8691800.624048213
CTNND1,187124096.7554489,129648858.22210403,431381150.01616037,299729098.6002539,231605654.5892004,345641869.73275626,230464338.85666803,175210556.44738835,70848256.14579132,68301860.90107742,242577366.98336807,117277993.96216604,155302198.9319888,300687215.1238239,163353624.56017697,115669592.23477627,114572431.62680885,187348774.50748387
CTSA,30428418.481341597,50723719.33527708,2743325.5544671426,102104805.54787028,9012418.767235804,46455357.77405896,44357675.955136426,20993242.557560015,7737935.388762322,10176012.422249945,11043900.356375894,18248540.185936436,21613620.420519374,35838746.50045262,12062739.682479791,21739021.772703353,15997160.723142346,97121706.01143354
CTSB,376379786.1587512,171172417.8528409,49463987.47513028,126657923.22363093,162920466.32642427,197275039.0110462,255735712.6907831,183998071.66191545,29818847.563204333,84332166.15678565,20153234.961797245,73547677.02146155,47335963.96361411,214078308.3242411,20957426.495203324,159535132.90990454,77913141.63440123,210223476.90752834
CTSD,2254380779.2778916,304395302.21083516,332193181.0122705,1069101635.5763419,533441569.0187988,637052098.3425529,809694599.0551631,541970911.9942709,164311004.9252294,401078550.0779058,216211096.30633944,451281138.0211682,419844180.00638527,621374625.9546531,195940887.07023036,599467481.0367696,268459897.3821864,808367378.6776175
CTSG,107947883.5971842,112738169.68218745,151124111.9537077,123520645.18661487,117489872.60303815,321743281.89661837,398991301.8023391,255977734.20536762,121465531.48689198,571345886.0016261,66874104.37037566,119670929.22641505,47765798.67788926,215051501.2499571,62644392.762647375,115463494.92560503,227268950.61870757,99494684.17864838
CTSS,140257344.56837344,50020483.99307512,48212921.69614548,202614368.71962303,86830535.90920362,114948724.48430601,108650330.011639,79038044.46961263,8321238.2799641015,34925135.99714782,13993425.682952631,30463791.13495381,31993909.208378512,82252519.70402849,16480407.274915185,79017950.38322128,55260472.34360745,266410037.7609226
CTSZ,173252885.63818294,68472925.32814573,56835095.5339893,79239855.82414229,45764161.44049751,61428201.54453383,28712804.417369645,35060911.726152554,17382719.855786294,8278642.225421504,21779383.49248813,33046662.056038,42447035.65905186,31280855.343348645,17878937.78467872,50753960.2574776,11817821.851937495,33988938.83935437
CTTN,50013565.23499615,94772898.34890504,57181768.03546163,261653721.39868015,55362733.72040874,341591127.2977833,46990266.44395657,114440918.93489543,13676422.191361832,61398770.04272817,29987464.712104958,77049406.88272308,16824325.902862143,95261989.37322171,23781878.28664862,73826829.84730697,26394726.00594489,355476532.1419039
CUL1,47357988.44365168,29135264.50336855,2624909.0768331555,7524284.337146852,1323241.767910786,6769167.115210361,5861942.284161243,4457273.919128381,2404665.448396892,1149440.210923509,840213.183363612,3790178.272988589,3201447.0838440736,2173043.3272695565,17546376.19765453,74267229.91808395,3503184.884558278,8613877.89901143
CUL3,2445452.454829291,4558248.335527365,2234633.9823282436,6296993.530534069,1726422.0990030183,714165.2250254524,3786125.141202586,3136235.559106318,2189147.186634674,2326430.5228670593,2279480.428201069,1073637.011875326,1496938.8496356497,1597381.3255700022,713866.6022176838,2582638.1837269566,1932287.7055048468,1851367.8528481463
CUL4A,282462.7371780929,758626.2636470735,311628.19950131036,1508840.0989593142,,707727.9884411013,1286831.0471290231,701660.184582715,,750886.2774664676,,35958.566668743784,226395.01905931107,,342084.87416991446,44264.99959191587,80109.0968516578,526864.0711901707
CUL5,1892371.4571239487,2140674.5999101466,3667868.6558707766,4807094.442917434,2007994.977341168,4952493.133475476,5018797.972079527,2863272.5401713024,1038668.2589110354,2184786.715929113,2104139.985055677,2873386.712107057,2455489.998761841,3056108.6628746004,2477544.6481404286,2041959.3548367592,3652103.9974881713,7125261.800606418
CYB561A3,13879591.40362325,11454897.779887384,27121319.283598147,16187143.550441206,23115400.048868537,28194679.784204517,17281117.17360114,18312927.782945458,4102272.203971657,15007923.08407086,9568515.567447564,20843299.016549263,19132547.862114526,19139154.38057018,16936203.054972686,12474477.836886892,11038757.586305164,12042143.111213395
CYB5A,44875925.96694245,34839990.17091349,67984693.58247244,37625975.0468723,99492995.44000235,102499183.09981605,59626637.10086103,39991232.84719264,41404081.231712036,51194466.90555355,32988856.762437515,31009976.46217135,13541162.667597812,61574220.82832847,28991087.236463927,18012068.052390426,63279315.07791572,89697507.9925404
CYB5B,58674485.87120488,177653288.54030892,133609208.17782454,413413045.5118765,105575403.43510526,235831843.74540296,104683917.18581647,120016151.00403096,18227827.637764342,160170781.9789999,49721302.08089217,114647926.08659057,33720073.702178344,155210100.67635003,31677416.182242572,94990882.10239398,79686756.86624636,1648479941.598467
CYB5R1,10401722.431153188,12488244.968056584,,4187871.889225399,,636775.4387421266,15594179.063885098,11829557.29059135,11334279.695990331,13638651.400956374,12285563.725357937,12689719.553414082,8799448.06037871,11894063.974707913,8088598.72576775,13563131.01195941,,1641078.1919837827
CYB5R3,89162104.22671579,46606796.56615123,194373809.6236508,118677843.13581315,112737041.35272661,149316778.13455215,242897229.47242516,124802761.7017579,185610707.23651507,69344319.25588527,180289841.59773856,171938201.8336529,178743549.21773762,301746262.41991496,108677430.01032764,102156002.8414874,232099328.91208017,128956859.33403209
CYC1,19449889.180160616,15038919.351938125,2345665.606209002,48692891.28167149,6791190.386469067,26170721.726250872,17334914.96893172,19057321.377650723,6885726.495167742,3142022.9442885835,5336097.978471182,804420.772426442,968584.9501215492,23665290.36220776,,5600007.290731256,6627878.456094989,50904124.10200357
CYCS,74879968.53891301,146027269.31866458,113827752.01489478,646244224.8207815,143317514.16304284,319385787.44807845,104032377.62216493,34806233.45148224,7943420.920823082,117316647.59676112,43785653.0430032,81032405.46483761,28651167.588565663,135871626.3979449,6170174.170264581,173736184.77006355,76716763.96263605,672256318.6135477
CYFIP1,28200173.521061927,42106131.326772325,27772058.695037376,85281800.8097971,17940762.54633437,65317652.73182801,48604649.77976774,60782206.71987738,23349124.23599844,26734269.709491573,32154318.72655811,39968136.66831721,12122551.830922196,88785866.36976072,20736756.53325321,28137270.268002536,10772714.044385867,49368291.89458759
CYP2S1,333540.48850265023,3090203.483257103,,10554737.595037311,1336791.3010314,10183318.463611312,1139728.0124173996,1643270.3346836625,,3844891.2597219185,,4195236.613359554,,2388479.114558781,,8407428.699096972,869458.6921661224,11810865.267938212
CYRIA,25779497.220189385,25813023.840604827,23457497.0253086,40352398.33224662,26909123.415456027,43417769.292601496,63726413.32802304,26815357.1117574,11275592.1963952,34996531.52297048,16119535.60837238,34683085.02434217,16948021.707169347,32119781.885259397,14337570.45410775,34403006.57634298,29753466.59044259,48004299.4037846
CYRIB,15876288.251177143,20226499.740228042,6291538.9677314665,21457853.596032355,15568489.469484057,21557063.994219944,28926047.158109903,34183931.95832272,3994396.358405833,25759110.074925628,5278960.267104863,23312218.606426075,5130109.737886182,16361674.608915405,3770815.336597862,21944813.504232667,12208971.922653846,12269852.4137005
CZIB,21230718.931566086,40274929.20696535,83890238.20318982,59516973.21777207,71151751.42854567,78622008.05831845,46019559.11814959,57375171.43342742,58212558.8742614,25166680.818056293,62718215.37093945,34607641.27181508,37205860.01349749,47155827.91598393,41927048.11404132,28927545.696556278,55899078.867877185,48180733.245349035
DARS1,252924283.93295112,176912913.34758744,170860102.43046403,369254071.3375072,149542054.32858166,663804065.7846968,413010510.6931904,277797216.23930913,52295912.23304885,142812343.51351076,111416125.22505975,130173508.23916784,31951900.378995307,309942635.03043795,40627164.7431632,111951002.84961042,171805995.46026987,414113040.01196593
DARS2,6652185.896477731,14001971.526485195,15033303.392730778,26474543.303108815,10589677.161410894,17701907.950067572,59214872.14976225,28865352.99479977,5125325.91680295,1777488.9533235282,9395945.320050629,7368716.794669225,5289206.974679157,13594754.46244926,1458097.4430750385,11803961.522570653,11270401.231943795,33247109.835028857
DAZAP1,9080618.650218269,27201470.9337958,24494908.016388822,34637798.81977283,17660399.282095756,22753442.732368782,21222012.264499687,19242365.688676815,2863543.29264631,11612082.311409231,5715176.468796223,17271591.040519666,3803884.402092912,21785247.979026332,4056032.846822957,22273599.049380317,5059000.533342171,67419502.83639205
DBI,357394403.7974733,371525685.2166021,189955469.63339663,769952276.8624213,318970474.55308783,522579549.03553665,591108286.30615,418175542.94113,65526078.26994658,174904167.49514845,178194987.7359929,371397152.5229814,188099819.50878376,512286126.7738477,134730176.65388504,473644577.73115575,175343370.0407653,683247685.3523077
DBN1,2438745.5553226164,6542267.055843459,37201619.79480688,13788868.94324899,15412893.08549618,31002091.042002775,4051990.859411267,7338785.705759345,13805429.424274009,10492198.760902002,13913302.406514484,21578601.938114315,10650198.355978094,10108954.490128703,14437472.217315622,3096494.808931299,19959332.115921516,7756125.486194557
DBNL,62344105.74132934,59837184.56007851,56784357.08129676,113654798.3480306,47995028.24509666,134302168.9711095,114656771.80709693,113339520.5452895,13291078.68285689,64631600.43260634,25302324.95718891,68716404.15583128,30237939.226043075,100495584.40039779,29689726.96018396,55688664.759331495,52979545.298258,167101536.82098305
DBR1,21550838.636872783,15797382.67881197,34177044.15365273,83220636.16467524,16358833.252221197,45982351.534995414,65973706.93212003,16857756.473539297,5988739.420452014,16954822.376395807,16725270.804394962,22294408.91942427,17229857.570456356,46881811.234058194,37700718.76825083,8438054.785895726,27847858.827501547,21544598.020537097
DBT,19031072.615697622,17889399.09800581,20704102.10739117,30078647.940119226,14163534.095035907,25857699.87907345,20493746.795017306,15197508.269091312,3922014.0587253007,5776018.387156451,9834373.595890764,7116653.747751199,5363601.283180446,16985086.971877135,5715751.198176509,10038320.473772276,14592093.478330411,29889354.92201117
DCAF8,3692611.1900939383,3216161.4732352607,239019295.28351673,218052691.14924225,370636870.18958426,152731985.42304385,3308488.5864763716,5605061.798409664,5475000.427367345,3589575.3434840213,3002403.813278342,2513275.2375575905,4572681.893200252,9088921.199910644,2810086.209834017,4513369.947440273,333783234.8219821,138540127.76193926
DCK,5343415.36101571,12322933.476972956,26205577.235915806,129726787.6887899,41792531.85558248,125465794.45398276,7997361.713866949,5062549.027398368,1318106.1761599455,2380566.482824452,29837859.00795567,7731801.275353495,17728230.752766687,44008288.31119615,9444534.786110451,13129999.818384774,25605250.58601645,164486810.90347078
DCN,1445546933.8497128,31658297.53727407,1952303234.4470007,119092549.08773468,1995969689.7007163,262656914.83563358,2832513120.1562443,414242214.86443406,2698802859.9169235,197758827.75080785,1337066880.7213788,252917153.21705872,1320596116.4071684,250815128.66063508,2413469781.2512627,114096072.1325405,1336510142.1421032,155767109.281883
DCTD,2281577.6030939696,3898158.3070543064,,2598298.557106245,539307.2127618613,3514277.560814853,1786480.5676175256,1737094.0734949126,155693.43274300656,1591576.0087902278,798441.7126307047,2164005.716912924,2165954.310147165,3353304.9934466584,836704.5295646067,3210164.1006314703,430431.63944142126,3726874.404087904
DCTN1,28079143.152430225,32559967.889310487,28030875.65187109,71954259.78584951,41811565.821283884,28411530.69310989,53945321.06467425,35964039.56364266,14523157.27103162,24412855.759329014,18730699.598779537,29784953.351266325,8848987.951845787,52788000.61640776,9179249.458214367,9262732.136491794,21083953.512822166,66859166.25141259
DCTN2,48259018.11258814,36615342.15673927,45891223.034932084,55700820.769416384,44929641.23558967,36613663.84958406,55789085.80708042,31381020.075208053,35775399.41820624,18701656.92840653,22085806.082967628,28143864.19790508,57787436.121617064,66506916.91996473,36179016.2193387,23767635.665943317,41637052.13207756,33351822.681637388
DCTPP1,26974481.008838013,41543154.3123762,28487996.45504754,249433689.27328616,52912943.625412926,53355441.97222225,25957560.171678845,27862692.08125689,10793978.890154278,5489646.067270862,14230982.247010084,21039876.490623504,14447992.255721161,41139992.36980614,10250341.406612933,12128736.856966794,28161824.769453064,165523161.42685944
DCUN1D5,12316688.89870162,23105514.707340814,7379626.111335969,28513110.554601654,26048928.530263644,22605043.501718793,18958491.327716388,18104817.337417528,12330779.28617314,17852840.239390235,12386936.233409178,18791209.138999753,2024950.270582728,34969351.17885277,17215744.200004194,19176330.10466974,13887610.730374277,49737253.40334421
DCXR,9547557.872552898,5694149.463666384,1328882.205519302,7616136.153926521,3801666.2736097607,44044169.59492498,11036097.653625328,12847677.18986668,6173843.184539154,669599.815911082,8590762.616490755,4141144.952778351,6820097.839708745,8618964.893023573,6034778.771027513,11604624.48782339,,38496126.92371182
DDAH1,138058808.33613482,98805394.87915611,94026990.47505142,239855023.7727529,97729584.7900959,318677262.6022037,51566193.573382795,116404460.60984462,18184492.58105402,42018801.853459194,36389606.59375069,67421210.25694317,28910351.861599714,129234165.81701247,6067001.557795914,55232887.558858745,90375140.20741035,261083419.8115449
DDAH2,62657732.17799048,21739564.888764672,65515431.85727398,54786798.35249298,56867908.84650318,68341376.34834976,41160337.027136266,44217852.80254315,14030089.400620747,11840455.036438275,60343434.22759257,57413215.209704116,30359713.39355196,14328140.570533311,70289747.74689084,7622136.187601528,43174364.046100944,65570919.125620365
DDB1,31872115.440013863,55966100.49182303,28650906.870490972,53596117.449162535,31218218.978099577,65389061.84737064,59263683.843093835,57059441.21023883,20649862.792237848,25039749.729934376,26141748.634110216,35722221.001636386,16932791.929251574,49704441.13401621,22493484.740356922,39494063.6690768,29959122.047527745,63321167.227379695
DDC,,677279.4845859115,145988.4048527907,,,,,5498446.474950562,,,,,,701862.9324105118,,319019.75537615013,,
DDOST,167351534.501881,212101880.84504002,101729677.17889726,378082375.0930999,130733288.24351631,344814215.58443403,222561945.90958604,217740919.45233423,37810701.473514065,79658105.54712348,77086816.16255124,175639041.30333793,79742401.27658802,283130607.1533082,70597261.99897483,179594406.7176101,102765470.8157662,348299065.8082087
DDT,20162883.850613218,25009703.483826168,25268647.762836315,67470689.51134837,19740403.767009094,24006617.204472832,30400478.320169717,21204936.8394503,14648354.994055184,18565831.39013567,16177771.631527796,15729402.370961707,10554139.1178173,26260014.95893525,11529950.239542298,13214093.2081882,19551106.506622173,98764627.9551108
DDX1,43114756.5160899,57516649.73905223,25341819.149646718,84580798.3579122,37122031.36637394,86990610.35949567,64056156.037453294,61608780.774878204,36015758.40247918,35202781.20000596,32651923.98051372,53024069.14481987,52390935.7081144,62763346.41238089,53824110.84437123,39105139.49684104,45840553.241003394,56381607.261099964
DDX17,221720639.8277427,269928421.07940996,111853767.90919164,262340754.36521518,143872753.7601388,221482672.93471393,272230510.11430806,245144957.91451716,82200287.47445616,151927798.92460394,90678646.84260984,193208175.76191804,97156275.73251274,295721828.5339342,111302766.0446094,221119734.36905843,84963765.37530628,368233662.52916324
DDX18,7031943.670241309,30163936.58951226,2569435.2458341653,21302345.077827368,11035496.462485736,11591057.308996204,9004711.2318616,9765165.327404736,1217571.4693314892,9698783.670232983,,5331410.382541625,2235787.41200675,14587742.763102226,752266.6038654335,13214916.01807607,4042645.0023905504,72720165.75526418
DDX21,28708127.142359097,123729731.8242093,16917300.235144235,111363399.3861772,27719268.779468514,142068920.05421588,71622382.10510236,44402697.12262764,5005894.271579277,63551006.799236864,7582065.220022898,48825158.64925003,4271894.401799586,89514483.93397802,7166475.59083372,48387757.3479801,15506230.285027657,265266829.30257952
DDX27,2964330.24897706,11605505.426248211,,7675609.943221869,1929255.1324170243,5771989.60341035,2685011.158893037,2431165.785851679,,3241350.257427145,,4001601.6709478246,219440.9696121016,5890862.689217771,,3443414.8795109354,,18783899.208928652
DDX39A,111124138.8094992,233895236.48361295,79009934.10257825,201949607.39270502,107577324.78905192,235726627.8008536,146874034.6964743,133570195.96922946,30274604.13741518,91787088.5756065,49621619.30611132,148783422.22191,26018036.79528039,251801014.25393677,49927289.256083235,137858068.62052077,63220935.344114,262047057.376139
DDX39B,11798856.31240908,26222041.000097625,7012181.401170867,14472342.40193029,2894575.3983375183,10567279.949413396,16206269.78515536,17638610.419598963,6203745.995925203,7986452.635661015,2226353.7346251193,9303054.618461883,816116.6525907345,14799194.770584572,1713182.8619517805,14550450.690325364,3550329.1549978135,5822355.718281893
DDX3X,57764908.02594362,89984367.83715013,36012899.249261685,191853658.29853556,45810049.439931676,105148219.83183664,103570935.73144425,77658801.2785232,32332202.54773093,49513214.24860215,19046347.14242253,84119158.38070866,41030031.57817086,53116794.47110898,28885599.64695664,48671712.42698471,34176172.27322429,129574299.0261733
DDX42,4522088.274751699,8664290.515862696,6776844.731403454,14226805.169642843,6922569.275180171,18184749.473734893,17380767.578520395,5345386.021044958,6916115.731256693,7944102.894229387,10778741.345285026,9655926.796524497,938283.0158834754,15569585.261055008,8405930.514100146,12185424.783927985,5136354.830479997,47789212.912855506
DDX5,119027887.05827712,274985706.2621819,85917275.13851637,326109105.1226929,81451599.08341697,285176541.8931315,154712348.39238408,145465539.42753735,28411692.960219316,78356615.58201382,29666435.730808105,204841892.57354003,33831457.43372713,253190533.95035222,36250657.80193615,262165626.006501,72821291.57906702,387945909.95461494
DDX50,1150792.6547865325,1332582.1032615197,228926.2491294496,2237265.0302950307,,1432508.7440510774,2681083.899700221,934122.3463783584,,1055221.5024496866,41354.59765750195,1138150.475895127,87394.88829936524,1497353.0915417047,79378.66308376244,1044361.2637738438,,1873334.4278618433
DDX6,9199400.465715246,19659975.473388948,13500659.933017414,29086327.947823763,8038704.853782106,22397563.656957053,16336881.408665951,11734464.933600469,5211286.186274407,7125501.527317798,4996078.848769777,12024933.089711608,4269446.956586817,16540918.89306947,4967687.364293919,10714612.44566414,6328136.395258437,18055451.155276813
DECR1,301551571.94351095,209031636.66289735,292735670.9247386,1320755744.588249,200972799.64924404,464269078.9993961,245837697.96825767,304776333.8887058,68990745.31359516,56748378.61676028,157807229.5011808,149044320.85945365,123403853.93384773,313140563.4956052,138705114.33392662,115636447.09733793,136863023.24213016,607171743.6891552
DEFA1,5285123.795251971,82273185.56225392,35579753.59302654,183631253.60714194,5658637.3669702625,461558903.8342602,55536076.81823676,91698067.59330173,87366499.38682215,628583392.0852885,8673686.42690915,315493833.56780666,12261501.518611494,190488157.96961132,12860046.230605012,349431088.720245,232347307.35597807,207602695.69057596
DEK,68243192.70280232,114975596.67702015,48817695.793126,123456784.30473712,41153238.629265316,124867785.72285695,63166114.49313607,54274574.13074845,13414778.588114705,45970002.03057779,24538984.608544033,113717842.2337788,14003018.689907555,98106327.4285434,55504108.28552191,81924454.13044558,20767854.544569712,252639351.18809313
DERA,6192871.624012122,5004293.810620889,2085112.3679187251,9729397.166697377,5548959.464496215,7977307.55203668,11726095.383432444,7275745.22389238,2096345.5223198393,2649851.3323620665,4462698.896781367,3901784.83031884,3647970.4094582824,9690752.743004702,2736381.449841882,6700686.544339428,4408941.767550847,4189257.2307229233
DERL1,,178586.58799687997,46926225.777819015,44260932.05911245,77709299.57229903,30067833.73543853,273278.18691302434,,673968.2924260504,54990.52304817017,,,,291891.53793098725,12753.301322763538,81358.80248446368,121659966.11403808,18737395.452273764
DES,930324516.0974476,271503939.74512976,28326536783.69386,496550175.54860675,21056375580.26727,645474916.4636133,2573990214.392838,1499931427.5129368,39009717588.5928,3642276010.4115715,22592616098.480423,6600515829.364387,26364716552.16963,877117827.7820942,21104184944.59219,274826982.1157141,34981210620.26127,392826209.4239089
DHRS7,7441697.744756607,5145255.524469666,5433214.965077493,11783295.309417116,4670500.086280337,11275150.325217929,9359015.278419465,15146827.55030547,4036424.939920377,5790256.900338675,4425413.205924204,7706089.027790557,4895359.939320159,13244087.948885322,5183064.034909136,3240078.939641673,2849025.722947481,3531555.757325111
DHRS9,12627653.835896028,,849543.8559623909,20245641.903360087,5762593.342529753,,21098011.80011353,1556482.190619545,,6241668.284527892,,,23020246.196252476,6709245.177104888,,3643100.656360142,3574891.7976824893,2104512.293712613
DHX15,57584124.37199078,125491397.76102348,35855924.725609444,103890736.85905021,58955510.06444012,130675890.03672831,192032445.7164423,141639882.93152332,15181898.950127345,181066148.3969227,21334340.66667921,96947551.63189086,55501617.67168168,141663160.88744092,18266738.84746234,72433284.93020266,64779301.133497305,185361723.40005338
DHX9,281415438.9046364,570337596.7734205,169821212.6861697,474653543.35798717,343469565.93715745,439545959.6494782,331122112.2451129,354170954.09982276,96036411.70443046,207465892.10261247,149545418.6282738,283480781.7870884,105758130.37227677,469922415.450153,136735208.44000348,338060700.33507943,160577033.73070303,705682010.9246585
DIABLO,284525476.92193055,215905413.48476335,349650258.40884143,245943578.5127374,356251285.3979615,527541377.6469461,304034032.9968137,420080332.4254329,132469253.9230676,99899683.2436411,215515771.52339455,218836798.27655423,164805703.1479143,482916119.0592668,181936472.4666259,245954411.92525837,256007816.22563964,497693129.2301176
DIAPH1,14591674.679678768,21226308.355254974,79516546.17404707,108066702.61715803,32455947.775371496,28948351.93963029,31687797.150184426,21551407.789713148,9388522.043718774,15818035.84219115,3933812.120552717,13316601.374971606,3343705.411211209,26985028.415385094,3806890.9222196406,10713718.018732097,18632408.352941457,67824959.204934
DIAPH2,139826538.4419926,24914602.161356024,1701655.114083009,6374502.336007507,622232.388423251,703853.1125744173,119976333.76111656,95681284.31881624,1978064222.9417496,135917314.73924193,1661867268.3961637,319259661.9226258,1044372448.7092464,136464966.63727227,1148332024.2134895,14302076.28256601,4196955.104431392,23709853.227018487
DIP2B,1972955.8311153671,2225564.7631195975,1566237.0815143788,3845805.307153873,152652.27570351234,1419614.631052464,143269.44404442486,1500217.1313495142,483134.1293802981,1500534.4200913056,948723.1060961456,1319768.9545193007,104204.78032058048,2951865.0565032917,1138202.346113141,1646700.9612240177,1686668.1911181116,1766939.964753916
DKC1,485532.17485651455,16064603.865262952,749477.5826971871,5254556.934929009,1058126.129697458,3239924.7173484527,2796912.7892460683,,,,,10224514.319780163,,13357863.56172898,,10868600.045357063,861083.9684495303,20967329.367550455
DLAT,30151003.529388666,26985569.82461024,37831754.02376009,68504117.84251896,36287790.577327475,49836998.283363566,39770784.53653717,45383778.2771799,14084734.820831459,17920575.449048236,18175101.126364607,26659556.206662543,13840314.951011248,42475403.1476358,19919276.09205668,21605072.680275552,15238292.93824827,153339324.03227556
DLD,345676761.5441498,339367067.5455152,245197339.31555486,349383537.77602255,276155742.7324604,210204774.85508525,426048140.66791606,345645314.3600272,107056815.43261713,199263505.5793223,204465623.73658046,219055042.53394404,137825971.48874524,243744393.5021052,114498986.41287798,198128281.71301216,140318700.42037687,622766091.9886147
DLST,14140987.97474108,11511880.5269302,29056264.02772525,17556834.13188088,22860026.988600835,23670184.507798843,14014732.042465908,9439396.443986876,18715525.469071887,5157859.015359976,14356525.104603842,5452441.774034722,12016677.148516295,23717969.25229999,3615101.966382849,8515864.739518484,10596518.266948665,14544864.732326156
DMBT1,29675418.15073183,83140242.18079516,22235219.944915228,90198459.01871012,30784372.089252423,139951557.3379733,17925258.769395385,141066006.85877043,16106870.240841817,4944056.788990292,12511273.631005803,10202751.625484318,11271489.633442275,18613918.510154273,12304964.618860418,5416389.7794582285,14458906.480214868,101914185.89140779
DMD,1856056.3580673672,824225.7942628469,6609494.106740441,,5123158.0054742005,839303.9140858982,3029243.584710393,761055.9667211764,6804398.679999435,1385390.8881060944,7059944.276125987,839465.0783372475,5473017.365704932,1417778.4324284147,5841477.288386887,370380.5790040819,4655633.369557231,488001.766878403
DNAJA1,7869959.471993601,48333666.83073827,14151878.474913552,31261045.241990194,5664813.6043833485,18806701.23631248,11728412.471549964,30644986.769967455,3900235.422712141,21693635.447466664,4202432.979350806,21622771.245650653,4257385.8260009615,25314852.25605817,6025703.826408854,18994284.062316213,13440627.796868687,38216623.60398257
DNAJA2,12843891.488449529,17657527.17080767,9376243.31439562,25119952.75227263,19079075.801857352,25051608.4782482,15785442.460133605,16403633.200078765,8919998.80871037,18785493.465667073,12420594.893860333,13677665.003601408,3684505.332489676,9685330.929633282,7282898.446666592,15090865.912662577,9012256.685844395,32439861.00637568
DNAJB1,20636515.944115046,48274531.25089333,7405845.247040885,25148543.182327352,7523172.096985813,19127352.88097279,24147676.05922769,18432425.43144951,7570991.951113509,13447742.647564761,10525437.679816615,28276995.444145188,7621772.417775022,33351764.099130616,9203356.603772566,17137611.642567333,5168644.279361349,21653017.14877109
DNAJB6,30726872.152562737,37872649.569006175,21976883.0110163,37188683.172485985,40474659.41347074,40828823.97748747,35552238.89737862,32001785.39470754,21825577.216683432,6784908.151326644,26881707.091944784,24323815.305462033,36025404.408788316,36050848.50858398,30826489.06403012,8447184.86659655,4025676.130757704,23003207.225750487
DNAJC10,12203280.85112258,31281749.694718696,17240726.48825464,28512981.018549487,5696406.188557292,27669577.115712177,18679492.88892734,14843887.138076898,3748336.728028369,11204369.87959493,6579194.027340746,12695269.0186203,2816441.9785525473,52960470.25949376,4020991.7370448597,24778680.101573072,2102323.665471102,31514460.712906398
DNAJC19,87415568.63574563,122273321.76065502,7351236.628067384,23145793.22169662,2140416.3583706804,17613193.265334766,167113242.50147948,115837012.05778766,18037077.242043357,56332903.27029402,21051227.201894183,58248214.2267369,33463776.99602846,174009612.6969045,42516284.55749805,114712127.42352062,9236670.697559057,28368657.43965511
DNAJC5,13771515.763734888,45087889.86354695,4187674.9566475223,48549401.07950301,6322504.85738687,28655410.352867685,24063273.11904637,34367498.45417249,3361073.60078633,21577822.28214319,4889787.291667661,23708647.581062917,13039028.043233473,13660811.631256051,15627390.162548142,39132847.3429773,12019492.764253492,71993185.42922306
DNM1,35958878.69613939,26420042.472174723,21119014.85165522,48875137.17494112,10248770.145120583,24376066.478269927,18597291.243287683,25500398.681883696,5426900.135427132,24422053.02250706,15749737.594219197,19084245.02708343,8622931.128715051,39491218.62164594,9409425.088438554,12128254.965131918,17189719.53137224,35186313.02557794
DNM1L,,2089035.2676399632,,6523145.303576938,,1935304.6166815711,644371.5213104091,2817165.519386765,,2193634.7289281995,,948918.491719746,,332919.7708669023,1001058.7849150416,452149.85265702254,,5934143.155638396
DNM2,88029138.78406754,59265020.66615305,48611232.06097978,187077184.49449834,64135794.081120975,104530729.25181909,81142501.01306431,83943604.69717242,12991602.401935771,53678599.14892249,36305430.72930763,42153922.59988835,24932161.69421669,106827265.01822367,28283758.516907692,24789313.56950078,61028555.8124232,151019172.02916768
DNPEP,24923454.365359563,44129485.4836874,78463243.66742994,139269215.2371375,60099133.56075996,108218107.70691632,54909749.67627784,62136807.52687703,35148686.89444797,36537065.535267964,28893046.625742644,45844212.62741727,26129815.721873388,68973164.57554957,48405334.078124024,74486004.50801075,42149783.892997704,97823557.20015064
DNPH1,24239770.66222047,25740800.716489553,19267056.455380738,39714288.994888194,14216017.048809376,55927088.54249696,57772444.50902188,88692752.3724549,22154567.122816935,11454881.170977026,34807775.921813734,28188236.507505354,13717119.899557808,73689432.42784196,26915098.536487497,25883872.87872664,31170003.784796014,51059247.15453478
DOCK2,5734914.026398063,1541556.4728435832,882957.7771205065,1211149.8798933518,1111155.988618815,1479791.2204914787,8314643.382581502,4969629.774328365,535887.0511786574,2695808.6665080325,1312174.329882441,1493534.4129909426,342014.9318870335,3923807.7166459695,565511.5924739243,3427893.3438158724,2311048.9759206646,180852.48797403445
DOCK7,14501389.51317307,49156602.797092326,15487367.60891672,1207184635.3136964,19028912.94197303,413682782.0441271,1176451924.108112,93491605.65557496,82510927.60173328,516820802.88051987,117704874.81931698,435880308.9836309,225865.4593096694,48696337.61334865,,108347693.8657348,17159129.770533837,157648730.26929447
DPEP1,1320858.475967985,23924989.047994204,3173042.2483595437,30859847.883496348,4864240.241811759,2991885.2564794254,3979856.0032868288,9344221.55669107,4791944.006743321,3894582.720803584,3578851.53246143,2432785.218590907,1635356.4620646038,16181228.329056518,3092881.7273754654,87194903.39028603,5067627.991950427,56825148.82212824
DPP3,58706046.42719106,59883685.11194393,38641912.51155503,159995478.18926018,31965070.327629462,103257046.12408377,71897053.89818652,75594504.01692948,5638992.863854396,31074980.561894804,10297625.10275955,47866587.162552565,17879863.03330763,86684833.5136382,7164726.900487424,70021195.26788177,24861108.22550995,120184346.55830136
DPT,104184727.84857059,7385243.933124941,91325557.95879564,11875351.027922146,89233492.29203726,40219932.838372976,38735868.1746807,30383683.51797332,103319609.88069087,14015746.171119839,129242491.33911197,20233779.489531644,129116764.3204414,25642214.189332824,120696967.61691844,10762356.527308859,127487490.45399097,25272785.14616964
DPYSL2,254619356.8500577,679118690.0979254,419568963.7203329,180512129.0678364,536733889.65013015,357707245.41056156,523956315.3736716,402213199.1994625,293840942.0170371,207770388.60222378,373628288.4275598,254842949.1231476,355500828.4017448,401168853.74777853,377483824.0238325,182062108.26345062,494096040.41631675,276196039.56028473
DPYSL3,165967534.16493526,139725838.09566432,650463125.0449319,138911100.1033237,722775498.7005012,260914790.67342076,334852466.48411053,153595157.36809283,858546991.4352463,419757070.751272,645066303.185483,801573695.0796843,687079666.9714826,195324303.70498887,476555896.00473744,119527809.69232507,712561873.7680702,187115214.32021216
DRG1,10377233.043692283,51952629.916752666,26171087.64205645,49778749.02657501,30582800.392210618,71622843.79838383,31542129.0172392,24250547.732610177,43126073.80689354,42225976.773945086,25022795.81357145,105110461.07009982,20897477.94077453,35758727.742687166,14610316.549121115,32705295.073120363,29654999.16182195,86990102.47687075
DSC2,8430091.011370672,9227956.536538407,7491386.85279211,16620894.193929918,11288434.580492834,7802225.756177736,10528418.521935582,7267836.566974775,,3924909.462473987,501761.5240140574,5981752.638116476,652608.3064460519,9136506.08956349,4473352.784111984,3292026.4376688898,4370440.717837601,6075152.600467259
DSG2,136498915.48424515,91261453.21547313,84082864.12561789,193092995.4604265,81133322.7912581,203573468.13287836,102809564.95484003,94475893.3783741,13021663.215165086,34495627.829876624,24840063.8090229,93028575.98041825,48682166.7018113,189474481.7829053,22288849.564015314,72567704.43401891,30154311.518263716,235737920.50489825
DSP,371915719.96227175,519495771.50304586,553936278.6050818,736028309.4050487,565519324.5050054,876829614.7330086,476956892.1798462,542242989.0429459,373517522.27988243,164885625.4664283,216984544.0717467,395458193.76627344,227531367.32195616,612647467.783527,245795864.1152273,403130382.2550301,461777943.8264223,715757495.7227693
DST,842044.8750137157,1905245.4730088825,76428255.25622325,97413587.3926043,14793753.573988874,111456409.32242034,678935.0321509668,5214288.468559923,1138294.171676833,16497850.059302082,676064.919508127,1859889.455928722,388819.0841979643,2166005.753957048,356149.6937676587,1132726.82339866,182301573.92202377,78731834.31660034
DSTN,175931095.06541994,149249005.59773335,917411987.4925327,325097035.37944007,605370887.3022983,345087231.6927156,274396313.5240331,173936248.606727,900296586.216587,112304168.29054861,715597593.2608802,287958549.82858634,484942125.51282954,226321824.16793525,310624376.1877749,128161854.4052027,609713514.7888145,250029820.95175326
DUSP3,2743313.882166616,,26327263.5268038,,48792671.45254615,,,5674782.796644544,27358466.641806487,4377472.980277174,24991014.73093079,17150838.16470991,18324413.028626833,11977546.258918377,25620575.19013578,5385451.028470206,24348835.95695454,7808881.014612909
DYNC1H1,379471771.9292872,361201569.61245334,462848047.478471,692577144.658258,566470901.590207,791137258.7721143,506486704.2062168,460877006.62928843,310297039.5941333,224013982.6158107,379623573.2907498,445721627.95579076,291510175.6378357,614773808.3834323,290385191.1964318,344547827.4986515,502407606.68421656,587834580.7954354
DYNC1I2,23736555.374808088,43664699.07791323,10537888.395212838,9035854.10996314,4587754.914575865,9531024.1649029,30813378.923087932,31283920.767941006,10666875.52568337,21415775.18719226,16819484.753999814,30098076.034822162,11497520.148987003,33383220.43251585,12492447.54489081,21179205.57725912,6438125.62063807,5208286.578687334
DYNC1LI2,13305991.286721824,23637768.21267742,37416152.55402559,62995732.55598584,31466961.264140494,33450285.44572189,48779319.42874901,21058697.15270932,34387676.22621988,13999243.922513077,31900809.3175833,28661257.131011568,26604691.6161078,39154249.45757883,37792994.4715154,20346359.830308024,46459416.775802284,39235854.889911525
DYNLL1,50808265.46645613,64291588.62619872,70572041.25583188,103202488.89291032,76134592.39635651,131584899.43846437,70719435.97182554,83434432.07688619,59215693.25562014,21767585.830103166,43004906.4407231,74050500.59579867,49210226.48804233,37621499.83040188,49794254.78601965,25113070.01668031,59405956.874753416,162742734.3997762
DYNLT1,14036200.857849736,23310543.02608231,12761210.3381531,51316090.08089127,14503063.109453265,52080397.0931344,32683147.58619259,26054764.924601734,9808980.562414031,20632646.647050455,11312748.769722555,30707466.790152438,22187872.62315842,26508257.589615103,12440787.682158705,17498758.502568055,13149864.592055323,22007087.985083308
DYSF,1586063.355155429,1528459.3468114196,3082780.1848695995,1389282.3514336073,2839748.8861170104,1663141.058439916,2265190.0769992257,2095863.1259470845,4057137.787131116,6834964.343397601,2908464.5064615654,1967906.4754609049,1846148.7019179345,881161.4361493685,2682385.6213277327,1019177.9761129264,4580173.121265763,863883.3370863583
EBP,12019502.87676602,13622393.648753392,14060401.98544052,50938824.75090971,4812060.743019705,1210368.7160441657,1958957.934991992,10819750.14030668,857893.6256446085,4822944.088667907,1853995.6432670176,16204952.79279365,4689864.323344797,36215942.474372454,755837.5764237253,19089484.078628726,,12353540.078188147
ECH1,114437700.45727605,138944645.49675062,136313692.37529805,257483873.06555107,175101479.79082015,344977265.117838,177022403.7692505,131880069.66726574,57581142.33599542,42202510.72805774,79327907.6803494,105495804.53615111,68504138.94082648,198941345.0232801,79105792.85436784,124180392.79697981,117399466.75486332,261054470.01000446
ECHS1,261040743.23860002,199917890.18641657,177906043.01296872,404484794.66388047,180535601.60672075,261493183.83287525,215304352.62380862,166790444.40041348,73323355.40367429,113531981.31893358,92801579.85268575,164349310.48433268,123777766.19619556,222137726.82810596,126511821.3899248,104287505.05156985,145451177.165548,553619292.7229325
ECI1,99465283.32164127,53264393.591445416,109488048.2033717,212010168.32007346,121747129.4584068,115629123.24904136,118883698.2806795,99157392.94319713,40195312.62888424,51261702.26485282,69236502.68336529,70719042.56511042,71996449.59384634,124808422.880584,63662121.243712716,38207096.851018995,56751697.07441383,247419274.71556377
ECI2,11235552.06551694,6759882.825265346,8108413.699910383,11284354.943860296,15708492.864564087,13327366.79258439,14168160.474384394,5987068.725710185,2481117.641106353,1206414.948158593,5023674.476639676,642855.059964667,2251051.4339590007,6776052.890402755,4371436.44067295,1536183.3237037074,1412234.8910025028,20891106.281861432
ECPAS,145346233.77587208,16372625.83881078,156218049.04223564,18876771.19403806,156067174.95794982,137127894.0333978,220402232.91859078,64003219.829576574,65381473.718300596,39126681.79773504,84480604.96701044,89325615.64329195,156055278.27320883,29721447.971588142,69549024.82546972,21145250.496589147,196469389.39030504,14332468.428587152
EDC4,100521020.20863555,135354445.18258193,37818823.97714553,110194100.16596705,85406404.33366123,111384435.20992382,137423574.55377316,116783686.67089637,17769741.92847409,34206674.702122726,18867150.46058606,47266849.23862026,18490767.968067188,162129246.33547395,25864917.670717437,78790561.20247203,64715310.255812414,129022950.8941026
EEA1,3991667.821684173,4787622.978468235,7386360.417206396,15206084.35165434,6416682.514057552,21208911.186616596,28737820.190504685,57681753.37926328,7903147.134775947,37804460.43792573,,1060892.7343728486,622160.6270855402,489743.68272410607,859125.7347013112,1926157.3129211927,4440512.667401596,18921314.76972896
EEF1A1,2609675066.6186695,4887881755.267906,1638147688.1907961,5007091177.075331,1717340923.0643291,3409705592.2469363,4283722501.1423078,3681205012.8090816,1390871752.1854734,2037265111.293816,1548250638.8061435,2803183200.219756,1381020893.4987004,3952745225.4769316,1320963528.04902,3113147593.3575907,1352577249.3563886,4953089560.77472
EEF1B2,110985770.9541913,207223585.30220062,143017695.36648142,653267467.157891,190039684.15122426,405094094.43244874,184368310.06585675,227861350.49360752,48874522.10043141,137122919.03466702,58667453.61878525,186014485.2178954,75668229.554912,215836561.69980484,37829505.128720604,160830176.33233005,160148054.0448174,666639038.9145577
EEF1D,189933114.4161879,381138808.2136001,248348701.24366358,883295422.5611523,188350537.96026263,612157859.4744842,280647344.63829964,342285195.3497973,114532932.41672286,237602589.5368464,76155752.33260846,283081247.16090024,117989796.8109595,301172918.6748427,83816951.70307235,227202393.78879586,166268126.70617867,706624441.6028999
EEF1G,200185276.95404387,284378569.1060549,210615295.08455443,712793640.8121449,344516679.1428701,388938020.2798265,376738935.1998062,312410671.76794255,56780806.17022109,259253850.4535175,84800388.00654471,282751030.0695033,116605337.58432283,537268083.6567317,94606684.83459897,142905378.95195013,136430789.53949165,678625238.507521
EEF2,1593795492.650401,3287468493.5971756,1130553943.4301841,3632745207.001171,1444453532.9557347,2950394088.984239,2325314265.887044,2378719276.8227625,508394460.410058,1574848071.9122174,591608418.894623,1865549145.905237,490367661.72511744,2387492904.7285876,545955632.3607268,1693107323.5330043,1012974577.0463839,3633153425.699959
EEPD1,7652944.059641039,9948538.759124877,9632711.85680762,95920535.79277778,25880424.13881896,65208092.03367479,7581601.492712687,58495306.86196224,10430322.37762946,104410600.47425272,20054871.059876844,12829387.7326496,13479169.098522956,33435250.041963745,19826933.21544687,2373551.3130564014,6103521.218065714,56479718.90727082
EFHD2,128597929.67812926,137944873.86090922,79866510.64363606,302758535.5505503,76899322.94156471,235784638.99587688,213777180.29178476,197365164.64113516,33789675.17748465,115094621.74101934,44726559.09069324,203911000.27051625,40282642.58039435,101362831.6881009,38095798.88070474,170596486.33827904,85979272.58730881,273269752.19101036
EFL1,2850314.9784987024,6947688.411899616,2709412.190381314,7746141.127264801,7186517.753042958,12267929.648320371,5705086.97358264,7096003.337248705,2260346.4963610554,2819483.3054012256,1644637.1618548466,7887936.192096917,2751063.016631742,8161198.910923,2175043.9959274544,5256873.291334105,1318223.448298153,8473814.427304711
EFR3A,215673708.043066,4356154.332687444,75153117.71902838,64485713.01633386,146201497.49584362,685579332.9103767,128826800.73229344,187218438.8699816,,9459057.144749766,31402975.69129531,1176235.095868366,104682544.96220544,151104508.1067168,46666737.569415905,2923517.5986482734,102038045.69479528,11963104.135729846
EFTUD2,21021810.72105252,41737934.45733127,7481165.450963219,32911733.92643411,5974047.269239874,46548850.474105425,23801858.14203339,19938008.482920244,1770527.618970005,16139005.099801857,4172498.049868543,14953034.056925364,79915.0696459329,23390672.668579005,2559409.279300912,34720583.472950846,2746555.9946283745,53114260.733223274
EHBP1L1,26694861.569856018,31703404.512124427,43101384.33881237,110223996.74923056,18653269.864238016,37835084.11287897,92661068.01653878,55163618.93701611,8521396.594479091,10529158.310422584,17583893.182704117,26503418.65822827,14152720.666964456,64307709.632086165,18989668.61918956,31939260.80137932,20018114.13961985,39822908.84416882
EHD1,76596079.52972677,46062691.62769573,111723984.71852736,79642943.6215556,129971718.60474315,69516396.14113835,132858355.6101789,73425084.75952594,104702379.77387697,79558135.19308312,116139845.92857313,45666881.50242741,79036155.47812046,80120857.6949969,76192225.18421105,62830456.11580854,121214411.45104758,75042913.18723851
EHD2,333728172.82774305,110842720.83318716,766342259.8122973,350536311.2538658,811310665.4944229,188890828.56965724,577019466.1176269,366483105.9829495,830378806.2214292,229421423.9433827,988372637.0339199,219459704.11797532,691479601.7816042,613631574.4303663,1034509054.9476429,110794654.34919983,651021396.531063,57627003.308981426
EHD4,65346804.9659888,60399162.32638301,52787395.94582977,57340297.732357524,64129815.187695205,85929537.42690058,74665643.67506117,60713646.29478036,28306473.907870322,23724928.33755265,35623264.68579491,33980296.369070485,17403039.755506385,59269338.38914248,21869993.493004277,67598433.32695581,27565241.35950429,89371794.17569391
EIF1AD,63850040.63099892,8714521.718832565,54767954.829871975,21091378.9792969,57411420.12938195,87930698.4207856,177961754.6969672,85897996.78163378,10245384.82723718,46005758.73144712,3782046.7310706065,106683989.19433597,64135365.68383887,1458464.0965503273,102968060.05369182,14642979.453050572,86323734.3655002,54186466.83777914
EIF1AY,13003239.332390428,22549940.52468901,20015778.58593417,49830169.53605689,18097237.1131611,31055016.292239897,14172696.134395069,15731786.765638929,5377883.789002859,8990822.200172232,8488707.461931592,17885039.228669196,7405062.342141883,26625586.36564525,8680491.809856346,18642690.63210959,13491417.910532814,57310889.01652971
EIF1B,61085606.3774551,126072283.95081773,64957004.79788971,117299151.8623425,51816840.19065091,63038166.00188653,98245171.61532831,120288739.97149828,41576756.526941694,59539258.67568983,39955377.56715894,52857652.42728919,37278939.48296247,61051386.92184712,41383937.016810834,73876410.98549758,69344095.7578786,131412724.77674556
EIF2S1,99756516.96343274,122336861.29072663,59722860.36716151,194024483.52255946,71421916.46612772,161354546.8713148,94729307.09677783,86539682.46209328,25536889.793624513,73890643.97661197,41889203.32460438,94600790.58670118,33110635.956412844,138811515.94697863,29339405.79716398,78540295.5058421,51428889.297680125,187334118.97189358
EIF2S2,20572246.084066853,61344770.358178735,36568329.38953171,145153676.48679918,31557936.445825078,136967938.89839178,78137244.4508324,56251206.03383781,12493077.281889286,51282835.692625314,18053825.033656728,34925584.114344865,14132380.234274147,48381748.101321675,16463243.107608402,56508689.55534702,32336250.02968379,100120500.71967927
EIF2S3,54357033.821630456,88704745.19693026,28022218.052789837,210398321.2748309,30231292.74268462,126363455.21673775,117765067.74965945,93636793.95817426,16389973.420519654,80798245.01767993,23990257.34501475,91295542.44446342,27187999.2874571,71160995.65480667,31173338.74338651,53518629.16880344,45249242.74150633,101389721.19744226
EIF3A,96496941.30267978,153899674.91995147,50250312.75993886,204439870.46769485,80925621.81834736,165733867.0879189,142848520.2482406,125576597.74514669,37703427.11661973,76087367.46437909,50600878.14401353,96550935.81769472,34488295.094744146,165328581.81790918,42243595.76683436,107604788.572663,58194143.40808359,205068835.7023577
EIF3B,64382776.416615516,81169636.84010422,52917870.24792841,200033153.7412152,39307905.4543663,175276596.60913885,103974602.07734643,98605679.38815205,28302578.46839384,48053833.70381679,25813876.492366917,74935712.26885831,24308277.483788587,83186045.0365341,39070080.52924282,63322459.040636525,46209093.49886703,201562584.68805268
EIF3CL,77008720.9616497,92310274.20068862,51970137.16889955,163989161.51644784,54019320.25824126,146939424.02464646,110193045.00465873,81240493.65088303,26099647.897978686,67772855.31992337,29631777.078829654,89314175.6180336,33641677.68633777,105418083.02920963,15448061.858477125,85763468.63656475,43512855.763135456,116549617.41484246
EIF3D,45353368.455070786,70683160.35609654,45482989.3904444,124018711.69417118,34835402.95238692,64425230.58593814,42898582.48670304,42877083.40113318,27261721.462782666,28030527.847287666,12942928.972131662,41688500.906366974,11786115.836180866,82985936.40942733,15256485.678419754,42778894.289492406,41032008.55844295,103526937.1525028
EIF3E,55596715.09179625,83797176.27379385,36687106.7014932,99296195.08570729,40745569.785780385,109942245.17157,62980287.524109,68622118.52692814,22445717.523220047,61709747.121420845,24387631.845108524,49484879.623113304,27269512.59173721,76692105.25125852,12674692.146112375,59620503.97789459,27864981.236171465,200080293.73993602
EIF3F,25703202.950178582,35888948.437430955,44116608.74384878,48800923.548950806,38397267.3358446,98370887.32774058,26630710.18067147,27078220.42056432,5467183.55546768,8639693.664842615,15498700.195293915,6268941.374111341,14398628.28883665,40731452.351988204,16107928.738411281,17814040.68814066,8765149.702575026,75900062.78819646
EIF3G,41142398.252777144,72026908.45650402,38415631.55367338,49124692.40202837,45154321.20164646,102682703.94025253,40407762.62099584,45049191.49180068,14221474.038206972,29018424.713556875,19623126.171733573,37374571.41133463,16361305.719670065,82348456.25103414,22774901.67053981,60630028.26476967,25698507.08841746,110536378.12963094
EIF3H,63156932.52408038,82288233.96245223,18766146.386549868,209074148.7237717,22839170.946757466,119335221.61867969,85085743.98136812,95817820.75206676,19095402.0183767,43670193.00684188,23114093.53202325,83536169.58032137,24918810.68214005,105705394.78019583,21625481.818922095,86867408.93985072,17419879.959196404,197885442.57859695
EIF3I,49660782.16562094,84474438.85882851,21141734.938207887,142563890.18681413,26568896.126288176,95659311.08404998,63397823.182537094,65631220.01945167,154257040.72604695,42947040.2146575,129496876.3913588,67892765.03873293,17533254.23904767,82095580.96437594,60216059.420370296,57593475.52851226,257289180.80549413,187247994.52205473
EIF3J,26474831.447083235,31266480.834773812,10306658.34407445,82363132.39081553,19490888.743229195,69626236.28961155,32396331.658761423,28989020.17526089,,16719532.014696712,9372452.985317295,35133478.0034484,14066242.612088265,29853637.531171568,4314289.689739908,18299000.972420316,22472406.31142958,74359738.44466627
EIF3L,23597264.807974063,29249483.34443029,11587418.823914848,95998523.89477508,15048552.671279617,23380236.98596796,38156366.70044634,16136810.545893757,6380113.8882719055,13420267.443059675,10362040.391420182,10837844.541273998,14326561.869210262,42261257.639257826,4975765.1582065215,74849559.89394362,7516510.717293721,38795764.077139206
EIF3M,43260348.6696018,58559054.68242873,33332787.02838791,104238591.88347,46482696.85161713,68118743.74754329,70145795.70913953,42670379.520906545,15195175.546624975,27001533.916063048,23245992.286127597,35124051.22843212,16143602.577456478,47703471.15822528,20074692.15644849,39145232.56496197,24052542.13074935,90799571.21103433
EIF4A1,379485339.5363814,715818920.515243,348243642.4261283,996784948.8902819,471883302.45701605,843002012.096746,690614936.7744567,613615468.6853528,142208689.8957783,402852674.1991999,217443988.31461188,651065057.8181814,162716025.38665503,1025989564.8659918,204685360.84817293,814953403.680873,305978073.8784251,1161663444.9091673
EIF4A2,71084652.06350145,49356526.747770324,143908286.0192776,163518464.20231557,106440394.88489209,65616756.09480189,143881405.2444985,40149480.93618796,75403458.79100685,31312148.908083785,55101564.23918532,82861309.1018683,80729065.76098254,76613878.0097804,65896593.33911413,29170574.236283917,75786389.25913933,136811847.7759067
EIF4A3,145011628.95804295,186456229.914236,121031439.61954908,224142029.18321684,129344315.2220912,231177914.41685802,159479295.44364026,115431036.3464186,48824244.201217785,111551428.44476318,39454607.00141984,189601194.01257318,68775689.1767818,246549610.75646356,43886293.08713313,166891248.30326697,84506933.83219957,379277833.114417
EIF4B,14974356.29972272,54282547.97638946,25272549.07968873,23133829.510600634,29014827.675054606,60316641.321533665,42408438.86041325,20302613.14831377,7324428.306992255,36591412.37205875,6041157.481733653,36991735.982023686,7138140.989676392,48072006.02115568,1826759.805534258,29035098.5562862,2450309.5122485734,118532771.47415313
EIF4E,70400424.98762764,71555711.11347339,53817392.62191074,86075878.99420929,28772487.783240356,108519011.92571816,133136113.45579502,91132549.41362345,29871703.710475244,62007555.850602806,38186369.94241924,69612551.66325016,24998953.10288628,84727653.54422252,27832365.040245045,84762582.25800927,26260530.12536519,86412528.40067706
EIF4G1,27113223.585838642,55292735.09078312,20815433.005658336,19165554.111299086,18955489.537322037,48678912.06337295,34233199.777952895,29346553.43198677,10504024.859737208,20213143.889047924,8886004.938156754,35286004.51992301,11651456.3299411,46500634.69774125,6728657.274006906,23482440.4698774,12534352.111166123,37352994.92288734
EIF4G2,78670799.8450221,85414450.33063218,142483142.72170618,161439924.96537936,97373166.98128547,245226579.29951584,170532164.26926827,109490916.13626762,59020956.532423794,64890861.826435186,76993914.46798553,123077979.56682925,70845685.64477831,146131707.1750251,73208621.43515716,81205599.28052917,85955581.27395546,106468247.84820604
EIF4H,88663781.43843998,274164109.41530585,142981846.85103083,327520988.5537063,148695349.39643148,164583818.74247962,90201062.96012267,164291562.81566268,109119935.62954524,58217140.33575819,75006368.19039522,157093899.84048283,73313986.96480744,181407472.04042998,59948121.898692,122909520.33325586,109760542.71581876,567001889.5960796
EIF5,52173542.31760433,46765100.47462432,31286902.38184595,74516906.79265182,45183462.135652356,49987115.44059416,36560878.74378811,46235041.25799529,29817098.20847315,19749681.123893578,20062409.131010536,47860095.721331894,14561339.342616135,46188787.1094315,13743875.282305922,33507633.55482347,21088341.674885556,46022902.96861279
EIF5A,196618140.92901933,348799503.80315953,113829555.26893593,299945191.798648,124865097.85096738,454518571.70289266,222931309.14489207,220160073.2416677,78339994.50095145,241556439.73571023,79295706.97276495,277318310.7497652,73938629.64402524,263417501.96438396,100068648.33427498,362649649.59071374,117851689.01402134,423219318.71922004
EIF5B,120864821.72103,36007757.93784305,108362707.56894368,88178202.56433627,157911503.44418514,92545214.2501804,101681694.91979693,41183208.89623462,43489308.432745084,91541124.17095013,76183929.32318474,47250335.63548215,57899340.64083546,66561749.047515035,154948514.0634762,48913584.06924768,111975101.37958981,84234774.32814097
EIF6,23110366.225114856,55350422.455696315,2904859.4741109563,192330829.2768101,4225581.436449293,65206023.334027104,35155479.91452651,30095644.14850652,11330653.24676024,25414828.57139053,15851374.57644615,46803930.64934954,11096274.559922248,53304855.13829986,8350647.386090814,46187781.061983906,7194423.369247366,54476373.528281465
ELANE,693825.2608420778,71278727.32492264,6127543.75962453,90703731.82926635,,103980350.16657066,40593675.299708374,43026547.16894992,12309300.598553954,214973600.10766995,,22228636.08124304,432769.55823367665,46507393.45612404,63138.13254333176,67374533.80121067,149033952.8019249,45473130.35478471
ELAVL1,48197778.087389685,85462827.64042962,33060210.420262665,94674832.59033778,43394956.07369889,112586088.36023712,37135277.83701733,69537413.81820565,13502985.525838152,33917818.22259265,18496314.91885979,57277177.45248025,24762097.1141077,101436054.75597855,25820138.596719116,51793252.86801554,36480919.23506975,176183359.96710384
ELOB,18145056.339193244,27720739.517333426,14285446.940527244,70508696.64723861,13876074.259550508,8075092.316198498,22824922.715225056,25952197.724748828,9447820.04087361,16269210.934220849,11677710.57005993,25151833.329608537,13305222.987732034,24966532.75272676,6335453.89739644,21277235.122744177,13910752.604701882,68603538.22863996
ELOC,9376113.254349517,30151515.408611584,17218709.351390943,40148286.548792414,16026534.084453816,29379872.315106437,3989856.465667256,12577667.766992636,7639437.21093952,11099976.382567745,5010253.101806085,16977256.23835934,4961144.077775881,11215427.877904149,5342042.9496535435,6021069.890423529,11691728.194744855,7080028.894929511
EMD,24145594.40689546,27557489.890028786,31647138.766611822,73299704.85283747,31957898.74848878,48355520.03699099,22491373.61874617,29235902.6723881,24560708.993010055,20768384.563802853,23991961.38700834,27317143.938374706,12043670.70367818,34662370.475433886,16061268.892008368,24481702.31163764,19803321.41330331,59357162.252301514
EMILIN1,184463821.13398755,126966029.9088965,349324694.521518,134811738.2235358,383461065.2750639,245528461.5161214,264802575.5168675,228971336.15525243,267752413.6019668,146208028.94955269,176604757.89280802,343705530.0069123,201756420.22900862,224671413.02065775,274747031.98878413,90809780.10863231,344846682.84075654,137556789.92380577
EML2,14098705.52098714,16565386.988246104,17660055.407278534,27913464.16249658,16119220.17282732,18477973.388115644,44585916.20625883,31999470.22422937,8684237.94397374,9461961.804099943,14358718.046926703,10310104.58869735,17288468.778196078,21617423.701122995,11213934.63677986,20667745.933372177,4925382.791146075,24331564.730558146
EML4,43308918.51904702,52561018.767418206,27073629.925316833,55382920.95532787,36039731.16193174,89182464.4327268,42843459.19544874,32248428.495975412,1729523.2640925369,17168541.4087461,6643458.211325659,30301205.11708697,14323155.156244587,64445265.219253615,13035175.334895378,30013416.272652388,27450404.12603523,99523328.73160881
ENO1,2202255712.659369,3111708847.4909296,3178320463.9129906,4468992576.517602,3306827812.950836,3201768064.5790863,3429811106.703738,1954709894.677048,3363992606.215269,2343435010.4562016,3344009802.514319,2562232967.5440903,2588799360.6967154,3476608888.3549685,2509600532.932741,2483961571.956999,2832546280.977257,5726383831.292161
ENO2,2864105.6817562575,,34262063.31579381,1317121.5302338607,52289647.98919243,11773701.77352466,25194721.83490521,7579011.323642688,13855732.064136514,1767881.2950836,23110275.05292201,14757239.5800519,17832537.87914463,2126636.3550589494,12143961.948517645,1090008.9985939355,24042645.812094163,9473335.693245107
ENO3,72917865.06692712,162127473.18688104,82034583.12789722,291126783.2859021,74457949.01490022,199495998.9089756,77673520.1942045,67949199.34818296,36756081.55359139,132082739.03235494,79785963.59406804,47154596.839803986,19587164.342416774,153332536.58913484,28984766.97848747,88445241.91581957,48072173.31115776,523728478.64292574
ENOPH1,4851453.325712909,11790618.64761752,13928886.284052333,35150671.25007205,7905248.420473374,15511820.394826684,13886674.31352578,9412068.820794582,5035320.615132952,6568581.526379754,4598420.80265024,13566299.55591932,4706281.252011715,12978960.20695872,4521509.555681393,5942418.354227288,6925233.387742253,12935747.407533688
ENSA,5268848.975638378,30361251.348542023,12706467.945205696,40274363.24901815,11653589.740436893,22688066.926726263,4538935.508972125,18479552.032154135,3372195.4302922124,1261444.0774126642,2284170.6805786253,15226399.93547345,1166608.8648972386,16443225.100371404,2994478.2925909846,24071636.94533045,9502534.800526941,56888878.86331974
ENTPD5,19803401.3843681,4326161.849165593,21279387.47447265,16717971.16690842,20716486.21443986,21606547.847467978,25337488.019587077,9337048.98538952,1897330.8424547915,,7625607.719485604,4550458.932895931,10502866.552514408,15754353.637730824,6807130.747217853,3490946.2146796742,4411003.672073716,
EPB41,7373181.012724171,29992803.076703027,148574399.724138,280203733.3294008,199028177.20721203,335940832.8194661,8039678.113585185,4965077.094182759,1143999.818333125,6007571.146569072,3000469.179124861,4557251.864119761,5771292.222516041,19947762.112449687,5054089.227132812,3091891.9639837136,118520506.11593825,375063761.41159266
EPB41L2,119505284.94240938,125355763.48328614,112300460.9881778,307764710.0291752,139556659.86878264,319845078.70675385,158327022.12215698,101808785.01537234,64829863.879445136,41087743.228278086,91714653.83515869,109136330.99332064,60633313.07966803,138586180.7268259,62244360.48348909,188999362.34165227,99604579.35528703,336331142.87001926
EPB41L4B,1039650.4304632863,1554035.103584185,1389059.5228347776,3938177.3130970336,1745587.7829483442,3626869.3140858426,1243571.358903068,1990730.6780077107,243336.1826067344,943402.7165170078,1392353.9818200762,761681.6008246087,599267.3376487965,4562298.42695429,355704.61005497875,1654835.027403477,2778841.479303498,4292997.345585119
EPCAM,209207048.2185717,158117800.3420099,79521879.68963715,239927759.95486543,88724466.81444123,145428466.3711066,167159889.00575072,99696897.76930171,16634621.751328353,62306847.53320393,55790309.15735502,126910772.01546523,55024519.95469643,178696957.4275971,31239057.580905627,131127549.32868607,60013404.349428296,230960027.62780678
EPHX1,200065776.36709905,31917243.404733367,201479774.70594832,219589376.33038306,256790058.4824823,168428947.55072612,135809561.51193285,83147119.07496144,142162217.51874787,90536675.31067327,127915035.73086648,84800511.30987075,102420326.97182098,75355269.71432368,149632342.18052024,50233169.11412001,217551417.71261767,240584595.75192028
EPHX2,16498565.9381967,9003503.216894668,13858883.629513558,23458053.52271096,23405541.559214786,11139684.79753046,17896720.416218486,13443468.632366575,9416514.64670774,480384.1691790773,8078727.434736943,2208765.2880654596,13657734.149550928,10559907.89033506,4121920.437346125,2195372.8358888314,16179894.907139985,34006016.66785498
EPN1,4817287.9829077935,3953833.2873316864,3791498.368055236,6726068.3322532475,5020706.054142413,7369969.19142296,8353464.102167638,7296455.389959701,3235498.349954628,2494006.4108336,4069786.7109559625,4067831.9704078953,3637567.12285296,9778802.529756645,1894626.6310633167,3167153.703416118,3880305.413652126,3977834.6072398983
EPPK1,124239369.83796951,137226934.3698345,178996046.07199174,530647296.9224544,153451164.17948267,221801229.60098138,207969050.2365594,143956173.32511026,136576904.543039,73203405.19349718,211370597.66494632,155158760.1344117,190508222.45105693,242564705.9095204,107658127.4572132,109683490.41003937,116963993.01658347,126018970.51004153
EPRS1,160055964.4075476,278712811.7790632,191296452.5958811,746888199.9586627,302204456.29044837,541903057.159983,330394209.974643,288134352.9375408,76629301.47273143,172869112.6747484,105265684.12030862,260806283.59426075,78319342.44296943,282225973.2026882,99175861.20793812,220808088.4653166,143198300.71970943,822056661.5235147
EPS15L1,2822465.980492637,480669.1590212771,4670976.522967711,10075201.70537717,1180716.386213954,10608935.986927394,4628178.173491284,4198200.503239872,,2066917.96979986,115409.59139541443,1421249.1266921274,,5728131.041578111,2135744.617355285,3695448.9228041777,,15963489.282411383
EPS8L2,90665235.15967377,76175301.50093348,22834065.267693374,25561020.15930074,5041739.179326475,11048701.059416374,62729827.0426185,99875717.09914497,40101576.810073294,29104170.799319357,16676912.971140975,43091000.0279587,18921397.04230503,115068716.61069468,26456613.0696745,57876056.28974161,26286615.853810083,8402216.318432791
EPS8L3,5178758.4037319375,4034531.327647993,121332262.6035541,293973014.479373,81194887.67647713,167063691.51536417,8415061.558912562,818267.4156374905,107618.7670734026,7969710.425597684,1243362.6932920455,3140706.255253336,161008.33590610055,5372997.4022058025,31987.789295388862,5949211.676032832,77237308.7266245,285269515.1349633
EPX,340155502.6029443,234333508.89437744,1552007822.9909556,279220854.4132562,754144646.3005849,399552922.38613814,2949403933.1969967,1104200504.4626887,433887447.01184094,491172851.37261415,682517618.6419703,514033266.8261514,3009568095.008862,1453028114.3682199,2019585238.3049722,207039257.3082513,3480453387.2836523,152683714.9209237
ERAP1,125506972.79731952,160028602.1249665,63333900.57741258,188130938.34129414,100458993.40168053,150584656.72646424,77541851.76688044,64787085.22916066,13431088.735570028,17964220.188247893,22553216.655073605,29475006.86367957,35990417.4019427,138234485.39327502,15583918.060564257,40143026.49914758,81789363.10564804,300968963.8904867
ERGIC1,76521684.09794746,73647566.6470667,50736753.869028285,45829991.23706633,42952329.0449983,61643333.71673332,52177749.32416133,117571800.2875891,15294279.533660395,21668202.9363586,28599120.76246839,25091491.240217514,32165730.458177686,150926541.47096628,19837478.378699206,28793593.770913288,24431266.802772228,131781757.02968997
ERH,34628000.40787683,59092577.82568094,32690275.849792656,33814775.20791273,41162044.26861234,72210444.43127957,24260866.860886835,26757512.646053836,10571746.35744885,12099262.06976571,16849471.929101434,39206106.36938788,13366635.341538573,55092508.53426392,15036915.947669229,52721938.220442675,18901595.11611153,58828029.043309085
ERLIN1,77491991.90789269,115882705.36325645,79812977.25232904,77292855.66325104,67568508.8225599,75796429.46964478,110461165.90193433,77808500.85964175,28356182.3817489,53413221.522302985,57669483.85007998,55393575.78236042,25211980.437922955,101853802.26028846,24511835.04070629,66108295.152067915,80734877.75952083,174749728.88911623
ERLIN2,59607660.86417354,89157248.63701835,55255179.87231403,119833889.41193572,65337984.58421461,132270316.9638889,153623688.9960346,70505412.34667864,28839400.862698473,40241834.91171074,25022752.72040216,42440402.93609739,34408052.34267568,68719764.23770167,36672816.699026935,54737873.522014186,56752523.488038614,176423472.95856258
ERMP1,7070286.374232208,39728490.38021542,987511764.0980474,931950941.0987648,1830474750.6595042,1385004705.253712,8846219.156639572,5516395.658714736,443587.4023867413,25484383.031105846,1485512.443968993,25253126.54492595,3042489.6068968326,10811654.693944026,513764.6132421071,30605942.925857045,1613954972.4866202,103875701.7912643
ERO1A,34481875.79012932,63650899.9968686,15308078.055337306,110617128.44710225,19060243.831287675,85078323.93163224,59119969.88668908,36538864.09662946,10782470.783568965,104831455.42846839,12218768.63248945,56332721.37826275,42923877.38928952,45928932.87398331,52984981.602291115,51972700.7729481,31989963.145097017,79346115.43206415
ERO1B,14712349.817149362,42364328.98997844,9570620.014026424,23711863.5381872,8104043.641860522,34806219.37511486,25630649.891598627,4487081.326039679,,43301073.78879024,,3586960.043277376,5275269.635747016,33329221.05541458,,18982274.2545207,,57300422.51508194
ERP29,236938124.15457433,304867178.8791866,282010292.1587451,442948841.8132993,232582505.68457958,468442807.4103146,294909130.8891469,336117515.6574384,87490243.43960571,122017434.65191513,94806911.24407615,160399728.82032248,85249757.05669077,407310108.99969363,68452453.7678585,264430442.631362,207060737.1223906,696762496.9753973
ERP44,134741011.0655364,159362125.83488163,63250718.02529164,343528687.63908595,87553808.59531412,281041376.8521446,147507460.0545124,185707976.01106128,28277199.214556597,86947988.74449152,21354684.00788874,90391812.31322607,28760357.00512262,173861956.83616674,27225451.05719708,111251965.19789417,90054512.88621509,219152922.39941025
ESD,88634437.81463346,103471247.5127707,193651110.52462938,199593802.40919572,172491390.99992338,225110782.62519556,102397947.28670906,161798083.87287563,183991830.99654415,78900007.97278607,118380486.9030318,102783203.06820138,183516957.32314897,291352921.5954779,119068184.88059348,131554405.56689554,175181584.25607914,590895409.4604764
ESRP1,10240330.89509611,20371972.751987983,5114859.207851498,30034786.04156582,2806709.0750801116,17855196.64036085,25946008.4137494,16076231.02673613,4708881.468782123,2048768.156442489,5825397.26710477,978084.495820526,6030196.97008978,28449239.21340841,1672947.4670418396,,,21472453.720880978
ESYT1,13027512.863178007,9440243.973935615,23045375.21953888,5939510.061212293,1167038.329435235,12188598.885640562,20378072.655458704,16003099.963549696,20511963.888587233,9499119.511830823,11793542.681578005,7896055.256584672,2438092.844507358,15529584.946094776,15103114.974212669,8721068.126476618,,14600031.099808251
ETF1,73725456.03575116,132847993.14676476,40000478.38003257,168237804.2987981,68317121.69968235,139843477.54276472,77806470.16583753,80615335.13605246,36168546.03287867,60818647.49658121,36130845.11196964,51564270.86256816,45225064.845797926,103030716.4956624,38228208.993092604,77102977.57894036,39153443.37848282,216961214.10959053
ETFA,183765944.3286891,148845256.73160863,89180915.13315834,206308964.27794966,98187736.96895859,194855800.4946287,197441557.46811563,93420929.50371368,95868673.87348208,79131360.7158565,72086090.72764292,59809683.74107593,74683644.6200333,156414536.71025068,88183178.47629404,76936140.04127498,64986936.006780274,186417766.8328731
ETFB,266821211.4151461,274015196.5318401,134806781.5355601,262146472.8257678,135956349.67545256,293574253.3509516,201133237.07132033,164097328.73314315,43080622.52695582,78197449.8804097,80481863.71075422,91580786.04239738,114828528.9021633,294869625.6843328,68393991.2085875,141237481.84133327,118517659.79450406,307170242.853789
ETHE1,571133373.2206819,104760887.89288063,658107886.8197776,671130181.2282351,816934761.7423488,443994101.39874315,644730514.4114286,267544196.1991728,155157055.6659679,111919544.1848746,418927587.98997754,297162541.81824017,125418036.61303648,345959755.59553146,167190945.49900576,124106440.89889011,580127556.4934182,254504842.22938514
EVL,7302925.23603765,5626172.97534711,7743261.325971097,72331201.28697954,4819496.785810254,28181240.346438553,7199367.273322428,4528537.173108605,9307746.496098308,10559484.92576926,6735573.297161724,7241441.61372013,10655011.066500518,2732153.459046606,6943384.382141991,13065930.656270543,77766877.06970367,78958902.72019668
EWSR1,79230377.90528947,151962965.18471542,48826106.73105633,128508843.93259487,84697228.59515622,162593403.86730623,128736064.57444596,75482063.90063137,20076733.256440006,84609014.00451756,18610171.056613855,59954842.54701968,19176918.857757136,99429863.53082234,26007136.738977764,58144350.58512205,31058684.55489841,223908187.68029544
EXOC4,16842241.869005848,22873368.1051936,6007430.516280287,16161237.154165603,14410625.99289715,10905588.196159294,6935487.231400158,13206892.722476384,2747493.4407678465,1498402.1732980162,4086923.80294852,2167873.8541482193,3021752.087998442,23752139.724130303,,6261693.40330518,12953639.951739954,13011221.986059692
EZR,578817375.7581336,735243419.8295354,599975244.7312927,987322823.9595991,621501114.8408455,822223224.6360165,915274282.1387302,657901377.525875,268163985.8126981,610140646.8120487,361006309.50307125,496954581.60063356,388447504.1316258,811650510.0012105,420982892.9253013,792806488.1913159,440567869.8606191,677695030.4935591
F13A1,159799635.4288757,28540317.451921426,150018159.85514092,26604177.455282073,171639709.3513899,111443696.25471878,409004197.7752581,112945911.33975652,179028904.8880759,98673624.09238476,119317596.68024394,90358096.16229175,88889922.8881654,53495440.7559853,148744264.67769566,43310544.11426373,173248520.36824813,21855053.62156816
F2,20121921.289094113,8781825.366563804,34727075.851723015,8976827.131442212,5429781.251452407,17881814.443468135,27883324.87654104,12168529.296852663,15258118.895017523,74058676.82855287,16951202.82327757,15985046.378192317,18044680.311691836,9789620.844094494,22243345.49765324,3448014.829190458,36426199.468297616,7167625.017244993
F9,113246850.721924,193232769.6266364,85811635.27389778,92659273.2392244,175682215.2713479,215783558.0956546,221859158.74063343,289005032.0212616,80083861.71655317,181059269.19553807,93196107.42102164,169109013.07291844,89787500.90104559,228189450.398993,84919678.41548257,135894216.3625842,79020919.50472172,88368484.50663145
FABP1,4383227282.89271,3010602571.334792,1285321403.1681745,4464246866.036683,3274788405.5785704,752468573.2883463,1895038965.0182948,1591037772.9828532,286697144.0070512,20395150.71943574,1028413193.5274901,519045248.91551626,1463727010.8157868,1152368109.7501655,1176666291.4308424,1705899466.607749,1306093689.2951474,1288458987.6296873
FABP5,153118657.51173782,66370795.93225972,23892541.486810222,141944204.3809923,37473697.65933659,108465167.63620132,148496873.46493593,81622350.52134219,23681313.536349706,32216624.68700646,42341717.46730374,61142593.34307067,36384724.359793186,33996909.16902731,49787442.8364293,83401442.62892757,26493906.927042138,77746461.76917899
FABP5P3,57100405.54663703,11201961.134913364,328224315.12178063,99093210.74017373,504902017.02908266,50560365.434241556,36872620.96984735,36417126.26890461,183341592.7622789,18490634.70769508,313697590.77503675,64094514.68230755,120268511.8240855,38155134.98660376,247038192.8035136,25396949.701621976,457656155.0735762,66684095.606106035
FAH,2608284.6222283565,4496376.667217352,3486001.4559800024,7081279.552452295,5552256.241321503,3576545.229818058,5061651.3331926,5328671.871889404,2319063.258857792,1751424.6685452624,2002635.7114707688,2381264.1793591827,2955669.1432256466,5209853.901561113,2314973.920727571,1555966.2601173213,4449995.723341167,3352027.960283574
FAHD1,16168013.932624456,14611969.346718414,2879615.0444975933,30170858.71884086,9679438.964629458,9305018.809790086,11261681.343086924,22606202.15742461,4942198.096303818,5301712.9509413075,7251595.100421644,13885886.942940092,9740398.237604156,13227997.192685137,11506922.741976015,2907831.567436982,8721484.283754565,18755714.449920043
FAM120A,62722918.96693954,135631272.2306975,48135962.878677234,126146500.66408683,45283018.31454913,97648999.19842799,103486665.02008107,104104286.36118937,38576259.86180883,48723522.658043854,50006448.02582585,51365181.26537864,35575250.775992945,119619320.42706105,36508352.7429684,51054300.50973968,42640029.58522602,76439502.45484817
FAM136A,,,,,,,,,,,,,,,,64463.88209044998,,4265503.229230274
FAM162A,85618811.11644603,45509439.24047045,113348515.54530235,200182201.3264382,94581184.27708873,92171281.57534644,92960688.16146591,86660108.18628517,16305132.950941186,17056591.652731616,39192247.49942886,25014667.94516783,25609032.842767037,130874232.70093112,25358486.6052183,17254919.759742998,44532467.65493433,114140210.8446399
FAM3C,11300707.522348994,24025642.106422715,2231616.789936486,32208710.128400415,10043934.69659755,21585360.986532822,21425365.01240295,21301594.48987644,4370081.265157267,8188004.280503186,6566978.549962841,18134386.51213272,5032991.297633602,34757744.35906438,5754537.408371699,28256657.91642427,5309036.217685066,29867216.93589554
FAM3D,96660627.22329347,36686355.65500389,183764871.14047825,547185796.8593763,84358324.73387077,325462933.57410383,237338118.58321926,345654698.72401124,13581141.167852396,14781784.057622213,71837582.59225991,30581628.84577011,76658799.78384069,350160356.4750262,23297847.919363786,33122270.697451513,67487596.31515941,237577698.05915502
FAM98B,2673861.7516592345,17795948.12264022,8590738.319619983,40274513.32113786,4328163.756975089,20693821.66316766,3175642.8754041744,31539256.78988785,,16012545.21857854,10024589.440140666,31578311.36491359,,27795247.827264003,,20765405.892798822,995516.0013146404,20581238.23404358
FARSA,,567104.1869931385,2268105.645712643,19688413.028885446,2913456.82350547,6296923.193319918,713848.4713763488,537248.5427018089,519514.75786311785,4970.788564143816,101731.3785459007,38301.75639275467,106955.5225966564,574642.7645573482,294491.42525345035,936945.1670986784,3927413.896734762,2178678.101432978
FARSB,46534659.73048611,61772188.20368458,350931365.415339,151567264.38191932,421233150.65595937,96676140.56508966,45687439.25967617,60593023.79394488,625380700.7608578,80548270.98054802,250041236.41335237,112220671.8203486,195304183.24256974,81821161.03224152,147880918.00419825,43916736.553563476,377776590.494542,153343377.76655024
FASN,183548127.54448837,687816870.5707667,163176473.32659075,848129097.1355454,195268076.76780525,460834183.50028956,203881745.46263412,179032242.9615718,31866787.7049559,104099015.39641492,72105405.01106554,158683389.44422927,92889077.2490209,414007222.5630847,84608457.66544135,371986911.66202545,166026867.11243343,607376373.2241727
FAU,124973632.90697856,136187826.47245803,67993952.50639133,225693335.20927683,35718496.205895364,194366503.15398076,42456110.89132957,102232457.14265038,13725800.251761846,72026237.7890047,39850682.410030425,147013657.0559943,39024328.438906506,212994617.66822103,40871322.71735914,74171148.74138986,66502205.88695097,196476921.72812277
FBL,101657146.71822825,113979670.87595968,572685317.4165834,85453538.35717581,347483244.7958307,104611585.14467846,129347011.62647358,48179483.44436009,669105210.6909876,77879343.43037874,480765702.6503321,222402156.4817185,487106584.8631769,92354793.8979666,394311741.31174487,57235966.622164495,566806014.7821996,133645666.04938251
FBLN1,20796863.751300856,15392066.693144143,105277290.39922822,35020206.38158022,151446097.40910769,84756931.01412868,55361791.34657413,85493904.48122782,107282065.72014333,72153965.44638516,120094443.45897773,286224050.8434804,114248311.7004734,81428079.59948143,45720641.22891792,13280160.346421713,99691216.97427833,65189352.15642704
FBLN2,1899123.645174125,6160875.362985221,101049649.03353742,323614351.4545125,231477833.69638407,310369934.98009455,3548147.230387286,3094559.021379718,443952.0581711126,4619908.64971926,612047.5559323913,1939625.1621423531,2760190.6680051577,6793797.53956615,4285639.5355113745,6769406.957159913,46837585.49564462,442667188.2427954
FBLN5,1907961.490201548,6999722.293280625,10274696.459713064,7867833.316747434,2871098.32705532,9993376.484807463,8682808.526570972,8822555.838115154,16348735.100212634,4998855.90124926,21108549.545713726,10737829.387567354,8046195.299149832,22061719.67689965,3862252.366126268,2912989.5018219934,8416967.339385536,4955727.122180373
FBN1,454473814.3727379,128960602.00468159,754094499.0408565,203961258.8318874,612912069.0894573,441036742.8768234,1217986615.3247473,347213577.9761631,986024062.3698434,344787680.0798916,395025697.95710707,478842163.74701923,402380071.1876959,214815492.72550786,778305006.4601723,158563214.6854115,717761712.3339065,309224104.1444155
FBP1,22280823.289446734,15549973.629726002,17802123.557020962,36501134.63513793,37688144.79550578,32339109.63840129,54939222.26213088,49666298.46572754,5053027.924165201,10653084.05498599,10354270.244950721,25991733.073719583,10225924.550356809,40974628.84784413,7309525.589983107,9434698.222617812,19696293.06593922,38858020.05524273
FCGBP,3838863032.99567,119493620.2650013,1721648096.3787715,989823454.5385438,2558902198.561461,8473129718.469013,2667497960.2264886,2864816076.443261,372367736.45147926,168532410.36912078,961341505.7692692,57591941.53759177,1447701709.5767608,1919816669.9967623,667207006.8489417,71827203.38555606,1637107417.4062345,163061473.3156512
FDPS,97273003.07238744,149748637.07107264,93575002.45694947,453322869.94413424,157726184.71791905,212902807.6657495,109734662.62859073,155214622.7758998,30078797.790650345,61619687.60411769,50064331.579130314,74028473.03939831,36620445.22062188,170860263.21154225,32714481.934111297,147660628.8955008,70935344.5848419,346785102.5546824
FEN1,11186204.973711424,17258328.938443903,2994169.0032234523,17921814.494644694,5182602.284141472,14808355.280507876,18480265.64536491,14864607.708494091,1427920.685546776,10469067.167524137,5127640.956935213,13195179.812965397,2002474.4946829884,19209125.827855304,3532850.9238301553,910172.364038012,2461811.8823356214,20308445.16010972
FERMT1,29725028.711797822,16719249.744777132,9406483.0595251,19753794.78174416,33213086.392661616,30356077.174086355,49009508.21182047,15046844.213422136,4776925.472521355,5069371.8792311195,19953060.4724777,14017833.041905375,29431919.07298171,22134642.03837297,24270605.854697447,12348140.393735228,22585541.28757733,22742651.543773793
FERMT2,89433460.87265478,30938761.336619787,1603198872.673764,381908771.1591736,670380272.8832343,140897761.9386221,140014009.70632052,97546296.26408663,587562581.7400602,102100950.74974568,481577944.9572729,259826040.20512033,426613490.0545139,143427506.61941436,535698281.5162288,50687021.86028929,679832997.5040797,893109793.1665691
FERMT3,7848448.413259054,4499565.755490339,462724.1345809186,2798748.6201197575,333027.26606538804,3981856.899100763,5138552.6168412985,8863866.911549767,5570357.004862549,13998723.358735418,3938481.010652452,8007329.3241913775,3703253.714511471,15764160.963228766,2466727.5474932427,11020135.752876632,1343704.653860798,4561572.893021827
FGA,927560281.6437237,864743183.1465552,2649362695.4636145,1506464739.6227589,1396228177.6516054,1679910314.662172,2165054463.249955,1987243576.0590062,1359602989.3318815,10686127040.470121,894209195.1547043,1344975103.7289429,2139768344.91634,1359870445.7230883,1820775889.364333,642373225.0144335,4748660658.493813,1216478635.4465907
FGB,821154464.7263014,632577713.4922705,1757810214.3410523,1388194702.356322,905333868.8401996,1442964306.5841005,1696025647.815597,1174172622.0166411,1293393435.3551812,9146749010.806026,828916862.1431289,909161617.7678987,1395948627.8114133,900082166.0789833,1496927698.6382902,428043566.2005889,3580036215.984033,1016706350.6040899
FGD5,318774056.86730593,229878469.25533807,363374292.4214995,333601949.0704985,251493629.8077062,459961635.6063726,451970195.4542955,337540540.25155574,284510261.1479646,138777965.20121482,261590879.73189303,378996052.0718087,135859307.57146165,253441770.18929332,72652673.69432417,167346756.2735275,366770569.20467824,297555828.13383806
FGG,1351568549.288074,987198565.7442001,3536163625.8863587,2023613389.476255,1572136753.7067585,2080480024.4597461,2104142531.120942,2194051364.9098043,1949919677.4823155,14050066560.71582,1315836646.2326436,1640221761.507253,2013364308.8416457,1627641539.1653523,2064822418.2640014,652016519.4829267,5334852225.027483,1501759057.513297
FH,155379561.20436978,128047489.01485965,214333625.9204082,414113851.6891954,179342800.88277385,183849598.32393423,125472069.93230219,82559278.51899551,38248104.2698035,38591399.97829569,121399914.59264101,77158874.22366169,92122307.72366396,178186289.78628767,94050088.15560369,91924633.0293818,116074444.38038515,307249267.974121
FHL1,256240295.8356708,26122105.324195046,1776391681.9871147,39641102.95122506,987659824.0307953,113603588.97851458,449809260.5168589,112185052.19394806,1620467262.7193642,108666540.43733853,1111573088.3721132,274763965.92739475,1001351774.9399278,120455322.76939926,1186206542.0538864,22508568.537747122,1400209111.5143528,21348388.03147798
FIS1,17449264.121939957,33633845.36423225,4592495.1101307,19638432.650933616,,39188593.99249188,4919116.765307456,22397304.976107266,7955258.031539021,11628055.173343347,7298767.408892619,13320439.913931089,2639663.9068773095,21848248.122242022,6001581.006033489,29132091.50227412,4034704.1124695535,105440199.40908846
FKBP10,2949054.2882612804,40587992.61491418,2946341.6996350447,12827811.875360742,435411.76370808674,16034391.975025658,4212181.097577799,12799366.045507953,2336918.6427309406,11194072.141820451,1253372.9704946186,52748686.94884279,1969883.992507219,23888014.86605939,1232411.921446818,20449191.45490705,827539.9645620141,6500461.088663775
FKBP1A,77962467.37609413,108869915.50469339,134094572.6395987,151493444.64837486,108948734.04305136,143281212.52066863,42782918.96112347,108229439.14727065,80245750.74618527,38848869.493189104,84444400.55410796,78771859.48590943,14704623.29172982,46883897.686234154,9034226.699864779,89305659.78161246,81907284.73150633,80218173.24782455
FKBP2,69925926.22589442,59134137.54662573,52530689.135402635,115883375.98550822,43115713.27661421,126966857.16982032,97800239.5034802,122556159.25511298,27853191.045697667,31681148.095031228,34056834.718590066,21531984.14161499,27283860.542836484,73392213.7550138,34565767.55764069,47767903.71851592,58195430.3100655,78389887.16889213
FKBP3,42887053.756232746,47961640.38377321,65269473.55104044,132296976.82544617,59586823.3402621,147750626.08409777,125229416.42138815,123345480.2273294,26784038.03955982,54581549.60937748,31364557.928849965,97161566.76504093,22903842.27694682,102819177.39900039,31520048.57738647,68483955.22389138,36864775.68922106,131623758.53677382
FKBP4,41721076.09815551,30332095.132372294,35823826.15615361,133793415.76299131,31707392.000406083,147617603.0415941,83099319.12040195,29841514.145947073,53014806.22333962,16954474.894104805,72195386.99444485,140853547.7531492,33206841.580973476,33703515.353654295,58453091.15400785,45140438.74764627,10239245.569925109,222751965.70359525
FKBP9,20254148.787200235,55872203.46607907,5705922.754106325,51691758.396983,11800967.174641443,40283442.577951856,51829574.12123329,37911935.21957007,6040888.16054407,16577024.789235111,7430272.948114693,37805159.6263901,12734618.053851755,71911352.73632418,10305846.277223948,78507185.53445044,8336777.962801026,56517936.746597
FLII,8227851.888196535,10375781.054398345,6902451.476670913,16960533.836631157,8173850.91626888,9902906.857256057,18398314.70691956,8453552.376002489,6151504.203318115,10099173.089871688,5395908.297114397,11211692.286742749,5088118.362339554,18066971.596199993,3574443.858015093,6739842.755343372,6412404.866159687,7888020.290966104
FLNA,5504500782.561832,2460085210.4265532,50874716404.401855,3188313372.540067,38851650681.425224,6358707957.931818,11592080481.596529,6135298809.33627,49427834449.90383,6503146987.319501,37566618274.16852,17699371273.142975,36164647261.75027,6841641174.073876,35059866216.48275,2753746517.8985496,41609892465.11929,3854065652.6390486
FLNB,1404567229.4134312,1147970489.286837,2430637649.2080984,3229112113.8453894,2345514309.223751,1676112671.2264078,1515379586.04767,1190020393.5024576,2538282670.175294,951246969.3467742,1965599211.9888494,1750520992.1478946,1474756035.2718468,2180910032.0794477,2601543356.0106983,723856738.4512129,2577327211.1165795,1430062431.4287307
FLNC,238998069.65328568,184810314.59882492,4153643389.601678,300397497.10968024,2914185916.0956674,394584049.301822,536451999.2255163,297133212.3109385,8122079280.675204,918194323.438513,3401789552.223193,1200049127.9418201,4608398557.8029995,269533596.0817869,3190217909.911192,206784938.39686057,4872778212.89022,374050705.6197131
FLOT1,3584550.215278737,8599733.473003311,3341351.9856834738,3619708.770408626,4272473.875682993,6000949.0707764765,14897235.306957118,6983609.311662715,2216277.436115935,2697796.4679734386,2613504.7804965302,3438604.8641504673,3872706.9813440926,3607661.7448062906,4659728.542883517,2159814.554655395,4577179.067881244,1353888.336120234
FLOT2,9172619.243465718,7424050.396791447,,177964862.61458045,,,8153342.671816013,5154057.166081787,3412094.830753162,5140835.646224379,,1778517.03632349,,25007339.774016343,1900145.452603315,4295342.900604568,,46610024.58434003
FMOD,1954113.0042363885,,1352576.2994413476,945938.2634663538,2184476.0149282455,1682862.6342176576,3175025.220682954,2905939.4269372155,3167599.9410037454,4331155.996350141,2477213.800067131,1036177.4217290712,3855356.164187026,1533784.5688251737,3758443.7144488855,90133.41140079254,5865040.377396425,
FMR1,7951243.804679839,12791872.126636382,3445322.1775823073,5700568.782629627,2776015.7161240214,5566661.805899551,9163484.788799211,10454102.710680656,4103626.508584305,6912554.203571772,2625892.580062707,8425060.549864143,3039336.651501166,10609114.47095942,4326610.1814389955,10534027.064082984,4083227.0710153375,8760174.35705503
FN1,244239303.98628736,524616361.28044516,1447438486.5726807,536243445.5498677,1852435154.956756,940720031.8944666,640861197.9217904,1017768277.1543996,2354840133.015573,1707260420.649737,1466906767.677154,2899831429.1148067,1693756944.355783,1605761569.0999277,904308690.4485718,365362183.45860106,1694157570.2799027,730900546.2490028
FN3K,4367727.106113226,4667696.892716004,4663641.132532814,21668519.801015873,8577428.441401051,6294277.933894336,7520171.539532241,4193567.2727938937,3217830.839816822,4846491.210016236,3671738.581575395,2221456.5827207635,6238481.588383659,7988242.7336952835,8987174.991864026,3757991.910197974,6021692.147571234,10425823.03369473
FNTA,3851878.453633221,35078282.60496007,16956241.342252336,4736540.2487287475,6001424.017888418,998543.297574483,16608522.953845264,7564731.58561033,6732431.93441212,11683143.02327143,4331930.168487115,24857875.535115093,5665174.481676943,33664972.07296417,6273487.324325815,31972009.64804222,4031610.073623623,6291288.582563939
FSCN1,28173237.25757283,33824244.29928608,21141246.772196207,39080953.47005661,28908670.116316702,32208314.43950271,54408275.63098833,36594225.95618679,12999435.12483779,21504505.92428145,39072250.26751579,61774289.90153797,15247895.21560929,45536821.34318948,16244760.829586409,29345865.077487387,27144584.59701993,38293465.89836635
FTH1,7856028.163725194,2174749.001154306,,923188.1047187016,,1110783.2626184467,25282904.57917393,20253939.246050585,1670326.9374671755,17157587.157778557,3319589.967653499,23392091.271568753,2351294.7130966787,10539717.447298275,6415877.9531946,3997817.9217673913,,991036.4809441314
FTL,87149568.20426862,19343219.714404564,62957042.933615245,90376736.33740374,70325747.35387182,130051527.75491926,120008277.33831449,133674282.20446798,17086206.593828313,189746393.56584078,13115391.66695008,209950413.80040747,12191818.031597178,69972243.41723841,28821183.78043541,22674548.42071485,65911524.26756207,31141269.42382866
FUBP1,81578717.24745855,135934958.88229424,58581173.78912591,131771408.49297868,56565565.678522594,144967407.97678313,136945666.0703111,108613030.46798217,5020325.726643602,52624241.04411036,23268261.374649134,91684556.57267937,16446249.272906048,136339999.41240638,23703668.734813556,125286179.0395523,46141567.9871566,320184417.2875922
FUCA1,123993822.32187293,18099292.042755757,55167907.09515837,94971382.16839318,110643324.26775329,49545589.86536614,218442118.311687,60791480.542887114,32122730.015575297,10387269.245967194,38953637.465453245,16716608.028678197,76518513.55287965,90868568.70891175,42089727.73553314,16192798.213815594,24962671.729719795,83313090.34866968
FUNDC2,15825721.45233857,12693352.689244611,27521433.340883717,32838790.110339217,31407019.036090184,37703499.97864797,16197808.515479617,11931793.574056633,15651240.883257538,6337290.878718281,10069267.248687562,15216084.327381808,9921443.689170204,20610132.38954723,11055736.92152176,9450075.162516622,16121214.233021831,24686594.73664854
FUS,187800697.8930218,382693556.4871796,167837160.64490804,362790362.0616156,160914497.5825185,600018187.1806387,286254106.110379,287164208.57147807,61390537.66607451,147950235.63369155,70975689.86934045,374297633.29290617,63360828.659485035,325135866.4128103,55317099.77652635,311576440.92204833,115145485.91377556,764120690.8308934
FYCO1,31322791.79744876,32450039.452569313,20864931.315355696,27524127.656586565,31521651.050968412,23129321.154310368,22909866.737811536,19129759.469444662,13450981.880596329,25334385.18341966,12482459.361392507,27424593.099808205,6395129.639590129,49935661.187329546,2468912.4547551586,22284182.357807036,16037218.670590963,43466990.27119271
G3BP1,45796361.38780109,64573607.78664552,28118064.614653155,229851791.49842656,38897023.95534363,120097372.83717445,43575596.48778799,87833136.63825677,9071278.024613637,45042097.29670424,14795007.351266569,80272345.41094285,12706283.53475111,110540525.96288382,8686023.733940065,70517594.49172947,23147008.270381495,112585796.05739516
G6PD,13834444.087026954,39511071.16724542,20038710.01682018,72647686.92800748,16217362.985225428,47259477.50836149,68881381.95508538,39888198.32026492,17282380.211893387,50367040.420712315,12226677.504855558,34313723.05173228,9338707.221782265,56563597.12003462,3392042.2763153524,17485182.1926806,24203686.238265365,60431105.750099346
GAA,3272897.2621669397,4132579.678127402,,31411707.507711753,,79982023.33273658,6476523.520273977,28159551.706262335,4662964.649411658,4821946.199730711,9917567.91260444,4057575.5018087574,4100291.0987783326,17334678.0644366,2321790.9888966866,13639814.042501992,,24535721.14856795
GALC,4306845.882042595,886531.308829997,,,407138.8168978069,2161821.267554882,5878221.63105653,2283948.6783894384,1768499.5701233156,,1860907.424801952,1720618.2063217154,1297191.4533423795,1065954.2042306568,681596.857320145,2252997.456229246,2403117.875778219,482445.5019855697
GALE,4362535.357909799,3458179.5202847645,4318384.021364238,14124855.414565269,6296400.980497799,6822212.123498372,3975848.092009555,2310177.589590589,1505085.2690882068,1269610.6689579606,3878101.9035852,2068079.891791,2698123.0236167246,16925859.72102806,988450.8412930396,3774372.996085435,1884783.6536271311,3883612.001511648
GALK1,18979898.50900653,15661267.443404065,63810143.36932659,50364777.14063665,40521189.08384492,45069841.10838447,23362002.833849043,27182587.314031646,9773529.051353548,14021380.866874386,27513817.59401943,12035075.799221145,16247694.070636269,71002782.38109331,8386118.080406079,18730071.335518017,26183462.881349757,165656153.31547686
GALM,43103371.40893738,11831756.860882226,55685813.927301124,69418409.20677444,51450944.885567166,61739315.76969015,60500635.0859246,62265623.589643046,18799823.342138104,14006866.578970686,20672049.771298718,40644577.453085184,1398633.0696069782,36986576.92317887,24364096.121217392,19733083.726710923,21069331.48238565,145541865.32715
GALNT3,18743989.990703076,13989683.652424159,23707298.290214747,82768503.94924736,16176456.076822165,63276617.71670423,23535354.352752145,24903487.214467503,833025.402206725,13577345.511927232,2009221.533074428,8798277.796134088,3526358.6858074013,62122549.744836114,7475904.204586995,20272743.983002495,4940381.170984557,73527223.70166978
GALNT4,127445115.20873252,110038941.63630366,65997089.55647761,211962105.41046467,77963398.91440448,199646630.16245317,73060640.48551723,44929849.94785445,8310883.050916914,26310013.28612288,13763534.26979311,51374826.24151655,24630672.084321607,93202185.8597829,9430176.580001887,34930973.788072325,35769244.832247786,233183654.3688532
GANAB,419472075.96221775,445013965.28879046,444585175.36824834,926738505.0534476,541487888.4935318,934561853.0183095,587037699.125745,481497679.38069105,131384977.28289613,194418026.38300332,194720056.98915648,289246174.7357446,178333371.44472465,753224409.9623731,156333336.57132727,284570353.7616217,393390513.5820213,1029134794.4342644
GAP43,11525651.729476314,1381498.3662209131,38532285.85881011,1829823.2092948123,10423985.721667474,2453771.1530231633,21598774.61615096,3819988.64909226,8026338.298435589,2072932.351400035,27823127.826770484,1030162.6719557092,8796494.141719598,1812397.5829132432,13411722.574824885,1255684.7974948508,12308994.12801938,1882854.357155164
GAPDH,3065052292.59275,4777558831.026664,4009423835.3567963,7703755447.014863,3167713686.5430746,5674500397.113368,5227383660.193439,3868105824.9008474,3376069860.2062097,3024511072.9554615,2747410116.8101974,4825563351.301682,3283504224.1721087,5936636589.115129,3300676172.2790213,2799357850.593927,3365387016.335519,8198450135.709333
GART,190427219.2167268,107431121.23154831,178500028.52173588,159224909.94013104,413877649.57211685,183359877.0623584,360929750.4724162,124647672.07709607,179124366.81412587,131065601.6712752,245972736.13229373,200109302.11179674,226346201.74163547,215121334.63842198,278959897.1473369,135039472.0062787,143129707.26664543,183530345.2639957
GATD1,4194133.487458446,5170524.832788618,3843812.9362364104,4811135.012599916,3120688.157268723,5128935.646860113,3227814.162643023,3731908.578480679,1554366.3797227915,985506.803597572,3229171.461061579,3652210.824320277,2511829.924048512,5440474.58868801,2529104.3829155336,3537081.5730722775,2896380.461093706,6281920.038108796
GATD3,193417992.11515808,137830251.2609781,233495434.8826198,634371740.9247957,185100086.8542116,272132185.7405509,239554963.46372032,222233348.56632605,72013074.98082878,81775885.76975676,84189295.46843947,179000690.8495463,85585383.3536371,188243641.1180965,92262468.92520873,124210397.33276632,122336144.94201815,416078681.5032328
GATM,1069577.200676024,472735.8989273691,2283137.188453117,8536549.240768295,2885559.975514063,3514612.1244717054,2200949.8658508775,1184181.0232239338,269117.00247501873,366820.1067310688,191302.68070630735,300249.13908912963,244787.4324971772,956083.902192134,283309.4599031032,759553.8545742456,1367224.094602393,3044736.5047079897
GBA1,9892925.770774469,17095275.978669684,3344932.0022582794,9811167.07163122,5487591.953934805,5859257.847681222,14296915.070417125,10575364.137576578,4905376.124625175,7439316.511849104,6006387.783158611,11159107.22617795,5844850.025223603,16054414.432038745,5936402.736500785,7391983.10395568,5959077.87072797,8667815.65503958
GBE1,18039773.06101622,23087185.074758817,7353972.027904868,29847321.208145794,13326327.028407102,8367755.131550743,32669634.50744514,17853183.43261773,2705375.4385630884,17046420.85634842,6702484.231622408,16674735.499443697,7396618.188305509,19100686.2174967,9232605.347722623,11094831.16972239,16099759.876633927,47111015.1416264
GBP1,8520549.043652548,8793287.082623737,39869321.745558634,29041739.912284836,32738139.09372805,34777058.23583141,23100706.75677606,30998986.678797305,19985510.443413064,42012388.01910214,20101140.076864038,48635855.39431772,20376387.609686047,43207720.06144205,9735467.1772808,68221413.13944101,56677725.13580245,13037657.855368216
GBP2,1969551.403764042,900872.5828416884,656621.369354342,1033813.4292903488,1940294.561696408,2170120.276934221,4677086.1289411485,2632681.744857763,2784050.895397799,2168979.2979914392,1963983.800097233,2925513.797223402,2271829.507751284,2640630.357195156,1921859.7660947668,4459976.536583056,757125.9136994191,2011127.801923632
GC,67601651.13377349,12359693.542316418,57918010.724004194,65106493.65780432,113531543.12121233,41781542.87079651,85510082.44225395,45011289.40686067,36969188.18983091,37147511.19151711,66326473.0980882,16940346.503419008,60307166.958999604,23731684.643678516,67611588.25621594,15279826.536584245,149271288.51001623,45406492.79741405
GCA,4263977.90045615,16049025.282682493,4021992.4510919577,21429741.06689645,6310402.784359174,27106996.52277038,15941496.345806133,13135211.695574217,5848814.246791579,92937614.31323066,1494070.2041597692,5231417.329296729,1155516.6030202527,20221089.203344014,715483.622871871,4310442.729809839,22316653.936689205,23248484.563379847
GCLC,5687834.417919993,7566278.998530201,4040773.0881889346,11051218.232020425,4257760.196511792,9525022.620115992,9517093.484289918,7462334.772040657,5685187.632108309,3277778.3876487645,6048937.566170992,5876575.765616202,1614191.1223063571,5863578.801124699,5339192.964403822,4691769.3357569575,5253112.851991099,13596711.310736708
GCN1,7989298.334240384,19310491.940512296,4770479.280187858,21787085.494973317,14609211.97093252,17055580.947712537,32866036.01235998,21034147.032980666,54652307.42084573,24265068.846569598,33632615.7567988,11248841.567673095,14240972.694908042,17848245.504232474,39829789.61162813,21436882.78719948,37374416.85869084,24728086.913499672
GCNT3,1173175.351277453,3072669.590535287,,11678245.473981898,264158.3543908449,4745732.74849253,1705039.9254257209,5190942.353207809,1023123.9131224264,1911495.111706066,502072.92168190144,2399631.0534505043,,6587372.292615736,841221.9130319511,1703363.0173763488,1643470.0420677338,
GDI1,191622926.96999085,198786467.90099573,255772305.79563683,512396725.2998556,351044386.1747833,438960735.01087433,331584409.99006635,260470105.50569588,253294805.61220074,189742475.1733125,253003694.42618492,271134003.68921196,204739359.1886548,417701681.59731525,218952319.1177784,233655065.7953377,255549163.79991716,408326876.94404
GDI2,522273518.8852724,546769546.7940614,448396031.9813899,1114932830.0801618,536660112.66450393,1039713713.1557075,894942702.6895989,739670652.0509369,308854269.86920124,409265637.98276037,344857239.75709426,618644752.1340762,357519738.30508196,945811494.2406322,311530582.3604576,601621092.2016615,440343405.678738,1163512103.1977658
GET3,13264964.327156236,11632334.994816322,3983503.11243802,22310004.497256037,2100028.755221384,18187391.260716096,18284399.727935817,13452531.153205732,6255355.782535495,8911183.607151138,2368760.8597749155,13013857.92193408,4833708.867016159,23762766.67245174,1785335.3797336605,9240058.366949392,8519694.129423343,17858959.29933064
GFM1,20842803.85229758,21429302.73075577,69700558.05695987,15070354.396019293,50210318.24325874,10451203.916659277,15594368.558332916,122352086.86197256,622904474.9164492,202095153.98440617,314603219.2742043,398202392.9220059,69746192.72966607,32281019.98609092,103622604.05837326,11174775.88581053,70470528.87845744,19099840.026405543
GFPT1,247077836.86825907,247757933.8949797,161034561.73012406,718803940.6936338,218918306.31232634,374145007.15090257,317842433.63523877,342389170.5091533,39944194.65035154,171167795.69450995,101118945.97432116,160574045.50424877,107838949.22653618,676061711.3550429,56392760.91198883,156492758.24241337,137217371.2537515,839994071.3465167
GFPT2,31637885.84734821,29344090.630041014,9025024.830143107,85712307.09703498,26296857.98482837,37503055.80580434,43260182.45668688,44290013.515920915,1912694.346240623,21584457.763334323,12695344.79069881,14949114.24157292,4207848.146870596,35826539.31399899,4314946.877840224,18017423.11767316,7104901.955588641,81140586.47305624
GFUS,18801465.188777264,42526133.82409274,8210776.257922613,51738910.045934804,19971502.826054346,55688524.37645315,51305502.37198209,70087980.8994484,6359615.9358483665,32923935.501478117,13122754.44285668,47376260.15157211,23281608.504860435,105606616.43119882,16142490.587994313,25602639.877967454,12305001.943824694,42996432.909186974
GGCT,19325903.354249146,43656324.79594701,14469700.422465798,169022885.05410564,30524964.56509365,101762994.56094329,22848941.257752866,9401136.340055909,3313712.118346245,2263929.226417747,3929204.788063205,15475530.644920805,6774831.42850423,31049666.892648563,3505938.940912354,60475547.71085639,7596882.969081393,232930714.98395842
GGH,84449723.1796734,143343987.89285004,54905794.4060232,370718769.7897138,79853994.56421998,169778594.54451522,79285133.09865926,38676312.09203669,22905886.61928266,26873400.91838129,19574443.288224824,128977885.32856822,30649421.59646076,74948002.39670551,25245154.202189274,281406066.6684972,113314129.73928264,215946200.40923655
GHDC,1521985.765557635,1371436.474861232,482278774.7885408,2947522.7147913454,107469417.5370242,4100177.3536785897,1328050.2679028944,3916833.8150674817,2777693.2390176253,988676.024045582,,5301525.3184527345,2309526.484834256,1715684.7640278568,55008500.435452014,1460734.5989879372,95640512.74897502,
GIT2,33361865.230760388,8595315.329206672,9169485.914314764,17201809.13263589,40822458.941947974,18759638.277249884,26897001.38811135,23105130.866278,12068784.009929908,2396357.2138315197,16954832.11947755,9995781.891967984,15006609.647204312,49417208.72040357,15762714.509940255,8002533.836842477,15678548.549642932,8251039.323753216
GLB1,37704657.95981323,32261115.771741483,14748324.161433576,52585602.148794636,27767168.59158956,43925949.6312848,51356291.68202619,28134802.88103657,8825422.740258,13495398.580072181,5629527.676062027,27241050.862841316,20340382.30499962,51349559.43959418,4464088.987784709,21483158.836272262,14912780.139734695,95209269.15594013
GLG1,9440585.989951292,7734269.630778414,6333287.626824517,10925330.264520692,11756299.946146118,15473614.463921964,9729027.15985792,4444231.561243966,18457508.877044715,4575716.041655511,4046343.476704228,7156235.315661123,13911526.148287348,16538378.096950658,4907987.923039888,5266971.90706367,6908441.415019166,8724081.57041446
GLIPR2,46533388.89600897,21381765.379486773,118495768.71983388,18653161.291170098,50956281.42664926,34456200.277215496,101602491.72277501,23915274.882634215,79586550.50665537,62812431.62416153,85289553.85347527,46931936.283531934,68860153.65952836,38500905.47068004,67911957.07126625,11957392.567746323,127802984.70814726,20534202.11034675
GLO1,85192316.90693684,129727679.25161749,123320779.99267963,153724438.85780138,125525568.78236216,200347182.34848368,127611206.37005776,92548903.79499471,116682782.43029988,42615563.421056286,131450722.06116381,95934267.66598248,66914611.80734366,123243882.06512703,100328559.8171632,88202022.45962492,92007552.00739774,277920062.3612395
GLOD4,99875753.44475502,64149708.10515644,71239693.30666253,94569391.13026291,109981670.91812564,141686625.151273,187037681.05687487,85368460.51254353,33195949.719087847,31257594.564498484,82431622.40680537,122450277.3427836,54348104.95570223,87617170.98712409,72996984.89106622,94331875.81279105,79935312.9590164,142328613.75689623
GLRX3,20720300.367731232,57087875.40214735,189708284.85007337,1087885087.7037995,426518744.4453493,61245553.77631654,46352397.427921474,42197361.7696204,10429651.686442567,40198183.6827783,16429972.828846164,39522100.29987462,23554871.045760687,63107276.389453,12107356.281108659,50776766.47664678,130632298.8185195,373530119.49980694
GLS,41102444.47484813,52707309.66213584,17789454.391041674,53444741.16646248,26377200.046960276,33388454.479428474,38851193.20254751,21549879.05220295,10872652.756372238,17688941.39941155,13713759.863197437,40729689.708141804,19193079.987759292,34796209.615311824,14018944.795230385,14997068.991279282,13115170.640489597,148534706.06732932
GLUD1,322774819.7761879,376048513.4954104,288939546.7051436,284224960.7091358,271714222.7361672,340435206.2430366,446730154.6852175,180618950.2576169,133645269.24066912,166850574.92067984,172967410.10866886,225952239.42291462,194612121.01462382,463301271.8645768,139780063.4086891,259132693.0274238,146711934.759194,862125551.2818464
GMDS,228967067.5541114,149186162.18144357,135984348.87907237,679512561.2575045,244024729.29036623,1171055541.4487743,345125304.1716466,302951024.2422091,35761193.95598543,219323345.74247295,48850791.711783916,101730125.20963132,52594927.90477464,495386991.014585,58323006.097990155,148166403.61652416,208300190.69126892,749247683.1429114
GMFG,41704709.418910526,29389489.254080303,,,,,16916037.4552711,40850644.857097,7774728.497438107,52417601.64659846,14158009.683866853,37086480.61033487,17785402.325832196,54413164.70176603,17063759.197920952,48685066.68344059,,2882574.590315257
GMPPA,13204016.582631333,7639279.8654453745,9142056.663210573,15707834.739439014,12797679.580922848,12700845.571941355,13870438.435745446,15445294.645945428,1748712.0368699096,7234848.465795303,2773669.6788860923,6592786.888758157,3882152.788609548,10304404.284175768,2756641.0562577653,2058189.107282614,6871723.20079276,11750130.189875614
GNA12,203997815.1108899,131993888.29167502,150805992.24254012,103897287.35108335,180110067.03911465,124638307.4049378,261856768.5569198,153780391.82354686,132640330.68155864,135018996.5292272,160590534.7488274,102881787.17109014,103980194.93975893,165234730.1885807,152274807.39063573,162676689.13352048,102634636.35726206,46349989.07339349
GNA13,22981227.724641908,16393503.00937557,17010935.101540804,26894285.68492447,15576051.643328292,18374585.102572978,44090369.3910677,30660498.258447494,8283933.234274983,9776721.806103265,13677612.206074368,19850858.19445219,16539393.714093223,28054074.139778692,10723590.779016808,19894602.906306155,11347843.12796724,23267626.265558135
GNA14,35300262.49499455,4705807.3487032335,22215558.913633667,20687504.10396833,36120055.53712625,2551768.1704728906,39450183.692832865,39323238.9226558,21130554.23923941,17189765.92839767,29175417.589516025,20500247.495951243,19735859.289490946,37513707.14998528,18314770.14784301,15135778.19396406,42032132.782510005,42037814.00538429
GNAI2,61992599.99364911,45149655.78178267,63203100.65486149,78246613.99767597,82386195.09461471,82979964.526523,130848525.96711701,62147225.47118763,52597688.16542869,95369329.05428758,51692076.46265018,53198549.25658694,43476574.26008511,69837716.28419238,39711898.60684222,76267015.46701024,56070049.32935454,75693581.94257557
GNAS,,,,,,,4803162.799596141,,7838839.807032687,,12240446.311752554,,1558335.055842956,,,,,6522377.765845414
GNAT3,203997817.5333516,131993884.45530245,149199175.18014526,102798847.73648845,151263368.99130276,125432357.1367188,259060724.4143632,153780387.92199668,132640333.63973564,135018996.5292272,160590532.7048567,102881790.1630048,102876805.87046298,164347531.29532993,150661846.03558248,162239956.42774147,102634634.87817352,46323872.24135661
GNB1,96190924.25055084,106914172.05711895,200858372.91869664,122768870.36055468,110201893.8570267,63166200.22116202,191049658.8269315,113020621.24383803,107231940.38944788,80604745.74341226,140723719.61220944,103638776.89730668,87618724.07989459,156457426.80201215,57893905.50802146,81614828.54298285,84737884.15976825,160069587.6708585
GNB3,217166350.35914925,104753344.3309936,2033443.4539286976,20211200.69063264,26788709.652978744,33105030.184452698,192732500.96227455,142201003.3838248,158783884.6668822,78211328.98243429,172767824.16722915,178873817.83544204,155937660.31764767,207746491.39470097,147372864.73517606,127968983.12561074,25172606.227273166,19730211.35242832
GNE,15189903.37903514,7477995.020619357,16208600.01551219,35606861.055774204,17352611.509745188,23514829.86009866,23928915.06465088,19829726.768816218,2892216.029193927,4717480.503407243,8859203.982951924,4726339.272019582,11609946.087872358,31232326.798027,3018224.427228124,7934872.906276115,5529883.0807937775,9511149.167667266
GNL3,2838174.0996598057,6073454.302211252,2128327.5441808687,2824388.1554918787,2790689.084923946,2691371.853291914,1963351.987392963,3503646.9839470102,1089054.8263077335,621206.6459579396,3128239.930779666,1918636.3701863368,2580982.319432985,8361023.836029983,1012460.5774811786,3054744.4510212457,3514008.759482131,2867358.8476099283
GNPDA1,52508505.559596494,43487390.945639715,38830476.03869267,104952578.38767311,12563344.258996207,87980068.01693958,48757310.87912216,38172862.953631446,18418004.295457736,14882999.724133264,24801262.372906644,36208326.65803002,9862068.515285563,83169312.4093059,28036710.14202927,45245050.321594395,20849676.399664253,115571935.66398843
GNS,20306863.56203652,19864401.997634172,9843672.907964779,32103684.568232212,16586524.783753283,57448905.077047236,29643905.50566956,25012382.24280034,7479900.531366869,14770633.383933293,4760551.431192382,24862320.58545486,8067566.748575655,32340955.77655331,7404672.112577193,19577903.75698555,13512889.810329642,63438556.24073766
GOLGA3,11140658.753511846,35849796.36676776,15301537.758576538,77756647.11467448,12631098.993532067,22102528.188248094,19025480.65594521,26982673.894945916,3950624.668731774,11856311.25525928,8727791.989188638,26958171.062857658,6853569.666245259,27141288.03956132,6475523.264639622,10010109.563564472,11704882.976178784,128247504.73608224
GOLGB1,4975678.926163442,25699821.950797424,61113916.45275293,84396119.68030757,54336894.39170992,43915095.14581735,4003818.4739247416,364893.3599175264,24391646.87010949,17912169.1409938,3502346.4092742214,12076090.273659252,3621807.591686666,5804386.667154546,789086.8075742977,18165263.02396484,49699904.11738871,236153581.8109063
GOLIM4,20352199.58971055,25689798.74314244,2745242.998784148,39693097.32517374,17155232.493359003,26564192.31403755,13065705.349083474,10801604.66846325,261511.6230818102,2305931.2644711705,1138751.7960806603,4997272.419270639,4596694.629671184,17012271.81506374,2624083.204973035,7149171.2947740415,9794105.047885478,41034965.561727464
GOLM1,56902691.29804594,35520219.09932786,23084918.99877262,146338592.64008564,25357433.29032741,122291235.90570128,99224362.43897182,80391744.787052,8672670.010087932,20835800.176390894,11750092.470779529,28579275.79329314,13961635.758318678,135087255.01029775,4503379.170518238,41815264.00109886,12466138.07137837,118160564.56848247
GOLPH3,12102983.105901906,9014379.73126306,12518864.802069789,23046441.372132927,4989109.438568977,16772699.261642557,12610963.991238086,7177908.20009549,3663591.097505544,10049713.846349474,7867813.164047564,13906897.187650405,,25004129.156749,7412272.896530634,8988199.41605426,11493326.84979806,33238512.468600113
GON7,1071382.155253482,464893.7264525258,1802414.5024143448,4977510.078757581,2439040.1358641377,4160116.020432753,5580041.06774313,604859.3947251887,555160.7364352846,1377379.0195227407,1203152.19302855,524852.0356468823,251664.4227055643,678317.8395602031,447258.54920620465,528183.8128113786,2248245.5863167765,1360943.4864400036
GOPC,5312107.497859967,8945038.952268634,30395380.67321635,7029085.865488712,82055163.45205994,3520713.935769122,6740222.470935864,7842822.952693272,1969931.8128608572,3753933.8587679346,2899707.796336182,4651517.200477883,3626150.942120326,10480561.05486454,3647504.307874363,7645204.609607106,46666249.194586575,106540563.5478372
GORASP2,11385971.16138113,23729519.852662787,17706173.63150255,56241817.75650877,4687992.154926732,48349015.30859261,23752932.569493093,30933476.17564695,6278985.153101897,5540495.701208858,2966418.3376445463,15317086.55606296,8370264.042032622,72903369.89082095,1516692.299914291,18513974.371825293,,45815453.32150149
GOT1,200402215.24581584,85296032.36809033,133893344.66929325,634129169.4126109,196097554.69217697,166587226.65483597,206182349.06189173,121742798.54397018,66571665.92977265,75404157.42022708,141190671.71670106,95860765.49870759,69345264.97407438,169785667.55978483,110535008.45988607,79194382.55758905,126818109.83832107,564273089.6698163
GOT2,65989379.166583404,233071685.06412482,92634460.53813836,209545712.64479432,129903242.13561085,141325128.40385175,85417989.14105622,105993660.03288378,28962674.67440022,35248406.43003168,72541307.66559914,90382996.1950865,17718192.302365966,178017281.45821232,30201665.951131094,99840018.50875759,40269505.59197499,257440864.61959413
GPA33,217577547.4362832,27780397.09454177,165765797.10156518,395935305.84202886,179871231.57544023,209355462.72009522,173348630.60104197,190066504.84542406,17018266.994391114,41605289.80710471,115871782.36193961,26807330.29890899,53970734.71024394,178177334.23573995,54807951.440795936,80776445.67772391,113099850.07488936,343434106.2274585
GPD1,2042322.910988558,296890.93973883905,,350615.02851286303,,126272.1844135316,684957.2728206367,916653.1884547475,344962.7789807655,121016.31275130206,1980108.008135479,156543.83475521905,3126543.289858542,425138.14972020587,2142126.119801369,159958.91077699026,3703613.245676307,889113.0802898756
GPD1L,28947697.027806006,16751814.560708616,45769565.72469886,59382423.179862514,35655866.11061475,21923811.91715609,25273879.469401035,21006203.566496916,10449413.589516588,6758564.371230595,15116622.98556573,8036316.100438304,19705913.981888436,27066446.73779058,20735893.021615695,5179356.870586431,7235785.165500844,53583590.59020449
GPD2,28491165.284466833,37183695.44826188,13386500.028579148,68223979.31629454,18037244.41997714,53774104.283320166,36118284.66361763,18754464.206629395,6020380.450936956,18086063.10106921,10705376.268615104,16550145.248409497,12987363.218798054,46885369.3174328,6079471.912952597,14155156.236090783,16390966.356388737,102215726.56527585
GPI,727645334.0557679,483230318.7962443,625367485.6673708,2117715006.5829992,1175488130.4027624,1502297461.02211,988589514.1735125,636522400.9844283,642736264.8245561,784822268.9557598,566094020.0704172,744019474.6737536,559219094.3471786,1420612822.6706872,638105338.2072864,734942530.997851,672650923.151377,1328811824.1453614
GPS1,7861485.931465055,11121048.248728303,3952930.068728334,9236516.915293831,10559204.784023032,12151714.925550507,12598452.205326729,8013131.221347701,8918476.402659629,3826225.653039021,5777607.751836238,5050651.331545564,8814731.135937603,8014957.87116601,9896633.508789022,4529747.424996262,11476098.0287599,5238046.689981397
GPX2,22860939.324538607,55378256.70004782,18216638.33208256,93876845.59133872,38635313.50695332,103216882.93879108,35099097.43990139,14541811.7673846,,3502708.026389833,9879817.68809636,22133488.967184965,7562725.169344965,57021870.5275625,5113267.61703128,51843232.96818864,10580415.794994513,126597102.81227808
GPX3,24145667.214849584,11816112.362799924,41837080.78271801,27648399.7433191,51335816.51193483,31750936.485017218,112391181.5629702,35602751.482334524,71781724.88452148,34600568.44577348,65055171.427466236,34490128.44662117,52784031.29260178,30109268.77970697,71260759.08811623,5047200.391124146,73369726.2615416,22086696.767065
GRB2,19209235.481778488,19610823.069437537,16271627.23150574,17836960.308192518,19271034.44777185,23009466.809754275,18170765.94140728,14043892.648331791,8872463.721825507,14551002.371406203,13329391.961300878,16290722.881674238,13232938.27789516,24204972.474320453,10633676.481785713,12901359.030351743,11805980.298621334,28566000.158823498
GRHPR,28692000.728785392,32276824.2172518,30040434.204625838,209564882.2934749,45536164.08607548,84838047.0188808,87641240.96770293,15783174.262687806,51632809.6254797,30662490.9075324,42864818.14805197,36959043.081828386,32933004.18843694,37574469.17693257,43138077.56092264,12673205.382706562,65788597.05992898,36527650.322016925
GRK2,29914622.81064027,14868826.302972816,,4599744.2310124915,11106012.500258612,11438968.128431078,39483427.091331944,20399632.01595092,5950702.490949125,25742285.81674689,14016834.258429002,25227021.789566968,5199908.037611949,60098153.172748744,10380899.598249052,29059561.280513965,1069013.805653351,9390896.76742486
GRPEL1,14059232.191304645,22729909.617136136,4292419.478094759,27834955.538727332,11019139.18799245,19615439.728866342,12972319.799319305,15289006.155571248,722342.0978066032,11111538.112903949,4298213.5494343825,13600013.91483432,3790977.70740705,14932138.729363805,5068510.4881597515,5159092.113121896,6270577.906544218,32007547.799066655
GSN,405154659.404258,281736150.7491145,1864126900.2822711,704368370.830877,1046938439.1214983,874896124.3766212,922417496.9371928,594067953.1221011,721492028.2707658,342521662.2529469,1498343546.919685,682804501.5085651,730284951.7457532,917490007.3252002,858755007.9898536,432097517.9114196,885572010.5082126,223288943.35085
GSPT1,11006287.225960186,16481900.296373488,,24465877.707421675,7743776.662319021,12571284.303763108,12608615.678721692,14591856.548415294,,8025613.660435728,6992209.619862656,14587314.691763677,4651549.567682433,24257098.219239406,3848765.0122115896,10725229.491508016,7651312.408993599,49120417.87161521
GSPT2,11508958.29204202,17234405.458400246,,25579627.6346983,8032704.440229899,13116937.78870868,13166086.332423825,15184483.514098115,,8373848.332303079,7301348.31507474,14637717.740343915,4838859.863829277,25180123.26608,4009190.619696438,11177875.67615835,7948329.272714808,50728328.435007185
GSR,210731402.25340885,247226822.13888702,278456320.55665183,238757938.8595707,214703775.93960714,424356156.29801166,283953615.0138488,327110488.47909933,85433053.6230745,154281044.86187956,149976398.2619395,76075830.7871363,155880456.24887896,418035363.15338206,115863629.51655191,156483498.37276417,111226559.30539532,493896604.45437324
GSTK1,116202541.39464828,144372863.84270084,65028368.024802625,417186126.4543318,75474770.34078877,196638802.55121547,126374440.4753024,104119447.40379056,20973591.703791745,72316370.20952675,37275917.43089042,74657050.35860918,58885095.73728143,192724002.4953925,44986286.108749524,86435103.21283662,54245168.101651415,519642684.5900201
GSTM1,71581037.02264586,10669680.614421243,109797040.6166057,52474415.469165884,234050164.9055927,52566837.06699706,30519853.048585076,19471771.544560373,30542991.044760305,3891290.4655586383,54427998.870050244,32988692.00522887,41606015.6748345,18759691.51389721,121128203.2867889,21438570.688358195,44073775.785918385,14838821.508207727
GSTM2,25790360.229547285,3585267.392538144,95719739.49167782,24756491.70649675,87709309.94365227,12612443.024573183,65632861.59764986,18345397.92398509,56965274.49911757,1615584.6127217475,37840946.91058147,8799215.56050079,26089177.472661152,20895281.618140105,34312556.515384465,2985671.0626980225,47147405.75925472,1210910.7226318484
GSTM3,205400216.38036653,91192958.1772995,53905238.48054506,95095737.50333326,147576845.51264766,74515480.77555531,276392964.33456916,77565123.59781235,232889537.20501596,140568386.77167138,392190569.27525485,117320229.17519376,237788057.84538344,99442478.78311647,276937654.3622066,41116456.69684872,107224232.02866198,44341520.799710065
GSTO1,201132099.56322333,215851996.29241374,276497122.2560379,382408939.8109362,240709753.88141263,305001624.22090024,270209225.83714867,300145517.513058,144993831.14359564,201610604.4869761,168047976.4899958,239414748.6596973,123375620.91231363,345589251.04584354,140738129.77961987,186616762.92101744,180966370.6010784,562277797.8069096
GSTP1,717894129.6720006,561537847.3477606,623770250.2492337,925431994.9235431,585754492.9294205,1227443337.3590133,795819131.2817158,958752729.9283856,261989582.4749979,376111402.23731196,432679281.5843593,739648333.4543638,341381594.65603304,948985590.5067484,382443745.072372,1210156373.888972,564974401.480883,1718585086.8370862
GTF2F2,3537097.0248690736,18066786.47438352,1508059.438052136,7496075.9936185265,145772.34597254396,3080811.503618802,8133689.216439353,7611745.791148784,,3729997.503336011,488069.58748321515,7385480.963282694,336796.3772524355,11788009.516186904,701620.3534041343,12739509.522573292,1952435.8050563196,17474654.236358754
GTPBP10,1914696.349341662,3236905.0042860312,2676501.752395377,5943154.579102679,1155867.594774356,3406499.623465975,2332000.591855992,1639993.924519658,,842649.3808659712,1072176.9039466295,1901689.1225311216,1524668.6224068864,4079002.580814314,1617889.9953957975,4205008.660348356,1325265.8543729766,6314889.003208541
GUK1,13901692.120173424,10180662.849664874,15134799.022085916,13410996.34389084,21150970.71342631,19351125.903450675,7952904.134698207,9400716.510196395,51173113.579606414,16406802.98154537,4849015.921571477,2512210.1171628134,53745586.226783216,38741101.80611884,9254196.33020324,5820262.911386041,30599850.27154701,31875296.778790645
GUSB,11836386.999071252,5362259.856275944,8707417.746675335,12830674.866719026,7218365.719092832,16549834.3381523,27204750.120496538,17786010.7936746,3508041.7779807127,7023018.9649655325,4845472.187195429,10337795.55330627,6284060.484931523,14228405.962408531,2618265.379445906,7160218.176960326,4410146.502395657,16634897.8646451
GYG1,10146494.396557128,16774198.622263856,36998512.213388145,9570436.458060425,35226822.14660606,24894159.31444392,16594552.35197581,12693416.440984782,23700522.559417658,7805665.466036967,5710129.035369964,,16138934.28214829,10498447.117000502,,,1808706.2486151091,404966.1386726207
H1-0,414950290.678288,119136501.85853614,546750643.7615407,231064610.78888544,621154322.2004216,277811371.5261756,495423404.69113004,363059943.739831,267129450.40692928,254585642.78642696,407497339.222828,257749652.03587592,317739441.04485947,300875197.97558975,271673010.42671174,321443306.40421844,206111664.61707956,375587129.634392
H1-10,25882156.766007416,27219723.874303915,47290649.469475344,65855148.6688905,45871125.043511614,70184824.06174698,16468930.810346369,12793884.127252864,9025644.047723768,38866529.00338924,22712841.58715202,33377375.83340983,21064256.811930943,59730251.242291026,19233992.14100255,31609045.89563771,49484062.61131211,43086297.50228191
H1-4,4664528962.676744,3274324293.2309227,1589069040.9450407,2610417935.524965,1803271258.739908,2174976577.853486,6222551691.910107,3544331370.843874,1210040225.8985443,2541209093.877045,1965713496.866339,2393559521.054303,1377316746.9374762,2366991374.101696,1685769818.3549125,4250500145.219804,2025260269.9944475,4697943863.046083
H1-5,1679513954.6818814,2296161637.7749586,510421580.59869635,1625456462.6943054,588511491.2307825,1950211463.4941893,1278142764.5370662,1929337323.670864,305642860.28371966,866951848.1843148,313011077.60533863,1768558036.295167,383805091.5413499,2091109200.807906,314098490.16890204,1990776747.1471539,516965794.41188145,2354329930.7584467
H2AC21,74862513.98713633,9256118.661798004,26794696.722936135,81636343.15752353,23179126.17230413,113252719.26469558,224543510.63970092,143248795.1463384,2791718.806118995,52599898.06184484,7107525.922828048,12391812.774752216,24158170.087119877,18158419.16211954,32742477.017232552,27058122.353271615,38442411.37547014,146996072.5938379
H2AC4,2618167987.245016,4064469761.2343607,3582193470.1665173,2939246481.113933,2142643369.7253458,3723830361.6524987,3992413679.797518,3034738130.2746387,429024198.87744516,2367673657.7917576,1346000036.5950139,3030221534.835158,667996406.9843721,1324553194.1158345,809562989.9518039,2564923478.0210404,2141457610.6631918,5149138475.20938
H2AX,65574732.482204795,34726237.744031504,3674930.960251132,3492868.5803567413,3651115.551947006,1067764.3959450207,1039194.4811173216,48749719.06583112,40656488.59059448,1576102.2062376372,6867253.3198156515,90013345.1642113,1222504.5368181325,,569174.6494508499,26092150.608607728,17884666.98000176,195733.4117653944
H2AZ1,113241288.0668384,113227172.86147836,25144621.31403771,85711256.11346631,20250680.006204978,29978387.86986424,35828276.78658031,127531414.60906866,43523865.50344461,52753873.2696254,53490056.19792171,24856547.63671411,18982891.345301885,50219385.64631686,38621969.07731453,33322541.58142451,47472388.07766977,8393981.46267807
H2BC12,4098466062.485639,3626724162.75526,2580658705.3251514,3386204345.903373,3278657797.694497,6175506168.098847,4093147308.6508226,3344309390.463349,1388395265.240784,3402936693.59991,1477365399.7078612,3687721737.451745,1304743824.2060595,3466605265.640622,1699357070.2138605,3983418942.5973196,2261848192.1545095,6525969039.75482
H3-7,189384276.34327167,450326293.5422224,113621651.44680154,131334482.0000099,252560740.8941911,303769778.549591,526473790.75134623,193964824.97057775,186047738.83797535,149890584.09448773,320613587.8551439,211155449.37339237,132958107.7526978,381291346.3535295,249724727.2255629,144074556.02505073,169098786.08002108,497495748.8821531
H3C1,1217856909.2984705,1374335023.8081121,1914837127.876483,2408992978.4388514,1830352343.2135754,1516118311.832557,1852159858.7360713,1394165271.5596004,505732561.451666,1426871853.7963834,615914488.3589058,1238172030.040061,425619118.6429482,1656572595.809868,572853538.2352252,1351372862.1476908,1488957616.579997,2922607261.3672504
H4C1,5605242805.280553,7296705699.292656,5288019009.373126,6901066196.357606,2319491864.154004,7042223973.510633,7718614959.302615,6284622712.702618,2005799424.664469,5017188832.686651,2220563340.336332,6517432956.780542,2818058681.4728837,5901670405.513248,2335731470.2179623,6040559497.079201,2460184705.456554,8279829736.305906
H6PD,530208.5262958269,2431262.29288147,2396986.510035738,3927031.12213461,2461111.8362856326,3395235.6507895626,,1073771.0249908855,,969406.4776265548,,2945892.076546137,505539.8652453968,4514693.684194211,368073.7945561667,3342137.425158834,784971.5569717663,6036678.087255161
HACL2,5276581.389619454,437766.002948176,179483.86551830018,163516.38325825805,232445.94502250748,422276.03631914424,150571.47651118698,156141.6631818816,6390348.739040573,617660.8950281925,306580.1918604678,3729987.249858839,507801.1452730227,5715113.03563156,19025111.26005217,,107771.108312796,143392.7178934729
HADH,373318994.6039636,208484947.74702913,223042746.10106575,406135310.99867785,205047672.56588173,343185387.613677,385267006.2417392,422787951.03752995,116326579.95736556,63920327.005590074,159858662.12854248,153723743.72645795,167200003.5022239,272958424.7859513,162944214.9655528,84828298.33462399,165611952.82061705,288763874.0645208
HADHA,1539794230.8762207,1095577456.84961,728830696.472011,1807620887.3677442,559357670.9985176,1965864434.6254463,2153851720.88163,1624509341.1882439,365990315.24270076,1152075587.285945,443251910.81506664,1364325915.711729,1139199698.3282464,1079816667.7783976,1183480208.977051,936159153.8266424,390262344.3530311,2680353069.4361215
HADHB,554984261.190011,392335823.03346056,622492208.6588293,303938260.87337714,379640032.1529341,504893458.1887773,368652003.0034919,481514257.37887824,211291315.96409562,174304963.74497452,265603810.0270234,244797913.37508819,290907925.48868734,416729370.3033432,238925685.52518806,207154625.44153175,297161148.0134229,928568192.6363292
HARS1,38863759.007398754,38824215.366467595,10841770.504344406,18271032.94242521,7894505.204502534,32916108.283894543,54060147.66236396,43971293.70339708,10361544.977152469,18785415.005273607,13696841.967419289,31322476.421893526,19711396.48113464,65656062.5332416,8570828.65789278,22041821.55297982,26375293.112044893,59191065.68161096
HBA1,9011962497.677576,11717545775.742447,10399581192.727875,10481806454.1613,10078081389.41582,14272592797.22966,11633023429.638971,11579017661.591894,4820617620.740557,3988728144.3802104,8664225972.250164,6388567014.617687,12412678968.657782,10403234883.496124,10500845982.473507,3206904895.2310314,8821275276.387201,7727885712.828443
HBB,6455501581.856034,10170502510.558998,8050601677.269694,8673105841.013626,11388359891.555426,12902710662.022804,7616509899.771817,8136037135.448208,3898552602.3454905,3965816730.269063,4984207616.651898,5626500255.107786,7810500198.445377,6816032866.340329,4744613131.605182,3415328625.349761,7449271477.636975,6977659378.388037
HBD,18127010079.401253,27260924915.094902,21576590721.59164,22655893628.10059,23907301883.280952,28407768379.259174,26615321250.542778,26897748671.56817,13772137127.625872,12233952269.943682,20557352323.695316,14895945671.772137,28141892456.787117,24142760731.00462,20659861753.46976,9769066615.767443,18516534680.086906,16714846932.542976
HBE1,17613813.521569267,21115253.967629716,114039096.37780346,156189692.55005312,9892978.125429131,43351152.28139291,55766878.22605827,30661294.83630358,12407755.425652428,4410415.96464784,83758028.64534688,50212340.5429875,14963113.091441004,1203551.4578638829,9142742.241245184,441295.0126701128,5301069.135311988,2366840.607405113
HBG1,60028449.54025037,102948127.5661095,323139928.0663049,301694744.57010454,44129596.61030334,137903592.12695515,140002791.19038785,125832999.89244077,20702725.66627404,15450789.7760619,222955008.3399369,148253178.28780282,29396063.35065667,12852541.810464025,40720713.221016645,15631647.991770571,22236692.598544925,17336678.374054242
HBG2,35540282.41065496,54199252.42760942,215736122.06475377,285660956.02391195,71545954.10531786,104253061.84013127,113604837.99466811,110845281.34873238,43345499.18706755,17769724.152250014,151753257.9727795,123293354.96615365,28114974.3599086,15122429.120256165,50284456.48885378,23399918.46449535,24666367.02091717,10167251.598589886
HDGF,132354406.60028228,215558263.0122133,104727141.49378741,278225940.7609228,111488265.91702557,368683978.7068158,179559063.44522458,163573315.96527258,29473204.515886605,124503377.2496784,62498702.10583265,202043815.285572,55778241.15624848,226153580.4452001,59071396.31885004,299329888.3528839,85977987.56984259,560427465.312545
HDHD3,3878095.956638702,7223513.263477342,,10137687.879024211,,6630856.468281769,2773741.98455007,7360209.300110656,,1556987.8659998197,,4279127.106001088,,3402085.567543261,,2010041.1808639353,1035462.4236325067,7631389.566506304
HDHD5,11382544.47805453,16802176.634027965,48615254.536862135,23069876.29306963,12495471.43035112,26628419.279636014,6220535.616596514,10103510.877654249,2125220.264718276,4046667.2669498944,3403636.6857990585,8007832.63378645,3223812.748371336,7733344.593367998,4217406.430398847,10774219.344065608,62223532.86901679,55027926.30391267
HDLBP,70300214.90971704,69846143.62044962,56795440.498298936,198211531.97036964,47289723.22146342,123288168.75048596,147118489.89887747,117236733.87317432,27372665.131624967,51364689.76443991,20360909.241774045,64432130.80476502,32002579.40035043,112719557.46946517,13443312.232519314,83551064.75377777,41619430.92247125,150913581.95002058
HEBP1,37186276.16075891,18386368.79438726,32647230.010277733,112404055.75149947,37539013.70847508,92936304.87207809,33469038.957654275,34983586.74141636,17974283.57804463,28699686.327769767,14653563.195393343,30463745.059183132,23771637.112138685,31005099.9635974,28640173.436137766,45252156.920216285,45246863.98717248,97201693.87597558
HEBP2,22722351.476303227,46036018.76249443,58142825.89277374,143157955.83306402,76680362.77956234,156012412.34346223,26688467.319836218,47386338.55864087,47566965.26685336,63340234.70214606,30367808.752498075,81439486.51235187,61066910.16652368,123183130.36806642,75964514.05613548,112614851.55439517,49641848.779304974,192098291.09155935
HEPH,11159589.790055182,13765887.047389204,6261943.404346784,26854667.953525063,12452803.215314353,14043041.567576468,12423664.410292763,8199513.780922824,2074514.805918759,977724.433010464,4080103.5829015607,6712046.002131639,3306381.7584502683,17846606.452471133,1363930.3192000731,9982926.359419664,3447130.5592752364,3696382.786497115
HERC4,49339235.39070581,39667793.16303568,28998659.276633587,135408342.76173186,32804000.781738292,56233323.74659834,112864334.40445416,73370836.20570387,24780062.15606532,132307961.51231945,29996330.524137594,31205230.98966609,24021753.837255903,64311546.705784515,19441239.471397217,55508405.431369536,59662902.78839324,74074654.11201921
HEXA,16918182.74267679,2250890.0367978117,13772438.1061072,17046796.933479983,12742042.611482851,20549200.56317755,25933065.365708612,16036756.62509097,5085625.47922991,7802152.2642297,6052508.546868935,13083816.53149944,10728521.723328082,19552042.673786953,1307500.8543112574,7544048.262620292,10038734.459963204,15114931.800980613
HEXB,184976493.4093812,64447586.824467935,57788522.15646483,136918183.43776405,90231711.0599073,153229358.25888604,208719534.1878977,99662307.9265087,26719998.04956656,43833107.000694945,62252098.05125431,83240331.92894721,67786569.613314,118281850.30189398,45403333.64369471,69299012.31644347,51895515.52235783,296588548.4717257
HIBADH,66179901.7638714,71666232.21200609,155414429.6882385,141900002.28815556,52214234.76552435,174114926.25210953,70089147.84842512,87761143.08119172,42775686.46695483,24241695.39376355,60780609.316488236,55770416.45507121,34035791.455028854,128154628.55797245,59649406.50840638,48796820.7901239,65588715.937216125,642433798.9705496
HIBCH,40665446.43016928,22455534.637562964,52437244.52683512,159037283.16002327,69965349.72977303,91038187.28715448,68762629.44354224,39473045.78645546,14564906.814640481,16907146.146674685,39252757.93110526,20061932.96578506,14016537.844831564,26696127.030634325,25335460.752106,30722193.646804284,30379062.397063583,137237632.80214798
HINT1,50386128.21751278,83958522.38717146,122826626.00879455,166878629.05488294,130498412.71155617,70848952.66912763,109809767.65293866,108447492.6183362,47421760.44491959,47279603.760495104,71625657.908621,45602024.099874556,47951036.656434536,124508487.8231071,59341500.06647641,49430667.1504202,45840701.91520193,154471124.05794424
HINT2,18876657.720002644,4984586.875270711,10795477.223864919,80442837.35723925,14118931.989397677,5208368.748688782,13246036.066169625,9536074.281652141,540051.8430122508,6089369.815519661,9156084.927284848,16169429.798092801,11563697.08795313,36458584.4644904,4856500.02857893,11034343.612096243,9486757.131070703,23688778.29589767
HINT3,9016853.447847763,9131602.016447254,34709512.57231903,34771181.4168725,2014608.2420774964,4733230.339622017,72314186.20092557,13803860.414821949,1267251.0295634796,,21027702.748525277,5390607.244849872,54212787.797362044,13388949.27289432,14806587.359857798,4032861.80983136,2082322.0676296628,100424473.55613604
HIP1,12604607.814691553,8021031.170379828,4643551.188761572,24049010.57418697,5703121.0260827,5794471.492386096,7033222.413370995,11062895.926501732,8119763.098374014,8085277.490626082,10997799.266812531,8914368.751323316,7364541.274083934,11500443.350045305,7827111.547468816,19255673.76852484,3549416.145845703,805548.0454687529
HK1,100450390.70271495,121424942.10308532,136031430.2915676,330162308.0533164,129437590.38674901,144334465.36285987,183307673.26143664,140721059.13970977,83349559.56635134,97789873.70644267,108379001.59352717,104483123.00253887,87593960.41792732,198864931.19380566,91503893.9004104,109239035.40877554,81538078.53005224,228034727.24855563
HK2,49662132.81124911,14745633.016737431,,15110857.587210167,3988638.055367734,9256758.224741464,26399329.020134687,19495639.309055205,13949551.111004394,12177423.444932576,29046678.87815806,22601159.39226602,16247830.761686863,52655796.22405203,18307578.25436122,18684490.778447617,12620878.89308561,33040030.96153083
HK3,11364187.223764762,11313194.251482686,38341941.64877811,15204590.272167929,41206654.1605281,39923012.06773517,21619511.541431125,22150910.90945719,14500642.930043751,18866802.69576645,18954765.47444794,33581026.72830318,16411037.592222285,12347685.595408289,6489896.606010644,15572802.540654857,31731983.60989923,16196471.550587276
HKDC1,17261275.987813387,35091838.9050646,1450407.6886205764,42476962.850199424,,30311210.84208345,29229393.911018975,26371885.40286193,1641095.4824671615,47491790.48239124,2274585.5644877125,28418505.859990317,2901029.164457113,33298726.628904145,1104720.1121413873,49887048.69117515,8988548.35166844,61717368.871239774
HLA-A,140734470.7094829,102321026.5279376,47221639.60110785,291824182.4793809,46815565.13638814,155539280.66490203,52811641.872424364,82418164.60114972,51835923.21162215,44741326.53232447,34928229.53863348,131373896.16614711,41451728.52107213,121291101.35655883,44333946.50942369,168169048.08480623,62906237.35506068,293591558.564157
HLA-B,196696751.6687155,175766978.5958015,144704345.92691767,321526333.922454,171316965.68921942,270765646.74406016,388855101.2468284,311046939.53556454,59038344.95215938,166043230.9351393,92904192.9529119,254762747.03401506,90574570.9765661,532627493.85962856,90491073.88602851,539154682.0995511,182597540.67663983,399965774.40645164
HLA-C,60746573.240062036,62918884.72319668,35026031.60017902,111462444.88921724,52501644.359339125,129178999.72116351,51022395.44500017,37408044.716879465,5844417.937586141,77354453.05873786,7133638.962243516,26373859.54900064,10464641.801908221,33143392.875125058,18663180.30914489,68621832.22926247,44973167.881047286,144886634.85183063
HLA-DQB1,6062440.391383637,4239086.714956061,7152080.795803465,6909940.9019236695,4980567.32182713,96466741.18631518,18687522.77841011,13780829.59181228,7337326.597073485,4895336.129941709,11992653.7151097,7472688.895452399,9950943.37928456,13224994.131313726,8527533.804370617,21261325.623790853,4554896.244649695,
HLA-DRA,15372288.362346023,2699493.033619042,6275615.262265298,8342590.397903141,6022993.49923959,5178021.512812616,21336206.770885676,9478892.255937451,1078915.4705958597,26008034.588291146,1768917.8884984248,5447278.289433525,5083041.313372228,6494700.147934632,1637807.6820856724,13512104.124698453,6456453.535979379,7141737.206102145
HLA-DRB1,3974401.124108787,2744402.2170032733,46438789.3847262,74009179.60276836,10067701.04065952,21584021.59157272,133127768.6667805,19836105.19659573,47180728.19240528,329192830.0181712,20319194.704187755,38321642.51923135,8299026.924539215,54941766.1988669,27922319.557165675,181225167.60673517,15929607.05912798,56997811.26305766
HLA-DRB3,98199511.2561892,25545384.258918814,13853644.566765063,53850226.75761367,16848117.499348562,107601209.92890626,207582647.3644688,116853090.67468923,33651606.83633222,244616237.1040884,13106095.455384823,22642958.117286403,18149348.12248027,35681455.1575914,23580811.37511088,42010580.40186216,86015715.88366844,80368335.03627184
HLA-H,2062678.372982358,602302.7549128853,19617958.769539565,18500469.691270784,28380153.433382332,19964312.735259753,83406013.4938641,57120311.64045928,5566590.96629008,17240737.266488686,3064140.216965613,740154.080844718,2101363.3145408994,64452822.14768447,3652510.9771415344,41964870.32261598,23326602.747354716,57564722.74279059
HM13,57610337.346174166,102745827.14846626,9026055.413945328,229824036.88334513,9859314.758621823,34612308.48202599,73158919.43368095,55074043.271317996,7207523.942487549,20869034.179948367,11793738.833040418,42955319.73711408,18161464.205890182,85107416.22336519,14137608.733246071,95606234.38847038,12056385.76275671,115666379.30110162
HMGA1,25731769.820778977,20073621.971552197,11024661.339206314,84163334.66358918,15631854.231602246,86117890.93114589,52723277.8184741,999510.4025737436,,430388.58862999774,,10866623.716842422,,63234516.51087447,3105654.188779095,85384105.7262538,20641600.119665466,268012369.51389474
HMGB1,132373940.21888062,441930455.2195724,903931725.037068,916271757.3457984,511947770.79865474,79245405.34355916,324877817.70370543,89044799.61903854,93576982.20990331,156104530.60336372,179810648.10689804,397218288.8674472,133723404.51955517,595502354.0396969,146549581.56412977,396908705.7495384,381164223.8771507,1093532932.9364028
HMGB1P1,492806129.1091381,840487743.7757671,242383399.86460352,431835779.3401061,404059063.21417916,731868516.454347,584795099.6444731,407813614.59305936,115001659.96760823,263126207.17460617,188122532.6341949,1139070503.5833752,159649281.4053623,557290267.2344632,136181035.01321444,572779553.7994977,205202911.33082765,1865632110.2555256
HMGB2,250591362.2002032,405106255.4473213,183672111.7538392,358718667.7436414,173939764.57647982,378882263.83688,370913798.4799767,211763095.59133136,41897239.185760885,267228107.17554516,89228446.72920382,258122173.57695574,54420474.34923133,345721988.1766524,58791002.39920741,281647802.10367453,121587744.19780037,508824874.872623
HMGB3,46290411.15656958,62977781.01562054,16374815.819413487,105385169.9407042,25337650.39687769,82303395.10958736,42463256.715757065,41804861.54591443,4866701.3527409,24447641.67155741,8362740.641726542,43084141.509379745,9878581.78259599,55166596.149436116,11178457.007295102,79678204.69310147,20715677.909133527,84230779.95258422
HMGCL,58362472.70740792,25879852.643908415,43799394.04378061,62615725.669601694,43762222.311089754,76513737.10932258,47123531.18336623,47696465.71419673,12926067.115381554,8702819.994850956,21181572.6632675,33493504.982385226,28214151.521492492,62903553.01455268,18552011.262338817,12717871.66455926,17237800.4377253,106164243.55553308
HMGCS1,2676282.4912708383,24437624.60007134,5916151.74749941,23728340.60021182,5249879.836379977,9533596.649501208,20517246.005598944,15816471.21679844,2747253.3872657744,9569533.250481904,7413390.227587978,9433944.408990907,4744963.332749756,47128463.27867553,1588637.4405281637,16377878.484351281,6908412.933124453,37669172.01572344
HMGCS2,142006263.15772274,13833121.604879234,154009715.97691792,80178132.42573044,308648362.09327304,136985012.6105858,79033532.21089679,41990123.553747684,24806191.566001963,7216840.8439958915,79017635.55933675,65558753.57048805,58806996.391459815,36872026.4368054,34162847.34051637,22684178.470602583,83880167.59366092,70302004.42406733
HMGN1,36137307.612639576,167514386.3733912,53377014.51700467,201684266.97401983,80893196.71262942,245004134.5517924,148330992.50641045,53164093.61275367,7761076.869647987,51038913.702730894,18679719.858216815,83430112.8218461,24285060.912522465,104637191.05904986,20883737.136624068,83793587.64301452,42598737.18732555,171406725.29215893
HMGN2,9522994.664273314,8283908.178597834,355196.4495014556,6723274.388885898,2220967.2620093906,13314601.055641452,15486791.149271226,8036015.637125713,3230966.5252326373,7757130.219132858,1600735.6557892724,20214069.339305524,5997776.742861,17989084.774585243,3348535.458232208,9836000.045269197,1119066.6365136574,5618072.925871938
HMGN5,6466862.962508263,1841330.9093345297,5784701.92985932,4629808.465041812,12667839.4767677,1252535.0888855266,11272183.965284942,4843651.315864314,2877673.228318447,2853910.6485841027,5012910.22045259,5893218.925405426,1620542.373720985,8069203.8531803265,6039099.363680482,3738842.5374122392,781627.6392826395,2377462.487561163
HMOX2,12780647.339316983,18247294.260142855,9917048.212319657,73089367.53959736,10033197.35380005,26108776.45344007,18432224.76021283,25218577.133421406,4075369.1727466295,15249987.114972342,4554012.934814497,10480804.090400318,4246440.813895246,17312082.04833643,3857803.8476137463,8560337.21594946,10506628.911256157,61342865.79454721
HNF4A,4310668.211580581,7001114.143007741,3211214.971834823,6257179.421065347,3910354.817854777,4778639.485779766,5292954.909701525,7265398.796301657,,2273227.304927051,2807866.847140159,5508944.39176174,1758323.270531426,8303726.587943853,2079963.655114859,3358613.010308857,1750878.700913333,13704372.668193849
HNMT,38791162.26769259,34845843.08991095,23178320.93657647,24970688.99040763,41454206.14113656,60099507.303033955,2159577.091523831,10979950.729291152,30140014.01745991,2005843.9778785969,20664158.252146363,28172458.79622853,5616958.970580924,30617533.14256015,2494360.890745132,22208466.844644234,32793144.375002045,67938366.0050624
HNRNPA0,129595384.98124412,205533717.6661426,81399670.37438643,169321417.24814206,76022398.1129736,206198022.55856368,71923697.7747583,130460849.82379293,56735527.381578475,56550693.35497455,47497114.837616965,120071357.97331811,41859383.26203107,153979086.27621028,34126296.16863053,136243495.18482947,51911196.44472009,291688102.05720985
HNRNPA1,16634074.963595694,36365686.85441837,9632559.691389725,43854529.40398731,16727426.340183,33312205.444099035,34634615.75559888,16280336.219313366,6292824.913731907,20140793.533572927,8319369.504151796,23887519.217866465,5796408.387219412,23557115.874728657,4947119.826734287,17378245.963525392,10641963.587658908,55928764.753304414
HNRNPA1L3,892192222.0382438,1762826564.407231,234013121.50044566,958215857.6096762,299425739.8659915,1067291039.3895954,1131058811.579928,1065120034.2835877,139852868.96282768,1289208803.6177347,256213904.66490707,1192573334.6803076,220181552.3611919,1231018006.6719198,196496027.08428013,1214410850.6962738,226082661.0088791,993437991.5913281
HNRNPA2B1,1898549157.6724672,3351286398.865175,1149959500.0649347,3518304342.64719,969559496.6282483,3604110928.837576,2705111078.7121763,2707855821.936767,475127050.48364216,1403041369.011335,674307069.347715,2535900521.8141246,787237014.301238,2513014671.89828,858061325.9655188,2364552480.9668326,978549216.6256027,6777603104.781076
HNRNPA3,488518887.4991261,785343013.4599363,264517473.59032005,695847331.7548387,306943886.17887425,683417439.4474877,712578530.1746156,516331131.752911,208280526.46764052,434810646.625517,281768553.72541225,547047959.5973439,182749077.69799262,702119769.6989356,255479880.1506738,599983422.2929215,175554056.23138645,876445570.687072
HNRNPAB,237016565.3522718,335832232.2622219,446971206.72227615,287069126.13409835,377692707.96331185,334071400.3321187,310668332.10901487,247629801.61412245,275803147.36811835,168194395.44010502,323081108.8232124,200114265.15003946,133494193.5303013,348240761.95533466,284038905.3721132,165662414.95251054,285729812.3134259,466088496.17519796
HNRNPC,208373814.45221055,331779469.981581,148800862.6830843,417303748.8229975,145193017.38263044,466978854.3142885,374565482.8351933,261480059.6754328,80541519.01524153,179664710.1707801,114847740.07992688,243662824.59217817,109818463.90111536,313914486.1391755,92535311.42834759,242959001.73011422,87882386.39250223,357283039.45411074
HNRNPCL2,402274859.7904013,613385310.0985804,277076857.42119837,564918938.3746351,243601170.71440917,630674977.3808069,575799399.0038167,331005250.57934976,79738596.10703623,298561443.30387753,118001846.08717738,336885517.93475306,115445980.56161997,442313222.07288504,128489364.58523116,423253902.6305312,210865345.8765731,1000262447.8498323
HNRNPD,278347022.99881196,554088374.7183633,392856745.30132127,635962739.9374251,278840990.4199645,517002604.96651536,776027978.3841989,393710794.4981713,72720803.169972,188493374.34304768,181141470.80875352,485745765.02406394,121918457.39588946,500424304.1314661,208452752.10141367,409300448.76578987,261821461.1385163,1099599407.987198
HNRNPDL,43046078.95103508,125047672.75780682,39977261.13107335,63871656.01786877,27198591.95672436,80084095.7200412,80172683.62141721,86004046.23833767,10226309.641341234,64153035.9301551,27810586.500605967,84954299.51582916,30270350.091517508,47488715.29363094,12958500.06085794,85956957.5578726,35029882.73695234,110555598.98134345
HNRNPF,110972933.04816799,238884989.47673586,45579417.70958644,246387945.11318833,75497618.86113009,274603292.17183614,131907937.76116905,147548809.81426635,12572105.167468209,133752532.29173811,32156805.371295083,144456046.27201152,18090997.51880706,208040704.48611552,19643425.691395007,62091787.12356642,44068447.80415581,298327811.7696126
HNRNPH1,290892423.64919186,355405201.6109988,150422359.11264923,433354359.1336325,208156875.46803522,403359608.16894287,220912922.5310871,297937371.1346528,54519244.57803962,145467295.70241112,122264531.22135958,270900095.26038164,87335660.54974516,432746324.44546413,94881799.59928474,323168561.0774523,162872317.43746606,560003969.9352808
HNRNPH3,69513212.70623478,72873648.17931819,50781139.35572867,77977880.08699672,62465197.84715769,109012291.92896715,52117142.45470737,55225852.98438144,50202050.48801194,15159402.575195769,30193359.407224834,17356558.18445221,10482152.71603348,61689446.25019038,8227843.397235754,60819094.52101931,46340716.21970545,130899803.37995043
HNRNPK,650617340.3122885,1372164494.1609845,380494605.04068035,943544309.7746948,537797047.522108,1529541500.5327587,911596782.8123903,1040158309.6492406,161192129.9517346,537108526.3792932,241298963.4672667,883484854.7010275,174297993.14912266,1089643838.0639243,259590990.4828399,800978224.4486064,397723697.136321,2008070855.144648
HNRNPL,306139911.10200864,490169575.4594319,226991283.54397708,327776960.7909329,212483986.6604654,550995807.8575182,393834781.11032706,318279381.0132489,62441113.97729132,147833778.74281013,128269766.59490608,348527572.0219578,94976262.2894722,414872402.27749187,117064451.49385858,356225952.01779264,172592473.3087524,956023736.4770641
HNRNPM,438248915.1205891,670794644.5924233,283471618.49184316,798953445.6943227,319098660.2714223,729361970.7674568,725108696.2739562,523387976.0763848,128957706.72315404,349929248.3276239,208393172.5446452,559104876.7978431,148231820.5455485,785528953.3693266,138779765.48911515,508773443.32007164,257667078.94963327,1411088572.23552
HNRNPR,125676096.71290031,200855484.1430396,105303399.50027728,287635194.5922941,150675997.72301194,253592236.14065766,132583159.26008528,145873467.10817432,32339194.786152814,117016683.82929476,53073598.40365288,169874613.6284234,40070474.1561192,246058778.35069898,61820853.05330479,167574943.9897129,103776280.53780846,468167434.54880285
HNRNPU,575676065.9955369,1111399020.1502793,382299304.38972175,983238979.6248308,439459562.98508,1393818681.1747963,718610631.1477284,611170426.6445909,140936799.9940649,511715735.8831821,241510675.22401753,585888615.6024708,218745805.1403428,672639203.4341531,243764221.69151792,950785755.4002736,338302507.439912,2148593604.971365
HNRNPUL1,22495974.852753777,56284357.81344557,21597772.621837005,79408709.113614,17910797.89335722,71537599.4036659,54070925.097431816,73566865.46263173,8190958.966019855,29981196.302765224,6907180.195996061,57274210.79333307,11448981.331784379,73147857.80171464,12654292.199593714,51841548.40934138,16012811.71994641,67466169.88897023
HNRNPUL2,94615021.20500185,65860115.36382678,45601522.57693575,146983968.92745197,51760613.42478749,212077434.21779737,142243058.07314247,103223073.25558588,25085437.557632435,51889564.203801736,41431383.4179411,67716568.57718001,28109742.67898628,147297460.57548687,41567863.35146691,101623088.97194359,64832568.841585055,311030172.7671497
HP,3464778149.3755436,1410050987.881336,3102099701.4449334,1646084426.0895476,1525229212.3087025,1430743910.7478428,1488769793.0865211,1084877536.8263695,1968888332.353484,1601672686.6214724,2909167305.1180468,1939005793.7337465,2755724584.1750307,1270677756.5370255,2748763155.2940264,864013507.3234148,3894436535.010153,1382580147.8975196
HP1BP3,154930214.68497446,102345061.89840436,224817197.00875098,206942951.31386384,218464370.34213203,256728918.0331798,156788397.72171828,126780268.60873063,95098416.17224437,88002667.07539368,70049800.68780486,192454852.25672346,83328578.04196188,199956312.63822204,84264660.41280422,133489410.04250686,133639045.85602358,308261980.9384585
HPCAL1,8555107.945846349,8890757.118747234,18108512.834798176,21684899.72106785,13956617.423025656,17329367.520226933,26938257.722602237,18899007.32838929,6662155.4458486475,5362038.188669853,16907619.281496573,15795939.509941012,9925557.71166902,14659349.873957817,7066735.485420486,9237847.268699642,15708667.85240958,9964517.579743104
HPRT1,87349231.49411097,63348462.43271318,49019797.88014291,106584293.10525227,69055766.08236326,122457913.28683114,108850801.59651618,96597467.47009633,30052914.53178724,31541489.28547751,28273631.123538032,66502045.65473215,20579868.032504506,110888019.40703931,41718668.043119565,77344123.31786704,69104763.76628691,146853092.43304434
HPX,745608017.0149102,217222085.973706,404345365.2328629,325284832.4642827,791413974.7576747,463886291.3591959,896708984.5578856,412386391.0211623,733022745.7536558,374236496.62715924,777588716.2499824,313782766.6255318,610075513.8703849,347190582.27365875,890870510.0979722,196961274.9415173,727188309.0670632,234832726.2433918
HRG,21476643.051658537,22350795.402045965,37875502.99898576,35030606.83367803,54601420.6516113,25864378.45035702,95206386.62506312,68297138.68722545,74941935.83343363,55711514.92921005,72927483.1025126,50574256.482179806,71290557.84229593,55844984.82546039,63080806.4878107,7359197.064352164,49380596.42264128,14257457.92360629
HSD17B10,118650790.33735543,96601108.26808664,82257403.05785264,335424178.4425335,60588659.2469518,189418587.25674123,133298020.27237158,59409390.461888365,33478017.134706203,57408447.14155709,63117489.28211814,115822163.70569922,76515073.1605952,141517063.2725562,48366289.944869734,74057955.54918332,49130289.941134535,373063954.62540084
HSD17B11,46614625.36745964,32374519.401063554,39222947.10576531,54709247.32239405,34676102.028420284,70749618.41078073,82095907.2933048,86636099.00285359,5794473.334784831,23488825.102974683,17418452.22671604,32038334.80089597,10961368.29522242,71226046.1072914,18619516.850568857,19440916.03317833,35058576.45651319,73889751.1698784
HSD17B12,157745175.46984795,134926371.56571203,119980281.55445375,575792652.1692501,304166086.0452519,250234943.3979715,174435475.19918486,139019566.4379834,124451922.9591147,74050269.0549577,292104743.8940554,148710250.14906693,171070395.30011004,239169253.02903783,309797400.94697976,111125246.13799839,301527761.99559176,267926854.26768413
HSD17B4,199809937.7114441,404170069.82617193,77356455.30842058,303697370.5741396,116412993.52262276,465972180.9061953,266430017.95145088,312329187.4529912,26275440.938358437,109414149.50250126,45001313.70072375,184583965.06925067,48786755.628003836,456080249.94049567,88128889.34053579,156475052.1105271,78020454.91207331,1154189201.0439508
HSDL2,5794094.824928036,5400653.624623487,104933.00863970398,6456841.988504516,1404083.997470257,1880262.3539522504,4386082.537100487,6544495.343055788,3566981.858384813,2010807.5789018,1809035.6754408025,1923361.912890016,5244484.846056915,3656137.759988108,4717176.725739399,1695146.537404066,4834879.830970153,2179785.154337739
HSF1,6664473.966299699,5095968.51876133,46005029.24496288,10108581.22590822,37241438.54662234,7713404.86714303,15581396.171769245,6479296.065360966,27144735.049943667,5616660.908871088,36172774.51080644,11431532.619517049,18969129.277457625,10509292.822798591,18584868.218108717,2573805.981388795,29876727.920765955,16697967.692963555
HSP90AA1,3381659804.936675,6132733173.857733,2810365902.3526363,9326457766.272898,2885719235.787117,6936496053.352868,5248681410.862766,4647786947.760168,1565859295.7153773,4381449692.114906,1500753328.830829,4675225259.594597,1776486348.5724049,5160152795.501483,1639354754.6351137,4630637785.468838,2817368889.9344,8814009329.387178
HSP90AB1,1135997195.934934,3914963728.109678,980541270.0217116,4104616710.660786,1084006599.8195376,4118029896.727563,3004653853.8934445,3617540700.964791,539095458.4463301,1727237787.6421812,535044341.5483894,2344238752.803881,613270800.2144876,3134066858.522956,595324352.731375,2396654649.3699155,962221617.7837682,5860988192.250193
HSP90AB2P,82239028.26115659,228327339.92143175,56954925.17017993,288327763.3060853,53941946.58930644,163701746.50645974,142986093.22938168,193026789.23505336,25553127.007941306,121348462.32457124,5446211.621269508,116918016.49101806,16993893.063406434,154313669.05354393,17193285.784314595,114983091.69628114,61340639.33044038,326393492.07013214
HSP90B1,3240721611.6216908,3025383938.358299,1163278318.3226123,4283883577.431548,1872165071.9406672,3952495105.130992,3821698551.2708406,4352356088.327794,724546621.319051,1683262978.6516552,749175221.7283148,1892389756.011263,833490331.158229,4406674385.3034935,955478163.0434785,3716978195.7872524,1164714810.374553,4348614863.143083
HSPA1A,1332851108.9331207,1463051014.9559562,3497502819.5126514,3133982918.3655148,3575193836.478294,2910236611.000344,2882473070.8918214,1916585692.314433,2636259819.969651,1423104306.5527947,2055374999.8781068,3432341085.2028046,2036642442.1058095,2997317078.800408,2144229050.30888,1630178701.2110617,2843946220.1894026,3219960428.5979714
HSPA2,48613112.63780285,31756037.796649273,193294502.9415295,57323572.10466114,177365046.50669324,71898033.23995978,58381865.547515616,68320340.07433906,149641253.62746888,58084462.929748654,249206531.24399564,87498734.95603725,297734551.12329644,81908679.37236811,212968971.4775287,37163525.20141063,158297035.4928935,31097411.125954833
HSPA4,78117848.55647388,129203605.55855957,64185385.8752679,134210663.41395637,87254578.69852401,151070859.4003961,144186396.94888717,85618084.68154493,51804751.976285994,34117374.951609015,69963520.71420845,71676100.4563849,77535301.75370023,100958239.30644979,64491397.34095484,83929502.52004421,49804534.86271931,146710791.907046
HSPA4L,9750005.67699558,46398807.15346268,13403366.2139551,24400114.728677668,11132714.87366103,25912322.867706247,17032073.532278035,10577114.25730335,6991949.986021005,9324922.40094043,9064643.142708875,80958255.45066258,11098582.7714921,32322222.62912184,13790323.763824798,10564737.379128665,14501845.995652514,45355340.27678774
HSPA5,3108590584.001772,4071105631.8568773,1918215888.752442,4481953839.5547285,1925096155.9790614,4473227644.368404,4153960261.2612762,4510236375.307609,774819002.8062752,2337987044.431977,1140213387.1377203,2057987671.7180715,984577968.6504282,4475609662.052792,1053760267.5777862,2582806644.988372,1963616696.4525216,4203453704.242864
HSPA6,370781688.1972227,223355747.22684023,435808593.89466697,811625665.0544534,585007130.7939031,393796301.6700025,437643802.9395085,386712970.77769744,344146462.6293208,166622675.61612132,325024532.57513577,326143105.50817895,387802266.90064293,977494502.6215264,368029375.65793335,366520792.93576527,299856865.9310481,608778157.0302738
HSPA8,1855214411.9945447,3670022523.308722,2461178857.6209493,3548491714.02632,2317667621.4744635,3128605221.964083,3034705103.279623,2525977154.186861,1080776520.127684,1707646408.8592892,1220071796.6070235,2492746053.8639584,1268705133.4727342,2351803390.141261,2031311622.4612164,2325136020.280908,3815526007.586261,5112919161.057621
HSPA9,1071832643.0136607,2487350564.684388,786916991.562692,2623640993.124079,746211679.5823749,1809566906.5159643,1113727365.91775,1058181753.4867404,255091257.91638356,595653276.7148103,411266198.1117305,683109858.7124478,385932077.64136755,1550725880.4575164,317260953.52026045,648867655.627816,533407109.1486994,5169302343.2903595
HSPB1,430612352.3032292,187486383.08555037,2614172904.644309,2123731950.7930045,1650702283.4983718,654132756.5295823,910961811.4841217,363162628.7214688,2056025492.607687,990651208.7714152,2110239648.7248762,832097289.7980745,2315163435.1879563,607570789.5999463,1656992682.917433,291456520.5682446,3013956100.6985197,626327143.2184833
HSPB6,31217308.726034373,10921822.014671179,119517307.17566603,5090622.14360109,225999917.14623672,7519645.862315805,63725700.86387451,11564481.625890769,400146818.6388221,4770054.324565938,160292492.49250132,30555413.62603414,169277771.51327357,16150920.51589223,263330275.4149466,7763268.540248014,191731992.45234165,4593257.4564489275
HSPD1,1414864333.7547486,3663789759.367233,1202814601.326743,5422678255.935393,1037421998.4480302,2231588474.749152,1602132720.9985385,1576104087.6916125,304425135.7555752,1680456929.9757779,467904889.73119724,1207202212.2829382,538107903.5470423,1958181560.0520973,511807763.0909642,2195271069.899114,766813604.9566996,7776610580.430788
HSPE1,540039935.4444413,1262822258.8626857,408900638.7799938,1412187448.6434422,389209879.6077881,878434754.2765782,475824404.3116153,405927590.8861795,105168761.42991716,524970232.81334436,174874805.93242007,429264649.55762446,183488495.0773995,765734705.4305067,172176080.04372585,733874687.9451649,217532840.19988942,3668492445.72447
HSPG2,492829877.9465658,263070045.32995045,1915671687.319561,387025871.5763305,1655826118.6259692,489489946.9029045,778347003.4562737,610138035.178372,2045684192.7055197,443662724.44172883,1200765140.0231173,726723658.6010647,1092979823.771053,544153803.9938397,1062378196.0453594,211656377.272778,1321511420.8703427,246366927.1445252
HSPH1,64100668.15112853,368058396.0982031,189828716.98552656,294065908.0762874,53477722.287117265,117152029.35762993,149089306.96254674,217311900.88917813,198944053.68278417,77239000.92170194,264117971.64921317,674550351.160949,98806296.37701552,272132383.1583595,84567344.09380771,192243120.3732353,173672279.37737927,552650224.2456416
HTATIP2,14654851.080125108,9599669.625130191,15396782.462675285,52687967.18308617,10857053.376042578,19791806.522935685,19220096.29279746,13811730.524276024,5457756.03385832,6941091.449172708,5834538.747048163,14725365.506055526,5860370.232616129,18768098.112580348,4986851.44253061,8931687.155262452,10978232.941520749,62791696.19503575
HUWE1,8824616.491959954,15569125.963258412,1604916.213394274,14757140.906741751,1374527.7154570236,13897830.082354022,11494119.902733032,8480788.51391872,2928923.7372683543,3442962.801773033,3823241.044314489,12853825.115017362,3122520.8514644774,10825266.552744318,2890131.927748676,9615759.023600353,6704293.444880501,28987489.4018584
HYOU1,270831560.0377757,199259274.50904396,105237791.58340207,221273492.67713052,140395772.4550257,402884989.2916019,362081726.9061421,377251192.1843038,74494184.81622362,143953692.38482055,66213732.31810278,129168332.02191462,75605712.5567944,319428441.5371726,86669342.07800955,211366894.34355545,83234693.33359328,489984199.40037155
HYPK,11234529.656056242,18089312.851656526,7158775.7221192755,51874483.81542995,22055726.396360405,37529151.71203592,13023431.185420657,20693681.02982189,5768315.636844778,13042972.334491776,3658838.0574182062,24652624.978759024,4905835.261890866,7657872.847077949,8396709.369889015,15686357.580054307,2546768.938987682,19754541.46781925
IARS1,13958188.57890509,42294072.1480758,3814972.4146888927,35122392.58573602,62776685.72226109,10191176.262202261,20860103.96419645,22487542.694258742,5164246.640714562,7760732.196245731,5932370.629125834,17923494.640945576,4216398.127128236,25341792.05174614,5727243.361138351,18940753.656643994,99097646.04006438,32814533.161016013
IARS2,6072760.200670405,5104869.024259808,2007108.219165012,14013998.182574913,2627745.483673891,7757757.956776542,9654776.821688293,8428297.97225042,3331193.6926331893,6345860.09969921,4821895.318616323,6560417.3671199465,3287347.1833393844,7764385.72065895,3907011.076815238,805391.1510159038,3958597.556015965,14614247.141389005
IDE,85376423.54014497,35631265.281814486,59332779.44996269,94761629.48466465,107692609.66420072,156153888.05046478,111023816.76118116,65136851.88240897,16731756.934842568,26022248.196651533,36936211.08647872,21629799.148284756,16383031.777895877,79983315.44634841,14015346.474792032,22192027.74650847,66041031.47064987,63035879.96483539
IDH1,494521173.528542,321347475.69041866,299648783.1984117,943102159.8374597,548847231.0643365,1342586909.1300511,544805716.0947032,511454252.27470624,132935092.68980199,111259697.07379577,253261750.1197618,332694453.88755906,194817480.53523675,670142654.9094814,200854824.9729619,255559170.60854208,270013872.56546754,1066113854.2736334
IDH2,571527453.6999543,372210130.9356348,692242844.053813,655964938.4401702,464048988.8624254,990402684.7848562,669498062.1683339,523872508.64601856,238596537.2526248,286673066.80062443,350710189.2088586,426866738.09061533,279036972.4719815,557962192.1476388,302384682.48241025,330810644.18536025,442735967.1778655,873090125.2676207
IDH3A,45068047.34993917,72225630.14432533,116223586.35483688,220556089.55211908,101731911.34659097,137576114.69253176,57619509.17453629,83475328.21289939,31934898.50350953,32142874.03503904,58144424.04671669,65600734.36680277,55164848.6669848,128200201.70026258,26592035.802954663,43150737.08884141,41866054.541947946,176910226.87398747
IDH3B,8119783.447411731,24682126.003038757,32105705.90557447,71997539.55830005,25037289.134609062,40448043.33504687,11959668.804554066,21435950.661722317,9328965.03234852,5863242.703958372,13667314.899115693,14438008.12257243,8897382.44542907,31199307.893093012,5236594.905069644,13182679.300307611,17342654.479778677,67703027.36671044
IDI1,3883352.9367850474,13784026.733847966,2049279.813144853,33409346.121113747,5681536.349320132,15684944.972756203,8838683.662107175,12726417.92021231,1673848.0081716222,5366930.040065045,,9432605.221225595,,18580696.74392044,,7042749.176274074,,43833805.65511342
IFI16,9366016.043931322,9202461.063050188,3346449.460272465,9224407.638840336,11839952.324355757,5674581.025987151,22312038.03756218,13143869.585882427,6544955.996615845,10966790.87909651,6921486.6731678955,12019812.55360824,3909812.5364434174,16276819.894894518,7854970.281207242,18959295.993150655,5783455.840048036,1766120.4016296554
IFI30,110346217.83716623,21482722.687791854,17891360.68461522,46617676.96636786,29269392.46213145,16357287.796231532,127631177.45606595,40476708.4591748,4648520.072431548,31903221.716903463,7925302.356999449,21448587.18578798,11406670.184193356,46926384.917847484,4221830.124741864,15958866.37439173,13695043.892111825,25271213.2422175
IFIT5,3032752.209038827,2826555.061071339,1750517.1523493496,5794177.805885516,2138503.564205424,2320904.5765667814,3971841.571164362,4631690.664873241,2723111.1934468905,24200675.536031768,2997622.4389755432,6479646.332446472,3156208.8264920968,4070380.715223847,2496342.6275872993,3491257.022799791,8620843.741158912,6525055.266427988
IGBP1,4263766.63293815,6995648.678447628,7858024.278624047,7791831.680159495,5459285.861270513,11736235.41821359,10652460.708467098,8821873.945128161,,2142733.4211307224,2905350.6430271636,9726605.666985735,1350409.5486034916,9095538.849520858,2223494.2041603047,8609435.0793093,5384796.521160014,20686840.96226568
IGF2BP1,,,,,,,,,,,,,,,,13993822.806803312,,
IGHA1,3971217151.15187,733795212.2584512,2235932728.5191092,2138907518.1206555,2310777745.6609087,1933791751.8835804,3141860641.8116927,2675496124.3082027,751156467.7179446,356901297.04007506,821637989.042146,455492393.6345688,830039873.2551359,1743758652.22233,1504883565.953779,1296293838.835484,3048827299.3600802,799562205.052994
IGHA2,1095275241.606134,178433075.4609807,239879111.6999337,557115425.1002026,702375005.4180433,334651598.3260843,1851133019.0782568,1175412129.4558053,414745137.8944989,34718932.45805097,178425052.57222444,45909844.91060754,150383419.69943935,667551283.7533419,421478385.6795388,233636137.67913207,448523197.9106027,86704538.49671826
IGHG1,8803573844.445175,4157812347.7853107,4832412848.651326,4534169533.634905,3919710319.830707,3477731301.57087,13018140676.99253,10674494473.988323,3942938655.4673834,3307476993.981427,6611233732.841267,4497218019.846386,4014221577.025953,2747358578.0732327,3974517558.521877,4061132402.452928,6692466772.793094,2514486416.9851255
IGHG2,1131932698.2917628,551418339.0238137,2415131219.707437,1854258184.13897,1478355439.4992585,1130088670.3948956,3244451667.539134,1116145718.9185972,1149054421.9255226,1164036709.2673306,2268677571.3982077,1077054915.824063,1673443590.8917944,2165931901.551637,2228889598.926569,725067412.3945729,1841179603.539163,929166992.3990281
IGHG3,166826459.6486076,106416334.69582942,64529186.93096079,50262213.944331,20063738.544717394,26579391.337711588,156225843.37900132,69989672.21388035,8736855.021826597,17552581.490020253,43802853.7217623,29355486.815223143,48684362.40259197,48507875.36387022,22145110.58029764,25657284.242797647,42117407.913752526,15319811.698219286
IGHM,454369363.8562567,94024979.57151493,131714741.41813388,91149942.91979545,411225660.9883757,348513073.9137322,636992831.237161,257874314.413702,52114869.24998713,30070850.611081928,92615184.99115378,75093556.65961845,101448280.77775209,153574367.84191567,303816217.74699616,117748166.6182018,604502147.3266952,153302737.61049715
IGHV1OR15-1,60963243.42102054,16483420.805998098,44897126.39776319,70960846.646051,5570578.468067167,6466211.276114358,238426775.72533008,160138308.55219418,24325210.98612196,28085145.578802552,11842309.201199504,16138390.709533332,22258523.762575503,15510813.650760233,18545973.94598636,18981474.161503475,15085056.234078975,12070444.061261252
IGHV3-21,170583402.87332216,39250570.59816697,64093129.66552653,125805462.61244152,61612092.83193903,64759120.01305148,195243189.86928695,116796155.06233168,57739095.07390715,9503816.274706924,42805843.58214391,21956149.142505582,54819924.57353259,35905866.26775632,44793993.7434737,55075143.69170813,34063569.74026077,24288967.750353426
IGHV3-49,56583201.76966045,30472069.701468833,20323856.58480177,32619625.072800957,29529478.96765068,20561288.22455818,234142147.9431538,98177325.42205344,13966483.951032942,15188788.092873799,18671806.028203573,16484835.011160888,31062262.994641922,15529475.936991164,38125853.549340986,12769814.49072713,32145598.89029575,9805917.438089373
IGHV3-74,51929025.42560549,25961369.58417735,39362268.04778266,53809858.78865368,155970112.86325723,220194732.2079599,211381893.90465492,67899387.85240749,44097548.638826795,16791242.532755062,50070157.94172144,25880546.94539501,58153056.80392728,92145119.60103597,32024140.897645928,132362629.16129687,130092825.17895307,3751983.0164370034
IGHV3OR16-9,104087611.19451033,34348345.69318992,28703291.144875936,39806913.15683087,73338153.20198664,44285303.279356234,159169093.33811015,95327707.79834244,28391692.77340228,25140706.4987564,45967158.48310003,22772182.782261636,63309829.16544192,43958325.21445556,53730910.21863508,31815311.059556276,38735578.49020286,31026524.66570858
IGHV5-51,18185202.18641804,8288544.223052682,3113912.304543469,6026801.611069381,1853605.9054958976,2046589.2922309055,92785849.28396054,39746788.24171352,3765704.721037796,,4288188.44278148,,4700970.689793765,7424592.378437532,5618490.952954744,13974049.8624152,,1462770.7694437644
IGKC,2648847344.271613,725891635.1852705,1855528882.7192483,1025893661.4011898,1917902132.855134,1281263777.0897124,4236432541.0600753,2734943417.9742966,1183815273.7820606,1180169976.4268663,1246993860.171188,1303488890.1730814,1224517803.080637,1416634113.0417366,2846999928.8046665,1325584826.9348006,2116472302.231225,714578908.8156881
IGKV1-5,120380281.01999736,31187208.31942736,7588401.158553655,6416858.995381315,5015496.470855243,6733308.533249184,119907561.69325624,124065778.42242745,20234931.937702905,12801518.891125971,28114597.653748356,9471490.013780473,27472023.456875466,30078603.925315615,35580559.09390526,39472852.0801502,41521760.3877565,16850928.223327618
IGKV2-28,264110764.56767476,81200261.6038706,136074982.90054315,91783819.90391831,299930890.7797194,219207698.36752236,284331430.9748318,203187980.00688845,125109124.94052313,101835503.9492042,35065550.97716414,35374273.65983334,126863198.45049986,86459307.56269962,103682631.00827378,197506322.72013587,185903818.51412585,49000491.20223314
IGKV2-30,58036424.770309344,5057600.282298898,12138277.048061084,28428718.621557094,33976947.2994228,39164754.92178117,63211276.33046429,31270678.95757078,9558905.11793837,6494363.6023669755,31423009.97133785,14295134.614178244,10992264.275667705,16733580.722840987,26214410.482170373,12665183.23504344,21611599.75948837,1864725.7221673615
IGKV3D-11,272181070.7876352,51219911.35166731,23028445.203053255,63841909.151041254,45303841.87806451,44870073.83057422,465048454.3710978,198631223.08009985,28792836.632080037,19520445.80202749,56478020.51538813,33850998.58171654,43627914.78130447,60992712.03052382,50524056.1314084,49393803.71715328,109564102.63082284,63091587.72253193
IGKV3D-20,33210961.471060146,13461526.218044491,12507119.42734638,11381425.318378331,81412397.10335183,12535891.779366355,54796909.42207546,22690012.123984583,67776827.29335818,4367179.886135993,73054705.45826577,8104118.634986904,18945971.92882293,32930978.50643739,16806714.173299216,20559175.88477662,43970897.787491426,5673359.676518185
IGKV4-1,53561569.16051145,19730572.62032035,29990733.012759015,28986627.207065187,33955446.21459277,23785372.79861717,150112268.11993533,110515728.41158484,22114262.733313013,22649102.446800563,14398105.862530246,8244975.543178086,23858314.00551402,20735813.326894503,19713348.08562463,18118459.05617537,62555198.299177155,6303181.07148987
IGLC7,163586658.958579,49711330.11120735,67931601.75802185,85450584.58177097,124768749.65924966,68199078.75664231,404506714.34036434,220674747.18238288,58185166.953335136,41986444.39082158,146258544.26145333,71186710.83741936,133952642.13616401,99004111.3155716,149251168.1817405,72728739.62346007,120982482.55988707,59730757.291282766
IGLL5,933391705.5490261,347085657.1959648,943730568.1777066,388604400.25123686,686004988.8804559,1105424398.0626752,1524300014.3457797,1670010344.3713536,554751569.8260838,608297108.9898837,563738861.106712,569707370.5786386,716342796.3549039,552284565.427092,640349496.1352919,543471474.4834545,1059349359.4783901,853851242.7989764
IGLV1-47,41824161.11712831,7835116.744386883,8541285.817895582,,80033573.29569873,5212859.920863338,138841284.4095355,52767239.707096495,8068881.262087488,,30366720.986989405,11814900.132256348,27197956.74269829,22703425.640901063,6528578.156069039,6517691.56978235,20938500.524436887,2323232.550614788
IGLV3-9,65466241.63920759,29636345.814327367,14365147.69173284,19584518.3800161,24374070.16547956,17280868.841928203,144165607.7112878,83679880.24920155,26458906.637348607,4401552.274058862,18678090.024873808,10349107.74534429,16952738.884614546,26032379.440221697,21720707.798645183,8712023.684436683,47001190.47194423,11639199.743988182
IGLV4-69,7044840.626527484,4402586.256972868,11074674.96235828,17371086.266944837,9946682.384836936,27585644.44669037,103798401.26342808,76434378.11244848,6093262.1324451035,7863065.1444859635,11295506.812486757,3931562.842498631,4267371.972336416,5469752.44668268,37022480.55173473,8371247.361592505,20741894.440994114,3043288.3734029653
IK,3646154.9394181552,1817328.093033817,2142809.3921457184,6248851.983499629,2361803.83071481,10577065.30923476,5990934.137245075,3085715.236883694,620463.5867490813,3250536.579131443,1163094.9614479833,5974919.824945238,,6137603.531857311,602332.0466940104,6325155.3012598585,410779.4516470872,13465462.01736407
IL16,215010523.50884065,,150833005.45429888,329012755.5692941,139834661.1168642,156819521.81497496,119548478.70086353,38185522.153751306,14365264.590961087,250686.1089426529,45189604.058283485,12729148.535215387,58052230.930970035,2523095.565933166,55297883.37596631,87127032.925916,102423983.50826871,145233250.57763204
IL18,20031259.780003503,13572468.710252816,14042212.39398272,51390788.995881885,8775646.70109823,37952731.37231302,37405532.98823827,27616559.79006619,9846435.921626087,12413723.978737302,5115126.543036582,11903057.719917668,9450108.696608143,28485904.01905141,7934642.502127538,31040051.6714481,4295987.251050916,18417306.239385974
ILF2,212801004.43965328,326925110.23811954,98142415.40028718,327031381.9276505,110765152.31529452,316775270.1917499,202348984.97655934,202683987.61173016,43885754.47430537,167640393.51673198,75826076.49387826,244517619.33771005,43165647.84003166,347973862.5561684,51623855.46333736,232596953.31771857,107727910.84248248,414742232.6858166
ILF3,261007103.68886268,592505666.6494807,168314814.37633848,480837754.9610648,179718532.06562704,560041512.6754403,329674815.78440636,322146574.3870588,66853315.382270545,227849717.65144974,95939932.79715592,355881355.4147775,102884187.49483994,518552631.0112341,97991114.81317824,377395139.6194594,133561607.37781364,740845857.9706802
ILK,97623906.92800263,64915628.71624474,318072196.22350985,71231074.62589678,352657425.3291768,56326288.19925969,180580884.3458398,100465182.89159949,475624402.60877603,108162539.63646017,412569467.8972971,161187060.91137272,285742838.92826635,115755173.1488441,270142114.99482936,56494131.69633252,242956777.26878378,63533818.56779151
IMMT,306933731.4817278,459541490.14590526,370744685.3227245,815396518.563794,411202128.03452086,581596206.1459885,434197474.23844427,328778397.87528366,134112007.6882931,200117285.97497547,160870781.07372597,252410065.01629835,177953774.73493785,477442189.9854982,159883560.52164352,210254809.7624084,253901172.62170866,1246987126.1156318
IMPDH2,29829619.73920197,135809739.06552562,38720944.13301207,294398475.4587734,42797337.835993424,178260806.3971395,121673389.33343524,60465273.92931473,20226656.850246564,99840903.08204137,22820368.410435945,68951756.37040225,19862245.477030307,127352337.93651065,24654071.052789975,81936709.59523425,51715871.886351734,282743321.75802916
INF2,45334415.08935554,23353751.85067152,17163742.884814963,33498781.99315988,23643154.78610404,45266461.55817874,24122003.921804354,15106541.203401957,5010949.703104583,10764896.458658088,5906668.677810063,8809095.330539644,17540766.4550855,23359203.87981583,6724485.475366303,12190091.760425683,14626511.595065037,67423738.43864402
INTS14,3474794.67384654,4879449.288134845,429468.29350070894,447510.9167304445,407985.0393575294,250855.09253966683,730051.3404403483,6899171.747507351,306649.28399722226,127088.98001699576,405841.0528165161,3081645.5717307194,299317.0004590043,558652.8186263707,4496249.702583208,1349308.441202147,,
INTS4,594115.5343146636,924465.5718137252,626096.3638644769,1937130.1617354644,99679.66019761372,1077871.4252340065,,953508.662045707,139825.98409927043,370091.608746383,,197385.9277962017,,779487.5446557064,,697630.0951122497,111053.0594956856,3446931.799395248
INTS5,543117.115767867,1829641.7845183983,63854.66772408148,562934.1008768544,702035.2941696694,1424571.3145112772,1400589.9409165883,1032678.0437400118,144403.23302953047,,310737.4131277027,765984.992218832,203772.4408800362,1591584.648367437,385583.57688992686,959878.0874545212,176129.55106969093,2359137.150131028
IPO4,,,,1263240.171968464,,494766.22486747405,,,,,,,,,,,,
IPO5,32273034.273954343,143950476.43580082,52203379.42001262,110443105.26262975,50354080.969155245,63439671.24241584,52914415.954106465,32275463.700856764,24515245.345596366,15237341.056399588,13661889.7138888,26627774.693867218,16963511.823992617,109007348.97307222,15842885.571900105,54849670.45935586,70953233.096534,93137116.06022164
IPO7,26735130.597525608,45042016.603784785,38327740.31940403,114124859.01482436,31450011.593425192,57976412.71188342,19782118.06556709,26856097.054769523,18401306.533285685,7600726.19611796,18291451.320523627,49428588.02716751,15599897.013153335,62788172.56201811,19169083.79853839,25265511.859458633,30389647.647432286,122911223.200623
IQGAP1,844591187.1227502,917489943.2134752,744527539.6214201,1265556147.6827102,871482312.0189391,1842851751.6052916,1162710014.1217477,1006576230.8378625,289285211.72625464,511521010.51389873,411564199.33665836,763919902.4557372,456419127.13445866,1258932434.4009087,400768932.0254827,568558790.8644184,681980972.2166188,975403727.9514678
IQGAP2,41853805.224298276,12937732.572712442,22078604.365024682,30343138.417777643,20629815.126965545,31652202.650078446,62909615.59607292,30552852.037449256,5967338.267777519,19588792.688120186,13018804.505813763,5969658.172500069,12908143.048174696,23994642.355190232,15238659.661863506,9313084.706408352,12616315.217828536,90871754.30389002
IRAG1,13332674.089447092,23090471.918274283,9159345.037173765,51363114.28292107,14079363.442733606,21280906.094000906,18508515.54955355,24745204.081798635,3239191.6884878245,6361353.084128479,5549473.6038311245,9672404.760998152,5277082.252709676,18816506.1218851,4562875.049264518,2081387.4501068487,9300815.008691303,34006796.54130791
IREB2,446719.5866070887,3085579.39146913,,3535911.234335727,,2496184.4829114573,1365921.3110022044,334750.00673087157,,813933.8021818954,,832648.0185685642,494578.40137679235,2559131.069058241,316165.8527186594,2050989.0042176107,,1160693.7009396194
ISG15,2953072.988389496,4615158.7639982775,,22556578.35924764,,4161118.5999875152,2428940.047335292,,,57892291.83017945,758195.5803931726,20066108.578051936,1321293.605488371,12050249.446437037,1534199.7287358232,2038757.6135809112,,2068396.203822849
ISOC1,9302335.839161357,4707921.010873623,10997373.375844548,4722707.233176083,6556298.493101557,5693841.969750576,12019733.718652513,9600526.55343775,4816577.342399706,1600506.0644560205,6610318.043981194,2729675.1754696085,6222502.979584642,18264890.880714606,3167533.184313922,5648710.3231926095,,13380168.76564678
IST1,22460130.49848562,23078782.342292827,18195803.1258915,17421883.629920643,10139821.199671833,25594026.9070195,20633639.457540993,16742438.231825484,9129979.594002295,18532697.2343118,5899270.800758102,8683775.589023061,8068555.890290055,22174501.93814968,12152003.180463962,22172767.248121943,11970749.110141186,48648548.70225818
ITGA1,54378754.40434748,19995048.596839722,181986311.04343963,40752850.50903609,218813953.11376786,85146705.09915306,83355360.54328547,59989456.902017534,120918112.42854176,30554142.628671087,97308499.4488002,104215556.85625449,58747338.54329687,60428897.34576073,80294637.6429599,11957207.22841753,99433674.11358066,31314926.712656125
ITGA5,7793765.960847894,9506031.389116049,54940143.40545347,10291499.955712128,29821519.658883438,27190964.65349212,12662131.507946065,6710830.584686591,44351745.853529334,20265841.575511023,111467921.02762102,45712555.12780157,69542952.03633504,17184291.751346044,46398961.635899335,10588756.537139496,91247066.68783668,11311276.954902545
ITGA6,7337762.723244436,10288219.74548178,4279658.805544298,19070184.98853663,5384793.465260725,3849158.429086594,11550427.734422904,6605656.646927427,2442885.6943004667,3849104.6898311814,3527640.672450402,4578387.228052523,3027561.4143212535,9139150.582056591,2026115.607296576,3969808.8744990616,3840255.752537792,5553638.174963515
ITGA7,6432010.165276546,2382475.7056928272,36102527.37456902,6897044.8101604935,24627118.147609375,2425942.721798939,8110705.331078123,9105931.593726046,51350533.41791059,5826669.453336227,26193548.00230883,13934705.870487936,38143490.18529038,7180513.056493076,49107150.83513796,5240659.293256026,41643990.20503718,6485605.518304663
ITGAM,1346971.258287271,1856195.8023296203,2893534.7156050955,4874937.744282493,1534301.898273064,7355253.350469645,7419294.0962180095,2953751.954353695,2068230.4554081631,16902235.4410097,1995057.276934627,3285349.7823899174,705948.0386302083,3024098.308849691,572219.9206174776,2353777.4194788723,3679620.710781888,4203860.488326046
ITGAV,3794155.4908408145,3398813.9410017957,2760307.4561722544,6614982.785067182,3281753.161689617,3477134.320940233,5821705.740222366,2332455.145807254,4783819.081512318,2215310.6355627095,2669934.1830049995,3528708.6150905336,1662377.3611158214,2605462.4795553666,1818083.0471150752,2098912.514192839,3555844.567010748,2200302.4622133737
ITGB1,242983401.27792105,268795641.71193975,792537684.754487,141089847.3593096,615106040.1550364,228159749.41754186,319123437.88939285,225275298.63036433,502089196.26025045,207581291.8642587,527454442.78925633,394505011.9416181,529868323.0698921,299886516.0302031,457347265.83565426,144776035.47326264,611848401.7946187,330974846.14134055
ITGB2,15143528.277452556,14761944.87944489,5584593.517832947,21058747.02939252,7735423.552274867,29277393.905353703,48731718.242512,24522309.8055948,8529566.117366692,43328823.87645137,5506325.616839266,15090314.367380207,2484328.594104375,16633254.376263369,4348368.456810239,22808778.84963254,11699969.371216096,12979295.72395632
ITGB3,2165918.7505562543,2764016.368713363,6657015.594468601,5173198.75300398,7779807.388936007,7257350.474574054,8235477.630309486,6033257.061149335,16089441.47999407,4199964.060105752,3878430.93892901,2317594.415284339,8641679.767380988,6513553.125546323,3615489.528325108,2410632.2510871794,15104183.19200667,5794083.666635205
ITGB4,46422975.916149795,74099959.28253523,94858788.92998892,331683508.78324425,91264995.94314331,276288536.69742745,47289047.07343992,30943390.93573121,9167773.763251992,34395209.10521342,14346810.74263835,23054592.522048943,17910550.52185361,80100337.46440025,14600420.662242584,57489838.82548661,64589617.113343,125350683.35412623
ITIH1,61347337.91166182,48926682.19869759,150423664.9191346,59076187.5846809,82050930.99424621,93622480.03989461,130139103.30634716,79459942.61187229,89636639.51116356,79456610.58835474,106959544.59356926,139528452.18499863,152718300.59840447,83390256.01974672,107776869.79271524,23008115.90338602,128470088.90561444,38549131.60746914
ITIH2,92264004.25067866,73161332.82703543,105620314.22904938,94756189.785644,138870872.42009512,90874356.05640483,303181197.5990326,127470386.40524805,95934771.94247636,154649887.99863642,113302400.17054176,185264981.33679128,138474277.17290053,100521840.95470881,162164214.10411716,34257196.92503598,139372944.38478512,64143801.556105725
ITIH4,65617724.51272949,47492876.57514032,51762164.68364918,49936861.60811865,78786987.47767632,70378497.30852635,171827204.67397746,67098761.086621106,50396162.78799583,70981868.59585792,67519144.13422865,73522693.48117115,112749891.22151133,52150080.872329235,91916677.74969655,11016839.965731908,95983980.5484009,25492642.691302437
ITIH5,4372336.294025468,4529005.375549325,11480146.416826138,1968312.712817338,8031930.400040957,7043724.623827873,8730083.993434427,5603462.291789269,9790150.845855009,2418812.622134265,8274422.117756114,4839039.402436977,8694288.851740101,4191102.3476002696,11988583.098749828,1837954.6898181231,6027174.710828285,1993926.2728558744
ITLN1,182192194.24094886,35595112.673737004,271684611.32709146,105124262.92521197,104591038.042256,271368990.5703313,134949196.4031154,264116289.2828723,53719505.52802249,23081363.18901658,160645463.22987196,48679207.02861462,323988597.55504864,262160232.80816737,72986608.59256579,37011201.4915032,183751138.03727612,54289131.06850027
ITPR3,26309791.30135462,34699879.89618994,19358734.979072016,25618669.516087063,17184057.32561349,98258383.4489026,26869309.884708084,23895696.459633972,,8152543.909646387,9535925.34724894,16035782.40670081,18081120.540814504,49708567.123135224,6636457.33905235,56140272.55381664,6505202.4586735945,90820661.31485997
ITPRID2,41017539.951674506,7963581.6520529855,59559926.7354487,9108614.394648615,54429289.02229047,11666918.117455166,106877324.76004344,42130533.94262242,166148432.32450223,5453696.871026921,33499353.738152385,23950573.38403777,76710058.01421694,14422975.17853292,58287991.97767307,8778935.203455012,21342837.25260944,7702621.524244038
ITSN1,2854289.294622723,3673338.623011856,2149824.578985732,808030.1512285459,3225733.558706265,3985967.775442487,3629991.945362965,2071748.6819573117,4097615.553034642,1498922.0519938893,38693760.873236425,11955362.76315775,23659964.90787168,72467055.43633388,4812166.839879819,6935885.371323039,4143241.542428968,1018649.7696205978
IVD,558516.8377311926,24961906.09762739,19922332.573170096,37076325.35977475,15154298.321937803,30569776.89861957,40318315.28222073,39178406.12838674,13101765.921030032,6275752.069141082,11579781.073072996,8530584.512974892,4231035.015144445,47656385.78671458,259612.1668593921,14193239.862277947,11469309.776919425,46053779.25904813
JCHAIN,250473417.92209977,38796336.56636103,207106346.94345215,166358852.98676825,468065276.8098619,210743975.34087512,511723929.4933329,268904716.3026045,66014659.86455093,12557898.96201294,56983820.2076363,7012545.376870325,51905622.62199514,131219092.98523442,91564841.5429143,92303945.40625352,158127052.25391713,38574020.82458778
JPT1,16031824.280916872,59402299.25385952,14566840.047634616,75067608.43824175,18961833.701177303,50154392.860947825,29811225.517567184,27330938.788637385,6597307.9513517115,18377310.93835881,12692490.358354088,40969215.90926262,2100614.1458724835,39300880.054663554,3561714.6606423175,26397236.235356465,15147146.546117663,83943435.64076474
JUP,273062767.3950127,385281391.12304026,211371661.33088934,441945309.4764165,227375825.34054887,410208116.40421355,245495303.1081934,265343329.6044584,31612008.47072778,90535153.03089194,103758131.98058128,151115811.0172004,106752251.98327324,428590604.53967464,80338673.53714599,254262162.56375083,147073521.54214218,376823507.9630609
KANK2,13263020.00297068,6903409.093184645,52716667.2610683,62964185.501599595,78881305.94461392,59499687.70336989,10554813.447995126,8360973.365667094,56653752.7057016,2582334.7099307273,25462606.93037292,12933149.84246045,31910239.639492158,10136422.112676995,20395946.67322367,3347198.740803876,49780019.775191285,78369888.49955282
KARS1,54413656.823645696,113694828.14891215,34295841.05345985,146119091.0556599,42677991.48176366,99975983.50179735,76486636.7100176,82082198.33625695,20206655.971639298,59092412.07634778,27631578.83770511,60093755.7654367,22569569.28789282,98652033.09034517,16965166.29337824,74181037.9006228,20981310.562753804,176258124.73098382
KATNAL2,73764967.69690874,120193336.26065588,22085211.323374216,266964438.64371455,51214004.47193576,96728340.94796574,98332003.76219976,90689592.53557909,46351907.316162646,58442810.86202445,52520347.47490057,92662606.8223034,34905803.490560584,102719885.8172824,19183084.7997478,120853927.75252645,62401772.30523069,153826171.65310845
KCTD12,59373021.18264438,11197524.473469442,72976278.08562684,7115512.918732141,46852468.95747731,27812698.59381395,147006651.48151645,37858107.54502526,47815486.26666762,42573257.14729443,41335613.911087416,45216449.18497449,46969126.21469996,48640551.77072443,46230248.288798496,14309776.923666153,39039429.139842674,7058879.91999325
KDM3B,3438135.3242417485,10163908.101378093,840048.5801885523,9561753.20564073,8235949.104977755,16319228.831233412,11865979.6091693,3556130.005432665,2154238.188134858,3974511.875667026,1168887.9436631275,6861686.498823524,2663453.8220729516,7255736.848767966,1977594.1391676688,8098535.1857154,704987.1225582171,7739448.892569679
KGD4,28743049.847149916,30031619.990798537,25512850.80410179,48200537.81442729,30728453.926922936,42332567.84940639,30029856.758355252,13534748.465502832,3653374.017735523,10299520.403340248,8946659.398260755,14118680.332371635,9216280.023073131,15786379.46426435,10235776.557053888,11454638.399919258,22593924.51418434,70859146.04178825
KHDRBS1,64597783.73202607,106315165.36763659,22532729.02386885,45338942.88856411,12559094.784860976,87046209.36957246,48628960.74315376,46154051.41256529,8010609.90894732,42431499.6939867,24861759.09487283,49698569.45812597,19721728.922517993,104415448.36072774,15970653.763867864,57913309.89495267,17296878.556819063,113788854.38086267
KHSRP,112801920.6041328,164766820.96210608,78393874.34662104,173886773.33535278,63373989.85913001,170214827.8426145,151727166.77907148,83718046.68550597,23643905.27059152,75559524.93708502,37964842.56679866,84303515.22360675,33770866.56995798,201879268.272468,29880622.296637803,164856508.70962942,40427768.88127789,244868744.67476523
KIAA0232,992277.3304488884,,77620183.05955595,589025.9773094653,29039370.655473422,3642051.620955788,4380724.689744607,,75937072.88342513,462308.3603083255,42530886.93475219,18013510.346977327,54696669.47978142,3782792.722004134,17777785.728066556,316205.6689965961,37904866.253550895,
KIAA0930,3234612.2866603876,2411264.8468807256,51049509.217764646,,73172716.63149107,10759917.941093247,13060513.517392544,13681188.57177968,108106337.39401674,21659974.85603259,61915632.90125882,18836688.726914473,85638466.11726992,2025660.2218627995,11576306.303260772,2106716.1248348304,112917992.65567064,887516.8067770263
KIF13B,107423370.42281023,186883043.1646697,118919195.3008778,261177341.8981382,116234356.27267651,228608453.1023363,93189706.74067454,108496178.7191467,48790255.30202052,91025910.65658684,58517935.88732484,154415693.85005194,62361771.675288826,209767029.49505314,62411288.8591861,173339469.98689812,85016546.87293017,448002544.6936894
KIF2A,7798825.894892655,12915745.041455545,54945250.34219878,9062937.483582009,35431538.77035277,13783780.76270493,9937500.355539896,2760786.314469198,23955806.36319132,8052737.333297711,15834460.791091569,10280348.638732413,11620943.958829308,5581778.338983801,16237066.363084188,2981244.916981129,35946996.47672084,41448572.663617015
KIF3B,7576117.33021661,4947393.502277499,41899614.54064696,8481094.546055902,41829884.312504046,8354634.503235807,19850356.53882935,11326979.862510685,55910095.57361547,9502476.379997868,42388054.607901275,15344920.501095043,27811644.635388125,7859139.570407365,26620877.741495848,2567990.7015678408,40894080.19443408,2584515.5640012617
KIF5B,52406311.71216743,80549545.99617073,159567854.5199652,188694264.25904953,114760177.96424347,174699759.00169992,80792106.9647479,96369619.918098,161984367.59176925,68353227.48057413,97546349.73543935,84827601.70135027,93347572.75663917,80246732.63126396,87763714.14247473,71218598.16316527,161388067.22884032,132539749.03772932
KIF5C,47509503.53689225,77601152.2343133,59008553.501790345,82492453.47498976,31632566.980806097,109796203.46482587,83088477.97605096,99045895.7211006,23493889.96951826,45689624.4165314,40618666.61399907,42295184.664652795,26237153.726244587,92791246.52858324,22917954.922035865,37632622.7337475,34702021.985809386,75899942.51490483
KLC1,7030909.630079629,7326328.128739862,6040083.2230142355,10358851.876473876,8507503.784136338,8398797.448436124,10192994.301621187,7415080.023332035,7900082.563315222,6469037.439204065,9176367.306419767,9755990.235595599,3004943.9406715776,12533332.04496929,2817230.7582105203,4082160.185805001,5960693.943525628,3208062.348293557
KLC4,9102418.830335127,6995297.854074379,10198878.84568735,15328481.467522483,12379334.878816994,21257453.771827564,10993965.729684334,9825523.051369509,5440168.950522505,5428553.707218877,8648864.156021995,3912492.5678113066,9458192.922279982,6197253.8182868175,10133548.38067393,3544661.758034898,8624716.155520543,10343534.421910604
KLHL42,19157337.499207616,12704130.869919516,14635097.522325732,66544191.84516355,17449709.208805155,22892181.91905915,21523213.636008,24311515.45844667,6755010.89528032,21519770.874830037,11056756.825193996,14606989.20821998,12655934.058638211,34008233.90329404,7724662.633381628,15561524.104285562,11752209.507964706,33567459.25218869
KNG1,127894720.3408479,57661015.84731475,115402046.62326756,94086748.38692476,195244010.12710366,188802965.5612255,296196220.58856964,121668029.71695985,85541635.71689115,153598941.6918094,120657860.08896804,97001305.38369271,134266715.3490488,86522052.78463635,138905538.37073362,33625459.57069172,230254260.7626331,93488983.3200306
KPNA3,27670213.309530206,54927902.40762958,23935433.41102845,56290220.95215959,24414138.872456204,41430451.75278239,22999634.553739272,25814442.8691674,12285507.076524679,28152351.82508549,14787182.524658201,29611066.531702608,11983514.578116508,49174225.533004194,11464232.675641704,28426912.3632653,15965042.762327515,66595054.34094663
KPNB1,157913022.7689027,295995368.42418784,168417460.46011785,231981454.33934385,239555262.93387416,303165875.3704177,255533990.5591031,140312630.54269212,57022634.57990467,150398357.489526,119759116.12035728,193142688.33158863,77393445.39715073,217717013.85560596,107909200.04602714,198830746.5779203,222637415.6997478,310417664.2569683
KRAS,12856472.070995832,2701863.4172197543,19361441.03982303,27225425.2228512,45313159.21825856,40264754.24913583,11098120.08360938,7485178.060226375,16775938.783535903,1788289.063497807,16663278.229735663,10671575.31234016,14912625.819120876,11604154.865888609,11871337.866739469,3339803.389239653,19753510.13005869,32762920.529516608
KRT1,39211504.56314996,49162486.5124851,34347990.49444206,111623972.55333051,87062393.64572239,53427481.08309917,52678514.626987495,35925823.00006509,17732306.211871967,30176582.29018871,25178892.00382234,54377822.36521274,31130131.339276228,19411974.123437904,16880586.398234356,14251962.532467872,26163185.29700175,60379248.326938495
KRT10,13349406.26637381,20282428.172311764,8233071.554683686,86812246.15988925,34535218.959633276,8153025.805620822,34403013.39221341,12844914.570921674,9805182.572365906,9280694.224312397,2030077.936164281,10591393.60556165,14746468.868947815,9262221.875861686,1002572.5382429772,16792113.48692792,29809582.811056893,16653567.638310893
KRT13,402004133.4904248,265136770.40278047,315458587.59687006,496021200.76867586,434655575.2600615,752220034.5682667,383029132.823635,291465663.0502685,60156510.80250531,106213564.64103152,218562033.15099975,177558076.45682472,256148503.57434,892670665.7292504,124179216.83002795,673916200.35337,271427396.2690277,151952592.07023156
KRT14,824495980.773156,477041832.2738479,432427097.8070344,684217874.0091224,527374585.3902402,949680738.6490963,599514084.4937115,457501948.6427059,66601398.57432619,171907812.80258614,330546127.09723043,270409188.1588618,378677480.6201838,1170962275.937016,97647132.45384483,922923230.6672933,260200194.2516655,412568355.956209
KRT15,53604736.03557739,77391409.99668512,4307636.6950619845,9620901.851642031,2510286.384172043,5453453.707022282,110711974.6742386,77876172.89363454,1267121.517668082,34815969.07402547,12083835.616097568,24569241.40929008,2853938.9423770686,8263552.641066477,14620418.081916794,21165558.88720652,3401870.204711043,4903791.330620285
KRT18,3194628667.7447844,4607678260.443128,2412079974.466483,11803359385.043844,2276331506.5958004,10540415248.857447,2091917999.815739,2416251654.772373,302612520.4753885,2857597955.7204914,1035957761.9646544,2618768811.528661,1233072945.949873,6727871172.533976,643217287.1650684,9118857941.979876,905891371.0834016,15358934219.24027
KRT19,5366205344.632217,5279104518.980992,5402066253.7073765,5656730899.692718,4332092141.335796,7579299098.547579,4274207185.542982,5022726483.727433,336362409.4825672,1515579531.0069706,2392477858.0794106,2905741269.1585045,2496159668.1309505,10742001650.283926,1036739327.3972901,6570058392.532761,2300055351.940866,3036497473.078974
KRT20,2254018804.791139,224778654.6469084,1323152595.573439,3331635467.74007,1659238223.1617944,1914682433.8131747,1075683602.7205265,850398628.445318,216484158.85315764,61466164.8608983,507834383.8890876,326587338.16593957,666206517.7382133,913418018.0499792,520213542.73874426,1036486004.0054684,1194373423.104178,1701324967.5315678
KRT34,3782585.667379475,411984.6142520815,14653079.335786864,1405938.112989106,16466445.290698064,2623672.587142828,23213548.38266348,2253869.7695752564,19444085.65093197,5091224.395071306,8329359.109707534,3246147.0702829356,6181023.428196678,802174.7079615117,23395409.175210107,4051409.642382832,23328091.860253572,5881958.331724088
KRT6A,405836078.8688213,219495345.68696102,734237056.7500829,1062572531.3953859,630973396.8973249,1498420941.9288793,356853048.7419598,275963121.2724969,62462782.10269726,110538707.44420542,217437511.1489418,153776881.27970597,103827012.90843558,992447991.9028128,70918769.12876451,1079958226.7389152,277137169.9489577,1272988304.147984
KRT75,150003681.0533755,228639065.38205737,185874556.90800247,888345432.0405968,198813687.4093881,61363558.356723554,149014454.7489481,273384894.40517014,25469334.102773104,214779032.08174914,46669546.70794396,119437702.88592482,80899049.24428283,400187172.7890609,40658534.058596365,438551180.6168077,148325071.08805928,505172803.3469199
KRT79,954306248.6345682,623404200.606416,1048441884.1198823,2491619249.0143175,1445875512.8748224,1645434493.2104385,545201312.2647772,1043251875.0599298,108300550.5350442,366130621.80052066,320093933.0443166,443411174.2643565,449194459.675706,1744365938.5359583,173585576.9949946,1133818285.0716896,468119653.5774056,2667994096.6112924
KRT8,10455659228.44973,9506938859.053034,7020101902.889847,17526947829.489223,7535973386.449721,17908278507.4204,8991162786.153019,7435108284.488909,890143917.5462214,4188639998.7625175,3309450337.95549,5697384449.196113,4387015264.354806,17099645163.131884,2058434341.6144335,15945360118.684692,3618712695.9424343,21392575413.301243
KRT86,189822198.96644485,156560108.35129312,79421907.2776743,373276641.413,118577839.65075092,613797604.850356,402058140.6935573,176721488.97235486,14236871.598453162,176909314.88989675,17494329.61157983,225888092.0594058,104112132.89856952,90864282.84767675,95894899.9308092,202997902.0561776,161166719.80967987,516055007.0130678
KRT9,2066058.510078281,309100.0040361219,5620694.326351365,4831923.009334428,9405352.717315417,2606747.165086271,,3584913.6016383115,,866170.7954897567,,,297765.9217638346,,,,675893.9435227527,8586296.254832026
KTN1,11616841.795160796,6404690.043964317,3778842.8256860296,4159192.1567539033,4231896.085928043,2052743.153523049,19799982.770611964,5925785.799615785,4927023.015189727,4654878.12977674,5475220.689352901,6824617.314697906,4122696.863432922,5328620.532976819,3754243.029766836,8099835.472077799,3316636.638586562,
KYNU,4426864.667169741,1331976.3507728144,68116.54441646149,158172619.3574453,3059109.6513891947,2360157.368041007,94592123.6124533,3419460.424310018,1850773.589127856,40130520.25613139,2666815.5458563524,6405923.520007674,286565421.8987645,28519639.182738498,1747952.0649036262,1167531.1165777578,1331143.7656429447,556931.8423276925
L1CAM,31992453.044348888,123214685.42639926,33144100.72428115,113351275.46735786,38662713.62491117,102237912.54111558,61207885.48936334,54309109.75709552,20980640.561724026,43069074.011568256,28999231.74542412,77564501.69644067,22253790.219496485,45184198.89665406,31998767.372176085,89304305.34538737,33662883.463746995,169029426.208025
LACTB2,2272720.375930289,7905418.288780805,4146467.447879965,8985288.14613309,4293935.633111802,7672997.210557173,3266657.99425343,5910718.008209635,2278127.611536406,4295382.102500568,3118370.4241249235,10015844.832742032,2005494.3207440244,8590449.23633342,847250.6412885212,2844356.712909688,3792350.024286292,19405421.003158662
LAD1,13941877.691703428,26938086.86579337,4940554.0949030565,31020119.7581033,10179642.036635365,32043036.27559971,10540763.825358197,18818296.539774965,579932.1437377958,11138668.773238158,2262574.9195080493,15201187.044560397,2539297.2797107184,19151103.823126167,2453772.1161911306,15659331.239633907,6493090.4566227235,51275270.02039601
LAMA4,197398939.44028398,214695089.85576195,360467775.85873955,293367013.29557806,346445606.61339474,252444935.0441625,331837796.7792285,206900791.04353288,280532230.19503546,89051995.4726254,181150440.95979097,141022385.92367807,234215220.0520572,504770370.84494996,257052136.73817638,136288765.71054834,405785447.5597231,338489250.9009769
LAMA5,137879122.35652158,35779649.88319851,291621068.5905913,203357090.88606992,444004699.27158177,128654666.50327495,195954498.9608658,146922879.02799878,146165490.45148596,45636904.80670555,145687943.04884335,89892210.77421741,132505775.6231249,123486428.08177075,163785319.20121408,42386261.04588885,305591926.55312276,669469047.9074575
LAMB1,20571562.283015214,20051368.6708684,79728964.37367415,60389141.95073684,75331555.37914142,58682961.76112607,25929719.371823564,37078969.14559754,63341027.02398544,21087220.095729664,51449848.05053716,50079835.120480016,21949333.31743462,34974898.606861964,23146254.78335189,6184463.743719693,80660008.52658224,42272124.79058576
LAMB2,363228121.7475175,157464163.39530206,637589362.8297925,281358690.598789,586522491.8006637,498722368.16411686,502274878.6443627,252873176.95895848,553976101.0804011,136518571.3746639,511114249.0998541,352430456.58944273,499730726.5260547,351526896.09548783,639338245.8770978,224248566.57558143,609511275.6335963,592604732.330703
LAMC1,131898558.22142269,105119620.72697015,500106616.41168,153167780.99956018,466430165.1815909,159057441.23853463,258873362.82584223,217009900.58297798,392902837.81083345,156081623.86097774,294853397.613321,323271459.0772504,297996379.78837836,177728110.6044861,394385327.1626001,66629906.617052086,614235014.2491486,117222217.31853116
LAMP1,170201154.17673787,202340833.22368205,20598745.5807217,99537156.11889742,32496365.79987934,54636993.13060611,115606824.88155255,139756510.1567577,40637978.72264856,75550006.35531555,47563930.068416744,123735108.69907305,39792724.378857404,125510305.7551761,46662649.526946574,101501748.60184333,87622205.20154545,240543199.9642923
LAMTOR1,436942.36754403624,9570210.220046643,,17290600.560029496,2460959.757545707,17378346.780114565,,15666273.142042752,4718755.721412633,3727597.542223784,2341365.4999170466,7691853.420194077,2140203.03512526,10087562.003792752,246954.89094592363,6203204.70041327,,35338943.44531625
LAMTOR3,14907280.516332278,,10660715.49440333,30532835.135793373,10192649.667290842,4236997.2942526145,,5014900.187245359,4850262.167069743,3722917.869207429,11543281.451596225,11253114.967493024,,4928006.703126633,3411964.090951721,3650256.830171694,11506771.761138491,55298340.55299115
LANCL1,33861564.33461198,39421982.45522258,106181811.16079125,21022490.433483295,81492663.79456931,53085902.77860104,41714543.51733686,28309137.214482635,50755379.871543504,17420723.889894627,59980278.57991087,21091341.58587323,24629868.92218162,42912760.757418394,57502683.97212681,25127314.594646834,71128882.00331342,27455777.86272373
LAP3,373234218.48833704,339013740.61354315,334477803.0010963,1007614856.5532248,425805378.1599463,1019674824.8225948,599306625.316773,650339067.7507474,188408125.4609283,502527521.65342665,185645352.76521206,589796525.6800839,179542543.40857932,521381346.4957638,225093438.94880727,1003771661.9165233,288368565.4243834,1176560664.3864968
LARS1,13747948.413411124,33327437.488934405,14405156.704702552,47449489.1938813,16411019.211973013,26061506.652401946,22412402.029620085,16680467.896326736,8205803.445794973,13462539.311250968,16100026.503915641,17320979.40836424,11143523.832808668,38848667.99572705,6087603.400022708,15709209.274810819,12580900.859072715,49628825.462511726
LARS2,23127709.17965076,23738536.760342833,8458221.344904967,48530122.85419635,11635006.119451027,6835593.353289121,37119350.99469092,16649403.372870743,8313132.715108727,21449184.00442484,13919694.595255837,7006668.535585124,8186340.103364518,18531356.598757666,11300473.51457566,11573693.67207737,13965617.00665576,12960435.944887668
LASP1,312537195.04348195,397691910.64796495,396627091.7796627,614808490.1104531,352420940.15068686,590018506.1911043,328886199.74457914,485985757.8290294,132164137.24827765,223509923.67963165,192441833.6597218,531820303.71480376,194220158.47254103,445483164.3204739,205762283.86755273,430232892.1929602,294648203.5903292,1066938161.3828207
LBP,6399180.772312848,6119344.971836029,11259721.69369784,8121217.160448924,9845847.15493466,7140231.504567869,16591027.310648834,8182730.049963392,10219711.636446944,8417332.141205747,2745527.6784454733,5317547.36770002,3816942.8831365746,7922487.4469995275,11114933.270503365,1368059.6716775808,14328411.742727682,11200182.190973409
LCLAT1,21434881.131386604,36274761.75557759,28392301.120170753,66622151.94702007,50374117.16225548,41241715.52757837,22193544.499845367,14768575.075738406,3428205.328089128,6819225.3459003465,5338858.793578265,22218805.06362826,4100131.8291675495,19885261.95780389,4092422.3916088,10413765.099210616,13155545.54435789,38878987.677655146
LCN2,7204311.9554240685,235324255.50864357,21905092.958804823,701913290.0816902,5706093.110888431,444519666.3485253,27700509.061595522,344636296.382955,14691048.636763826,421644809.2310868,10271692.335509697,28557547.04490603,3680428.909353258,195665308.83484533,4345297.5859918175,918632340.6435182,67402280.61820619,715414858.6982462
LCP1,458876292.14363265,335524148.52504164,293960819.4024095,477102927.8680384,333570236.0062073,488033811.9126263,1280334706.7353554,475412315.52658445,155487807.60841346,638419144.9305333,163811457.89082822,364965966.20941114,102301911.38595209,562147050.3547661,135360748.8208939,719881102.0920168,298401414.6783153,337539478.6885613
LDHA,1004378624.0774848,1575288174.6769319,1289532599.584264,4521798310.049349,1471414723.9162204,2934979126.0287433,1446895750.1087713,1173073039.3944745,871530339.2214357,1276472166.157717,728355312.7982583,1787478240.8625574,825895391.6970563,2427474497.1042066,819429085.7072415,1272812246.3751016,1351453578.4110374,6020050577.67333
LDHB,648373348.1789067,685368408.7078686,914088988.8242043,1659636397.1351256,665856824.4689794,607723538.2453532,632812599.344724,393718829.7184924,628294513.0276294,680914005.7463696,641366155.0295316,439089296.0478561,418695761.72371924,396164765.55312574,533903955.8242022,552477906.2805753,683251506.9375484,1006912128.9638219
LETM1,86370597.37720111,79321804.77033833,55911807.35330568,180528690.1795343,65454996.66144645,104161696.27837092,120721074.01174363,99153434.10155657,21980447.77214264,49556080.06201843,38217743.18439416,64250469.90500582,34192517.99220765,72500621.28606771,34823542.577880375,59270405.319285735,32046409.308359876,205715181.31904864
LGALS1,351804905.9856851,222911471.75949073,1702615013.0139854,754387037.6595314,1032801854.5284306,557944562.682745,794296423.1433604,396045840.98267597,1214139157.5269096,217295200.07782036,987370249.9165496,862692128.7906504,419502007.7178419,797593157.3827478,603496213.7480024,211274563.9417385,1070866976.4420918,343649241.22653204
LGALS3,760514501.9341934,152732429.85456502,683334978.2712486,1916887893.707753,785515034.4114934,724324620.5788373,517490059.2527666,614588388.9941634,114806130.91896194,32594425.230435997,333287845.3747281,219438437.5792303,209723183.72495547,724172871.7166011,206595728.14755955,264641299.73498884,287601969.651046,610282277.456793
LGALS3BP,181478975.4127772,204919832.6631562,51854444.37063819,971794809.6031017,87408055.69288397,318141047.3535478,155660641.9882258,88546022.76334299,35475682.8576309,168000515.6182514,36569024.75690056,92313167.76937737,73964683.23233698,226565288.8380055,45656674.42089422,667912939.6472757,70082113.8662145,227346884.86932892
LGALS4,2445230398.595441,826704155.6847332,2164544580.5407457,6959126016.643438,2572880391.7118263,3793054646.0053387,3065433375.3336496,2541487141.3141,472444985.52741146,217430728.94692025,1269588067.8253393,577933679.1344879,910129339.1296418,2128133121.00273,1013523458.3715477,593992104.2257874,1827042519.4745793,1743117824.35005
LIG1,5009412.886525167,24099977.202411428,351371.34650298196,8023852.410986739,1249157.7159933797,822047.5052327104,24718998.35426212,17150550.995063026,,1437614.0371155178,,,,24243644.87120681,,811264.6886663164,634676.4541689258,3268789.672215013
LIMA1,222905685.9129266,136158701.92367762,122857781.8786712,399443313.89591527,133453996.572851,297475197.9261492,255646552.18270117,214999087.25482586,29394039.833359916,106303433.11133632,71477708.13917758,102561414.49070624,63943886.456046134,287535326.8984271,50980636.56657477,133171197.52443455,93734992.12867592,388291674.87457156
LIN7A,20381307.92853456,17555497.771546,15522188.194820547,50175347.92174879,34446135.3444958,40345778.0371101,30519449.07015165,26396051.78225414,4806359.746781777,6572121.141221397,5536272.420614001,16056046.596100911,3716177.3589977496,18904844.252385262,5240664.724340424,8537121.568837317,6356978.599402193,142211714.1829783
LIPA,115724624.18481918,8220387.163755206,,5863553.122550542,3942851.814023729,4614513.002873842,24117236.71602295,15661750.157211743,4784373.008402726,13121855.857675713,3977117.990511987,9903589.21448618,23061586.345178213,14127224.30272874,4248996.21614773,7834794.975738909,6752575.471136701,24186958.690148916
LLGL2,10355542.85472992,9992922.858131386,9098427.476011705,18370235.860740144,16477799.187005203,27521884.705190472,14664642.717571098,16067086.32872798,3693670.821407782,6183931.621978015,9303722.287252557,7158912.160986759,7915701.063304009,25101354.339881755,8892499.12861129,8018675.096581695,8321462.354667591,11123678.378322246
LMAN1,57593292.004602775,49021293.9498459,28377189.781695742,63509478.78602827,38075153.28620895,78139704.52690545,72256376.06076287,106969189.25400658,15518301.27932418,16019081.346766489,18142081.63367439,37062164.805073455,29683385.324745063,113161493.01549505,22738883.048235755,40957702.79213843,14908861.739006178,78571214.54402067
LMAN2,139981831.73298255,151512778.76004446,64896306.36358682,134672452.8554787,99105951.37560564,179967043.20530528,186616586.9382214,186167593.10581124,33646494.68371038,94893988.59100369,45675500.91854846,76751252.40900785,60708039.77195823,235370421.9201152,52195378.40051455,114051585.47675267,67817059.42765073,220709072.47499484
LMNA,2676733960.7162867,1452798185.5812404,3696768585.690088,2411468945.22227,3344831546.253791,3364527943.4307456,4130212868.391058,2152243736.871955,2326158305.4287395,1588111411.5389633,2676574320.9767537,3271360067.1756773,2075392961.6635566,3146509584.040403,2153289944.6891704,1425938297.7810109,2505327638.5666237,3589578007.6156425
LMNB1,498788352.55812424,659206556.6016912,258210222.5168373,660930896.1919109,463168731.9599476,1071064735.8872752,938581459.7399496,482733551.5847909,112500202.75775413,401180596.58234704,206878795.67408124,538707099.0654367,149919289.89971277,630356053.5453054,162507001.38317367,520104313.2089607,276448063.37725043,1647077955.6246846
LMNB2,183369586.3767773,159173812.70644125,183149266.3886435,193657635.95432428,155433071.9869375,216507447.14878318,298746357.01760846,154829897.7206253,144330850.50627378,105729250.41221665,157675514.69725025,191345911.47204715,103614739.65510558,177727472.2841405,125768079.5102482,128953414.25811936,93484287.67724237,229572070.12992606
LMO7,12610171.184966944,34198291.864677295,13787543.262698984,102514625.83838467,15952195.709721051,50767916.34942327,12853601.983067775,19190051.10423573,6471867.663760987,12817617.199747283,8263962.5343990065,14392352.146221824,4488917.395883508,21149863.39728561,3025915.6949223476,34740047.386577934,15626287.936927339,73841831.57519892
LMOD1,14780371.955142586,6050288.962740508,213676538.32820463,13704301.747308688,173991322.16861042,13193900.587059567,36333843.13178642,13929189.243052924,322199749.5329262,27617117.00143118,241282343.94119483,54882087.09680152,158837903.1327311,17904829.88619885,140312084.60433677,5434704.062660536,152763286.48103547,11887865.516573511
LONP1,39129489.54871828,72918599.63953951,46052184.734148055,70356878.83203219,35773299.83509098,51788508.610722065,38233479.03105095,51586701.31615124,19335280.24417112,56395678.19244345,24192569.163908828,33999444.58746583,17914056.121744648,79586372.40647128,18777334.410684377,25579996.00561307,27569305.530528,154887023.18929467
LPP,162602141.8161772,97004041.80013421,535748191.4956001,204697813.28643978,348325786.73519325,254973443.51572683,318080148.3375381,222784984.67222396,431139888.2862822,137054980.8662914,464937946.4857315,423958724.37648726,350676478.7219849,228579525.0270626,481271148.1107171,77445727.02700834,510643287.44908917,221444803.40056652
LPXN,4184153.863693444,2512958.403788961,1345321.7921850001,2376467.3697563987,603142.6699469221,2472939.234372623,14925832.458540747,6619969.499437147,434872.1233557457,3006620.2696434255,603358.6680933014,2036963.9454999408,411422.96284690377,3091543.328102449,691489.7184592604,4347682.979682752,869724.0947797614,1616942.6978736287
LRP1,25949353.212718986,20970137.090507057,10542015.438294217,23638999.080577638,11032471.801309032,23143150.21909633,27021647.998780742,10928711.095281888,4141153.9760179715,8087132.090334704,7581419.885624885,20503062.40520184,10569118.056278365,26509473.268426582,5525203.901947084,12145600.184605395,9858421.766692081,13897236.067415984
LRPPRC,2669032328.0425587,2400440256.027042,1590630572.2045715,3160267553.1475544,2313533663.3778434,2834761576.9730177,3023640869.335057,2433662164.579186,1197795043.926096,1844826159.0507767,990987788.2081501,1922034785.4001074,1792140963.5997264,2809512165.43711,1370387438.4135807,2135055659.214342,2128282759.7450087,5853891219.070047
LRRC47,5811353.759333662,8743313.585322633,5357144.279085441,10360387.839978054,6771977.481345368,8845873.89142988,11526650.6959888,7959012.8561818,2080170.2204566165,3800944.783842864,3511484.056346233,7419256.445779569,3805681.0343348854,9781948.473903617,3708338.996232309,7523499.435098857,4359238.882876929,17381982.56571447
LRRC59,200161696.54736406,294723056.3835335,95786899.7425904,428450637.2332589,92727109.9878385,229899941.6440404,181413048.48474208,226381391.19219664,28931916.732217483,78688897.2368524,48073653.733443215,189284936.86603254,131738701.41913363,277228548.45398,51438579.72460209,172246785.43854925,48344298.29332641,370457941.93186516
LRRFIP1,34233069.31271737,53572754.00510147,33384038.772646606,107351375.81606166,52133759.89525796,72577711.92388555,36409372.554824345,32520468.382780537,38655920.57578694,32050400.49543766,22787233.223971907,42981595.701979615,18659240.25027166,59389634.56015074,32095987.410409935,20119183.895582356,35707139.54416173,76244365.33897318
LSM2,11946682.633398494,27830073.417835936,23247136.264971703,66826006.448108554,27525970.491887547,93921177.93156517,48969680.89680864,43701148.80793828,2945870.205710325,21762814.22888916,6045266.952137297,28622865.301599633,17894820.374972727,32792784.47036028,4980436.328441492,32530641.478783473,31179017.857736394,74286998.62931395
LSM4,5622183.255112642,10189564.768698122,16037677.970668271,20098673.857063893,11142555.45507729,7818732.168416295,27178102.636123534,24349079.958777085,5820309.843936757,9611164.8374601,4289262.722662138,13437448.80532154,7242459.777349887,40021199.52790764,4355820.605475711,14234211.481850311,8759428.045195565,22762242.728857644
LSP1,4762416.687141536,16588009.728442106,,27571125.20828028,1903175.9219249068,33231567.231183864,24785199.21262894,16042183.25898816,,37116585.96156039,,2870288.334545185,3845694.075018385,1302029.0023597928,,8622627.373032767,,11993035.873352576
LTA4H,151237743.27896565,151476435.4715843,79444277.00746879,167611956.28214154,160305751.22415313,214848738.31731,238806637.43952236,162565936.872238,98811063.32546254,188100759.3308883,93855352.85687576,113675055.907472,68407746.96035638,176965290.98509282,82203609.87097241,134836672.90310597,124949857.14788651,345826120.3911177
LTF,88163093.20136288,387692943.546698,541868896.1539426,551997602.8572643,180564267.58498552,976530356.9586962,385208534.0027579,351702618.5156723,470263469.2101113,1933753258.6475282,107165730.99994914,494033606.296118,168130790.8519893,314082841.5700796,218836009.27415153,395241332.21732277,905030278.9688187,637414604.8710492
LUC7L3,9078621.082957665,10489661.16112458,5964618.921858347,13139601.468172524,6299758.743838176,19462569.6689166,10306405.224931275,4183917.6953606415,,6943901.907779896,930967.4251413164,12020929.838009903,912667.333963684,14084445.69107333,3165273.334787599,8197562.388508272,,20399846.32980651
LUM,1162216111.8736053,74713336.49715832,1291773637.5380788,155102134.39650086,2193594503.902104,393048427.0599521,2170057958.043977,372891868.8923408,2815634621.144347,261790129.1602328,1826242091.3314824,477752567.0001825,1376137233.7268815,239801056.47023606,2024364588.7725673,116994456.38467126,1611883794.8000517,276233816.0658277
LXN,13483371.6635707,9694778.616446514,14867257.401909595,12514994.070176495,19347005.703258213,33629545.53681595,30282771.71754077,18041242.56356997,4678270.513216801,11202186.704721356,12401857.18068138,42561172.4195299,9377568.018981095,49219477.292599216,2391026.505610634,16238387.56323018,10641019.858319707,11188277.547320103
LYN,23628217.241540395,14234282.202427246,16206256.930242728,5549165.252318442,10510260.631308297,19886627.725300465,10480471.135915078,13034947.02360361,14722560.258521682,17542118.09680493,8922552.560514769,10091682.220286667,16314050.403467825,15212145.36270089,10741892.154307207,9406988.1220382,9716310.214824775,2839184.164119491
LYPLA1,28794823.16236548,48468854.49062278,4117526.411626312,74754703.27620044,12513643.753249528,18730752.877830654,31869331.974203587,50583069.70546293,4157578.203739449,9703012.692408696,14953628.284432923,44364885.786905296,12964984.854631169,61639700.47517197,14575474.951885091,19990364.893039137,1328777.711291802,91358120.16349404
LYZ,62745395.18157904,131226957.41991544,108640380.7755016,171973979.86006182,23513257.389508843,362688208.4074151,114933421.77222344,136699819.68316084,103142859.55990064,456804838.7827459,47557224.54495191,117065319.37370205,23547380.151032384,118594680.02334161,20536729.232079756,167705533.3702879,247792454.77915683,167079540.10796422
LZIC,11529692.480429668,7714079.21068933,9130545.927826611,16381094.759345831,12316303.63811825,12849774.935193917,14764012.46651916,11426728.688071094,4258098.323209902,4852838.765567292,4891115.283773652,5813258.312541725,6701939.129558775,5486202.388063534,8500800.044303719,6159426.645832542,7942478.599467326,20823196.606245577
MACF1,136308134.59842962,173345055.02197176,847460565.4895608,216717808.29565245,726214389.453332,332874398.439579,407256708.8585132,228991465.66411272,1498102709.6640391,552495965.8078758,1198330006.161416,764086692.6282367,426044856.9870829,196271194.5604359,1411393127.0074272,207289148.71969825,1656258427.0814023,336130687.3923181
MACROD1,6093878.165202842,5374397.309211428,6322307.884225666,21419185.240290385,944311.8768839296,6518698.343048124,5319869.530171254,9449950.156921985,9706890.406421691,5680866.532828987,3658594.768370089,6847153.49748871,3806560.9971138025,11538106.150780426,1749398.072887875,4080695.00647983,1960460.7513751455,52898851.815936096
MACROH2A1,437432130.0782315,580777768.5420525,309182798.8346617,314114279.141525,278690856.6715755,337019024.39729893,481724901.4419155,415861492.7438965,120276352.22259866,182851801.03726113,208285148.03438008,340078546.19856626,160711166.6315346,499249584.97124386,170733819.70976657,459429163.7619417,246631537.4375415,1139700613.842183
MAGEB2,286287.4213224869,232929.25773833023,41121334.172826864,12524833.40644265,1915560.981056471,2072719.948035649,915679.6333232094,384787.92794870626,29942713.74024098,788963.8404631547,2204302.0751282023,3220918.6431227443,1594011.223721267,1067239.7720567372,30921.349780907178,219232.91463381916,4184974.707143139,51137125.30706379
MAGOH,16340180.905604286,34195859.37143548,1066916.343678727,41372315.73136421,,28117710.54990187,27689038.439750895,24941781.19628916,,46191954.23572679,,27123693.880693886,217521.1289605432,32508441.991235662,,48499069.259815805,8544660.795923995,57849427.52900375
MAIP1,2912500.822453998,5231857.188530127,695141.8178825112,4251496.388507525,2431211.043481718,1637786.3211218405,2789475.7213365124,4993356.145786138,472295.6240667787,1582626.1987591565,1680902.7324792186,3329027.831977896,1722516.2046476724,5929010.870680818,1064906.3436970524,2503354.499137278,848570.1041154969,3991869.6622706903
MAL2,2388334.4329288364,348423.80575039785,2533904.394389936,20549912.710439716,5226930.43688037,10587065.938748475,1598554.6812738597,3708702.678375733,,393042.40939941496,,5964252.681514586,464164.80335735856,324679.25121059554,,14431929.171973,1390222.9171638356,13401780.397433467
MAN2A1,38283243.29614881,99169603.71892896,43154972.80432629,120798255.27906933,18437744.686633687,94769879.27355918,194300657.9328983,89856998.5424223,27264278.691494655,48182693.63060219,47227190.59585752,146360606.63753253,29939928.57320482,147520536.5117195,32993156.77176172,92796915.88206293,32393711.858769935,203959049.2998402
MANBA,16665393.981686523,23058654.950554468,17609655.08597027,47923123.638324946,10187734.864201538,30991711.990796898,25458716.53707196,16182406.4672495,2761729.972025091,4089001.8516214616,5405444.95220312,14696819.426758245,6937420.741758612,45679402.81920874,5760244.707587779,19167270.083822116,7364371.6299469005,13257449.665837
MANF,69074989.37164968,112492771.78345186,29219929.389823295,183147551.71756482,56446505.317533806,119602388.10312954,124583814.35523944,124527054.41511106,12401080.756188834,52284096.975575805,14621576.108661506,60094186.242581844,19195014.787202433,102855624.47643216,20184843.0573581,97727194.37800305,33174408.235806163,112115439.6127733
MAOA,643045591.0772345,153135303.62727517,565568572.3397206,691768690.142635,634165406.3993123,390205528.2343422,645000619.5136648,392163888.9085365,197003603.73384783,78431895.83898123,328669149.8367372,196160455.3554386,346966528.6108232,516564639.92465717,269707927.79791754,107080134.33656147,313872140.54214334,1376457197.9062865
MAOB,5201248.11002323,1572467.2683436864,9892941.048537834,868947.0962110695,1352944.1189432996,2673409.998461227,9273148.81963598,5482513.954732792,18336429.98497006,3369165.9795312127,12342935.38143238,3065920.4314561193,12866467.84279952,3116399.5427858727,10043906.501765346,285019.12394929334,15262937.851870537,2661510.003714001
MAP1B,98959522.40772729,149269456.83784983,89547094.9400029,176398836.03925684,104727020.19557442,109301947.59107421,143361155.72538096,122499507.57773846,78540133.978208,75174625.37864049,89951193.55423829,86446280.08297178,38014515.15328702,312428449.83122516,27562875.43743119,122165212.13094537,65884470.58866456,140259105.70192546
MAP4,179954522.7431419,447325372.58352274,209020885.15108755,378280605.00252616,194458343.4193905,385377925.0290061,339925138.4677267,342405683.95190936,189288155.66597077,227987190.71688908,223272256.58691037,336754366.8298724,208690285.33831155,361671240.35971016,237469940.57400295,258370663.61984295,226650458.24220243,502334185.4391302
MAP7,8648981.808327587,23931105.488803905,,41747044.95258275,47725571.47414336,39016081.63496479,6681275.4515284,32715415.654586703,,,6176932.30079095,510079.4857958185,7115028.098630685,24133160.00193416,5450360.269824075,35211366.096961156,17524051.941457786,60179029.83616909
MAPK14,5901263.837383795,4203358.559492882,3519772.190386676,5781818.86856848,4086319.912796412,6182432.881507971,12501337.389690531,7374712.14538251,2498176.3184085493,4668177.507119348,2591185.2604822502,4234187.963823784,1740259.545585036,9622892.062317615,2389153.922798865,4303141.674136775,4401776.17195404,6484690.848019659
MAPK3,39913518.540389806,38110698.255146585,29149375.63201089,40772473.84928279,11943496.075915735,85393765.34256819,47636176.258425474,46680301.832442924,11127896.973459486,16265841.414305646,17091644.37252157,36293823.866678834,12293349.074325368,37307676.74393408,8512571.390588779,37416314.84624322,17266955.494250122,77400799.9675276
MAPRE1,18187578.369467817,69730161.13681218,,,3221239.728223066,12853246.295420969,49410207.130584225,67028909.84144888,23865469.12631146,10236604.26376756,10919173.508610329,59889704.45784002,28053979.407688428,54064822.13249319,34248946.29052282,35919177.997653335,33861148.161441214,32824766.096261412
MAPRE2,25463447.99036269,64903981.026717216,38948470.27346273,123682027.29375485,15586196.51043931,167194662.94110683,47119236.69002026,38394233.89563313,6828070.6031948915,78996026.20339571,5401204.571650678,41277920.45638834,15970829.027749289,45014314.58286663,17917513.180680726,87349494.0326896,46055491.258779556,166168370.87641
MARCKS,441073430.3453707,283452098.7414681,560105032.7028861,409782388.55201936,640919329.1314075,642323460.9763577,519449002.62047976,370625123.14842534,74590166.30610377,136004687.09301823,269487657.65280026,272777862.82482505,172519652.22098073,520128058.24459827,183591367.4628616,252669964.1933995,343051016.03334546,716486592.333143
MARCKSL1,15358517.923711095,57074930.36165624,11290404.608536502,57165834.08845197,13519200.637917649,202507143.74030906,45713524.022008374,40382798.71513266,3374325.2001295625,49753559.45694227,6655548.17827551,43050227.31696607,7208045.966098756,32215880.105540685,6285015.904385972,35858041.68361506,12612207.652932975,244554511.5513515
MARS1,22197714.152662337,40445792.974812515,7040810.210146431,62184263.71089952,15408401.664019631,48405607.554062925,23627315.629299458,24120687.004293248,4083381.343471881,21540710.58902033,7150867.479593925,23100200.750590287,8724422.005488552,49717229.0431316,5085087.28077035,19298769.290387243,14639870.408081641,71516815.14765051
MAT2A,8322689.820448066,19991173.99270757,1555411.0006568362,7812460.422799249,,11525460.63238877,13448017.37456919,10260873.008205216,,9143139.721812174,2539449.756852574,11239128.055949785,,18240946.075445488,5486278.986726936,12395772.927462077,,12741146.323699968
MAT2B,16607552.17156472,27815029.315212414,8567749.346060526,31085988.79772797,21400785.811682153,31912708.807609078,23970166.368608925,16396690.535123415,6306563.340636073,21495367.26567506,10869998.992659874,14145273.977931306,6612405.295495817,33450246.36221926,10226847.8378365,21443396.587985538,18297704.030076392,50804477.476108275
MATN2,36166531.653165884,20693956.77008989,64008401.966078304,18692800.490702495,41642707.55654088,13424276.188377082,25187465.95383028,17811459.076384433,33152860.754749853,17664350.97493714,59355748.204855844,17846345.229718715,61957709.74447477,14970712.542807166,21720033.517947152,9731807.27384477,38197780.21530827,16592052.409685766
MATR3,68697648.77879101,167556178.36460575,63876583.4919531,89064122.20626247,24764409.62712568,181089879.07275903,137229117.54855695,102445004.0375998,38054424.37716155,78285294.11980838,53160337.95333582,115303810.96606939,57035040.7356378,168288536.77285227,54161211.697346106,133840237.34396657,76713502.38260849,254291047.35041708
MAVS,66620166.24440892,2226598.297351601,36707583.60158033,17116766.984012477,26543879.81386844,127191900.27051438,235507348.333593,62428967.632346936,1810339.9130429137,9718543.579048209,826091.2154348635,42288910.87107664,48490134.567607865,7405595.331320513,120831399.46700978,12648225.554900654,132588489.54560871,31331187.986487422
MBOAT7,10833490.80511186,1422577.6046122117,8000562.485874892,33365285.864472453,4703040.470828501,29127249.907794297,8812429.451084916,10979063.739373865,,7696354.4890342,,1759417.832897159,3007176.9875309635,15090830.899268951,7658308.964052964,30824840.623359755,7993511.721469908,42301244.03997041
MCAM,32961300.318581086,21717815.797740135,132248728.80232841,13627407.278858207,92788679.39782041,21111057.080374118,42490799.67327498,34072210.48587245,93999765.17131644,18172603.29879779,99392158.84970365,36564470.706881374,58768240.52993992,28146473.113670453,87521476.6741058,10963702.31494584,108773342.08023775,27525509.9969878
MCCC2,117499435.75677995,127648245.04177195,178259589.59537464,168495687.6775183,186449818.2316513,215301216.61817667,65810630.64973354,67740816.13343762,28338668.962016027,96885734.53899059,59731076.94218289,61613554.02902368,65488645.92986274,252901567.04955116,29281473.48448987,178939170.0995923,115069675.39156818,211972835.65443832
MCM2,249825359.3240871,386928565.48088455,10825145.728882449,132579688.89140914,17682916.949895725,176751487.10204005,268648892.7612021,267587691.9309502,77696690.93585886,128329449.51581731,41094943.945393085,207993987.37146032,94163865.7300482,314117721.5611541,72081185.18388338,372718101.41617453,44231951.63406235,131612859.83876544
MCM5,3345576.65651902,22553004.737683974,,8195613.834017327,1103625.8623611582,6595330.821722329,5638236.762703468,4610714.194728869,,2591549.5394718554,,7267915.994298652,,8533255.754988862,,8006275.048958762,,18904589.85759445
MCM6,5601515.792375283,8376599.014212223,4835578.109660765,9383212.4248618,6121576.632288737,1225077.254950446,10632541.051698465,6918723.51157081,3948188.907911423,3463469.1265943563,3660288.6271765367,6743666.069638122,3709539.590126222,1919087.541894538,3995147.6419156897,7404715.205729554,4435150.539547729,7643972.244296267
MCM7,12273168.646297742,34970215.515907235,3394169.483538914,9806418.047723664,2500220.345103489,24426654.041616436,15488763.00617123,11689802.451338768,172789.8123385135,10785828.612508757,637970.2594263054,10380649.438717246,78101.4876946624,17160036.71464598,1001038.2668963046,12094778.416090457,2596884.339791093,24665844.18986448
MCTS1,83440865.17678034,188211575.5836407,43812455.5502919,181144164.93976682,225825930.3430404,239650191.78258294,287577165.62827855,165169358.70118043,38603453.39831654,153714650.63341746,7929010.952363204,284266430.41459185,16108128.246201525,155949248.52093366,4888271.339407517,136548127.30324727,204002342.38664693,307788237.25353074
MDH1,503642586.26047146,292275592.95857525,808572290.6786501,1730450460.1702201,718966973.8877705,642952334.6178831,737115953.5317441,444588888.2159137,811114874.9982011,348187570.8928776,517401598.16675156,447116907.25391513,352853843.82418346,496422607.90233195,712865967.3060354,425286697.7289416,537217647.0201169,1019735736.7643389
MDH2,1240367184.5657992,1522883935.1242003,1282959105.1286924,4284078301.6806264,947116223.2921723,2889753307.954353,1800719545.987644,1354912672.9308972,464456296.4994275,676741995.0053973,873483155.5453355,1474040127.568788,627997026.0192684,1305520798.049128,648848467.2819206,1007274240.9662731,644963461.8731221,6664170349.232537
ME2,28197817.492180474,32888588.67431742,26804096.09642022,48386802.00170793,44873508.07215108,71892192.29444307,40556719.95491053,37742547.14060017,10449463.080919335,24408896.881524257,13737423.43539822,26718520.05125375,8080679.177803779,36308187.630482905,12253492.059024854,20646187.506598853,20836094.45189601,79036496.99095367
MECP2,16733251.690561827,11971950.765711725,13719041.55934396,2295834.5664368556,26010951.267727416,19322253.314818896,20363298.64861557,17696919.44404223,14261562.81489212,3247452.313980159,8497316.364526177,8244203.246859594,6162848.027840307,9581353.815628463,12582249.38025678,4760673.978220519,2183688.924384165,3418102.959418871
MED24,3704437.1759385657,134234.81248631928,,7297821.624322211,,349408.55862685293,1656542.123411493,72648.06080289235,252715.11064556905,207685.69549413363,61357.018668581215,269015.6038630224,43602973.49847647,2356311.318146054,,661195.1491048051,,173974.71567789238
MESD,22976032.739829633,26554410.335150223,13229394.261701642,25092404.8812719,10313636.623267122,41928103.85888628,9526162.458718482,2684515.906390866,391725.4211498709,13490944.829582728,,10602415.58645674,,15272001.339050692,,3391932.611931686,11642014.858937353,26659691.593184255
MFAP4,17203256.824734494,4714426.8199778,16655295.081099415,18194244.76445164,22868283.748325422,4229493.646026282,55341217.89047013,17090977.504595768,31132654.452098586,3951725.8270673784,68946498.01868945,7877245.843164284,46133220.32286519,18619563.378611308,42280745.93524277,1069866.3995002434,34292333.97170597,747483.6295279061
MFAP5,9999296.652804064,2014161.7078936785,16715161.776041212,9399938.050815808,12171690.734032905,6360210.851117398,38047066.189376645,8189015.35792684,38315041.410552725,4740870.240314731,20667482.36969942,5289222.103730869,8538709.103680559,1883495.5989365247,34663457.95827996,11767555.719719771,25635149.45414351,7557406.811941445
MGLL,6989509.823589966,5580105.136481967,3729759.196261246,22119263.04410721,6821991.308539394,4685445.356102251,6178403.864299735,3418760.875007412,3836936.4281124463,386335.3605754627,2328633.5316323275,3067799.713631118,3467112.022187312,7601373.713134032,957716.7685028928,1768846.2635818426,6186653.334277944,3691433.9778932375
MGST1,81952720.66182825,33403059.412414085,15780373.314033967,48295562.94156191,52001881.491571896,99153622.08337499,39742007.21062826,96581454.15931262,15893137.121802656,22619235.646140266,21995241.36788971,33326104.080789544,25652696.98964115,117147484.9095107,19281339.74993197,17733105.23654579,62035074.26058605,270484818.10220855
MGST2,31335105.933767132,31832113.96765928,13075318.44427484,64661068.20023052,26761118.30368925,42142876.416634895,54671023.29694296,29315061.93225718,3109302.5010774382,6259074.806827648,3369073.9006490577,10103775.315365275,15775963.434139702,47782680.16743587,5823791.400370708,40039210.31176729,8405075.513530891,66709289.34020363
MGST3,65746939.73844058,34167123.479168236,61849754.63222183,177762591.90263742,59847810.432269014,39140997.687700845,81430965.96240641,69717137.30414164,46943801.98750463,16371632.351536674,81616056.59370646,56753135.68601402,28558701.172723033,74446312.44503163,31750582.58580307,33574464.44614639,71309154.08725372,78459744.01431939
MICAL1,550929.5893488793,325694.8913873329,217581.57971970085,711802.923161834,,215753.52169791737,2879427.0770900524,283430.7238271225,,682636.4164260391,,391533.39617809653,148364.15781701732,879489.6099375461,,101557.19629856395,200473.7760186309,34773.167724733066
MIF,12863149.965207094,36499847.25680792,10318955.922496015,34266709.34035138,12151391.615207717,29567481.13886274,14794254.454853777,10887486.987153448,15979493.351480016,8605884.969479948,8656517.629749509,22388739.89398925,6428153.734448201,31629629.924044456,9669925.711526114,23868594.175149072,18974843.10252751,150343107.60449037
MISP,19036808.027563643,44765759.75321901,28134371.33944968,126224798.68006405,19009069.9602026,46902366.10042547,29048321.921552707,18281359.16678483,,23265142.379987746,5008409.6740077995,25309585.742731966,6848015.394581614,53545851.306456685,3338929.913613666,26617045.641057655,15722471.071087833,73868765.21474293
MIX23,7736457.370106015,10252502.5016693,6368536.29851551,20830078.86738683,6385135.980190295,9424341.920169564,5243291.880390592,6466738.449070796,1351869.9617134165,5681249.581042125,4433924.556449522,9214993.6139068,4375901.202751809,11915337.147465397,2203945.930145236,11684824.271112405,3230975.503804993,27927073.815225337
MLEC,218755308.31492558,185520583.377512,131919517.61295742,387225797.2575609,146744893.34585795,333563845.37567055,140180762.93358216,222975516.00524035,62398532.68934451,105696361.4838306,63828577.95881496,194939705.50380075,52445450.749185205,297246206.6456371,51878591.31317469,160060460.42165077,97413888.58898892,675207147.038748
MMAB,93629154.91705206,142159967.62519047,140629224.16288066,322561523.1656723,95814409.33999072,252018609.5923559,160989731.64328694,103541018.7711222,79188446.11678594,63734512.01676636,70968654.78770481,108169674.63616636,56331514.53150322,129629941.6762276,43062421.971118495,139811637.6399071,143231911.76224738,190403549.17400485
MMP9,1722610.1512468578,20352833.89814391,6615186.433136685,15584214.063145792,765171.3040214807,16166974.981005495,5743015.925829345,16740371.238931375,15849415.559806254,27489920.609713987,402033.6627810113,14173710.244624283,1029892.1592488044,14499618.393120088,392039.7749398953,9627901.262326684,33934313.47045548,11778539.800416108
MMUT,5916491.9736619815,6759365.819905462,6277312.253391138,6124822.528036174,7734065.390618781,8246441.745637717,7605914.458806634,13100962.725915596,659782.095499735,2897710.4618632435,294896.61063670256,7290598.035573812,7207672.414844002,12126095.09060916,4782721.79605398,3956237.094002675,6898571.041802063,18782254.59447343
MOB1B,32813191.52758985,20134306.148960244,12966388.189436259,20244886.383931417,26198318.3938381,54813086.72304677,41580529.14181328,27564041.59814919,11260784.949618772,18087756.402173225,8740162.554817693,26325868.35657636,16818131.160551503,38316193.592960164,9003899.376702553,37697772.69854118,17484438.736953385,60184815.615976356
MOGS,5578055.76179628,7041108.953351765,3533188.147919102,9350296.484836672,4607333.219713369,3185604.5604638886,4951251.720923077,5753696.978823983,2063911.01372046,2851751.951031933,5076078.297444239,4734022.450551433,1576025.130616173,12343612.398508282,1112921.6045525668,5973910.5395514015,2814508.346171435,7201747.050642612
MPC2,8656625.694399051,6333413.211189411,8991330.408743663,24036253.021140628,3959429.207241811,6193849.469715613,1351341.2901446875,10447732.05055215,4435017.7087946655,2635241.495115947,6268753.759950794,1963460.7135566392,5229133.496160391,9051316.02246225,5821027.079392767,1218012.6721421022,6394713.87841499,13842791.052243024
MPDU1,,993868.3879348552,6731388.895712631,21083163.187180366,3229244.474239902,16499587.96460784,,,,,,1727862.110178926,,,,,4790655.307344104,7235244.451965949
MPI,6771269.466460745,4166870.704806221,6281955.444835123,6766108.72150754,7635646.900142184,5369612.348416421,6963341.147545949,6756722.373074866,4582863.077995381,3180346.41306618,3736893.719873495,2399723.770437675,5957058.227521667,5547869.600981591,3095954.8830856187,3820598.1185989473,5110143.217046765,5789016.42330557
MPO,45789985.12271147,199420121.17363423,126880141.82084024,280069837.46640503,22847797.02884995,485937510.7688111,511595725.129492,244650932.99134412,200273946.43066382,1007940945.2220436,31086575.395804364,207578445.62254938,31970540.70789663,316613597.15469784,23980929.03854195,441333266.0917814,502354006.56273407,213088341.50255212
MPST,45521924.85780278,69143657.31043014,48455712.88456239,152274289.9288217,76986135.77179259,85066453.92373148,15082717.933790542,27684008.162972033,9751469.397171706,18007963.893846653,18940243.51787122,37171600.11770602,37228658.10259177,54347332.91125948,16870772.77525255,33472107.489283055,30171177.22960566,81724432.2360926
MRC2,5002731.905226538,,812834.4474758913,544722.380263912,2753716.3769934047,475453.99776311807,9567553.295104709,3638871.303940839,2404554.0088820877,315274.7427515172,4574229.989036838,7522591.783450933,2382641.2935502967,2611966.1501246123,3121012.9680734063,502851.9610679023,3438046.0855587595,1142979.945706427
MROH1,456228.7320399729,1424278.3869466735,674082.9032251788,1689593.2865685092,783634.6052014086,163810.8341647011,1066790.6829848788,1215847.7986355354,103480.13728035192,675644.9648191829,252708.8022119197,1035222.828648448,767983.940041579,1719168.9731501944,,593347.9597704347,964921.1361919554,2121402.1916645793
MRPL12,74016977.12983821,117903330.76161462,25379908.946541663,203233401.7872657,58431838.67271533,130262084.06841412,82147178.42278513,29893195.29592581,10854439.783054786,41958450.025232606,26459179.077613648,54312206.25447972,13409864.61610184,111532489.37325452,19883885.606780235,45249986.74028799,35208973.496922925,198464678.5921693
MRPL14,13412629.452170484,10028250.606563956,10115056.57172284,14983495.2966204,11638610.05987317,27910832.315989476,4961985.302664629,7475957.473673798,2635404.632383787,3483996.245089401,3107997.692288878,9761997.279441658,2316248.3833734323,24848320.41089241,3870287.1033061966,11463012.23006438,6302013.864863425,39748172.93249915
MRPL15,28269980.257329855,13917709.891819453,,19290861.356258217,52869694.78068984,57693273.895775616,45934949.756922334,30317882.78847373,6327849.015307224,10696104.199246014,18893610.39813193,14144687.362165663,29157854.840246346,21993454.799169905,30956045.098689813,10058863.347075216,26349579.266035993,26248897.793663178
MRPL23,8010928.152974054,15525977.254694834,1814470.5020750137,13998010.342863264,7157347.984040265,13223808.764779208,651221.8684725056,6442358.427327492,,,2624359.744654692,6759209.341748055,,11082775.354680035,,3702906.2411935474,,20181663.38536347
MRPL37,6606478.544996736,5729979.538356168,2342889.5538064996,6761320.955691548,4443579.677929781,6835687.660055014,7063563.167170669,3505620.617940631,1135437.2488897652,2511449.5114820655,4463968.608257758,3445446.430439149,1673698.0935548735,15507017.888908166,1132797.5514550372,3110811.317171789,2062493.110911979,5037737.261813402
MRPL47,1860558.8242874723,2045371.1764566717,791356.5508740135,5544161.426125683,413076.3342882801,1167192.7682511972,1506171.1601771254,1858163.1599772584,371938.8873264343,852707.3952836894,794924.3549760012,868551.3346975946,814876.749837346,1887728.6405503352,495828.77818541875,380483.5750753451,1976025.7958848092,1005996.3002883092
MRPL49,1070138.1159959547,12789789.090930045,856321.4205690052,1835868.1963823424,1815330.880151038,20550804.246614862,789621.3561399854,14426354.409619216,2251439.9872472803,,315973.72676618147,5129837.330761284,484575.69358776626,284135.00674947165,5164355.561749982,6430909.793667215,2042038.51490778,11451688.128874904
MRPS11,6035405.813824889,18321210.19843272,,5673682.021531678,,4081577.639529748,,,,1829617.1539687684,,,100625294.258167,3963432.3222453664,2347583.6213901155,6982822.317929632,,19869065.47766483
MRPS23,4419938.138960104,13665627.821352212,7165952.975865275,13276426.696137177,6043354.868832026,19271189.728425153,5170148.187915993,6341600.6000919845,1642562.6606827308,3885268.473797268,1888300.7087535304,7911254.879359195,1706007.0794804052,11842112.918106372,1984633.8929443047,6246853.228340482,3811644.562537083,19884443.17466579
MRPS25,,1886375.4710791323,1555233.6407923277,18695053.36592982,1488678.8198728808,20981919.35813109,56151.85193572628,,450823.7291070764,215499.08007641285,,1508651.7670845329,271509.2132394,82259.75681710862,451596.6307988812,53508.00136782151,2706281.702134962,20152597.5208766
MRPS27,126965263.18127203,139003278.8402692,76143454.10282226,194745129.51622197,92593040.48069745,242252446.96886066,239469609.52195993,169126678.1355061,23376134.220862698,53482558.787726216,55102432.5433495,108493426.91412899,45364949.31799736,187747779.31508547,44225356.20714744,101304489.58454616,101320781.42814466,75156992.3560312
MRPS28,7640674.271229868,18367557.428450797,5347210.124403551,22826278.06354774,4898431.561188883,11479263.552713208,1954380.725750199,6189054.021686101,1768306.3526532887,969707.233637803,1359501.502598194,9271300.782102916,1215537.684623703,10035695.088955397,1940304.9393335856,9295181.633215412,5244742.139310936,21017375.82968115
MRPS35,4623074.920314039,10191423.689037066,572425.351662654,9398118.408641487,727521.8189938916,1619377.4499193402,6783691.536987342,5636972.129103617,595487.0817045055,1384026.3553553957,443843.9799256605,1302233.6886706245,924030.7898675888,3830968.4544588686,860590.5136025271,3560324.608365178,644950.4116081363,16107019.23488252
MSN,345375871.72055835,261340063.57792598,459751766.7810177,505775975.17429465,681997808.0087366,799808391.7907239,702186288.5075275,377464753.7548654,285528237.0335669,551494323.0649394,432691941.94397527,498533715.3231158,307794984.224707,467405249.51373047,337344747.69244856,345648433.3078026,598753571.8730725,282742368.06443954
MSRB3,3631242.6362996423,1645935.0361462613,42158184.464280754,638365.6711403306,36868244.63596274,4243676.034532168,2122988.0195832425,2850380.008249761,26710527.87151532,3146856.1580196135,16044764.660781035,6997433.5975060575,12129656.73506472,2132284.9494219422,14446669.016297111,568466.3884406253,35725372.28522092,1113172.1249736098
MT-CO1,33457179.44975938,38255227.20260247,35601273.267436564,37365289.19875162,46099769.167878665,46070976.52728474,18639760.967205778,12252576.503358789,18477047.990651984,2369178.011084902,28673082.052041255,6418104.688594103,17148082.93880328,54510751.69903388,11448939.078806892,22649500.451074712,32409459.86203542,46277343.73737682
MT-CO2,264179026.25569624,305496518.7987641,35580850.36389819,269617773.9909942,27984391.44115599,104295975.5968564,41632216.59363076,168555239.26371288,55687612.8115399,23400424.05343932,115168545.73247164,71504831.00861627,86598990.8375726,286581139.9188345,64451502.09290073,115688194.28792758,27110117.449781377,158996524.7947623
MT-CO3,235057952.83728912,137274366.52312723,272193792.7531058,293071476.9420392,175378531.2995925,314518465.7080826,149998533.8422634,144539876.64312258,96431129.17454904,37843441.121552855,54553061.949792705,44507974.257607125,119158784.39428364,122853473.77667826,54250479.3572852,30465173.648126468,103806612.21628048,279889836.7898072
MTCH2,23657914.42707944,21749959.05566414,49841612.341078386,113833049.09212893,72473811.67761861,141580437.11575264,35831235.92846561,55662330.58998582,3986728.8295689067,25755376.33457433,21382615.369688995,60025796.6280825,11149415.923133476,38759140.288954884,10368732.757653913,7407275.766093535,32598332.493638355,262989886.38596198
MTHFD1,152406069.01864243,194069660.2147264,92371297.707325,284793247.4701437,133957225.7341435,261538110.10635522,238038362.09012067,201073011.42022252,47488721.69847692,120466205.04700872,54566048.12549719,211015836.47470388,69239740.06843837,278279017.93126726,70037908.34885009,115944423.49895093,93239278.13909186,354726618.10353893
MTOR,10279156.707300682,135113804.05290872,118020947.83778648,7160210.598513381,142886073.91704983,114557276.65662344,20135967.646685645,157771909.30991268,22187395.960741516,3148726.5683774105,25882485.6283351,88494761.18552382,12815781.2761729,11010661.75028763,12849484.9566336,29911413.676391684,104270314.32304104,52265625.426763
MTPN,12392553.622333638,10722758.648565996,4680908.394271004,14246176.409108851,,15713600.122766856,16936528.240467653,13498223.488534998,4351338.9145105,8503998.374632461,12490083.707501275,7934479.209437091,5420410.67960454,15501801.675293364,5926203.633455362,8605462.355203673,6938051.480184966,14952568.207395624
MTREX,2603399.731192284,5930733.217603029,953864.2519718668,3598744.440512079,2261327.1634021383,3980915.547342912,3978686.040488899,3849741.933096808,409011.6662861989,2830470.9052833077,1153714.4857131862,659388.7973236432,786659.2811553814,2145936.126445282,458089.9118990755,2519327.3753661253,1315936.785766192,6944880.627401643
MUC1,8176293.094209356,3905039.091374279,16217650.394923957,21464302.654241346,10260468.695889208,30473565.866293095,18838255.681175344,13588340.06677431,1842051.3319602343,33216800.419698305,2474933.265475984,5020117.740194825,3706727.2416988513,13308997.074416576,2043242.5504413396,90962423.48682162,3994461.1613327255,22307223.559390962
MUC13,35088494.792599745,105150676.14652672,21879779.37420016,140338952.71364522,24855633.827174906,55522369.141886935,24692245.371395845,34779474.1848798,8337996.129436452,99324259.42116556,8170655.040779812,34360442.22872089,13326589.189256761,46712230.99216876,10618870.828580815,95053973.45070836,16324206.185971605,429982889.93378055
MUC2,1082799404.4358313,64221490.34379835,1374099479.5969176,873694355.1934193,624714028.2117641,1516058487.1411133,1229599094.9029777,2072586168.5705314,110943619.71891057,76186664.21052204,507376325.8228783,86538256.22648609,714260798.2291996,3029298347.033063,184722388.93130144,70722942.47742455,655239259.3944969,242291470.21123174
MUC5B,,,,,,,,,,,552938.7567738374,,,,,,,46129610.881836705
MVK,1111933934.9022405,381009152.23574895,122853270.05503345,12127515.73478178,9958145.254163982,124655086.85702212,2606299294.282743,1599950019.621535,326883393.0635172,364834852.5588272,511750949.0260947,412289781.570439,477062572.7062714,258505674.87565365,534796406.4721182,413569006.2563572,7725999.840800811,55656746.91873848
MVP,1111348119.539337,1216694652.5508437,575808926.7141778,3145637865.9468703,958081505.663962,1604991874.475613,1129037072.5305305,1076674717.8854883,214812865.0282703,422704438.9036317,292911597.91568446,698882094.674221,424838253.8873618,1756675522.3810601,337933502.03284407,689066734.1965188,585413693.6414087,3213252122.509222
MX1,50811247.564934134,18426757.196202762,51061667.39743613,389014085.28951615,65678208.49313459,76458031.59923437,93631891.39879858,43631631.50264281,69608475.54755095,126226424.97469954,29745533.986605957,74312870.16381562,36526147.59887722,42389918.560734674,70602442.02357517,34178929.725225516,56194450.20253353,30884425.923226207
MYADM,32820967.285069056,17192598.41083782,112381294.8136907,13046212.807184963,71088820.36265618,5913548.771361209,29637649.941604115,14063645.365074992,98682342.64052658,32031908.838755883,141121671.0239545,50638086.63564502,60797122.390878335,59910878.053763986,71321063.9424536,22331292.653407283,94427893.02920151,9224427.396171827
MYBBP1A,1282631.0994314416,18028287.105601642,731311.4471820085,10088497.619355164,328148.5186662824,8945351.989030484,6338126.384523015,6617646.28448456,,6596623.579641828,743029.0852402443,15072345.060315784,,8594919.613519233,301783.36921014613,6716199.792615187,345002.9785124658,14876869.810850084
MYDGF,43702104.90238166,57132697.98318948,21463149.3203434,137805380.7388846,44829881.36034535,66301274.45056765,99442914.59380016,89407747.45425981,13369419.556823287,33247907.301534846,17621326.249659967,36497524.049177274,21888001.26324956,78059758.4276107,16626305.718521278,40531633.19080023,36132601.58520974,105248976.203636
MYG1,4923704.326761841,10389434.092961036,3687270.499373625,2978493.241183984,2958008.0315308245,1323631.9239046015,14301259.516767371,7135219.845783197,1557743.932796669,5105816.220506618,3722540.1554332143,6143916.858567728,4457894.660053703,9350427.57209288,3481893.884721496,8486091.500488678,3540029.66177764,5569444.646499796
MYH10,222013846.18648094,58786660.60736933,4919289753.6775,108677908.50459196,4101903479.426084,188447218.59526247,541680863.7237432,184374751.53634346,3065272960.0965877,328541105.28956276,3514351605.650304,826182767.0800028,2994901687.977048,176345970.86070305,2076715217.0539732,46140206.92497969,3267413646.452668,77881697.7370404
MYH11,4199049712.935213,2487594962.310528,54614668802.72972,1419907909.4156637,41622769932.34706,2227191075.551042,9615248568.775404,4347672647.419946,50496601674.588,6722804106.074175,48752240926.964165,11884290522.35569,33603190601.258556,2887525927.230852,32429864292.401993,1043417166.613828,39154204156.10842,870989466.941918
MYH14,555700924.2419026,488906432.1357227,344650524.4754138,1751328245.9920425,431649874.37304777,1007051354.7532759,481061731.230646,497823104.2632877,108426959.06277129,335136107.93768364,213024158.12311777,377781418.9165835,194680742.4236653,729045002.4932123,131122739.97517347,618449853.6851771,484521942.6120547,1090651284.8523738
MYH7B,1772003.2845686965,1488012.5166910205,273248985.3014286,47871401.423336916,190949014.9280182,75179144.39561222,59479789.26295866,5172394.25231972,198125974.25027895,32709387.99555114,225750660.6916324,68825871.37995647,109867111.48324871,630574.4919662356,131677328.55547693,40596825.020170175,248848134.69792938,121862439.98946035
MYH9,4198852524.488263,5085897166.026874,8237249022.459985,8590666512.714756,6974972031.730597,8513544160.522141,6825600086.094336,5531693265.504688,5308069980.048782,4737075189.494653,4282616335.1215086,8774079816.443853,4245486027.3256683,8538717305.514013,4326091422.38591,4030129969.9413214,7244117271.319259,9145654566.64704
MYL1,193280332.8975115,248420271.0648812,1796467655.6535704,357450073.6486658,1130595582.607227,218896321.20586175,363716118.5319262,273012299.8903521,1172483466.913903,321999963.20671475,657562819.3829812,813811469.6262567,1065849330.4063184,402548577.22886187,1263125796.759257,159246012.5982909,1341667271.3682768,358824226.31363887
MYL12B,907105313.2447354,761489152.8638946,5454786241.969329,1570113921.489114,3053737141.657418,1253119003.7128482,1504335012.1544464,946896083.9059496,5408263301.311462,1084398399.0022225,5053749235.080101,2247723158.244538,4160370961.4538727,1354391085.1410449,4372179970.354304,846680212.633825,3071634527.515775,1301346895.808985
MYL6,944587891.8364447,846949850.1809353,5853092361.283918,1391193106.6177921,2555573891.019433,950971628.6298764,1484833423.4595768,1140945201.7752924,4730244071.314104,1045465955.4512382,3831375994.145854,2083978014.5628922,4063681871.4374037,1285813379.0841644,3930328978.976179,734353067.4417053,4915910610.393396,1275998769.74152
MYL6B,549336718.985319,401489498.618484,3144606076.716178,1185431327.5597656,2749631309.9331517,983752482.8001202,953478097.6426423,850511227.0928723,2543705381.1671944,722975755.540578,3258787047.406081,1428147973.0955033,1908902639.766168,953226397.6713817,2108212810.5306528,674722287.1417058,3453971800.8439913,956479539.8476566
MYL9,154015624.06966853,54456392.45440881,1843870392.3513556,51486309.78129926,1853850317.032473,161597044.9467575,295706922.62960804,217582653.81672636,3016656551.8044147,148952744.42674804,2829407563.5736775,600835684.3068893,1908487894.1394506,84069607.55758356,2320066676.6510034,35302588.193011895,1880438491.620872,68195979.18827152
MYLK,171914674.43398604,113360661.65008804,3208551429.5336204,108663565.20555946,2474336011.2272754,230339610.31101522,400640573.81200016,253974858.69351825,2381165069.7370205,312373262.48414576,2213012556.452647,586389037.7405957,1197417277.1479506,213847927.92395008,1853202344.7853487,113215990.77846847,2630943048.7013674,119459313.18350491
MYO18A,26130401.557503402,29744366.322634965,54312976.34087331,9888756.530160774,16620746.337916285,27553342.830499664,27146723.80943635,31673491.02723886,25853973.972301517,15462694.027049161,17613024.963224325,16816266.923831504,15100898.591846615,39762001.937721804,25463530.219770364,23036034.62975213,31335260.68287368,34290295.680165485
MYO1A,50933369.69718033,23960485.2772829,27039011.575394947,45037674.8255001,24542560.07320833,16032037.22534272,41526288.029151596,59271297.38938611,25025617.814167295,7240134.877973118,37449917.250870965,11038011.872012407,43066105.00529398,73662333.64848636,29163176.06715253,27721711.74427605,19558958.00714074,27031721.17535845
MYO1B,39607821.375937,81808341.55950342,43399399.99194224,136434305.58145636,16520197.228838805,93208739.61413306,54632990.723099336,42461428.4822872,8805809.679575978,48022010.39577034,8320618.041897669,63991737.15758111,25775263.39995338,77672654.13220742,24290390.575847786,68790236.48874135,35467186.54086415,86112416.19446617
MYO1C,552544811.6249423,543915791.8030143,597675095.2211019,677457048.0015283,656330146.6367823,632236102.2350599,1057207586.2834828,654354193.049917,484878492.0338765,377385776.1470828,625515168.348353,390424557.3557706,422111466.87821853,733074572.0164821,528725306.4557553,451084695.0027014,542332243.850723,551035201.770021
MYO1D,110709927.8444866,45261252.533551544,51181919.88940571,42454175.04276177,92659186.43708055,113154860.16277081,149471793.35043657,92793067.6360839,20280261.298017867,10933919.140532618,50029480.432715625,42881713.56292926,35264052.64408205,102946649.8176657,24731539.899207562,48064225.32078642,41334799.46192856,153260824.45886183
MYO1E,3259212.40390159,6717746.423032615,3096372.2106784927,9417450.730734766,625189.8122788204,7116975.163967708,6663505.461198022,5816027.2867302885,643148.0682243351,3318616.621878606,1701678.9334505317,4678269.1075543035,305219.9368385619,8139889.388594947,229751.44753589563,4541303.795671493,991577.2556484806,5389178.138455188
MYO5A,24997969.46955355,25362150.62990282,3611617.251709125,17616618.379735302,6711604.911164839,16166761.749627396,45232726.88287823,19261283.458654553,8239835.468218815,22722365.407148108,15093740.66836492,29312235.78509571,14471636.96773142,31346398.0079736,13571062.084835123,21599999.410318702,4393363.875381049,35088858.096818395
MYO6,32611517.749123074,35382131.2145404,23383231.954904135,105115101.77833891,20939462.85732412,91829947.3394284,38204662.3480807,62151019.59483612,8669297.078452632,20488782.62801764,13110086.71385052,37684072.70735805,16181176.386801349,53420057.90500672,13427905.259100346,47315373.608165056,20920395.33608316,116552220.1848296
MYO9B,2807824.0804833444,2964721.51172408,48163492.19368473,97412902.40721098,23386259.11834899,58643991.68590216,4072927.116007181,1054190.3809060182,1496736.2556912685,110670677.39967452,751836.584481311,485137.9933218492,966971.5321913464,4138137.7446751753,591118.22639188,4430790.265228739,42427987.986743994,65968316.33959675
MYOF,18644958.174800713,14855956.103061777,88412241.18617462,49358634.698932245,76195761.51707804,23879134.047379673,29683502.476364758,21847156.42639385,11867028.97851354,6392800.241741698,13681325.819792978,32077450.27877193,20492542.833413146,27639084.590554208,13069778.707501972,10234643.691091146,8546407.291192325,12175753.875543024
MZB1,286739405.3819467,221738419.9953316,33267571.558106672,190988079.55250248,180015136.03083795,88308106.40151668,262918824.3001504,320614450.0468431,51049787.44496688,95988920.12512389,52199747.47987296,47475882.34427608,28896443.703312162,218228417.50542352,53364315.28082964,317244926.03737044,48503289.05057238,27015011.2836377
NAA10,2918402.140262041,5814189.148792689,3969196.111318475,13002297.653115068,5052633.316324297,13458998.340544382,6310712.521219532,5873592.0733484,1358270.7027760807,8258260.243752384,1085362.3064491656,10675512.584294897,5917455.06452155,3546181.9267269513,13963755.859548818,4198020.338409015,6979330.046699232,20306907.130407702
NAA15,52896211.8296834,81514789.99202143,42826765.298439965,105537282.0966604,35430130.527604334,71670462.05212042,1054270.65278614,32731727.525041427,13523859.76670914,32872096.7660688,12741090.56164766,57259208.017807305,16366831.138011131,110663313.1307288,19864782.79866093,17981159.782549225,29957238.729015823,178999537.92498085
NAA50,3775255.1033644727,9094708.254946334,1995627.800692146,11051359.997036211,3482055.881680077,6476886.968159222,4130072.751616782,2834844.468163395,837626.4001390625,4765157.59567067,2332376.142985032,4760908.514636897,1168867.3096705745,6078960.382529466,1899015.0517164243,6925518.064175326,1891854.1069819331,8545525.046659967
NAAA,5033696.687173786,311037.5530281252,948149.6873744044,4764057.216174995,1777100.3478596688,1167958.1148949184,4949853.294076306,1234013.7506091408,445092.606139253,978991.9336146798,853169.4053933588,1631314.6658474538,2171636.258818513,2513537.6107778028,1638176.8228820057,1427984.8547749836,1300701.1157429323,967082.5893076224
NACA,221381138.5741557,482347260.5464282,114359918.34470783,351837455.77913964,173951596.36447036,361746275.275128,294743215.4916607,252395118.77463263,80974254.58259301,170298168.8024488,120249979.58706819,238482827.13846457,65938399.381418124,292278877.12268573,82014717.90774924,260388420.272836,104532428.69547379,574687068.3457947
NADSYN1,3044530.7879506913,1332344.3257096666,227195.85563693935,6585215.827967029,1496981.5472612726,1058539.774100802,2201214.2745550964,2568666.5881694574,377121.2581373482,668369.8557220022,597569.4504250499,911876.485738976,687572.5302872334,3007775.571561152,629032.6601053749,292899.9631201413,802654.9515313846,343061.66193892376
NAE1,54669307.14591701,33999277.99379066,12799997.866528744,75039545.50098953,28120642.08894737,331532020.9668677,53747558.16926736,165835662.43638563,7898303.206307441,34708835.79530855,5377802.868339926,23635821.045584865,1180146.063721023,197307321.82893065,8076742.748939104,13766117.804142151,12851891.835164476,52846996.33530323
NAGA,7512603.166909639,6682796.665057176,5227128.966898621,28579341.438981146,312175.8117443311,6773059.670702179,15006547.366473094,5777705.183457466,1037888.2134216756,3222766.9718356156,3475853.1441597566,2127422.2208520193,1930784.507494504,5614453.982009197,3589270.5557633773,2172124.175849043,2601354.683383345,18094590.043030184
NAGK,43280551.54214698,28001566.08317924,53447435.72894584,49039082.69929848,63921167.324280515,41876365.15326226,58104139.64185232,39685474.06910972,54999461.51313661,19163185.969261173,47319768.65600374,45828029.69432974,40223030.49535844,58850434.88167505,18213789.461273026,50172808.80831791,33969761.14922199,26385962.776378095
NAGLU,50209346.3597051,98815166.44215836,30997683.50354835,44045633.46671176,25383100.223977428,82981641.74665678,70074606.48593116,94001533.08406676,37613109.35393205,1163178.9004837708,83706200.62080945,49435315.00904672,218001917.22129768,86877502.4367196,121618955.22308902,40579546.542706855,26272072.54439973,23743207.460517634
NAMPT,210583830.4434129,735183118.7065959,68386833.46509926,777422204.4023253,127399565.68548338,801122079.3398919,310916893.0814885,393755347.84925836,78127349.20947857,446967366.55110556,58721748.29450486,339130151.7038725,74022929.45903438,444187946.71469617,81212037.90462148,452479234.5247632,150715492.78464702,1787715396.102042
NANS,254510477.5565945,201985637.10863996,246604758.2036675,424390113.80643785,259180501.34250224,342345867.3700236,343554954.8795059,343574079.2355041,35028743.38662476,169595589.79350418,117344356.66280748,195413356.08865383,157478475.49944794,606820866.0073683,54062125.7031961,151576553.58838564,160960258.34177193,387969908.8066539
NAP1L1,58021814.352386504,89584160.57262118,39003513.614179276,65121791.8991484,38391304.29586206,38972414.115870066,41617359.30969912,46155734.724252604,19298441.174655344,30097952.127862267,23826778.533409625,60724276.14705779,17961265.967575684,46656240.63066839,19281691.703005765,40375922.23254971,37597362.87148146,73538701.02197498
NAP1L4,64355760.24445912,77126056.37283507,71142174.393397,154580472.88910487,71044650.87036487,77381566.46507788,106789812.16275774,75017653.88324656,36417197.4975794,41726567.41286242,26762120.87116936,76226878.47595014,39132825.3254911,105030880.82548055,36360698.60319881,62686043.20944838,53885475.4696106,198851913.51435196
NAPA,81777472.4158627,60384731.75419217,49993793.68950813,95081413.25000204,44876297.73454864,250649511.10731053,102935294.37922569,73474922.57470779,139688590.9479368,91324880.8042102,60744727.465832956,65910063.02631758,70822596.87620147,132219277.08716628,46180621.18183772,87456935.7298725,34082252.88250447,205044106.19174716
NARS1,71477724.85065557,64949668.59571495,78624725.25410202,106449847.43820477,94372767.61063474,145825970.6945549,160453142.7771514,106765949.89148293,44563428.807910874,98187912.87418054,42339594.213957176,85243658.71276297,36961703.407072924,108580102.50324902,36047707.74298179,47044206.19757822,69460856.87707867,174132105.75682762
NARS2,12342590.04762506,13922724.47798791,71975876.66670035,23183053.002487894,81190143.06651744,37834320.62828907,19041593.87712712,13100680.371046664,61267723.6233335,22660924.885674905,30704367.370412473,20546271.165647127,30994271.125547163,16647873.057478096,37676420.35390171,13941320.923685472,73530525.01630172,48416176.40172045
NASP,43232533.81454037,197318425.75267786,514755951.0048295,839465827.8469337,426610500.22915506,1238640869.1034858,313703116.1767604,114643439.81740612,8931017.030555988,189972808.1934445,98687464.39137846,126891518.74527386,162225167.7372763,867927156.3768288,27509361.749346875,1150081012.8291488,37585564.274747595,1190636826.268501
NAXE,13645512.796490908,9096508.47269431,22474922.85040004,26477730.580459185,23054613.095372196,24190139.29847831,24898317.917048298,14717875.847878603,11387958.012479262,7319787.361102197,9280102.236336697,14220881.864588758,9351515.58303139,18583372.08924652,11408364.706071757,16037738.792225244,15065252.676874306,47678145.94520225
NCBP1,12242138.013303954,23941275.431638923,3837662.665667151,19286086.480904493,5274281.640514382,12580096.75554947,24996301.652927857,18619200.13902281,9536072.960529136,11909178.630916022,19378836.989528924,40847312.19256546,9414412.230571011,30349564.016015656,13220297.958139995,8566591.598054277,4707988.4326294875,40477265.52278138
NCBP2AS2,822838.4784877452,390671.86720490735,507036.0088826779,899538.4777954073,42482.21014888935,727298.7720062792,174740972.06305188,717209.4237683038,,25849.401242401254,,511207.54539409594,112664364.42163956,19049721.33442088,43095427.01673085,1423175.5462090936,516075.79498297314,2629848.344402437
NCEH1,,13927427.417228865,,21956157.646146946,5941078.300337388,19632993.71409013,6010131.962710644,2193227.458803547,,16717352.378501322,,8210275.307289236,,,,1930577.194956932,,22061771.995506037
NCF1B,1230699.8693075967,1748361.1589429886,164906536.09751028,147185221.48652032,144478895.76123828,210509879.9893915,13056108.285497917,6014543.228373709,,3919581.4043462486,,929081.2567298675,,6449891.370780843,,1434998.1875208602,90234968.7307245,394926692.2138759
NCF2,3566768.555578071,4938954.126103371,,2584701.350498357,,2255146.7149399812,14581745.281699931,8422926.722758558,,7087081.649391192,,2205252.798685435,,5173673.288977004,1471626.8112752358,5036373.198629596,2432669.2107527945,2651639.0907640792
NCKAP1,21803914.338079784,24470424.835983645,28055231.182947114,74554290.5426417,29454652.778907627,48882608.1827806,32370047.972690113,28709923.53761533,16832608.38824541,12123885.46972188,19181868.894158475,39355994.050535165,20032917.638817597,55949047.91902504,16348432.842743903,15747310.37768764,29348593.875625424,77086306.13243562
NCL,479830126.5935434,1495179711.526085,149224751.50269178,1005579013.8353784,258657073.48911238,939334967.4235468,795730074.3677127,554870767.6658365,95255941.2716142,540320010.7442981,98358939.20852521,714453079.9053288,130767081.0023184,581818327.9891589,131802544.04181583,742301173.9660062,170059970.29097518,2089106361.6383622
NCLN,11691610.315691683,14858816.836535323,132784.0674514756,10599869.004155084,1389018.464220683,6547134.310177083,23003680.66700499,21678334.077953495,,9182045.794951312,4100106.58847883,10030899.251367005,2722565.269715946,15634625.522063496,4226857.709091838,10685864.67328946,2244651.8408687627,4602986.914556252
NDRG1,150316307.94229108,125416802.43697649,75566543.91952932,109094642.93370038,72322683.11832064,88342920.84286107,105345065.1094539,70706920.43779352,38202497.65866708,17853213.3146057,64671892.15598974,46082002.438075915,36576117.127487615,99936850.0844992,43483864.976971336,76347125.11706632,56349104.11155775,128304221.18676679
NDRG2,30105329.21814244,5593876.838169339,46825127.702397294,36309383.60949089,46362495.5336902,43056857.25915337,46508713.0355557,23459486.6625289,15694857.634974768,5830398.695889352,23667203.077716984,10123429.78310735,18580827.312857524,19427482.98238284,18973671.65445149,9712307.817927172,15819328.088655598,38300779.2007237
NDUFA10,24983426.38304203,34344294.17186523,28956705.894874673,44510170.16512306,28865699.804700762,18870919.808575712,26114010.066560213,21227370.143043324,12916806.745111601,11082381.67197617,14058417.35965665,14566437.517248502,21319196.326921202,33899455.1841392,19193858.477610074,7957480.421280792,22033474.68631471,17741726.6323957
NDUFA11,39556866.172173634,30421763.071173236,60623505.873191945,95030560.2289752,32003531.76443459,24705545.134785917,61723751.90497959,37722055.53537078,38722762.23969623,17901873.046953283,54751412.80111341,50645473.94844356,40228850.08201674,58690396.555940405,38243880.376853235,17222457.548337903,36725235.35722721,40901611.6470212
NDUFA13,109774105.69182226,113333253.53895277,49177418.81561966,87518452.56987108,55804751.723612614,78067007.60993718,49130590.04937574,78816387.87643512,23554447.39715987,36712725.5746935,64373597.40558108,53430208.18743133,28422687.82446757,80699146.04027177,68156474.67328288,83041999.40748113,38929324.1361803,93934300.22881235
NDUFA2,,,8163747.816698096,7894720.894332924,2196274.9798644846,8289167.593471514,,,,,,,2454790.794757024,3690919.94828305,,3668176.749850329,2736626.6206071693,17788968.08472277
NDUFA5,23835045.053608462,19420908.702300604,3534285.889800755,8183399.827129131,17079098.005260944,33012933.187269688,5522134.391973084,14262802.883344593,3671758.388343886,9232474.007983688,7496931.820727789,7222535.403845074,4989322.063611817,10409224.185462222,10603723.432605691,13269377.880884308,2053407.1951235724,43049046.86337143
NDUFA9,88044326.44007796,67088235.60283123,40863737.69684774,53206747.87041614,37083149.13681793,32535324.573495965,49245248.63577147,78042174.21540496,45206820.76055007,28029570.11899887,68490877.55041811,41941822.055099234,50378377.515045494,93792025.74639839,32571496.843021337,36585504.194977894,37690694.31884018,63853083.228075445
NDUFAB1,29718616.31222926,32169919.290374335,19251118.175517924,55916435.06073826,35256591.68610716,59873870.58708832,38852383.627207495,37528539.57956013,7476415.900097698,17123684.538678218,11974103.703226749,17334113.994815677,8747712.418873139,19902058.47281953,18279215.45329711,9416591.689693416,10862161.292344395,75690450.57870583
NDUFAF4,6160688.821416168,506601.3104214351,7324760.671869356,24139195.13567718,8162922.870671249,12793403.690794641,7658117.237205159,535189.7070357732,7973402.877337645,269053.45770024025,7816216.295159243,815072.7577086475,2870060.9643831374,1360344.2597791366,6034736.836204128,2370842.3829949475,6297202.12138297,13910075.773746533
NDUFB10,30232283.648623623,38138888.06000812,35989484.65914055,69957439.79964669,32182040.37009795,52977951.0013594,50020081.89889175,32322885.66734464,17140721.80227014,15843355.229804143,12114733.728514656,9561451.419666383,19946793.06969116,47355504.271525145,15628345.134734409,10808904.523244616,13604759.167400084,24150016.958629686
NDUFB3,24843510.685792785,26521426.258732837,2468305.482441161,16053814.685098745,17939963.692297798,20711280.745615177,20496467.00206419,5684493.359317671,7724585.010994983,853008.0342577528,16021769.920777572,4423327.682480671,4517276.9329870725,13576592.379136972,10977435.109087124,9681941.9090216,8734459.768870454,15550409.265197346
NDUFB4,47295547.20503355,43840009.408741735,19179194.388499036,362777.47278296726,19631437.86475073,330755.681695585,46549879.46523552,20277239.59782786,3048628.21721098,13801651.843920913,19123756.902637728,11924150.065842174,13811966.668329194,22781244.51982252,23483034.160895012,14493338.596121993,12214430.05169647,9212747.031451153
NDUFB5,22063356.12242274,28150391.636983026,11886806.924433362,31772829.297940105,9909047.68392819,21420597.801242273,25460723.26219231,26432295.012208488,10683765.532727556,5825077.637101269,14251794.516660675,18220337.935389884,10243219.97766627,31085365.55613671,8063040.717266101,8558806.060126457,9068580.119055506,17635636.051529747
NDUFB6,6204798.943870721,4703432.750501461,1494770.2375037128,4361583.212899677,2751399.782390088,2751662.7582964976,7335384.827024894,4920804.075732412,2484690.666660076,2645595.438973719,4743296.120592518,2802077.95709809,2805460.7642403143,6126744.993219763,3451010.062641847,4060561.825749839,1765443.9255410316,2422165.491928192
NDUFB8,22062658.11747311,21494410.559383657,18380076.839294385,12574178.055984152,6042110.207097709,,23667096.47735557,16625180.201055406,9399617.436914671,4207541.096082921,7797000.540563451,,,,9658034.676838472,3426015.9429004006,3522313.982645556,17944278.664951324
NDUFS1,96803237.43347168,91447706.11509408,99928696.37505853,74424098.18202388,132279977.79060334,75926409.46335764,200363836.98763227,82156434.45422314,67361605.84998915,29189425.361760274,79581142.93139802,26913097.29381786,77415972.43426962,106624707.00765954,76645553.2351205,51619991.36050938,81626421.18874678,101381536.9903318
NDUFS2,13208870.371329889,15313573.255880965,30392170.006253775,45880717.95013473,,27755082.086443823,14893542.078941587,8660548.260532154,9034931.623654388,3601610.1619991283,12178252.349001968,9856842.297141248,9534915.198006328,30360429.389155734,752980.6531799842,7846628.930996181,14252063.378768912,45662155.55315019
NDUFS3,121892031.55465548,41479619.129985295,32886828.50111518,62058670.829006955,50907903.61772492,45347556.22192502,87536697.24191813,63878285.851322636,38516054.94130477,11231131.789485352,15244812.101970002,16573605.007829372,19594848.681862622,27780362.411341324,31547128.729335338,23629085.08515042,65919499.19580224,94415961.75906129
NDUFS4,72434414.66427691,65291702.63796286,39648702.65806979,33847438.59839309,53198897.64889741,31965476.25258342,73150639.10401163,48978295.177286655,28747582.86339475,21890472.42950008,16844799.899936166,6848229.941974022,33080056.067862045,71039357.11717214,15780654.693988375,31879716.5719623,35005815.425093666,44820882.74975752
NDUFS7,30904811.62804328,28094019.31455174,16801235.45844903,33749596.32135098,29717092.51181943,29977273.671987846,40533094.63936194,20948249.31688644,7345877.064770614,10846666.862100093,11103889.111653095,13798911.809250914,15517230.587171927,27652980.119553275,18881361.07094869,18195300.51757345,6430578.418282402,22751458.956894383
NDUFS8,6256579.58253402,4951949.233642368,4573132.807472819,7321928.826842838,2963773.8897289997,1660311.567144608,11236704.339921003,8295757.296949582,5246135.4606497595,3078979.5341967745,3609969.2246355047,2952022.923246751,4572358.787112319,8908894.308652801,2442907.102086372,2045933.9609503816,4314236.281900897,2294975.2345069097
NDUFV1,44413181.388607636,45941654.26677629,28653393.373057872,33768520.19463696,21991353.264649507,18671915.213327117,53981343.26476026,21305116.970402263,20783062.30246304,10379502.982772103,28809205.94791822,11335037.503337571,21527306.728681218,28471513.51617668,15951233.386143364,23547790.471565183,24133758.8434029,47161051.2776196
NDUFV2,63541020.8893774,58967572.468993045,49725831.865704745,57009182.766982794,50480876.45971854,65068911.89373919,41375807.609563604,47350600.195869386,30931652.95404815,14164363.889993893,42691517.64026268,26426702.493180145,24787546.103177592,67465232.23407839,25784401.462856606,31274611.525708556,38496930.20160723,73587783.50398064
NEBL,,4828488.343665364,,2428016.2799174674,238033.29968206503,1841567.4034907615,,1863140.302008147,,827921.8371100471,672110.9530679167,3323503.915445196,231751.54460710127,3160083.834487698,214189.5719964959,2621097.7659268063,251949.96478776203,3798330.271036995
NEFL,207177106.29695585,168996058.4469862,1781573030.933796,157090522.00648052,1309729131.4009857,236907985.1107763,521514083.2045579,309813011.1036303,3262779324.755735,184125264.51392055,1650222824.875817,683277121.0885315,2060459103.796356,297541459.45569235,1151388360.118453,246683826.16767097,2125240720.622777,105536237.85724276
NEFM,460698225.4841857,268016530.5456539,756689367.5893158,281586966.7203545,541709510.3562886,434078807.5703084,1441033784.0323706,797439676.9481086,366484945.13407874,903231045.616846,461464105.1341084,1056981413.6807628,1628053608.946297,121935112.71720332,1602014558.1869438,157410798.91509283,1144272605.161113,130693209.89842916
NELFCD,1931864.0388484376,2624430.29919446,81033.96551723818,1954213.6983731457,444500.96788086765,2111611.9608290736,835596.1211209575,2512302.609876452,386874.71019747446,712574.5367302367,634723.6259456229,2575273.818265773,337901.47297739284,1154061.5581166996,,1885516.637878991,467545.6266279774,76462.36264771516
NES,109024.958377147,143718.47876883586,2605262.390861545,3675997.149165206,4544795.60324147,2770961.5866013705,,,405491.1301056747,,,400903.48436500767,,66165.8134207156,,,5018453.865375473,914187.9208055924
NEXN,23906623.137883857,23852511.018116474,10688264.513845429,20713418.76418745,25277021.957710374,26312442.428920425,10010853.785131898,20273444.454871856,21511552.77665269,5178447.018046744,18065132.06550788,3322942.103349179,8574588.863158623,4369203.803997612,9163582.900028354,433707.786974403,30056445.466459595,64322764.01798876
NFKB1,67521094.64150706,96156193.33527511,140221022.20738885,329184092.88970894,105065402.1274055,125754624.18887512,108513143.56432724,48942193.6125187,34000611.202703096,42047093.11407725,26008029.131708812,25735741.13760246,31183922.284477003,49319212.41332712,67469003.90384173,35597983.14123594,50525171.70239667,161808383.14048487
NFU1,6262040.085720275,10725564.52865193,4139810.382367215,16960804.918003827,7337684.121159421,8755638.749135425,6664787.507847706,4908816.544829957,2085656.48410777,5550514.422667823,4291118.559523759,2978948.871874618,2899813.5635230504,4858722.60886396,3855433.768609912,4558881.702385075,4536759.783356117,16233924.24259404
NHERF1,57796839.124203816,14458052.375673104,102984158.63076465,88729115.8094854,71773918.53476106,86607270.21840926,106785304.32323489,33963059.80598481,51265733.81084927,7106516.027750194,67601245.0812174,50047483.46593844,35311035.99715896,60892074.650989816,61091583.07658977,48347816.52305419,87952440.20312026,97311528.18672143
NHLRC2,4621180.627191903,3427879.7153729335,5184223.9764749175,8963436.671158463,4901497.283454039,5843218.451064729,9833914.582704268,7099841.1329537,6682487.712090183,4308676.995544846,4067073.151627414,4703074.968562661,3564618.0731207915,6146448.2565970095,3866794.498013532,3445007.688976241,6387257.385436777,7580242.228445398
NIBAN1,16619747.628080864,8533445.391701732,51214672.50919953,8976471.919938415,25019243.209335983,3585988.498393588,27075900.80132922,13872537.687922379,40891193.25907244,16085324.162556514,47614139.3121663,12111670.911887027,45489987.765106365,14277672.850131083,26173694.181155045,8374632.283070373,35200588.35577241,4234471.591857299
NIBAN2,105298771.94090337,91031839.59427142,74057631.6867596,142558966.0466311,61421341.27173148,136030192.51162204,100781094.08963344,107739144.3471571,25642851.095938995,40972848.29056358,42826666.27888247,79455999.35134399,46211037.39492065,148554194.66629955,39289586.60377113,75613432.34961274,53407550.86331925,116525937.85648376
NID1,125628341.13769317,73123023.21398762,846162111.8524884,180318029.3510908,584461841.8160939,169363031.1338585,143052510.77905467,148552155.36414143,644745042.8275943,121899738.98195244,309193996.74558437,155274001.07869774,271789285.93594646,135564835.66556367,243223762.92712152,59132584.32995176,657487526.5705688,280892529.145038
NID2,25309708.29050439,35030505.967266366,89520913.22220927,35797539.313550085,80040271.29130329,37893505.07099205,38769769.96826243,25480252.553221226,71777284.76110595,24767979.852768064,54793934.67336024,83149489.9676936,39143796.142715186,46317702.35487478,40721215.76130068,14757915.676284552,100535510.91862729,21304779.33239168
NIF3L1,4777375.909929066,5907794.5266967155,3791981.480487584,10383351.763853554,5059947.155886215,5489862.3499699645,4062246.2109963736,7046234.905700766,2340776.0202223435,2784600.0620928407,5473228.7734881295,4131889.0155735607,3780557.8446061183,9868706.4971296,2224127.9521848205,2379969.0256379754,3060685.5015694373,7933686.791541279
NIN,59337920.4950833,17404552.700763647,33099023.03225251,75046957.90417355,48840695.15105286,61365810.834503,44719673.51930853,38068715.291843325,4287426.5244445,9227441.639985794,22259377.043722507,24000716.612404916,31912347.81178204,35976692.350679144,39529986.93757865,23691742.162767835,14345146.228905736,21470509.13786321
NIPSNAP1,29026350.801444225,51923144.80470072,24323678.968485307,68901998.58065456,27536853.28560676,32558599.80793446,31421764.35906718,29993233.08101392,25466561.53109994,18456995.595754363,9941812.927807273,22302739.722481117,15907973.021481901,41691709.57546889,10323102.56066673,21716573.034382965,27056512.093614463,143332501.69901565
NIPSNAP2,138019247.9589549,51434718.14149785,763748576.3664657,97401962.28023237,1249157541.2851973,118976908.22742361,212199803.3688386,294950200.80262774,1598964727.662518,402483265.5029606,2087511295.9938748,595246535.1921985,1949815774.931823,260877684.02421382,2088117977.5014455,46128751.854223624,867249909.819901,187693723.9772953
NIPSNAP3A,58920385.548712224,58222994.47302371,64402913.79982211,94118091.69227168,79422628.15272427,94085158.50652513,22528111.09302275,71591367.70333174,25831931.87452419,22992451.745553285,28480914.87731428,43737760.4830281,39792587.477952585,65909533.98444593,21232204.02573752,37016953.27178088,55484269.18062669,189474257.0532218
NIPSNAP3B,16127247.309875945,20046540.892867405,27613348.568594404,24257473.397438657,15917572.232656226,19265958.81838548,9830369.933156705,17774904.616551857,6436658.968754847,2365325.8433249625,11475299.132348051,9279687.403692588,4457995.601608054,11012291.365268547,2867525.6695093852,8610558.297670001,11241838.766996058,39554383.96212559
NIT2,102645555.03992514,37755420.137351274,7353555.80654044,26643183.715649616,5351810.033930709,11546206.18893784,187622031.12238565,53955622.470837355,62802984.14539284,27562555.290849034,76368608.52227643,62170199.910814285,48177208.79941113,75527172.71013197,80861747.77528836,16778543.579838637,11240313.903729549,37555491.71037939
NLGN4X,30251279.008809067,48705302.452182345,472807.97628512426,1549034.2070270968,2674674.0373573964,2224899.637335252,63502935.11779152,42960791.65176673,8212483.724535773,26982050.719836075,11717304.282717085,51330722.90859563,19492218.66272002,45108235.64421443,13247416.790047396,37742450.331082955,,4549922.86111517
NME1,269305622.3214804,728852473.8047462,354698375.5372147,840073179.8035146,380397886.04923385,810857647.5600035,576464849.068669,512381899.3307575,111988394.43777257,351642949.3323419,161850421.54470813,461537629.26021415,205463003.5807285,1131334048.2219775,123945385.65942928,537742959.1602507,223107994.16778928,781020535.2003683
NME2,228527737.7741244,356362416.4056879,166882131.85953423,637333775.321429,188445802.24159104,446612893.6025931,308020384.5773267,288843908.8880124,119885996.49222325,205898031.43017212,118094395.56358014,333429605.9728681,151028982.91898307,286971818.12926006,142342532.18146053,206081378.3604259,166523499.5169798,479077022.061427
NME3,7909794.8700337345,4009132.651517907,21787826.57473012,17801241.993137445,8235714.698751945,25975602.81092128,10477209.306454178,14835284.60818744,381840.290366106,5520896.889961006,1844176.218310776,2163232.1272902633,5251303.657518753,5448102.955807956,7272580.25576661,2923780.195608155,10301926.086987097,22288696.60703128
NMT1,2931205.876274479,17532251.7297032,5457154.453985072,19414864.71048602,11587262.333138837,24186792.00214101,19182707.670427114,3601118.9130486697,6598927.818196748,7009063.763641438,6235429.490900172,9864630.665979717,5826958.423230424,10154002.026429163,6516742.130043613,15563119.338900631,5179309.127763323,15632603.597947124
NNT,105448581.39815292,124865302.12072763,119382114.24083854,196546823.79682016,113272788.80194254,153671762.44687182,153968838.07662222,95565320.23175284,53186486.880814195,49810873.26789534,71004915.75350451,84427709.30785552,85374545.46278638,210822006.8284464,71473467.05702925,64422210.1011674,52919754.882096976,395140103.4810316
NOC3L,13259334.1980004,8919334.384741742,6143671.065540753,20512444.15950588,5612866.512832145,30990190.117900055,15834300.009262428,7723695.744923927,6095721.994823363,6440588.892654179,6341609.546306572,8859231.96175177,5424420.707946787,16837844.469568145,5478334.301027665,9933957.881271886,6533950.303979717,20516719.52691326
NOLC1,13076425.998832434,50731359.971884176,1665550.2585928706,50129992.28219576,2214609.8044432634,22297363.10374328,12314663.765397858,21611877.97119876,3898577.2526840824,28486086.58899408,3503876.3274588594,12895349.665848007,5979236.91220884,49872320.40502995,2209531.2070858246,23811598.68630378,4413128.121407092,64615814.94059522
NONO,108903057.79293448,309887710.719609,148040184.96375388,298141498.1797978,88314421.82269178,378124183.3685106,415616126.8002068,198216593.14950252,50799427.078329,146321859.9070309,71891749.09554255,294581714.6404909,56202163.728214554,359714618.3532821,69369180.2686946,266482401.09040987,100272039.71715552,519397452.5213255
NOP14,105710627.15724017,4844642.453779866,41459358.1311808,39632440.37564087,96200491.85389446,175833637.65227202,69235556.79269344,79229872.15846351,4136157.6517932406,4007643.593940098,22378805.180069163,,43759476.82833992,74377943.48356012,2551338.1518064104,2859170.1210884494,56632958.79786015,7379151.585205136
NOP16,3736168.783872252,8972602.924037695,72750116.14880048,17562094.247041795,61932298.60346252,8578512.051914537,8007521.146294402,8236888.227192337,89761352.86226481,4355359.788545168,65940473.72253709,3499232.721872437,48921509.892498925,4676999.249440944,29789978.20244997,2972137.7515593832,117664281.74161264,20587820.905582845
NOP2,35435990.28316668,61561303.470178865,20091043.820050295,42293794.7210113,25296840.31668107,40287388.57102587,54089468.19944617,40379823.56779036,16222291.039015513,31123169.245149065,16630313.74730455,45789378.1657474,17195438.92825411,49887891.47013742,17746205.413287386,50174376.786207385,22852551.314518657,63844102.796632305
NOP56,48842615.29180732,190196789.128051,50427344.75455815,158936351.41020617,29607814.35655792,132837845.56344873,128027590.12004659,98034338.0029356,7546866.8882327685,56379934.321250424,19330413.617232382,77007224.76635508,29477317.886563305,75746329.17769009,28003627.244396858,59785692.52350549,43426277.329172246,175264498.08168402
NOP58,31027275.12385886,60105182.29512684,6216729.938172339,105514430.45943733,8031532.1782093095,38293993.100954756,81256201.40220925,45044611.501139745,2854748.861190564,27098895.985783987,10501099.000166431,51918459.7493794,3212069.770211316,53939318.00931267,11990501.103053423,44368576.687246785,951837.884477335,171652422.3631255
NPC2,20725471.504072502,62011437.004304975,31137889.56851529,97873570.377032,31327354.358442727,99547729.2217025,80717714.23643461,,4381357.049687661,,10929282.938420191,32277176.448367573,,52119571.19933946,,40955569.90470843,24706722.64159892,76036857.61480856
NPEPPS,101360713.18483946,104539828.90841618,88058122.48809439,114025107.5248509,140904575.62229764,123559586.0828487,141435970.80981264,95642501.82027407,57637448.042573854,53775269.08109823,103029674.69536173,99971466.88829042,58669083.43026221,129139900.24666911,78711853.53380206,82489409.47145747,114409926.20844693,184763710.75499707
NPEPPSL1,45074046.91741416,44775362.10744773,51988321.20089319,43136490.57710013,73530313.18607694,72567605.01009724,51033851.24148248,34119837.84326633,27040456.77208332,25938251.002517387,34456268.7628771,35992808.14413719,62221841.27429084,56601928.96791689,52439380.183800146,38154866.88209591,52720793.25416662,71902716.75221539
NPLOC4,3412827.236496243,5967833.476907859,2372678.775623729,12623560.26430921,2490019.269759333,6892666.02447442,7357836.460423688,4095183.367560076,1778187.9333394202,5066737.390570661,2147777.6996133314,5047884.04221758,2428955.904001032,4850059.786996552,2065719.7443609769,3570423.982487697,4397202.806124277,8495972.674918538
NPM1,487103918.34254164,2232653933.890767,341809486.9685134,1032489750.0446,202913417.32709205,558511990.049975,559453950.6242731,799262958.8316362,98324064.71072283,608765945.651929,43057274.34053352,472415227.8573026,158387192.76040715,779008447.745758,264644968.76207888,1005829268.5472721,225165956.38784885,3074152166.3499746
NQO1,1336154.6116185233,,,48821336.227602094,9069857.218464091,16864035.60196832,3337964.4323473894,5714840.098831693,,35388188.32208839,,3732916.507983372,5710295.592193224,9944958.912597075,,1565512.1603830203,3210669.9490744653,16148103.633884449
NRAS,17123342.035927147,14515696.014471564,17185696.39752582,24035648.716135062,18456641.670061897,25374212.73406196,23480187.812088527,17116799.77840484,9278259.408281794,9560449.623369168,13056762.058172451,12907122.93915914,13720295.594422102,16601536.755623342,11774585.620468304,13836622.216590192,16903938.573645163,22307123.08523566
NRBP1,1787031.1091307383,4525771.658947758,2239272.5158685,2638193.4512098203,3065992.556879264,3108509.5798234437,4516252.405375045,3490642.2785817697,1661610.228185858,162620.1675038926,2470331.326144177,2005912.649079857,1001948.999887366,3311257.42909196,1119135.0558441365,338211.58720384527,4482198.527397169,6969434.539676178
NSF,23750747.97443059,26632505.66193216,21775964.021718886,41040140.881733835,33212844.147327095,55524134.01153129,49864229.39177126,47949416.93436681,11274518.179383747,31480815.76865332,21170923.257501088,35260198.234696895,18189978.315190267,36185059.84316327,11543086.34396762,37085920.30857527,20304809.33940216,75100388.3663952
NSFL1C,14849029.64349547,53226389.633723766,23887852.564020984,102301087.63756597,21498357.496633504,33454662.398558013,17069659.34969762,49035750.3293499,6164341.052066656,36415498.131253704,24925304.21143291,46915031.33635953,11513809.642257635,50684751.22928606,10289826.952431493,51693526.03500425,22026228.709305093,22993145.203669026
NT5E,2063059.7042540417,57869057.99345728,1011708.3703551138,3656042.660916053,1023081.973828846,2931434.123308495,,41073171.532240406,15877381.914041016,26136448.98544083,1412919.8052128523,42058465.795601256,1239866.733228199,636772.0420664768,,8213200.245084778,10099047.821809024,13846616.088957872
NUCB1,69785721.27971795,81161736.70070617,62437873.85572338,207846468.00522795,46969902.82627709,172201393.43037227,65645375.893971026,104075206.30363193,17231429.474274427,57151484.68451617,32643568.13612834,47763514.033251315,26291002.67975022,162561639.49908483,36726363.607317574,84446522.59016883,39128242.87712219,80199901.46337306
NUCB2,40911891.6680414,28900335.67567716,60568442.41743012,156313454.79997608,47788548.22332279,69005171.36064018,64782467.888593,32858967.065859284,9081715.508632984,28892616.344887562,13293365.246553896,22403443.21930578,21287125.366632726,59980210.60952981,19532537.598879375,30016157.675250784,30547121.968654968,67778054.02668558
NUDC,58338342.41873655,137628917.60312444,31077073.83780804,118767407.98741916,43140548.88087434,108598114.9356272,116445757.96486145,92359793.31624474,23116972.93661875,112226221.60578084,27802107.56754499,95330502.64378533,18729975.60391494,143727004.20840657,36519904.63175255,110943041.90080936,24918438.20131764,276115608.6479086
NUDT5,29503618.951075222,32558545.589963593,3215700.436952089,45699530.04555407,4931363.301029571,35057639.07171837,34412682.68742752,42480900.21134275,1623862.9905725687,23193050.024249353,5635801.991698593,34348899.735933036,3976640.475978322,66294480.28470829,7384085.963352908,26968575.76660756,,79169668.8162652
NUMA1,80635555.26276235,71615289.2094487,59481413.53594792,100091072.93176137,77409368.20443691,181887703.30635747,101511889.96639672,84869956.44084392,39368201.527321495,53094365.60911139,38957211.73189163,69463127.39894325,32140073.501670588,125364792.64969617,44951797.896370344,88651705.31990688,63568622.63538576,221522662.10461527
NUP155,4393509.512338579,11771106.96067235,3354599.2904114043,17392386.460305404,7711674.06594759,7437592.723855176,12528419.276607044,5362322.020916785,1921154.1296630716,1745063.1443367128,1535826.088636024,6556110.548692257,2389559.1473391685,10792523.779704452,1187273.1902808596,3521614.8751169364,3830994.5539092505,25824080.24808626
NUP214,10025843.104358133,27465097.38059498,6879727.074391942,14758159.802186806,13016692.796078026,9904593.592536692,1367492132.1582189,10395126.439751742,6746321.266603228,6585231.598888352,5507314.064439097,7560255.155648663,5874001.443974199,27625150.82469496,6557598.663365051,15298634.546067096,6093619.451898382,15869434.116317663
NUP54,134780.80836399362,,1877184.63180848,8729054.387949986,,8243046.341744692,551249.5087098029,792043.1713328438,,2904433.744588659,,,,2214393.4702948546,,4141227.910251569,1087744.011043479,19167498.46480356
NUP93,43420720.335158356,49624589.307667434,51712298.00070283,176647399.4564307,38166602.39500699,166438671.7372571,20598261.791046377,80705537.49648333,2814920.6610602546,59127783.97957338,2566506.6753770607,10240155.20433262,3064244.6873016907,91602796.86771162,3324266.354753218,74808444.6045678,33980185.817541055,129818204.88234492
NUTF2,7480506.555455128,13763652.25012693,4578277.916610176,24675182.14316219,3229488.5610389207,6070615.455710255,7472596.177216913,3468797.177058379,8101937.637052491,4439877.323615649,12819750.184346275,4970456.099325545,5939519.713628944,13009478.508534117,4854799.288917292,7643546.920292512,3986322.978042885,6220194.085699492
OARD1,4759400.995317245,7282723.1785374,1515370.4108928451,1116073.3396308026,3405759.8513578204,3494278.9253694187,4172486.8635602905,40199529.51354915,266721.5093671962,3778217.743426783,728597.0184547072,3589783.369030602,3157452.0321058817,775411.8557985116,2568929.38669738,1941938.7081625424,1075211.010133412,3865641.309692748
OAT,5724482.903237945,12763034.742652023,1585828.1330471155,13682333.477731615,1003954.9498076956,9315280.239098292,6499764.415534319,6623055.1992756035,2004687.730745538,4521852.480918453,2918926.7084253756,3130991.784097494,2657706.8640830475,8333908.1191609055,2644783.0945424065,3745751.6261714785,4295225.705626482,42666500.377555884
OCIAD1,5966542.757339685,6112505.112555906,2280562.2627140107,8529144.515980449,3845358.399220993,4433578.787361742,8577845.758513095,6326390.875645455,1481709.884867507,1921628.8129786788,3429995.11508098,8098065.934664307,3346129.174091151,3437410.882423315,1856896.0519560212,3893381.4937083446,2978882.165194617,5199226.452073717
OCIAD2,8808650.060445404,12987877.205364384,,22829086.36564391,41768.82438806657,2189015.995820011,1250853.0508277407,7851742.055196618,80304.48961397797,3652358.288866728,996407.7964550595,5828893.663812973,420010.81550442165,5021666.631771785,38698.93428036383,6307191.831111747,581581.9451530766,1118624.20451971
OGDH,117046048.46682982,84210517.75669356,153782701.67783785,335230983.0489646,133706452.61841343,187663647.81999874,131366112.08608645,128542050.70575729,82053881.82394893,49095894.04489383,109482509.74027437,74906951.33049083,95078529.06040516,154055235.3809127,81945709.73186,57900346.25088575,107750307.30920775,237311934.38612047
OGFR,,,,,,,,,,,,,,,,,,2769129.032425166
OGN,1197763077.1793323,169655385.15998352,3892634712.8259864,191114159.27020216,3368076295.9167256,352292375.20350313,1815182909.7516668,662692371.9299943,4923925175.262537,262652291.9202014,4021444007.818595,707595639.8039556,2321495276.5907216,909695559.856017,3065289976.863524,178957653.99342617,2976088243.787586,201623179.87443957
OLA1,29630344.794837024,64516554.03914839,40391201.01299241,91792396.47872756,30559463.64036024,83455251.82390928,32610624.1250408,31991244.875075333,23366077.268443543,45638418.15192485,34016610.25443199,26009309.18679538,13231314.465146314,67900628.42608148,25667507.6939419,46128335.454494104,22030385.82456034,87062959.88246632
OLFM4,113436806.1503574,54755541.85806888,19728369.65784944,115694952.89127351,60731426.16673093,934966916.6693696,113542955.33356172,433148908.29831415,11754618.231943768,36570720.403819725,3286063.781894366,21373613.136258267,6443080.648571749,540360570.94849,9222585.03203325,13041538.663219769,31869551.76624867,29197882.922174264
OPA1,24010309.315648623,40546552.38449869,17147743.090339694,70849102.0047226,30822255.12729033,70239101.57946251,32964734.272058044,31560111.293227747,10960721.255376508,17507129.230867445,16694283.23036815,22724765.865562826,13099456.044648701,22885159.247800704,11116594.93199848,19565018.800260995,13899021.669815302,67512383.46810377
ORM1,1061024665.3717546,263290959.25897986,1007330719.6459575,580020330.7149731,1337320439.2311332,684125190.5546615,840039941.3510383,271015468.8572637,654555619.1171176,563544938.3981354,445208180.8308217,337611368.5158869,627415334.1212151,280364004.2403253,1266926591.857168,265173527.42062658,1958131728.3692229,486149916.92977536
ORM2,202073209.07030144,43802653.107633136,76521295.96744965,43922635.654929616,188771129.3233758,96041935.76967944,140705956.5455181,72663865.59597737,42624016.94376319,66252887.69823371,53960359.38708787,24762467.972262856,104617145.08659919,59078496.085865825,140981125.66231656,21779960.831805058,297031497.3052109,59153801.16872127
OSBP,15031416.922746796,13417332.348426351,1115466.4094569094,10524185.78989772,4062345.2627436263,12222515.262816302,12821502.566132272,18269033.640285544,1893625.533896684,9709762.747574436,362224.2424549048,5760316.962169953,758107.8858725999,7875523.380170456,2919634.568985491,8842235.720338136,968609.9653864888,13974631.399284266
OSTC,39377276.10816739,33069454.228303697,13931888.31979522,47708310.42241796,18579932.939347204,34402586.96845868,16427395.29629109,38466507.68739814,4828805.374894234,16045759.514266016,14511484.895875668,30792729.6795247,11709972.12548799,55864329.02632468,11102663.909385003,33997200.393362746,22729114.04194782,59322069.760826066
OSTF1,9209883.330863148,10972195.697281327,5611793.547368164,17551226.658939414,,8417272.838452868,20000024.821557462,10233172.189274171,,13289970.720947128,,6733068.399033987,,19384206.58262219,,11436329.065591669,3966455.4586003846,9706750.177212115
OTUB1,37456160.89259328,44721749.997050785,8779427.457229204,35850119.07665915,15851592.070240164,7411778.6944170315,61981877.082829,57624599.92688052,25525074.311298586,52780981.73234102,41359964.470749214,17755912.037327178,20744247.911922954,61774164.24535416,27600727.040607594,30480502.852470167,9106443.808251387,68551287.21538189
OVCA2,805439.6564527091,3524233.7303770105,1833163.1074624115,3431620.4751876155,3157711.997176498,2515574.8228773894,2750724.0948330713,1714351.772907307,1228293.5612770938,665241.7276508973,2163780.8369807564,1794855.8372516914,1889962.6836090905,3397347.4981161687,1026027.1114424494,2794570.24339552,1797911.2199969848,910142.5591186812
OXSR1,11435296.658459434,7744791.8112789355,9655501.540253172,17959390.505755506,14075285.821642289,10109839.629767794,8738355.651179388,14869415.752498668,6054566.823075505,10113965.412723556,6960214.055722964,9482391.869466417,1774329.3696450256,16752901.548951605,7688104.064599688,5151661.958706278,13604588.355126455,45135985.69182768
P4HB,992630696.4879407,1423350817.0829105,846812779.9792012,3206016410.3541207,1003627794.9672967,2256671751.9432178,1586353722.1877704,1524633887.2152975,308331623.1016802,1078975820.8111944,390551017.0420727,898961475.8864481,320406315.60812396,1927711631.405386,265060870.778923,1306984000.5920708,666294347.5566976,2951702499.698244
PA2G4,159746660.85694182,267213192.17086762,114473220.11063962,409092308.4773101,128905147.81292777,393377375.14442027,277165146.36942005,167658210.9608504,65248605.605692804,220793388.32693475,91813311.90818515,214900977.3037024,71001741.75601417,282828952.5351384,112413814.95431694,205732459.61888713,81251342.16724029,613710318.750394
PABPC1,180335839.09164223,371762395.4481965,128928138.66586052,508466771.3605524,133052858.76551759,485364921.52885085,183707975.8825288,250639365.1776675,80167529.33488207,238411727.93603888,69929749.04807007,349473863.9340374,57021009.833805226,326245049.07059187,81468009.68184067,310414592.5267268,175091315.75279552,591719468.9698232
PABPC4,55814700.89140907,107490233.21097307,23075525.199678287,117526701.96695495,33240018.891021173,98681202.45796344,78410847.16286333,65242641.77320513,12197060.420165403,45102004.97199715,10277906.294712625,61421912.362934105,15149003.867535807,91669961.26232554,23221421.3965151,71577761.3394973,31551062.22224018,110606913.1866217
PABPN1,18076477.8359965,18881226.22003174,6013534.098882071,31192793.060797844,6533096.565108199,22862828.48692424,16817118.455219023,16214184.950915724,1692871.6822790687,9355147.019613609,5077292.939499409,9148327.931163186,4515845.942292722,20423987.162246697,3387739.9976054374,16134955.10956264,7423087.917306219,29587718.832528803
PACS1,1116037.1007106493,1359531.075425611,1544635.339709696,747997.7409067411,1350905.6673772342,2232675.0693250583,772227.0340765703,976032.83064044,218412.2590746508,1168576.6686331136,1299344.6105310495,1474222.7471956937,1074845.1674211698,1906298.1153015925,1174495.5558208064,873739.3383946872,881750.0033062949,3813874.130458392
PACSIN2,26719953.29237672,15340017.06640862,20805169.986108936,29228010.67697133,24084509.27380308,25202171.05922921,20843391.002259687,9503556.657560151,13829836.958828188,13313385.51539536,14214199.443848832,3894106.514104873,9876001.784270857,23186212.416219573,11335001.106451612,25000747.6140607,17024403.115377866,27138269.02415934
PADI2,12678427.032103514,2500026.9736341634,14189638.598614374,9471308.630259892,9078257.312475445,2547455.2706866385,13833018.57725306,10066793.965101626,2801785.4078707695,5661703.943092512,6663153.983270891,3313257.2173844273,8482680.675597347,14013052.233310604,2682558.4636206604,1395209.927600848,5791558.830597615,3388765.7468968816
PAFAH1B1,30594456.602198523,9605810.762215052,29370405.811391585,59286232.6755994,24390411.89792523,19796390.740768667,79189046.78153291,19394915.639768172,582581.3823361762,18672911.6091995,34195227.54147589,49041304.53650581,30147002.59684284,14888496.19302819,24888581.236021142,41512601.65474209,8311874.068864242,30880573.9873544
PAFAH1B3,4377451.699265675,15637297.354512352,1621262.63531575,5709343.633670161,1013074.073414536,14784706.611449605,7813363.578615234,5617757.930364586,,5252061.02945717,2987290.5639984114,15828696.714241778,3798791.785998763,18110087.27737793,734853.9711578612,10913558.211255996,,16810058.258355446
PAFAH2,198260.55776757543,265898.04013435205,211971.80851041,1225605.7545175266,1362594.7168561588,583786.2057367341,1487478.2410410445,1394823.5740585052,281601.6632867007,663510.3062984555,716061.0676394006,154959.98660496052,604156.0108424767,1666475.5443700326,494461.2034329889,111556.4657023109,1357918.902437454,832647.7710213875
PAICS,97312117.68165919,176735905.53783908,66575107.16217137,269738796.7330594,53969448.57418774,206855707.04045093,110068929.91314897,117338273.85594201,47090423.00411799,81526731.76928207,57277015.8888999,135465884.6803923,53433483.48360972,196519127.59160545,36784550.40542051,140942244.43120015,71868077.82074893,236818316.28373832
PAIP1,5866703.023750395,10729380.26478662,73395288.98163867,238343825.5066653,,293575846.3222384,5320719.685448736,9106614.760055063,3149420.6885206276,7694721.223494158,4355109.875105226,10969682.61005298,1925681.380062119,8547051.635551956,,6359695.10148184,280740.1992257402,190643442.4618163
PAK2,2136429.9046615968,13956736.540870866,2197048.140309038,5412566.141845215,2794431.1327598747,2698605.689867323,13926539.628235787,12404544.945165738,2490776.051606302,8729817.492409905,5179044.486729935,10934085.856413752,626145.2956055662,14903608.804666238,3493890.9055104824,10887711.410204234,2170593.6344922152,17198229.200605813
PALLD,73985801.20037821,87214858.5504822,751766139.6917292,136967741.70515257,455355735.86935306,132239994.4062852,132337547.51486446,133363722.80411136,719755361.7130411,152241746.90582958,604118183.4860817,447524352.5398167,545138970.5067956,149876797.87981808,425825970.31989163,51916544.833761714,680399801.2145796,154332286.64055255
PALM2AKAP2,27363155.561235275,8878923.625238724,33930040.1009193,22502126.396869823,51171437.44115893,17865201.169237953,30049863.65651044,20383465.857169796,16673581.86653909,9411462.930678224,29837411.164527263,10876173.855806086,14303511.40039187,6308413.375100775,18087613.899058662,1494833.0626155755,27528792.943189748,1343123.2881024089
PANK4,2093575.036938536,3329333.1868682937,2397434.480684146,929490.0492960828,59676827.890978314,17378430.703471933,4044776.460136601,2760865.6515099006,3349166.1662987727,1223558.854760653,100082.10161032826,803892.1908506459,2486351.824111151,3475240.602401565,2142318.935056933,1666727.054912228,2461414.303536483,3994042.6371281254
PAPSS2,110233716.74516669,51624671.47120734,76032196.59591022,309122037.95555604,207353824.29338682,152881663.23078588,105161079.26483464,100706711.44379961,17490613.079780623,48445287.46713539,37988623.657704405,39230153.56597831,16212567.680185832,145835833.7250761,24018769.94316761,18567952.83204757,105241335.48180144,391359145.42015815
PARK7,201970875.28005418,288851218.81941515,345436181.42911416,349758683.9643568,281662754.2123827,330279115.3478713,235149316.03345942,346175251.68741876,164018944.68560544,111525543.57759494,192357782.862788,201572211.6862359,160066086.0376613,262669797.0803155,178403647.00837785,120366688.99552634,199709011.47670916,433305084.586397
PARN,98625648.55201817,56404467.54302584,133392082.53329246,113838798.98640706,147294735.33628657,65311074.852218434,138458504.48314813,106204772.56172828,86747274.9730659,47825696.62386193,116000152.11144155,49725678.88040534,110868599.36957142,169835746.94625267,60005526.283968486,56454339.45994517,94551271.95156027,67323526.72908252
PARP1,144709928.048724,225734438.4249898,116614671.07574253,170739616.0390473,92236746.67281957,190363158.33717108,313231659.57769465,178287937.48596707,43411659.733596146,133735906.26100124,79124871.46821493,162848908.58015215,61388659.96321642,170403794.37599075,74021365.3756968,228567870.05696893,106947590.83429976,285758600.5538988
PARP4,50029690.92342127,52902256.453205734,22166690.351669703,134355356.82733467,39512246.10487315,58851881.80503981,35130905.292751715,40166828.12580885,1740573.8718912862,15299802.913798206,17431306.681268416,23432849.69721312,15868729.17665697,98364767.13871315,4858742.785922392,39835271.44235639,18425401.472003557,167619811.48038134
PARVA,37528709.55095906,20646834.226628743,96495412.71264414,40434226.68507167,212076786.72248733,72594037.77360275,73210536.57154,37705474.07755927,152208162.91119587,31822773.356024407,132064344.07637918,80351885.89610809,218283099.63101497,43560906.04505541,130978667.51341033,17390819.997338865,167507676.03128225,47082778.766499005
PBLD,6172113.167363398,1437010.2981388832,3607498.565823284,7766456.159736804,9662752.4823603,6790944.097129645,5753627.828869799,6069246.254718337,2072222.3415866287,112015.86648157584,3879432.275550331,1819595.5107708075,3028531.8913067933,4017636.984345489,2853087.291150075,927988.0960741552,3160049.2780122105,1907292.149386054
PCBP1,320691067.0461012,524739161.78853345,255849210.03415608,674470587.0111296,227484254.4927498,607058045.0547707,517817588.45302176,417415297.32004064,166562503.08735582,238537164.3634138,155036299.65694743,387516937.15315706,168025825.699986,649874539.3273345,169822223.08219278,449548666.29545563,218613514.11407593,872598987.9171569
PCBP2,57527620.22913937,151530668.6844315,28834033.246345468,70394088.55116779,12325556.118639251,62245427.87259791,28815230.173711546,130051181.2881602,25704576.2505827,50794630.504164904,49997409.367821865,53297790.7242946,24825077.49972017,174015820.7292701,26846642.98608519,101109611.96035512,23185733.648457997,139120147.55276114
PCBP3,72224832.88564408,172594023.00167033,65685781.372539684,199180915.2901749,92208718.86402479,237140945.02047986,128552817.89493996,108200096.16798922,37531048.407512054,73562798.66201794,44201883.5631956,75509296.84035088,37688168.41189978,100544858.12421885,37053076.55360401,184079811.91944796,57899797.58763455,250439405.91490805
PCCA,36692904.388916835,12591057.149969928,40367379.99567596,35884867.05898107,36738230.20703929,35374810.0810625,36364056.1000198,26286706.828489445,11807994.905802215,3370751.9207654186,24853577.89381317,18347787.727012012,20797973.066427197,21505883.700498752,16900254.88004573,7004826.25113687,24559353.920774564,60560327.11461605
PCCB,32047904.374642394,15433236.922971193,63136487.2730538,35481762.33598347,51410630.60034166,45429576.825664796,33968376.40581692,26898232.14927538,10433469.835958097,6028529.4995006565,17601460.307654176,13238460.3092456,15173835.85227951,38170053.492491715,9735779.418468762,10277018.615999475,25859156.24181875,73441128.24388392
PCK1,24423364.49758727,8240995.248001818,26842683.78643434,47654289.96414676,22673151.67261224,22467833.595933903,17114128.062526315,13835920.463530442,8044217.014498878,2348187.665728554,11116137.129024353,11687744.343817864,3513653.0968188313,24615344.11297916,8020656.764474444,8307780.079350784,10414569.807452172,25740280.67837513
PCK2,200541464.2261364,94771041.73479874,105756940.04249494,582147459.692872,139039563.83832628,322635683.73128664,128817251.77125926,154605552.45106,22052075.3014755,52081586.80139345,63657724.82616239,137173947.216753,75794860.45439494,199601397.97506064,55366395.19881627,86924511.92752787,101227795.74315533,235778422.16837883
PCNA,51029423.275180936,127971160.77443045,128089621.71313176,217990996.1634413,55483332.72780186,203828184.6038325,81313002.21652092,111532658.6667899,17036104.223007195,63056191.06284117,48293909.8155617,87062145.74081054,44794942.084957175,59886675.86593641,15538479.298540566,97586506.51114306,53544003.52855796,141743138.20016885
PCNP,39831220.929534264,14969789.966872625,73232528.95738152,10062143.936906168,127379295.1058223,9534803.076965563,71715737.88319474,27800637.280740876,100595666.34611033,25343595.428909246,69710325.23649126,30003432.142258663,60143452.84309094,9251926.742106933,111124045.8615993,20127399.726386003,86490061.22057568,69666363.93151417
PCOLCE,18166503.01604825,12033589.620391715,10097682.647061372,38571280.2993517,14235491.271504609,21774980.8797717,23910164.49014665,18004070.234764356,4866021.698559572,14801113.656809874,6958289.8405600805,13153182.074860075,8645415.754284319,26877383.20451967,5327152.66541756,6163496.634407514,9593159.35358292,7100406.88869335
PCYOX1,62451766.120073885,36057176.461685374,98709762.34782808,89445017.71330184,84514851.72506736,81597673.58640248,106237544.26431596,54436166.4023403,51925567.7314685,24816809.538559847,51769610.9491421,29839114.774356037,44451527.009683035,79347506.89302452,39904639.87559304,33046831.306301095,37438292.93629116,67854213.48816612
PCYT1A,6037027.930988278,10087837.92567726,2080348.260542554,7852176.447983447,3736483.617753381,11214410.954358025,6975536.3959593,11908480.62569507,3840916.567836452,11859990.37235148,2270555.1483006924,12369151.518604912,1527287.0182186984,4763398.459561161,3101406.599451854,7759748.797038577,2638485.303050033,14007842.80297134
PDAP1,29492546.888990413,41597990.33262118,34303258.529074036,104000419.18798938,33333374.05912464,38291999.812885985,32083998.28541134,51032273.63482466,4825102.7859502295,21841141.502468668,17458700.66882273,40001415.96020146,19871296.26930771,56155820.09670758,14752021.56145268,40828579.06539533,21187397.545797378,90863497.78591375
PDCD10,9032338.54125128,21951220.904795248,16192733.348287312,41964370.81044719,43685766.18995529,31636057.26390959,18240972.66812722,14951617.713640548,3207388.041702894,8077632.442159228,10178837.41303916,19175553.730141085,4920078.773859396,22150059.439174563,4629427.937975569,12733619.928901335,18605639.944027975,43738602.18935987
PDCD4,57518681.11965166,23443383.06847567,66086083.3046084,34806270.99532887,62220294.59108457,52839387.90828739,74068707.76539919,50806361.26745977,12546220.332519151,5867452.547179395,49517500.3895371,32347933.230700657,27353771.72188925,78781099.22817126,17959308.123275436,17814312.261685666,13180758.126065496,51453952.211244196
PDCD5,9311050.738278471,32145882.203703456,3862027.473288495,24478308.976544216,3230408.893612107,57671578.82688302,37037134.95917521,18049072.660245292,17397555.123760678,15223056.419715017,12628227.012579499,13273599.433712156,9501873.736621737,32721377.13945514,9691959.651071303,32945574.899395987,1006888.3860897688,12386635.322415477
PDCD6,22621508.903105266,20610200.175339043,14154953.177130576,35347292.18686585,16902383.036125682,24115232.782876387,62354143.08974774,20805258.36124069,21212087.967822477,25828372.427918375,18938371.837545052,22827890.401828166,10159070.64006278,44875601.63877345,20116295.65955048,18129978.353222,26210873.5847387,56114456.3648732
PDCD6IP,328388243.4696106,358121799.87672246,165527721.54888314,493251779.6099458,257348706.2015354,432479120.0448847,370090514.6569134,313069881.8495881,108988528.91453813,165167706.2115429,130579005.31398435,203993313.8791493,117994413.21832108,432322040.28907216,106018347.43421035,243396081.5782412,216218448.91673064,724235020.3521628
PDE12,981903.956486722,5971778.749445982,986613.563711897,5524824.6853657095,2574886.0207705735,2732886.571481847,4562911.240163257,3854857.478731055,1279110.744990086,1113726.4121050814,532566.2061415388,2911409.13169505,488147.8397386242,5160489.8139961315,821186.1659559506,1870790.548866123,1976693.8525748004,2906424.4902026714
PDHA1,60578784.2317844,79649422.3809175,124972002.48236373,252624407.0790789,128588617.13870949,151330113.48372912,104653471.48097524,112918176.30900568,51331551.07089403,58555325.378099486,70107345.89276196,68412850.37486,73231891.08745384,168884120.86875784,37152372.98037557,57080261.07779934,79353367.05107512,245073426.20321548
PDHB,22839371.722326174,22513109.496644106,10488011.478364708,49107590.7634884,11014180.662280152,44995380.61696671,36595453.26909951,32296550.478989866,7057022.66129173,11026970.97061337,20462723.603999063,18336828.143728677,13241809.47139709,37219245.75062272,10934312.040201224,13881244.120668553,12270961.155689685,68595215.89721248
PDHX,5893278.798715524,3471351.6757417656,11933417.391155694,10327511.052159073,8175295.901465222,7641187.759432904,9575318.512531748,7250817.067537576,1948578.418117808,3417951.047513382,3180527.5016781692,2331219.541039842,2573742.8846367667,7192050.7232794035,2401964.207526732,4189171.71098121,3075244.225380822,19912960.30284958
PDIA3,2115012626.5710413,2263015398.2336507,1304043326.90144,2668226439.2128987,1661520583.0577571,4019859121.683609,3426181549.629522,3121866984.1382627,624649204.930392,1748928462.458838,742148452.3741927,1826902000.1685011,757423529.9906666,3054765850.863926,677105470.110905,2308977456.5376744,1225219575.0420136,2644251657.6236043
PDIA4,1824769600.6824884,1531976368.2758121,727550657.323194,2596216103.448749,1174331982.1423721,3466764419.921018,2271974608.415307,2002949788.8224797,328342300.2688015,1186454694.7415936,433561035.3429822,1022870217.0107776,463999570.7760922,2061703640.6084487,392910071.97226214,1731245002.7989345,817872271.6808063,3464434295.578335
PDIA5,10712398.582892468,14047741.139410025,4427275.491119323,2032894.9814025864,7625218.284859589,26409012.874011338,3381899.351343782,18335609.07568604,307682.51705292455,,544939.1622087233,2224427.9226955352,2692664.4567285106,20628327.464770567,,3577892.9824676635,3584385.840384038,9713242.309624117
PDIA6,470154144.97249454,660513217.416692,439798208.30023366,973687209.6617281,378492469.7612865,1099633428.686179,879115394.0478088,659034775.7182417,173212947.7796165,335954838.8786239,205447984.20163795,475274463.7143882,245391338.7519309,1031944592.475049,129711845.15854329,522459209.34203964,396339771.07300746,1070054177.385762
PDK1,14771562.212285256,6716143.376551925,5189882.185332859,15369859.229240973,9693570.464927172,8065078.628890727,12644722.790916258,16599010.141787814,5566023.980520642,2974959.759408791,8682068.381341254,4015037.6690763906,3897723.372637053,13727189.469971472,4920058.569407839,92929.69332251784,6317927.665838361,19396261.281820185
PDK2,7309307.824624974,638515.6438393921,30103338.46460438,2311811.788464339,16428945.885770593,5035681.474316269,12151400.839843176,2515385.763045137,9530266.676094878,1230560.096843192,29794334.130165752,6021042.222214979,12973401.389043791,1459216.319018222,8711552.495222243,450090.58390737965,11518796.631971184,2597087.359674117
PDLIM1,306235990.3102907,534668689.4476651,316840606.26086164,756254367.2331507,408046092.67330796,426967875.34676594,381729625.4398276,494110347.9050814,226239584.13778195,199167779.4654813,231570125.19318035,490275451.7109337,243715444.0036285,776809661.3302087,217678519.46282992,280309403.2951079,457364052.9851474,663750797.6144593
PDLIM3,22533682.568935312,10344540.400593817,264015699.31525934,43749361.55282368,279479013.9264239,93320054.56979632,53406442.788525924,53309501.11760022,271888143.7077484,30149999.9718116,217615728.5274901,134306225.3159758,144198993.78862047,77712909.66431615,206684052.26028413,16400371.05401433,324799322.10244834,42068736.171611264
PDLIM4,7500819.758010206,16885276.962024607,30896250.603372622,7257904.734310159,20833328.147405043,2422167.074668583,13938919.364225402,17822268.475836508,34126012.375799544,10876211.991681697,27689945.011962064,33921048.36143956,28366918.271454778,16144969.964191644,30284960.75321051,8164556.622620137,51173542.398110256,6066839.241434225
PDLIM5,38636209.22559662,48320170.470739774,86200726.1516009,134164178.27518392,158010441.71665272,147545085.33391935,64095382.08243984,34688077.032624915,40213355.20809088,56601205.87102083,64264013.08100122,127936165.53194281,63341220.238268934,94304715.54873466,44660240.53102083,42955088.365724,72879338.36994028,110166448.95262802
PDLIM7,117166875.14072521,74446694.72494003,2511779080.5696845,108728833.75477025,1506255440.2107472,203364031.8935435,382700819.36769944,210102625.8356158,2151326313.6739864,349739891.4127909,2072503691.7942505,862196689.3769627,1184000212.9916773,227766046.09938318,1370073639.4100564,59806430.13270594,1679919775.0416045,105874216.254766
PDS5B,6829851.895579024,11821235.24846412,7031306.825347274,7766302.452175791,3667887.625042943,6290248.007211205,5678472.86552101,9714722.94850557,,1599442.0861880784,4035516.190065709,4037749.817054671,4381375.325087979,7855688.61415996,3156532.209871903,5574510.942337962,5548627.355812276,16922332.118953615
PDXDC1,25444773.550366145,15614597.59756185,6360057.230865676,50580862.99889557,10814677.864356725,29830283.288773373,6019834.957774848,38472181.03968499,4469175.589918306,2467345.277051111,3927347.156063281,2563662.1733497865,12916041.622150443,48067943.66695777,8323047.430009702,2356871.751820577,4058810.5653542033,42340360.0180321
PDXDC2P,11768076.983566867,25161353.401430633,17370781.639845565,81885406.77438292,12563854.504849194,33196804.95617542,39301722.56106597,32656036.465831503,2956781.7098211595,8984527.057165833,4773378.625636944,7310135.467365268,5635239.706197213,59928152.240319006,2926134.6312049786,4269146.984014075,4960502.322954529,33863571.0115928
PDXK,27683790.908988465,44548915.29968561,47611722.825949185,208345932.3683722,45156445.19619747,62176229.023124136,51639895.53963287,61344828.70199576,12907236.113318078,41602514.27858418,16633615.273180688,26163793.118420713,12390026.497670054,81147687.80872577,20479218.687585,37200989.49486485,35434990.99554561,104143330.64088161
PDZK1IP1,,1831585.326243196,,15515881.210604949,,4112389.410742593,,,,,,,,,,973189.0186963682,,13396933.712314382
PEA15,32246949.02628747,26626352.54283215,33371671.690142207,27159181.605847403,61886213.197792776,46950257.81440114,61600689.75633134,44111593.623434246,63451174.84101613,23338149.863787953,54590586.22464244,41998038.388304204,46758341.90962398,44198854.635558024,20774801.24574221,41809197.19778586,62595129.45162569,8899765.454821669
PEBP1,605871582.1205065,304044877.76394033,1049833559.6435772,765027873.2615356,1101962983.0158553,1008156743.3615463,861955821.6055262,427362875.88814676,723652669.4547038,258050682.43687358,675755879.3008057,331538586.50230026,409281470.5340836,530835083.81328595,557971899.7382516,296034145.13981503,755754669.3966238,1366596775.3402522
PF4,13088123.9281134,8869659.280743852,17806947.56045419,24913926.288413346,7369965.134390754,20048108.85863697,10650221.9017706,9906774.863643482,9544294.092232063,3384256.238097814,7825411.230146979,8404024.86773453,14848556.871960036,5415101.837903626,2322172.944951769,7807547.161331367,10824152.353815174,17176551.135095462
PFDN2,8492383.531765064,31119514.62881267,11347875.011340767,45099620.468210846,16110535.047581472,32140703.39285487,12173145.0581405,8022858.688625309,9765510.36976244,17760160.078146514,8508730.173659949,18336048.15625609,10375914.621809492,18113074.72553848,9557964.276911892,14893864.359266987,2415487.3726823926,31958060.365140595
PFDN6,17310982.50333913,34894000.76488862,12384513.007399205,74159315.76940027,1239998.894953401,52604858.899653606,17583445.661960494,25007377.167134807,4692484.409655605,7179974.238340758,5698323.829917924,10690665.727765094,866775.5601115159,20391047.477706805,9372204.68679864,25801059.514330063,,52944655.43459832
PFKL,116932165.71957934,91110202.82610482,94733447.28595316,314046402.6718775,159737610.08766845,299377350.87717116,199312074.09702146,155225924.39029324,31920178.306054156,73027678.50445944,44117103.646707065,82316931.71999419,38461150.65977937,192062532.66202503,36917008.531729214,97983010.81697614,90772469.51816174,302413433.72552335
PFKM,22711630.319719467,26764573.25128537,86095735.84402163,118648887.10303925,81036085.60495688,60385181.15296405,44846378.300866716,32055932.233725462,53465659.68589385,21138250.652445965,35858465.40116807,24618017.52068086,17808542.12276874,55962249.27182629,19235559.79908728,20964913.648686927,49192522.02118392,60772962.11270681
PFKP,49484468.09152965,51961262.2759246,91238227.57342626,267642183.20965168,94341605.80104113,90583217.12364715,85779134.6561361,64689286.287994295,110300739.75353476,52996364.279936425,76918283.41225678,67541923.97058009,124316280.31049283,62078117.625109285,27403176.113772746,22658796.957723163,107592421.60985681,166057713.39122534
PFN1,1509588758.2556036,1358315825.1425557,2362655825.1022696,1653143357.3065684,2206614201.189687,1518282890.0501647,1958165195.2240038,1823743514.9034045,1608724142.9729228,1533648033.8231282,1351803636.4646103,2124058818.700375,1390213958.755374,2529452237.5846,1990201441.588207,1813557197.7029202,1972489967.5464776,1106476219.665485
PFN2,16045549.31075888,39604648.80720917,35949002.23543002,13587830.014262484,23260744.741649184,21927815.354840823,17007809.19722429,12687651.320035756,30331556.03347139,11576619.317807265,18843541.67702795,16177129.517882325,17584117.35324528,10738848.36270316,26052637.127794523,3180807.156374327,31543393.49853522,14123837.72333747
PGAM1,205043944.4272145,257783248.178016,444760702.3506972,586739109.9388437,412137270.56545055,291584857.06013346,379891711.82341075,260655788.7673833,281562256.335194,263007855.83879614,243212142.55628383,249726333.3787102,183906320.46182352,295778788.9095952,218599735.93004444,177408488.83896515,426812036.68216884,526914344.1894337
PGAM2,288054461.58228177,289331918.80628294,405243477.0411168,979423581.4256063,423303062.5235395,478860809.56903285,540331161.9078813,265327499.79985982,275979316.7115341,259086517.07587606,338077193.5046504,222735168.44342643,298451839.50481147,333971998.6623473,227465638.16228527,178828562.26254967,357166249.25429547,564565728.4809266
PGD,198304462.68166828,173282488.9548374,104423324.1843028,545280029.730144,216660318.62434044,471302399.86412954,293934580.596405,341329743.57985973,67360021.00786655,243218307.07423192,50719726.46583794,241897899.77164662,71584189.24308601,335237203.6219814,45300929.41720314,196558227.45781344,203833824.30305052,524079760.9728514
PGK1,2138058351.4156144,2824901869.177983,2422590651.6640234,7768396956.145342,2448403120.116924,3506610958.4192214,3633856307.202374,3410856279.4913597,1620255235.4100566,1901497994.4066944,1750881939.5275838,2701072985.146857,1537653925.0356076,3743990812.3296695,1699407819.111485,3843663129.897198,1871557982.2611482,5856760490.645122
PGLS,17901244.72787624,16748499.602242667,16410820.686078945,39583528.936381534,23926497.214652512,27371088.20422967,14834773.376196738,22038922.88479522,1735739.7415011078,3824502.6710710935,2329190.79783942,11152890.753225606,5942119.033565162,31068333.35400662,5982869.838303871,13127097.302238282,18505804.300445806,64323695.43032271
PGM1,71012054.79127769,32708622.70848726,127208372.1977303,203121622.38224107,165089157.97543857,94044310.41831322,166674449.80044526,117106401.2426393,81211484.2069717,46386215.73139579,92773380.52730027,74102949.95488225,87530511.34014285,135932857.23994815,68288958.12003303,36472844.536134504,105651294.7339174,186147670.12286445
PGM2,85425217.78369841,73529578.10781157,77563706.31250054,93986611.99197246,53076813.32165292,117895120.88212761,155833456.39347082,111102590.80548152,29399407.163620498,33746137.836170316,67176193.38171752,77424076.7192938,28691156.773404114,111712891.84381683,39249751.74299983,66114577.794486016,55846249.96592693,134407873.53621477
PGM2L1,4454741.755356935,4552881.276721176,2773134.311679893,6379089.118015571,4340328.263658486,11725430.25656706,6403880.439045867,6659046.660574961,2185735.501766578,5096563.556110084,2759329.30565249,8963897.677113557,5038021.711257607,9196122.024778629,5204788.733830702,2680222.2261382686,2952914.376322262,7475718.705354381
PGM3,4487608.313425254,7897147.740760785,2928711.1993105942,23729565.897108708,2829733.24762078,15573682.613050882,3926847.1310202223,13824094.866750162,568177.8433441307,1974064.120971958,2577685.1516557676,4114889.72196799,1972566.5870675368,12005608.06729097,1085747.2371409307,7969662.212465,3929838.977511966,23817449.818630517
PGM5,792250382.4952117,27200990.43876605,2139962007.8042798,182268669.14628598,1256093728.215358,133352659.4805376,262724843.42931288,479828227.793191,1664445328.6451402,143882084.23988658,1136481415.2955356,290088061.91940624,985879403.5731084,413940972.738476,1068315481.8012586,17638272.63289785,1533056564.333981,34383839.0727117
PGRMC1,62449421.44057913,78376826.6127919,99342009.7136898,143193721.43835446,86631595.44475347,124165774.03197923,85958693.64524779,93809814.33637953,52865423.65767662,41625133.248319015,55511035.0363888,74549074.10802954,42448265.02499254,112891787.38102043,53493999.252203174,67426887.77711612,66854110.61917634,169600095.46958038
PGRMC2,66478203.617652275,53781144.95731549,70621868.03968582,135449854.25844568,76925032.75845036,93006136.60904732,277548197.0884536,215569656.12066007,2071140537.4873397,37791100.36668504,639309511.0477078,78117670.02111082,1062113008.8042809,101141163.78451115,1242308812.9405181,36729125.83904411,44789163.23239297,64715972.84137564
PHAX,1797395.517035416,1828115.2060346848,,,,1534981.200134189,1791369.8311578638,1333328.536507483,,248629.60267611995,,1517051.1047564752,,2850841.9362171274,280591.63661319856,1304931.391651719,,3534473.7980220863
PHB1,445890121.25074756,504939271.6997204,455735812.3157096,1287875279.7876852,371097274.3138142,610348890.7186648,496588914.2744868,484667630.5996391,158247225.73095083,313995808.80870724,220603246.20926625,608064912.4141941,218582031.65856174,633350340.5748928,145682420.2498079,509923015.8056022,228484795.4924417,1161887183.254613
PHB2,495835188.5682478,624617613.897719,560356239.488246,1350911485.292904,583720613.9968596,964677658.1116927,941948232.9973261,635237518.2991555,235819925.340788,306394575.19108236,281589760.14552146,793734470.6677942,258973375.51927435,664798217.5304652,402589758.1361344,578946781.2833097,346786873.74351084,1534351462.682802
PHGDH,29107693.242465716,28667580.845045473,61873572.20412305,94882009.5048902,104894147.16646382,40590093.30413572,29004583.742499072,18748807.35897949,78496183.68239932,6034708.986236717,28818695.42763986,53146025.10248756,48109834.25974026,51508436.78626205,91005975.57760032,3708443.644374258,37790411.86708385,50866031.026458964
PHLDB1,3772652.4900344894,4280708.481105919,7395600.292989654,7295174.816684895,8455737.267106077,6403222.2952487655,5823596.2877739435,4275432.687595777,4648384.884012532,3282636.4081201893,3848273.142756563,2904474.324585391,5479334.865936696,4327645.667221647,3382445.333165387,1745823.074913324,4374443.370296024,11594584.305082774
PHPT1,27226432.79919252,42413866.65420459,10773003.563643595,35479506.42390008,45894555.011337005,33860452.63828729,36791364.24234526,44451341.61793934,16518658.100546597,21962541.746627025,22475389.52766362,39373275.8965637,23443743.80625055,81573102.6756965,21931275.91377479,25510218.877442457,84226335.50365333,29202730.551463317
PIGK,4208402.673018975,6663709.672817458,3279752.9399622288,3313700.962268159,2834319.474673474,3285972.98160872,5210537.584556593,6846947.917853997,1765717.8816742506,2013874.8501461395,2891119.242171527,4575891.338334771,1759366.985322144,3776684.549372602,1447979.5891085246,3112436.5532450867,864860.1676420821,3145920.0499204868
PIGR,576701320.6033896,94566400.32259047,132115378.81719528,3850926886.069296,315881413.3321336,225177906.68923345,244347904.7245673,105701659.80300634,285105241.3817859,101216808.203457,381699940.5659643,51213745.979999915,195748388.6428049,693215723.8921202,115402833.02215964,706268117.7165334,132571200.0191535,2676357495.8753915
PIK3R4,59308745.506576695,52798207.11258804,86953537.72223936,149568947.73745424,96704405.77230407,125384077.33208588,69635303.93511331,70995940.12039267,9149349.87510576,15973531.24277968,19918706.21507074,36254523.60757823,21516083.529177632,43118208.14266112,19293033.62108794,47881172.70078556,70401101.18367,244943479.64643395
PITPNB,10995046.112234052,17213714.761963345,13739772.113990497,36005942.08498365,13549676.781492485,29442347.073778193,22346694.9760838,15324602.46071078,9559064.850974502,12430491.95388205,6940291.4341265205,16608723.056487383,7048328.95475237,16340915.390966237,8390081.578562144,16214383.68221087,3339670.9608994056,10740020.62663189
PITRM1,5498381.935990284,13258138.138685856,12424525.273792414,20349182.83185938,8612632.536171863,31111051.612347413,5430383.788144005,7838431.629963496,9275514.645400455,2832432.045156565,11265231.034216424,9705719.756732518,9556070.408423545,8763640.543055935,5924977.000258625,6766335.151490279,8886671.580565197,72221180.44848065
PKM,1763419632.142757,2803956963.532117,1716404343.805111,5046409530.181916,1747689680.814794,3070497705.2728405,2602725863.664728,1896251601.2779202,1592536295.3253467,3394269226.349914,1636900487.1095555,2739001131.246512,1009515005.044867,3476368300.8993692,1423667644.0036752,2382325741.285201,1979431078.8213735,3575629023.6323357
PKN1,583917.3546824103,,436059.04109212785,540930.8538629059,,1568486.3140702203,2666559.3967964547,1043659.3283517228,,1465733.306997952,,728913.9681240249,,1641145.167427627,,1049364.9963680725,,584739.076036278
PKP2,149752015.47398084,76342720.54937424,72191016.11511967,177702859.5974553,106889042.21975312,243744343.7687971,105341198.17799562,97223134.7518962,4417835.592844125,60124813.20647695,23886828.1461286,38099618.665414274,37911609.80235459,208897594.0951199,19313041.883464158,59250121.70988965,41433853.02023207,189351564.88355103
PKP3,30476713.501143765,52027627.86641159,18199803.488000542,121490374.13009666,22060455.109491013,87627842.24535254,39778246.34150085,41354542.70370978,15474283.433077646,20492105.90003047,2785359.461698801,49946344.06078312,5403393.276826035,85238026.20107238,2392294.2948376117,58974236.87795903,12879712.056051806,73482971.85823718
PLA2G15,154095772.74038738,276349885.8625953,66778330.56209022,297684459.7089112,107666815.31078932,118661838.49405111,173122202.69631693,148858572.808786,44689373.1629951,150325783.83954564,63311787.41086698,113398173.59716514,76055144.34384337,189196119.84820852,51713061.2469949,178393869.91736293,79149792.32651572,170147252.1160816
PLAA,7212843.955365725,10094604.766586635,5714925.627276626,39127655.73783805,5329573.433498394,20707490.784884337,4670263.476166202,2906571.000304768,389382.77818731614,6779410.685002591,2808251.988217176,10811733.134345485,1228656.9200924144,11707651.594839055,934495.4612861868,8614894.133731516,6536725.963717079,29810798.996971745
PLBD1,16366212.230127094,10847787.599391049,20730735.537361667,40175818.28891187,12698201.582947277,52839952.05978756,52052126.71349159,30099131.038053982,5700791.1051077405,29109700.13807827,10428482.492867261,23475110.501524076,5388938.621508428,24919021.448890295,7505051.671261224,11645413.918400228,10849802.870104797,42330878.356837
PLCB3,4470421.826260284,1852753.3537316064,1586229.147786126,5382700.618454806,93718.87510670896,3339510.7040746864,4852313.436622212,3177141.899444907,607323.9820640401,1552943.7087010867,642764.7815572338,633716.4337530788,247595.43801346293,3272115.8065418284,48536.91554875248,1484143.9176959926,,3612379.5215865113
PLCG2,3166563.9207994305,1477798.8527609422,10404727.906016266,1106749.527580199,6057379.16862151,265458.738064749,3783494.172330028,4061478.427661402,94362259.84265524,7208344.782209654,32447087.869816557,8465663.52027191,43113392.71924664,1633388.2930517227,22402495.356662933,1404639.2679375708,23279874.43923182,
PLEC,1272034508.2783504,1280923576.1817663,2161371313.8369346,3645843825.029659,2001334608.5527635,2202433377.550013,1847292375.7563722,1267153480.9790158,1278105633.424357,1235271829.5575762,1480050242.7146814,1949144483.6142778,1124277535.3415682,2045771299.891013,1008340331.8662806,1150099303.0940597,1645700447.3149152,1999496572.3790166
PLEKHA6,13876060.318409847,,124368.3926339686,188712.55158819875,8680385.550015049,538393.3321305227,681508.7253008216,2800961.115257384,193141.00923673183,300607.4275567803,539144.7978523166,8566376.210711168,88951.35723135233,2265718.518911429,398077.7732462718,2326523.8907335536,218675.3975312985,129705.10507191246
PLEKHO2,1137544.6254786495,730312.0205170197,1849815.0424469032,4596777.287277299,2314214.347345351,3505928.1815160336,9056223.19059462,4272493.03706277,2297773.991481283,5696675.577761275,2296402.062059064,1269189.7790740803,1334217.3143064275,6232042.465180652,670992.6325930922,5044131.871207179,2688462.7764561493,2936527.2441691444
PLG,377445.5490811766,1291023.3455785052,10084488.158800494,6753748.275799089,3909493.583118499,5626503.453836047,5077039.5126119265,1552852.741099571,7591130.479269008,44706099.50265622,5955124.634473,3214705.054430856,13489213.813340835,2623119.2434524465,8828830.855618365,1295310.2718979868,12496850.122733597,5455027.502109118
PLIN3,44760554.50267713,107248785.35855205,104292295.85575628,231035770.5479221,102628554.66976385,181320677.71805865,202624975.00327855,157750602.04933026,46571353.890611865,68487614.81548765,56714448.32498879,155000684.63492778,61143367.04248211,249438719.9296115,44961989.23847181,116941297.31262001,97398338.27438113,306291569.4828708
PLIN4,1642715652.6351743,308106592.8353396,3478305118.343562,2557597406.7208066,2049849896.7571278,536366324.5567772,1295767449.40762,1187286109.2077665,3867991295.81553,467605247.63381714,2349738508.8863287,1474990144.1465456,4615232723.822857,523763181.04078513,2867809987.3571954,599927927.7230395,1251564756.3765044,883472336.3261932
PLOD3,13942122.828328166,29072666.38192008,6714629.516845684,27767538.712855607,10548195.83888418,32720361.811925717,14208470.133065725,22583497.753033295,4285191.449723165,,13240924.30074036,29997673.538931716,9915397.611283883,22324536.599074125,5014697.096644667,12823917.71284892,15240358.229383962,53063885.23505053
PLP2,3071696.082826992,7279838.245964136,68054832.10869284,101613854.860452,85564452.0894951,98328189.37468684,2941095.2296180027,2634948.8755731387,6339612.438908686,5445446.735339296,3203618.019669778,4322386.323612317,2051806.2329836013,5689728.795764671,5619875.303717744,6624306.818091419,80252097.4757,61545553.15866595
PLRG1,7508290.954623383,6164338.222955749,5384556.94729306,8092567.346240025,1394226.6914312658,13992693.439844538,,10099350.50351237,3326731.7129637087,4411604.094798661,,1891929.0184588728,,9912083.505651653,2425336.0035302406,5636388.350825393,850112.1553739182,11771300.041348975
PLS1,248383899.8977584,141213202.57001695,153032742.53956974,684517913.9022502,184731272.63388252,260525343.2289453,235908590.20785293,177564079.1866621,26466620.00724258,111069313.49958703,81518007.88149485,100852993.86860843,81767334.82223332,358918184.37784505,66324859.70276567,100043709.70172189,99754964.19321026,407416770.11220896
PLS3,13728392.480211692,30006946.69544491,40653764.752883285,108271880.86328185,37565277.81356934,96011427.65965086,41830496.99033965,19796395.665500157,13114857.01345614,15747951.244623287,12794863.880674072,62462151.91903815,10641533.234904032,57970790.031540036,12824178.539300494,32855868.857753754,22804654.784102112,62416476.62424488
PML,6153277.048153851,10061253.717203507,2435527.991716208,7983571.674916402,4559181.189553998,11185090.110991083,9787675.373838216,11876621.186472408,3830664.81213445,11828322.685567884,2264507.349366799,12336201.979231972,1523271.9117601344,4753772.181774546,3096520.7731455653,7739129.770012035,5570294.486778113,13970709.593722995
PMM2,7262713.989472493,2046355.0868220492,13367165.85087569,25880252.459153697,1919218.953001051,12596743.170167796,9701137.596037151,41321091.26651047,,2163103.03749979,2270850.7701800996,5843359.201610414,,3032234.89635176,352163.8743657537,4743678.442847206,8795208.83725095,128231604.38813075
PMP2,45804844.42579646,2128103.579913392,51230558.70930112,1305861.2838580234,35529513.72505269,2729522.211567477,65779466.29886018,4636716.348761928,23211863.124554493,,57323651.51127607,6052732.8113375055,255133676.63870227,4741615.731183502,245238135.58555028,,180642235.0058508,
PMPCA,10540477.194213962,23213641.703619145,7226796.250386833,15932073.687019689,5659145.588890616,15244372.433412625,8597879.739879437,13140327.240836073,453549.49932013464,4922014.379720166,1700370.7106831246,4047499.356399025,467596.66622932744,7601288.295284009,450910.5615738931,8682924.428887073,1833296.093149591,24982961.43319815
PNP,134448676.8675969,161268546.01344517,85397894.29811007,432571630.6779928,129754769.63832031,404157208.7401369,211885517.03298956,257339508.8958497,28684376.475823432,111831955.60667278,60549145.21199085,122294085.88020134,50417897.59185699,270240698.81412673,44743132.735645995,101190464.44648466,68114397.99668737,251271145.31958145
POF1B,134353485.0056419,292393424.014457,80941955.20398416,293896683.2752952,85305892.53513186,261785778.5397492,164329952.06586236,161713303.8846817,10606111.637622388,40427530.8596182,26568497.436854675,101378180.92607546,33590087.03408225,243628871.54245567,29572524.103225823,220521916.69974273,41135124.62882977,304042559.1145001
POLD3,7588658.933922991,12780023.094297258,623005158.0224249,2498819215.3555193,464211891.528872,255026039.22312647,9318362.209622562,5794021.199168073,1957352.5306703616,6990196.241534925,3977759.656442643,7371046.926231295,1422157.6515217477,7467595.918980191,2116132.7367019667,6246781.994086712,444356631.3226967,1004420715.604031
POLDIP2,,,,6311079.056926122,,10360303.05815253,,,,,,,,,,8149724.5893741185,,15487060.656477535
POLR1B,13150493.955581907,1920531.329082844,14678206.043179542,4674775.126934568,13670964.431853073,15805635.162119567,16480616.503864191,14049022.777645988,247260.06656779288,2657474.1123587145,1475876.9074330798,788950.8099657835,4367567.071817975,5890851.163108749,4843549.8662154,1060877.1094263238,6493558.056548376,2477498.3957942687
POLR2H,6079094.763651622,17203944.814887654,5785471.726144325,17830696.66848338,1881299.9718250271,15632159.287786145,5415525.518361562,10535964.492488176,3923682.945596414,2348545.6370261787,,11708841.15298403,2479181.4803115656,19428139.38032187,1664828.734478362,19664291.16444582,10307217.475964433,16786804.36588447
PON2,2710633.8854906876,12045542.40430736,2270345.6135932067,24647517.20049297,5506922.529874522,4844682.424343722,4087367.6922366503,4904719.393816354,1792345.1880972355,859996.1940354872,511597.4272085513,675107.9163354498,1183956.1788498175,2918050.9382380303,1104896.5973368336,47909.31974473093,2551607.492652367,914624.1686071708
POR,59162203.56586639,109969218.61726265,24086189.13697359,116094526.00656319,24816014.763937876,102485615.16804597,120283017.29226236,124530433.1530559,65803354.242798015,208838168.98717088,36265123.267718926,119173085.30805847,43037012.72162324,163850157.0568198,32059613.738883078,191230028.87072164,184510094.07097903,82390571.59406067
POSTN,573306685.0950971,62002064.26167148,515247334.6947341,272855073.4894126,703984504.6831046,323545493.24518955,440399210.0038595,439222709.69830954,240899668.42947903,589808560.3017062,139041457.81379324,528888713.52113706,222970198.14863124,246136778.02657905,214107573.69940317,95060008.47403845,546807077.5508076,223294352.0561842
POTEF,6404284701.967202,6733111853.544092,11135358816.669947,10448876753.659128,9445905434.432293,10330241234.223001,6259873439.065142,7076145215.895389,10202616670.55384,5963261591.879051,8011901258.340498,8907521231.403484,7367048936.865409,6768620194.514179,6108553287.970387,5961561328.682791,8444177902.350136,8714439018.015799
PPA1,226215262.39743108,363338063.9730878,148097169.40348458,1157374081.9698234,190160041.19797868,520073273.3821913,309730267.671334,316105726.8093327,90925470.43906842,216459091.6182266,134112918.19242094,270845185.97539467,125271062.00354701,491981187.5823058,114370574.99771601,323920536.70503026,95812426.04392743,804998740.2097287
PPA2,147258587.86784902,117022961.86347291,226253728.72001624,428639647.5951116,184361367.90016383,362159303.7202636,187914987.38910496,162558997.04047263,60478474.16027397,42403491.400208466,79830294.19068918,92856239.84459797,66443782.74089065,182106627.05993158,66940277.50857912,80754883.32117417,127501008.56911156,346636971.52626956
PPCS,8225264.542772715,10023290.728987357,11553564.453770809,19270538.218832377,3205258.487970811,20930821.40590532,15357242.066265518,10063594.757068053,256330.01917864947,4959849.7949951375,230578.37251059408,6428896.137560932,985411.256913236,12352483.75698364,748906.5127396021,9430659.007131584,1465547.2965388198,22317043.74968479
PPIA,1297816158.2681243,1828308970.0733037,1389236080.698125,2648094615.924151,1334919074.6032984,2535109116.7904468,2007155286.2654994,1968619380.895898,903541498.4047928,961578163.6636449,1054558237.857998,1457382560.9192429,1058723632.6548438,2322118192.3983717,946714276.1134799,1151882243.987333,1044483350.1693653,4645136881.34021
PPIB,1087298543.8855417,1293677979.9092786,440922524.24272114,1584849681.98118,732649975.8584099,1516011852.3629587,2113551450.8024163,1552971887.9436696,294051833.4923758,830809214.4645909,356676996.4917454,923744895.5153309,340616814.4908546,2062981555.8236709,347480924.5997579,953338799.7825173,489690292.13649863,916322588.6522411
PPIG,5711589.05024055,9723713.766450794,6761745.281156494,17500168.67284992,5630982.960881841,8922036.841160916,6828496.623202821,7356181.440547184,4390027.772518619,6694269.659945831,4670539.9059616,5361107.733250543,4564544.819596695,10108436.43446139,4317587.021791566,8472869.295422187,12845694.017797422,14223195.061833473
PPIH,2766137.812024768,5212140.876206941,4756356.6466543265,11820044.059136724,,5361120.3753706245,9577266.335761378,1455584.6427863666,7173854.209226169,1571521.9193053672,4409523.130460587,3272700.146477808,5694005.782699163,13625549.254363948,1367889.740892829,4773637.1755334195,3249196.317487559,16207744.890683169
PPP1CA,15831105.270640653,11614993.068043089,7525301.028099116,54865202.24157276,6317751.626678968,70697862.80529684,21266092.75152606,35550619.73861199,,12957097.363768252,4128370.034333091,27138258.768919382,5052602.385733844,38224338.724739015,5445935.09893504,26940576.94849199,14219986.253286788,53102052.10646621
PPP1CC,152351765.7596149,185553242.8528099,90447622.9284102,149868209.54404634,152265389.14322627,263541055.5196771,120444104.58619049,177947376.70118988,93482289.76288483,54695325.70048333,118445240.25746799,145322132.61679018,79500448.20998855,181830263.2308795,87393145.97370252,109794662.4783499,144193034.98521656,233915700.77093452
PPP1R12A,25175338.362605423,74168183.20284063,65149706.80705397,204885711.82148045,59372622.77760111,35309888.91288507,82220088.30549997,31853755.369550575,46392603.18570469,37217025.84512285,44359466.451027945,24584917.898102153,37717391.96824865,159495114.89720607,48876951.517988324,19926152.164585963,78018959.58018792,232361665.8353164
PPP1R12B,24541105.262486152,1565875.9720570887,82176734.75444236,8815170.686322218,93456927.62529674,13979967.98403697,16902336.292290833,15549130.300990164,89324654.832359,10812872.356049087,88118795.21776833,20281789.245909266,62786746.28170365,6545841.5248743985,50230461.308077365,10371469.162575314,76421285.45695862,9785075.635639971
PPP1R1B,5615053.273931026,6603509.908432669,6207493.742644781,29786998.920333385,5969435.688290705,8619187.7233265,7805777.005319728,12213500.16948463,1890968.7544533024,7177814.425655483,5783191.237361697,12491293.043833282,8878976.511304254,14241261.440059409,5768814.327370531,4930508.702552911,8031725.283806211,95167757.54729524
PPP1R7,152091168.49032062,130093351.31661126,49356766.10813539,110077316.28574595,81621711.77592675,107446647.21624738,234047821.76770565,175516890.830291,2990329543.098059,326474510.5123566,1848001034.108455,493939763.03239954,1296877918.7374542,204591793.7601781,1895949454.7672966,83808720.62862527,39510306.04203271,177007128.73744833
PPP2CB,20722295.668867297,50814411.08113004,21529578.82446751,61644729.17885582,19468946.463235203,42530546.31579255,42968035.91720853,38924579.78599193,16195735.52674278,20154668.475596014,9465828.668210467,29793541.663475346,9900732.308941316,53336513.08646078,10764487.28018242,26819918.91586272,34026960.077431045,65651653.43346781
PPP2R1A,272100924.23200935,329672073.8906459,288262161.21069,415962708.8221532,302165232.6464142,437879963.5736973,434590265.4487382,345637829.57991487,206226369.72567567,140438077.84881043,211206575.36329585,241775616.8815027,178496111.79651707,419952273.67830974,191648179.34154305,178435000.4359151,230206984.79688978,633274106.2016878
PPP2R5D,4821399.889024585,8341134.395501129,7037800.926672004,8321707.728674071,6485016.227640507,9437790.076021628,9317322.167065004,11989046.732333152,2486439.585023838,1601185.7101641628,3547808.632756441,8497180.267721422,4307089.462997558,9163130.343297165,3258445.351595619,4782747.203233082,5843857.307085315,10067650.779025665
PPP3R1,6809877.527298489,4514139.500533885,5625501.447869903,1718539.0907000052,808962.6785008903,6343339.561151718,7046513.44795743,2476740.0288584614,5163763.45137433,4229944.8739334745,6756245.433538718,4125810.496601328,3618510.542998543,1541212.8631723204,5085750.132509135,4037802.4010106954,7600498.658946222,7170295.7196252905
PPP4C,4988220.800598562,8212766.855840577,8807292.523428503,27391170.07471578,5423655.318623768,20166400.32782967,6242097.910635199,7813917.865922454,326231.6293155363,3514050.320115723,1315622.2278518043,4700865.051959527,2622064.901236924,9939412.206886284,2615949.713497298,5482062.550447599,3542576.5880318517,31870823.702943396
PPP4R3B,21805427.26474631,31738986.519022692,11628322.19861854,4407124.680901082,9593410.13997423,,40148250.86040287,50119278.20620963,39008841.29726155,12779686.799144473,1676998.000579573,33298436.859227657,1917858.5846230288,6531992.754612892,3246104.8944653226,7050040.065049443,4355897.746799677,
PPT1,99373408.9071454,57089204.23932141,13974073.24776266,50638609.23642156,29429206.64984949,33668057.34916247,60958069.67800318,25266437.735673174,7236760.412752088,32503438.824777097,9658677.018038986,28555103.215568937,20325981.88391971,36619979.26832112,11759373.5279454,44580972.08900229,26281717.09245642,55925223.294765346
PRDX1,1052972296.0227249,1073019755.8083899,1429655926.6403482,2708835842.745644,1290894974.9049456,1778020533.1217008,2004383701.010659,1096981071.1283169,932453357.1316177,1392446988.441553,788225533.2348496,1422564094.5808792,585120901.7699603,1924573863.309631,991000105.532964,1590274531.710286,1348157816.4657965,4507181710.145817
PRDX2,822413436.0799189,999818588.6158302,1295422628.512585,2585229522.2640095,1220445972.374908,3071757906.149439,1070123399.0663168,938189741.4501102,614593578.7431347,596747415.6159148,841005773.2410458,634483979.6089053,1112591555.7103236,1123453187.899704,717916623.4965619,744141995.3046017,1291328085.2154276,2917649913.246931
PRDX3,270482278.39339334,424408984.31762,392611620.6090966,339059933.21850634,419527694.25757337,440976655.4302609,559806547.5211766,268617598.0945676,152438627.32111353,195896954.18238056,195019090.3806593,310390406.47409415,171475629.63742527,332553970.3194166,154215362.30789858,190655288.38187984,296489924.41667426,952663603.6259017
PRDX4,154524708.58477738,143009855.48385096,141079882.83892316,458608348.0812064,181902146.0800212,287746228.29406047,233451395.988474,249899825.95229018,50434701.20179384,72698318.73025233,35554383.83660726,97884034.4976434,32786094.631530188,275583647.5330938,32387975.150697865,146696040.88744745,133820502.81524329,334791892.4944632
PRDX5,599537884.4932737,306477058.5829848,489956108.0698124,2049912228.0340555,605043638.8684444,1518415755.7100706,623055869.1010613,537499121.2986646,167348730.69537193,208553973.69318393,294020780.8199495,528877344.9089612,323750708.7123769,773009562.649937,230683501.4356493,884810285.3250165,300071208.38594604,3562789684.9351044
PRDX6,355862211.18796265,279151631.06811124,637500399.7124282,628611818.7950013,622838441.5866776,339165415.6049094,522185073.8938334,437888623.27497375,356759537.1360642,200616218.44996232,534733040.21169394,271791487.73278874,409582534.05926913,607798547.646674,279416368.9773358,306872960.9691931,487795977.531804,351310371.9498053
PRELP,1077227953.674644,51964292.17694168,1511887608.8509483,91158900.0833783,1884647713.261865,239862213.05549577,2158898292.751832,265829776.24256793,3115583175.8933578,131606279.47892101,2290494117.2826357,427094340.03899187,947877023.0088423,198310700.445178,3007216862.9624586,69511750.4940151,1394005536.4228516,99821657.27769731
PREP,24490197.105398826,40511280.145092264,20741516.024442088,78847977.97660534,11858646.397469856,81650466.6442621,29497346.580667906,38693555.03222874,16231000.612221194,18069875.812432077,20512649.293564044,36461759.59063372,11426168.415569117,60943080.18143543,7099713.650816636,19273703.444743138,17760045.022228017,108964765.7828387
PRG2,56849807.74983232,43907019.44382214,15700741.575344276,79122784.97818974,29708629.00160335,66229133.15653558,409868978.6770498,152567176.907489,33978960.516952164,31044242.68366129,35738446.07426054,18334626.418916985,6398804.84960934,255884967.40598843,5260463.951826382,36646887.91681501,101995332.19944878,19844795.923824504
PRKACA,3638938.1317032184,2046792.7039346972,290162.49961880624,3004085.5630513793,,713995.9979477678,5429743.656751322,3340326.2913668375,19419.80385682644,867893.6888936878,,2048048.315023392,376132.28576050873,,290228.7089851609,68924.38977857653,431594.3322009726,806214.3804630985
PRKAG1,4917005.176223614,8293518.721316967,,16434726.388919886,,17661009.706353296,11053780.624893775,9753393.384041818,,5365374.264675545,,7727671.459965291,,14176361.853027027,4926023.916893315,7716280.942517592,509236.2129476913,29398425.125743
PRKAR1A,15724813.870362183,11925494.584076513,32040564.76201435,36199217.790105805,18917293.04474608,25825469.626460347,43021670.19902232,18452246.301200375,17323619.452515006,8095889.147229056,12615777.708430149,17685734.581941135,13831906.879665527,24077612.387602177,17189978.62873243,16574178.078181123,16213798.078974536,17222266.213149272
PRKAR2A,71801890.99158001,86465395.40109843,37515251.60125859,72791105.64296818,72421765.02790667,93893609.81334114,90992903.33008468,95725397.90292346,21565146.69069562,39565464.972596474,35870363.47614924,66600247.857326195,36707476.121853866,107131024.44574153,21043498.32914911,43780831.20686576,22875137.757263154,83318775.06738192
PRKCSH,358554716.4450362,369186473.1269723,254931787.99658135,672711795.9615959,226386254.9912507,407921575.92827654,376024964.9426173,523748535.91755915,142652779.52018076,197101456.47719803,142302264.90125096,208603825.86773598,131801670.26999575,387936578.14204466,156045160.54815972,211477809.33960658,210148591.33044064,941743148.923924
PRKDC,341009186.7142599,481889648.9164041,1216930452.0826633,1723867267.9859672,1356820053.6743362,610225093.4878461,381063082.76800144,251947173.30313918,2002832519.6662905,449220805.15037954,71685734.67830832,239528820.82792038,67843992.74997507,336214373.9618697,83484351.61020312,241058758.73375407,407009898.102873,1145249054.4731774
PRMT1,32315774.992306195,118813833.93046428,44865162.710523605,193692435.2468708,27321741.033445798,169152525.10024053,22769672.313095145,54998278.77104953,38052139.82153164,114467305.53522974,17887907.418684166,52738103.91398088,5685809.843359624,88774072.54624954,18849957.438332498,77583579.3293245,47426075.80134757,147664954.38624814
PRMT5,5616301.11867054,2384918.106350527,4887210.633761445,46228977.332596,4356090.557231109,23338094.49731964,8950358.22285932,12170433.493898854,,4249435.200048467,,5168592.487625237,,,,8455554.580556255,1562295.2027326026,15124922.28974208
PRP4K,5958147.202249562,1078620.7669295424,4682278.926519233,3047076.0913588963,3739440.149010814,2911388.7414678223,6231773.305053417,830042.5625511894,3502665.755977446,5180551.752458545,6371255.396605869,2212729.7120671794,4988791.784133966,2539410.982582773,6365650.112754193,110115.31430867466,4092103.879472829,5118469.476284624
PRPF19,74905754.67473993,107000996.88391542,15736034.502010532,78873994.91421148,26738730.94481806,78050594.96829587,77934566.87394562,98945510.16811168,4232942.004479967,47512712.56542225,12831853.918211607,67388212.70485274,16500521.603609629,95351743.51836741,19489031.984067935,75369385.85454032,9667206.428250443,130341301.60406816
PRPF38B,36220406.74695255,4448686.206412519,5024020.672386074,5986109.53882708,9123520.95291039,6096328.614652929,79335128.70214245,46261066.581131235,40577812.08495325,11361498.333639804,57306020.284955636,52864598.6334131,50524960.73090625,73357009.11510846,22178524.12361037,34910928.98169615,7297195.554148431,14188348.88481005
PRPF6,1645246.221202518,17117623.96976045,284895.1749077239,1408182.4542754353,2652881.800698041,7307849.906609134,9849112.573667476,7390587.323675283,,5457616.771227389,8181455.317914766,12946169.852745242,6212302.811291259,27344098.255802143,745738.4344415839,14156588.36339153,1236968.3815455565,2185643.7191152573
PRPF8,15518599.487507876,34327588.6898337,253371358.31110552,144571152.2355017,11597673.110058393,21905820.851161983,15736321.00009217,21754107.30963437,76265691.99252038,20234942.91490179,3941644.9606531877,24114376.38515298,4017512.132782699,29549522.949163735,3733581.2812475567,27432540.669832032,10863267.381653823,187695614.8609805
PRPH,74779263.3472004,29592706.13414405,472486032.82376623,38367192.30033703,454640025.7034735,76785583.92392892,225304127.41081515,46742374.9733879,148079525.73794478,63995367.929379374,351222571.8563748,85865582.42129654,164496735.03750843,37188622.45679468,296351248.2389793,20764518.588545386,346589640.0430129,41152991.6394971
PRPS2,6392470.852324593,13705754.170999693,2065921.1985156597,14922780.201806014,7091840.331338825,9257392.266949683,12064460.646123013,13320301.076302389,3716663.6763576353,4612354.7278136555,7749003.224539383,12835708.373543492,3415799.11769692,16489379.94883131,1978295.3494429155,12303510.460105104,,26222365.572847217
PRSS29P,40636118.412582874,2544250.447965863,49827111.892505616,18554044.062427197,44616358.39281379,14414965.090796132,101014625.22544678,46348914.50388084,18685121.95157541,1765343.544412519,43109243.319357336,6615803.284525505,20233906.502806287,24496878.262928866,13726075.53723436,4808338.810287429,37066272.795954175,4083926.066419834
PRSS8,,328250.87454961846,,5569200.818079965,,,,1024128.8762966688,,918841.8790765704,,,,,,,,
PRTN3,566306.0924405697,2315175.4316996825,830249.0562065342,4671698.404340431,,3232263.05836659,2148758.7075210717,3809110.507409034,124639.67593720095,8761021.897911344,,1375699.733057441,,3180145.8813008973,,1884122.8647734327,22504945.425090067,
PRXL2A,28586622.275954455,11186155.163386952,18151673.48092557,70564544.18620452,26636423.877361182,7363127.815120829,21696100.300017178,8202942.09724998,6268056.946814972,2792632.1281631966,13035708.914965853,5411947.34404989,12575713.32690764,9894962.855825463,6313673.527695045,5199759.19923674,19306689.89473528,33852622.42563567
PSAP,497730615.84959185,77192666.05632973,68937639.15747418,195000233.5280688,50976360.565018535,181182320.9319516,191370812.5528775,106774296.04339255,50576307.26239081,108917926.69057806,52261050.219938084,119852487.71041146,66091365.73513032,65351517.02913018,27332834.065435316,139740924.5180167,60292207.408646055,214470071.0592975
PSMA1,66161380.46084802,87844457.88332954,28032720.927307785,149757955.53898597,31295740.03104616,217411832.55376834,109754842.17914191,76712468.5526279,12544974.80072192,75534286.74877922,47760018.61977483,75522541.52259733,22342228.046047043,145720713.63664114,33265417.18587415,113222290.97932759,49156755.630766444,202439205.8398908
PSMA2,30092950.48545647,6274541.6250076275,1826904.374588207,58350109.62924443,4106065.639279015,122637996.95777436,20652875.955832936,6892980.970148662,3010893.268203211,2123336.4275073097,1073616.4447436922,4279798.037186996,13576293.704635402,61377969.82317217,22088147.960582573,49028846.04445713,2727147.784264856,92322014.12594822
PSMA3,79385489.30148593,155253510.69085583,106859642.27763765,360764842.6747877,142686614.70384175,241697823.70007262,136746345.72179782,174624827.52683827,39528788.04398802,94550333.0449978,61904903.3516807,109042148.67360316,67073709.791439496,177958497.733315,72696186.86151479,117462851.04868723,126296953.67875218,276825449.8809361
PSMA4,38198016.33847502,53167403.37322916,34551526.03245245,113158022.41600882,29222524.9819915,56965735.10842146,48492296.68295682,57053927.37577556,33555208.45696925,35468432.16892814,27579006.871311847,60415048.35881735,22621363.943266984,76549790.65170866,25738985.711210504,41841201.810387194,27244828.48068175,50230264.01477006
PSMA5,216304909.17490005,327560037.7634994,197502642.5608535,617901056.7423258,216916223.5389127,531752778.2801033,339804264.0959448,274352253.4900728,73801432.69034487,202574852.36414438,111781621.48723094,251920478.12048572,120060853.08504617,303958600.25024813,109291791.78788614,292808659.9556249,128881805.63273889,710169681.5111012
PSMA6,117753401.34344234,162157061.26056996,124443937.47196656,286503619.1397335,114540598.86581556,292856197.7586899,171947285.99342617,157843436.97750518,55980398.79258769,92400106.9314186,70069125.36298959,151551131.76601782,116513365.11510848,195336468.59890538,53523556.30976135,183377795.90061143,55271392.210478574,282575405.1809947
PSMA7,163533063.90924734,127718688.73201054,46106797.37259743,276879823.22003573,74804656.45210414,191454421.2244183,141578406.8983775,189860693.03650606,31125317.535590187,138482283.6917596,68601585.92149058,154787575.8013086,50627521.599279284,291385608.5590145,49936233.59920809,204067697.01779193,60153872.53619748,253682767.18821764
PSMB1,198436383.18904012,169068804.09742054,154216134.84830922,664163602.1774735,123172902.68198507,394569752.66759336,361790589.07103705,238331840.00422978,69444372.19608635,121321550.52142261,131062258.70446047,134630541.34601486,91072180.51923499,416620915.5518499,110009795.36261377,126664569.0341098,125273393.66966498,332326728.54692405
PSMB10,12815669.0325792,9789613.511949848,60883.66891225989,8473627.969657274,106170.47577602151,3957637.900390641,28940232.419693846,22567279.585156854,3595743.75071582,15545069.20180406,5041853.59220354,11908497.434342887,6757349.394450623,27989460.26992544,7547527.939730211,39835220.12943064,1717064.1920366162,31556119.287918597
PSMB2,39526358.47591346,52489589.40815656,56222038.986598454,83157296.26309691,51114309.38400013,95147855.5444836,48198354.3946786,29414601.968286216,19120078.558858752,23698618.84330034,10083037.216165118,31616456.35693992,9915600.147834782,105615675.87209791,33654340.46350436,102269889.9013406,53833696.31278721,59885267.105215885
PSMB3,50339073.11948484,50258112.79331059,29535807.854597494,85783153.06096111,48001453.6853167,88997464.82160118,70727375.31814142,64388466.98252846,22944623.998641357,39738879.23090163,27883171.90450172,42432282.084963575,34217062.3247546,88208258.36753468,15428485.248935916,61944274.02187819,33976801.2744593,66211750.12579757
PSMB4,15301213.257655824,28211655.383971915,9636291.974620037,9791079.473804822,16617916.33865157,37809633.21980111,42030942.190945,28412686.868965037,5087511.221355174,6541455.597578569,18425215.693218894,19080058.746855024,2308501.583639442,54019022.17413236,12870324.504110038,37482216.17587673,9318556.087788671,26435070.62943433
PSMB6,44283518.72372645,60172649.74916188,81399355.28541112,127486963.0168111,51139474.257299975,147998508.75239566,45594670.609769456,81548121.45815346,26631967.885457233,10856573.177142885,35927759.24249915,74558389.02693985,12280892.935981095,103359575.29728642,11254221.191203967,43937660.38855651,22894298.74943592,77567530.69971341
PSMB7,42621785.27713768,9162127.844643826,30809999.386432208,81565800.9992389,19610662.98100933,39361644.0438259,46951084.64790389,35803446.74192605,10684233.222956708,4862812.212825044,7527410.931231832,20322412.042004213,6502925.092423749,5842685.988420648,4147075.263937037,4202553.654460907,25551886.200938143,79521839.26166493
PSMB8,172031062.0866403,227985548.22739854,121295469.21119615,447187067.2449189,167787152.4813093,413965872.6291834,218895582.79781243,235721793.6883364,38178872.07121181,172282380.4835866,45352803.026787974,230326845.05046955,69377964.94531551,323895255.4903091,64062731.290896304,377785464.4846368,104604537.08823098,350064181.239861
PSMB9,46291692.257579684,37670072.582501695,29786964.50301157,27491467.271382995,47821468.467190675,90166276.20866065,51246364.519223884,47635769.89186737,21556051.327217005,49397934.15565472,18470520.59022137,58970798.36860352,15200036.9867564,102037881.64262883,19237285.662903253,99596574.97901112,27045912.29881031,43958676.62323338
PSMC1,44279337.814998485,30965268.168142907,31707944.920939658,100816071.15538423,21555127.273423616,66715586.21048929,136407050.67547405,67597809.01410636,12964582.655401804,29687406.391038857,6220962.69594165,34201961.37596032,7128770.955198656,41591277.72828235,27034353.17681399,38630923.49466956,50843857.88280637,132958231.61071444
PSMC2,41676151.67693755,62607053.36990625,33779803.85187446,104969454.53208914,36543901.38317044,137186222.79642776,71998296.53296016,51657768.1870285,24351112.759377707,55661162.26377486,23514940.144987226,55930817.67916986,21800433.299225952,90747583.5335626,31225096.226053253,58126322.24345715,37269982.07127572,177398305.11688197
PSMC3,72701789.44472893,76245994.95331639,43879113.05128092,195785017.76743138,52740968.738851875,135748104.35720944,121810747.11312881,115769660.14559816,28010790.90338415,106353746.49248134,38761200.89474179,83294213.51999143,19586988.772689775,107946882.01878785,28327230.329905935,73849405.54750282,54619123.94824137,158869896.95087814
PSMC5,59821706.383837156,84421391.8559364,11209024.898169424,124882343.2620182,25508071.40470465,75212248.85376897,55758306.80319039,77707507.99345282,19815818.67826156,41093179.50564133,24186068.030845452,64692500.43527005,17461621.60912741,95487549.38416657,18379919.777284693,76234641.23673996,19454991.789938927,105811516.9969084
PSMC6,12858247.008087646,8533619.666448448,6606301.012004219,45604438.22659606,8362368.391830344,23874697.255498867,14810693.9255131,12344226.5797009,3273371.0722597386,16489430.210629571,4125029.1485016528,2364069.2433508593,3138366.115510342,16694492.240261078,2185657.628918967,7113918.753520935,11590453.033180105,23679970.56347172
PSMD1,12676540.948427424,23392574.421165567,10583784.158257952,63834969.84213178,21170853.749850653,43287368.66074994,31642189.44791651,28904749.9172426,6799061.176494544,18067682.49738871,11860592.634405416,26722096.556837723,14219285.944366444,34151221.51875505,12376749.206078516,29607760.345975634,17883438.591284603,39213432.0215781
PSMD11,44391454.46498656,59768422.81914503,43543267.15456624,156258406.71328276,61751745.980393365,120002473.26220389,88162182.23009564,67372977.12219518,22047662.44732011,63391083.60655674,24130636.784594685,65915602.82649521,35855202.47568372,80032277.15117204,36223225.72962387,74669663.667525,40815241.62181708,114653902.83819266
PSMD12,58833349.64942084,52356161.03773513,27854947.46737763,107065920.5330534,47240865.95399122,97659083.03054635,96451120.33458617,77838205.95676579,27367534.991273545,46396255.587423936,30147111.63320927,45420904.74637598,28793101.328221824,86409370.67246293,32280697.33014056,64595428.05913277,27011684.413598616,112628058.03669794
PSMD13,51520630.09057112,82260662.65994522,37756648.313629754,142488189.3784449,49513702.779587306,89477975.38887389,74597857.23788781,57246794.92423992,19708395.975447666,64656976.75065203,17741580.466612395,66535950.081191584,18052829.6743069,75369539.92090768,18923664.402189057,87067661.11602624,35123382.029811874,175642007.14850134
PSMD14,26681708.68901548,27921546.88326284,14376470.75031851,47429352.81569645,11547069.17619297,29164547.626591437,53608846.39910939,34943321.32457695,7906169.389614146,16350023.751494758,17075844.948894307,29563844.201005735,10856152.493877826,61973629.97819956,8950317.1482628,21038786.10663638,4642242.487067123,39720662.18495174
PSMD2,63183691.29362094,106919801.83798781,79089956.75043006,276292602.85153353,92295472.07854667,220434220.28197566,111101532.75124492,50881409.29590331,25564601.35916605,45337454.78875586,33880003.37688126,45537660.68212763,21863681.04885635,77435405.04924193,24291439.84447514,97923856.87916453,83669471.89716832,162038204.6244448
PSMD3,108365699.56142257,117053651.44228238,88047712.09577373,196683162.0033688,78749495.13076389,145716961.09339997,104720220.49919581,70337562.6281349,28205358.491643477,67185686.47002819,57252008.34117454,97174552.09994447,36859035.55935871,98117189.2974568,52469569.3125412,89957151.16654149,99798380.70220363,199261390.79327875
PSMD5,13177652.121646639,16969643.436725214,15461457.332911916,4210190.062529769,11138212.468395803,6068941.559467809,11187856.601131082,10564634.393033443,18318748.484339755,3693183.547963132,15980722.081473779,9485065.467760768,5533874.015165231,23575575.577063575,7466935.02957825,7652221.373064054,2921709.530427425,12533752.87739906
PSMD6,44413314.577790625,91591801.2492635,85753515.96358071,138354615.0315538,74431878.53724842,89057803.83580348,78224369.59797965,49319827.55660027,39468723.79248425,44233215.21803999,38179153.60265978,60983007.82893319,25311536.40066461,66687657.673960656,34385399.928862184,64679472.61472808,67376297.02623853,155500713.7467627
PSMD7,19972190.321999766,55889261.86369002,14367294.015557934,73437060.00008932,33977310.35356231,75128601.87015055,26638852.37149065,38028814.40569692,9973035.926931832,42491821.7886412,4389522.056028684,33908200.92616646,12689181.961674333,14093403.091072205,19149774.17373798,33601017.98583839,15591242.605563901,103311001.3149499
PSMD8,10351581.93969996,12427421.629244069,6165530.018356577,11759024.56109446,,633698.4668729063,15519098.778112585,10217537.87795471,11279280.488449888,13572743.928452175,12225776.702043306,12627843.594289193,9048918.644832684,12383571.702284371,8048979.776431789,14570728.87058124,11702312.501856357,7159081.43157228
PSMD9,18175430.591388207,8945215.094029864,19951505.00170894,25015826.807781648,18813235.639661618,21064529.320643827,25632783.920045074,16626261.36824802,11768459.448511532,13029542.544431373,11242150.923253505,12684921.198146116,7651202.688366184,20010544.291558698,14735575.02767364,17461014.11635835,10459532.617240623,9831613.558487047
PSME1,761437778.6232889,516945750.02781177,593736000.3491458,1056987741.4166008,491468852.5973386,951079428.7212309,1211909535.2057652,805859686.7433178,480725115.350494,652903854.9479525,530709385.4615059,526855003.49229,490241255.5793168,902183630.9663705,453496642.79301393,720176084.3977809,589490559.713941,713941642.8481936
PSME2,339809683.2389789,345863351.1566225,213526700.3482227,793209294.0731218,205412267.62496477,701072544.3918628,487051348.0299903,419939963.6837918,90720939.00752637,520596093.0564281,105150042.5114325,302952436.20441395,145145454.7239763,533491504.24759364,111955975.8219044,346748744.3392645,186953894.50242528,541073372.655247
PSME3,8315021.229184957,31293165.89208121,3725654.007806615,21133031.86722513,2325425.761017229,20002016.826329134,13132896.697005784,13300074.329171566,1160757.3370456034,2583301.3725132626,2347784.3381070117,12806571.525502045,1692061.626118963,17613289.374507356,1637469.7951015024,18002467.31235063,2058522.786213967,34898040.41828797
PSMF1,13775446.328889707,31433092.78138714,1480272.8975710324,43464902.73932696,53123499.32156003,41851386.110574305,35319076.71640619,19575005.09321404,20642935.574096907,5992810.897901475,23130231.59753497,19999516.05382011,17734823.6261466,35552295.76101777,11677144.327451842,23018033.273953848,34669191.031289496,12331321.023617717
PTBP1,180411888.74031454,283562905.57193995,93310058.24776265,442269707.37605184,98459671.55731316,266850670.3142435,259814120.92092508,159018943.46057248,38487464.63018373,137225455.17355824,63652020.76002999,153111784.27813077,61078495.59984888,278967987.8862382,102983470.0247595,153589400.54235962,100467984.45100626,264183817.19982728
PTBP3,111937915.59682244,146049217.29286236,42879562.367983565,90786800.45097788,74212227.43949497,189673624.9494046,170290468.89384037,113528401.72005095,34610979.46410167,86609063.20780209,24841899.24119443,96584513.85557403,31110294.960652128,60990970.66381232,44473193.094194576,53029275.60723619,45337380.83627768,120994493.2338786
PTGES2,4009882.4152630097,4025280.4095369345,3526218.006880839,11511528.640464207,1178837.0537409245,3273962.6988059836,1366537.498083784,2796185.808931932,1991152.2803761992,1762767.439782874,2942558.8446272663,2127914.561622186,2221947.935130902,5114817.6433893815,1327569.9430634636,1947852.0712504475,2694714.250310408,3766434.6204110794
PTGES3,57551838.6136405,124206848.64639817,54335963.57385749,206770795.091458,70804628.63857488,154979449.85940164,105427200.26783773,64999451.26427023,20981578.7020882,66067571.11271122,25962921.679043487,62060435.63993152,18948182.211881805,102514015.02252494,27390000.223619796,114549056.04638457,44711042.96994213,274786081.6837615
PTMA,202948305.1309414,107751076.6254381,203056096.95038992,598028639.5675516,371273950.4288132,887143374.8346798,501175310.58997583,96361480.95600778,12848407.44000946,21796728.183534812,71552325.01783244,170131347.33154586,58234798.50827606,343755905.10969615,68074278.4785792,386043782.2624092,107836628.65593995,1345549076.3717017
PTMS,98256160.24730492,122021539.31306043,144408195.03262922,105191332.410792,87610158.12930435,72014083.31992796,166770916.92697287,90590109.18679503,98956253.09073223,80030011.9741739,121759668.68248715,139422238.7433032,77623702.86678958,174637100.5175304,71365587.90120257,171978329.90538323,122273525.83218107,147067876.85778394
PTPA,64433845.47614829,119375496.7809112,66627334.737729274,122194660.46653776,57305977.284101695,139917436.0139397,109483287.60292384,123003997.20081842,37908073.04499613,42167448.62196559,33006776.63670672,68769577.63347764,36505471.719635725,172188265.04321444,29584591.42664435,42856411.14785817,69005416.59316581,218853386.66164944
PTPN11,22347083.231258973,41946592.80283753,41243995.31032561,84063188.56145263,51010280.78912403,63041122.811974406,40528698.19661588,26878703.73387302,23058381.090887215,29321841.003320932,12401778.571378179,37718716.746315174,17136348.032720514,26381050.56702037,8439160.822448397,25724114.458730914,31833654.61130433,99958471.19963717
PTPN6,16080776.74423696,28528685.10325564,4019392.339236293,10667309.350637762,7182473.995032018,11030528.389912166,37158375.35814642,24251655.12213288,,19106302.462201025,6766220.293504212,21691701.516702276,4272251.431940183,13010532.465157026,5771643.656904109,14677189.683449795,2927137.233165521,13305286.894643469
PTRH2,4322545.589101452,18333371.894604236,,267395.962079002,1654314.6543491413,429365.89200180455,14016818.401658757,13021281.332777835,4715590.559148553,11017902.632523851,4579519.721516871,9531592.227018785,5041284.163316167,16936126.845481426,3538157.354029475,12657558.096769031,2825711.4202377847,1900284.0717436548
PUDP,6144568.286322628,14579194.518978424,3330121.8897451716,9256097.429007176,12947023.369008487,25640474.53673977,15031756.513060424,14809341.571381168,4571793.175476771,4482853.207448424,1099354.8511267258,5130175.058751482,5054267.283794808,9189811.269527728,6253662.985799683,11143288.794286642,2289491.067001084,14731475.276110888
PUF60,48335458.70668833,48381378.53273688,36050205.62897518,77575728.65924218,23746669.19292141,56922849.407673776,44614518.35050945,42749776.36124061,6850173.724035095,18881501.742963567,13778990.547088355,32143664.45561776,18996385.94709574,74399076.53777091,11544421.883276816,39816234.44827445,16005964.22081853,105621888.3343175
PUM1,26255234.01890759,13002946.120725194,4069589.709053955,25424591.124301244,9803670.243455527,49176935.15800166,30486740.595086567,18724563.43021364,10983632.447743632,12672740.76316134,2946775.697868741,6585776.727791712,14358425.45648272,31707261.618352853,,,18061077.98341175,19644382.352234855
PURA,21001888.942274798,14718209.419291683,28840903.88335651,14403606.06857657,33104098.005457945,22741925.807809293,34861965.30990254,14646949.64058778,22018705.677640863,13177959.100932898,14055476.376419619,18412426.30794436,12925336.251065625,22138857.473363597,17557234.320447307,6928581.957328772,24581949.81480074,34112617.834751174
PYCARD,54360149.03031628,70875309.32397762,32129335.54093081,92651730.83471727,32884376.408498466,10274655.756723685,73607102.8400255,32159448.487678982,7818675.376361061,14528265.33158162,27953967.99882242,62300834.05664178,25301514.075211287,86731826.01829658,21043272.40824485,50968097.30791909,37160563.94964948,126535856.84156138
PYCR1,5042197.573544005,21306629.00093968,543972.7200010298,95148118.82342607,3952495.289767233,50207220.13411262,8381681.668661592,23323771.010498848,1715622.96095009,6796329.929157095,1151000.519172086,28346090.119929306,2536414.183609675,37876713.14335667,908364.3699507948,16373658.683112709,2755660.599705104,99917194.87986761
PYGB,217206227.6958708,113369887.72264883,542309743.583377,1424088436.0410335,604844731.3582977,733043477.5377749,304896733.4023023,327704059.67155135,371030061.47699517,134357580.65045345,442384285.7431532,370634793.91521686,307741116.2931581,381164183.91227865,277763057.34393924,96564422.58857384,298009999.41236115,1937460795.018654
PYGL,92723086.51154992,62385872.55522193,211959912.53593633,281894046.411586,190539849.53416246,272899636.0052032,194946692.86762506,170588468.61055687,125081962.24263248,86788020.5049281,130808484.34291665,131181771.19273861,131985595.53911646,145726979.5521104,113696956.40066038,53303562.1932181,172386676.5170877,632211040.0428982
PYGM,16595028.931709388,52050678.39879538,90117395.55226764,9793318.269813245,142466928.32588118,21187036.704384044,14525650.521796264,92909569.6478955,56042933.705350466,33015341.69572337,69801855.52861014,74766127.24034938,54186093.56124272,83645309.49836455,70937845.12998943,8340004.660798642,84485137.90437824,7943286.294799811
QARS1,61502429.99318358,201713482.5929854,91030181.20729527,397728561.5141901,93330477.38542207,231167410.3222402,129833672.01205924,147425689.39065227,15642758.950196845,42764961.674323164,41032108.84590882,86442377.8583629,37523362.18354058,213025577.94947183,23758887.70249062,82263449.54088682,67791053.4922364,277878105.8586879
QDPR,563674821.5528162,343236770.39107275,57576164.5134494,29033229.402477823,38538860.557398275,55536564.93755618,419682389.50399387,268577326.6052369,49271457.89454016,124314102.13621785,231228310.1947324,185488489.9738923,257028500.18231338,135011648.33953354,66888490.126704395,660383545.174782,30544581.12562752,57010123.25749034
QPRT,5100226.268734934,2170647.7147312383,4155254.698603979,7323488.044690943,8743009.95974672,3100860.719992052,3282358.3245836366,9792111.041580992,2388829.555459153,458704.16224361095,4241668.713941197,4510546.8631702345,3284658.388176093,2786407.3402696485,656567.0690720017,3752385.9955981392,3091034.411962627,58408977.45144797
RAB10,51509797.09553847,74563161.6528241,34210708.04743963,64814118.0040953,28703744.26428835,47864135.752867885,62488687.65679591,37342391.11782439,26062588.598308757,27574510.455028526,15705695.953514528,31321305.026706673,20498589.366944082,45873112.90247145,17381380.401465386,35248413.5607056,26480863.666285135,61123459.53560509
RAB11A,259485934.0475281,325600467.02141094,162472021.77568024,420916001.46105343,177217478.2257705,425246419.6875356,299898708.362704,322881031.0192182,118068160.44696157,183215201.45063466,116301308.3378106,175288430.0502589,152450821.85609668,297130990.73165506,123973350.24706435,190226314.13485703,171615201.39821446,409637883.75645083
RAB11B,29325312.14736893,22930100.0121572,33032450.1399928,59830891.58010518,21658115.254260857,37557115.53002204,28006570.840270523,36594532.00290424,9480977.07532116,17024629.86885366,19278918.606940113,24751864.9647755,2960953.047955701,2130332.838949759,14041431.07164583,5064043.903363775,19806156.992733885,72260171.52187966
RAB13,258428964.7468633,236272761.21430963,134457086.4219045,527612549.8570195,222393139.07272115,393673702.7574401,183982090.04944572,287012587.68054914,92135519.03974412,127367302.57903156,174811677.1857807,180152382.7417334,143286831.78029516,455016939.5501507,90241568.57988624,178809903.574194,179811617.1325325,377839136.2264429
RAB14,38617046.82017794,67235849.16980612,31581962.929287493,95191126.14159456,42764687.28339077,114114282.60977651,50261778.5662741,66464374.8043845,9402743.126283094,42533690.44902992,19919581.18795412,67148025.64621401,18929507.241453994,41451572.96549708,35730791.03422962,28431680.116885267,21760435.97688723,121083499.28533404
RAB15,263519326.9592195,221147601.08768865,227003899.19082096,426910142.32302725,249987270.11540043,244894698.87737787,303310198.9096287,277914581.4997063,97481619.05425183,131245077.77716556,104052520.81288484,244912550.99481237,148758964.1749806,455008292.8852075,102361824.94966432,245605129.0971696,154467695.53410056,620695525.5744016
RAB18,7041733.87656232,6645951.248959283,4739885.846058746,15788655.09481645,2983212.273912407,19235034.318852797,1998430.332958807,,964794.6947358496,2326314.7279523974,6290086.677299237,19249528.58161243,2818370.0994001618,10557762.195889918,5694100.820708407,6793850.953338205,1713284.3774431308,22348913.480971377
RAB1A,121033456.29981782,80911008.29899387,141553716.1190939,500507103.82213295,157328743.88629013,277355726.8734458,131789099.08605188,110612325.57380235,32048473.361701697,41245868.33204159,56928487.26938613,103611516.03655335,41797245.19878468,185936608.5187363,52417369.471852295,56760016.022108406,94750112.11472784,328418670.2140446
RAB1C,10039871.13698453,4959446.39749068,2202693.4629966277,1052858.3164987066,157237.242152257,2567682.3626741073,20992170.431715615,9970266.73180611,5513101.89236785,2624617.1063202983,8755019.479117926,10303577.542886022,5818050.411482898,26977890.61198526,7905140.372263903,6108967.6634222865,1461547.5227971042,7196335.416158777
RAB21,,4099973.9306009575,42430404.591796376,12219283.324990414,29290167.80342007,13457850.434374517,646626.753122051,,2338515.443373171,3709368.677652785,34558384.839922994,9984128.183192989,4712669.369202773,943559.2349487108,1533995.12096232,,30284308.344533313,18617887.381243635
RAB23,2949541.081342672,1269032.6913095757,20420635.14015844,3592812.2983681588,30413894.448237855,12597536.0808761,9402300.979529878,5759740.451529595,14892487.251098547,6980593.562830404,14398729.316812254,9975491.623581303,17113207.34090403,3005952.2863635262,17125672.18236042,2272384.907298626,19505664.588594627,7002242.514794857
RAB27A,18967383.235129494,13453282.946700849,15981983.159686277,11824157.478601376,15123625.245003924,27603531.531868037,35723267.29688525,40119104.62211406,9669516.716270294,30988511.73276567,14287261.672888037,9092318.399177073,13146706.309001803,50980172.33845965,6759629.97221097,9811711.786271276,18580348.450056463,12507376.848297628
RAB2A,123929075.41953711,197456448.92337227,165430591.55559784,562213704.0954107,129443907.07771079,315802980.5402051,215845046.29247618,200272204.05435917,57503740.80954014,109791983.86544918,79779206.61478055,197098019.13834712,76644327.49337506,271648415.56817967,54148101.14778954,84119281.30879377,65979324.5942059,286978241.32069814
RAB33B,251581403.800295,211535416.99383745,217237300.7212453,413911855.868214,238633610.39348665,237633381.99555087,294036759.86095834,269764747.5954238,93174942.11636922,125828160.37141936,100569816.89042382,234387427.28884184,143397487.91603765,435425096.9496709,97653619.04168132,236926598.12414417,149515684.64347616,597437128.0072188
RAB35,266115522.40357903,243299010.88179645,150506860.2002734,556256533.6680405,237315963.28120008,387172762.26915145,184916265.36922312,290114848.23660284,90121599.90619092,126677835.04902066,183347398.39073402,175639293.26054648,152646900.090598,445315914.21497214,92345338.50719248,174593482.23933226,184586970.75138998,400640441.0264131
RAB3D,258578175.75632897,216794011.5464521,222458905.96119872,410634932.3229616,245314508.8517668,235753586.72106904,291708581.07668585,267631504.41650397,95409150.8656127,124820728.3982061,99771118.55825198,232507499.24532908,142252932.8214134,445929713.10032743,99989279.29217666,235036904.38317737,148330000.7414319,592672717.8969125
RAB3GAP2,2354550.68140598,2221537.836794241,1086022.0295072324,7091299.775490216,4302900.906308456,7712404.880678808,5239109.914339147,2752990.509484718,1433961.593942617,2642989.1945295464,420972.0783934952,3312755.412009266,1923827.0296441496,4339578.601854281,1950416.5887844565,3348702.594718311,776082.4072550756,9321833.31987334
RAB5A,103055073.16963351,130314690.40060213,142990665.58896232,124464514.58981918,124413192.72219093,244225852.03018135,200667299.24375695,138553083.74089742,56616745.808620244,112070568.61950693,73330534.9698271,169079272.38803938,96491361.49156156,216438927.40667018,90909450.88985892,167569223.2795759,97583566.05202991,310083193.1848516
RAB5B,15752915.541534737,9202267.631454175,8699186.568451451,18820126.33276961,16141401.668493144,11129146.358306425,17387132.574759196,14261993.956527768,15856449.412573343,2604610.28765025,18350621.622759912,4743114.689888765,14402803.192422414,11871391.335053228,12970070.40397318,6724376.038237909,15367269.516360266,10746618.517652906
RAB5C,97549898.47930019,104395319.17568365,97158315.54208067,98523785.85737264,108150459.847323,169415947.61239678,66144755.09670232,96360730.94601637,54095140.80988327,53420345.5242893,56474967.4837853,126210533.3369046,39331566.45286572,145193052.2356886,46882973.90313637,75881875.34506276,49949573.4390174,210560277.26286522
RAB6A,348171007.25705653,270470792.6426386,311845210.73369694,807325531.597946,331059785.4436237,336318281.3094092,381719054.3198921,371148402.24973595,148446263.6020867,195514682.71355385,157905838.74985722,294877321.66465133,200451148.55029526,609733853.5473754,146996917.87908584,295019499.73554915,199997599.74365637,820428583.4974736
RAB7A,411581675.25504845,416024759.6885143,211810132.78958482,644464976.1821152,238179711.31070375,375822584.3012786,285212575.06028897,415374765.97819424,114630168.46642011,236667551.7812901,133307810.73071966,336144761.5940365,148784741.15413928,537584828.4622393,128086842.2589473,295566822.1725736,196414972.71572232,818341138.8823617
RAB8A,12646116.411102075,3755573.6464352817,8275478.82579692,12693637.58823079,5501368.78407791,21491318.78327932,6124435.127185649,2983084.2093372876,2479298.5966508137,425669.7359825292,904511.1967028512,7864912.860949714,910377.6091793836,2555874.6468384103,4430158.498346948,4300115.318389923,2366616.5434311787,27097658.73882873
RAB9A,4213048.502384087,3368041.9410556676,2298508.169851402,6609441.052636209,2515366.4111116705,2611226.3950686264,6829730.423084958,4693835.656319453,1606632.6103321232,1956465.6598708804,1849004.2765709343,2288175.4586127894,2170196.6305698655,3636801.92963432,1688163.9149901902,2321505.579072077,993342.990542555,4099190.42049664
RAC1,22336806.61293598,20451227.329355754,60896427.537405565,205456386.12073866,70260400.37919496,197764256.47722715,140245006.2995195,38628594.837608494,47669936.871989146,3031107.724153888,91861507.15776475,50679080.53773661,53833855.15551454,115021450.12213217,72371328.14416161,65081266.35260113,85957967.76703236,183201006.36553738
RAC2,116597038.07863787,79309295.15487164,40466359.20190498,3677000.771614748,32044951.640950102,76555406.40221845,295957531.7797879,89049177.88550939,28114584.640220933,197853964.40271252,28007277.75777933,57290939.74839813,2571385.641230806,85292780.94847846,12162083.316762552,114976451.40368974,47503221.425980754,58356368.46392498
RAC3,,,698210877.5304599,29857306.51219528,823696792.1656431,84319965.22572191,,1544374.13974565,7595922.207718679,6460047.63426025,5378126.870675799,2036736.2560828377,15385716.239748096,,10011025.131346803,,1217092262.4377153,16900141.946456123
RACK1,402498041.3421463,555500679.013861,281950277.8173136,917531861.3666998,314585998.9461958,856313165.2556715,639733215.5773946,546460380.1492823,156246080.87464345,402487333.0280001,159631249.43534175,491413163.54004645,193864447.5633691,601058292.835134,131032372.89399889,420831648.3375656,251832743.9114883,854130585.4940577
RAD21,107649776.56002344,69667927.95634936,996457.2442360984,1935342.732344533,2542248.507304084,1935075.767658549,101413134.97310182,83272890.89549075,21898925.37166312,46734618.442622915,35307457.14948578,54051810.1831684,23629791.917533778,98683227.28151512,24076070.245985676,34015756.056506634,,4257021.432856877
RAD23A,11203405.018952304,19316412.39036991,10843048.634571662,41144873.583756655,26050221.844424255,24026351.28273686,42006902.53339979,28693076.01955684,7918290.161105313,17863530.176415928,12950339.001232153,16201674.355639713,10173026.312777525,17676295.47032444,8223494.009777334,39598071.12490995,31375843.11679872,68834028.18077265
RAD23B,31096765.92472453,40509078.603144,31111424.876965355,32862583.90445068,23060096.01451413,54196507.80858964,27989058.9581432,21329642.53999587,11717267.703703646,28583234.574596833,9635262.633634536,29167670.479424343,9791142.782819113,34287990.6876841,9583196.407072796,39427007.733010165,34886796.74038617,65476672.670379385
RALA,40698959.75774983,50355136.86788385,49764573.72615455,67656026.82858893,64470807.861519076,47077078.79037757,48573172.406081766,36598373.99133022,61878847.00569455,16219705.999917682,41796943.956507,37604581.31853695,58566739.81374065,50624432.01999116,60291029.25588986,30853400.919718437,64604361.27581167,103102754.69980541
RALGAPA2,27188531.63267019,18345301.56068876,14454564.435963085,94489036.74580258,36387369.027150735,78496552.71163428,21470626.074047707,33435566.700786524,2650046.8178587444,5059711.229307614,10350987.141052272,6308561.39037346,4035262.09661178,47809826.79955828,2681375.463976437,27714318.96426935,5856894.549597707,63167955.53631361
RALY,176551709.16661626,232512612.80861256,97048621.52654722,279359137.26391685,157487992.81298733,380793316.8831198,147671481.19503415,282267869.59491146,40928788.734172806,72328674.66528836,49262532.48886025,295075807.14171624,53444661.69035275,276156413.9311132,61303978.11128711,188174809.36053354,65326263.60613406,502922325.26853865
RALYL,32433261.963932533,37329722.05677725,28613610.434187625,75525282.66288368,46651936.8991781,53689349.19836875,21956931.86736348,122874119.28502944,6658462.842267356,9223485.575429467,7038135.785971813,102746133.03031024,16171500.75842829,35900819.34121718,24793685.589198295,2809893.9464963977,,148982789.52068964
RAN,406423459.38029754,742002912.9005948,213374211.3143434,566565210.466346,336832289.77606404,933744143.4714284,449862631.857411,460004328.84516937,153990659.62398565,333677512.376912,224228875.4133479,409493845.8916019,196378139.00569156,611504392.0705901,206977176.61396974,551771079.3363214,269378076.387746,1080666930.2734532
RANBP1,,,,119727513.36432706,32030062.615829624,71305206.52157143,,,,,,,,,,,3116100.312851099,77576539.25202154
RANBP2,1289928.9382163982,5561135.261200442,3246132.790078507,7301812.5760696735,1139974.0135512007,5956700.520503668,4544081.031789822,3462379.2112124544,322941.44445608644,8705282.856599396,169272.4544271377,5037006.898649702,,5835514.119620042,377492.4908554882,3749681.712883992,1815722.1737610144,11454688.129846094
RANGAP1,10154892.87573446,22021256.56661633,8573729.661508244,14218861.85611136,,15888153.051476834,15140297.217163846,9402985.55349264,,9642884.500932517,2630647.3837807435,6908965.064194016,2188042.3589187986,20139868.696121093,4302880.347018584,15199462.463490028,,36722019.68673724
RAP1A,23426450.762373332,18092490.04163969,103522540.12640716,32447043.61404928,18220810.779715527,21667295.688978355,78672249.4069967,38001980.70185226,48472034.25373509,29260675.76937944,41631244.40489812,37698559.75774379,49533076.99686751,32727039.5985631,33002290.228780594,21973135.307099644,35143621.23210933,40025385.96727996
RAP1B,38581018.46675269,24526188.04724197,1550104.160123136,,1728407.816098387,1114958.7564342993,79961731.1059242,20818162.234309617,14684100.711669397,18451406.63996261,35787167.38073503,52161796.78612593,8703668.430519849,22377781.01937308,33194170.316020474,16942831.57043461,64642364.08687691,
RAP1BL,76945872.22395203,91474136.12023433,197464828.6792069,176910464.5186794,107997392.88294663,196738039.39817634,191054605.09520096,152981029.59046987,75630426.79497083,89564615.06474444,77969971.20236066,122697047.62117118,70526149.28273551,95903424.76882559,278554030.4841089,118418213.60299331,156658463.0068761,211166022.45721316
RAP1GDS1,10738932.68002702,39953854.22864466,51631852.67854957,52834765.88022868,69288755.41908725,8208228.78130802,42473646.25590744,18934101.42942672,24241859.313151445,25227317.13463031,43394111.78625058,25552957.249440525,12056376.463285808,81669764.32120459,32255920.784327693,13761178.38913314,43678462.07524615,7446740.79701687
RAP2B,5638024.616556166,2000949.655573704,3010228.488393075,4993879.2763945805,2767252.1194218714,4025115.403564943,7260953.367435509,3933788.7708183313,2769909.9891496566,2661145.666832108,3375148.099433913,3015467.853181718,2748711.4998926166,2723144.266552522,2145282.101602591,2598144.469434003,2752642.752107226,1553944.104303482
RARS1,111064822.05408618,145503790.5308278,60005428.74457528,256177144.6277926,63483491.53161537,189519704.23915353,129599472.39547133,155999199.58692646,24118764.985128183,73932109.70593947,27039699.143097818,80331328.94668026,41609873.9837684,165496750.73096082,38659763.61413973,95559097.60015473,38250386.02670038,269177506.0509433
RBBP4,43292475.17376912,79709299.22420362,42849354.64239897,119575481.17584504,46440445.757197484,125765100.15747339,91330478.91015247,52181459.211059585,18829787.06586874,36575274.53703244,16784712.094331898,62643288.14347197,12839425.454656107,102909780.90032595,19406902.646647442,67853777.22330523,35769534.63295709,104594086.64112872
RBBP7,20941052.961226463,45998769.72366652,2390382.6248105755,42992084.0412012,3552807.943283529,11994135.90696801,14884250.400566796,25124975.27175286,4210629.208387591,11767986.823477458,5696182.968934633,14186529.371539805,7405216.8308948465,33645331.37466561,,27080351.823836133,8407836.826236553,83781732.49533212
RBM14,36673197.34744367,55069218.04249386,23128132.272919003,56566542.25031701,17895520.614318162,52829071.94275941,25549852.82839129,28337859.769938253,3952527.1727981353,20103995.29740896,11312704.64606335,42023122.455366,12658929.319366666,39209342.49232209,4630292.258696853,38257344.46179031,14377352.161215426,127733802.21026759
RBM25,4170108.040275294,6757082.03860507,1779659.8884990304,7684377.693126244,1305296.7315165857,15818518.626139443,1660747.042585594,8505440.725127326,,3430589.7421620716,,5393206.012210044,,10412883.631926086,542671.809771022,4363729.45284511,1343176.3193193646,12303314.83600968
RBM3,53968112.90003993,80460352.64477423,31508444.243946698,93841336.5284665,30989358.488252163,84863586.09986559,94943348.52316491,73767423.2649196,20307290.601108693,38518809.73226443,32716749.52666519,53637928.45651549,26380906.51504799,93420041.16359593,13589234.176478421,30482847.930478945,27920326.67715189,171164272.181135
RBM39,15176951.102061141,27569383.431795355,19520984.970297415,30560811.145624876,16162449.98663845,38431522.106906265,36594556.07434896,23667662.823594324,3752864.1922527645,13673796.927424058,5705746.440445486,22907199.462848216,7180947.199294253,27169042.359712444,8826168.426983716,21626394.04124677,23342240.76723492,40142910.588254645
RBM8A,18782791.657911107,35159035.915859565,12013537.947317244,32299966.423451178,13269654.701256452,39300021.2229889,26471111.844785456,24790107.135422338,5389603.620857138,8759677.50369612,8806319.238659984,13884178.591864713,4852514.588156435,37096767.9565591,43419008.42727995,24090407.32780169,2649889.025623211,43619668.64368293
RBMX,124648306.72488815,170685126.4185633,93349060.10523595,227279003.02715853,58785724.67999982,251933180.5404104,156042095.06523374,145887429.02933407,16291391.764349625,91521217.4341814,12385308.264158387,104053770.88730448,38420473.501922235,269495646.35000646,48157183.3692024,151506149.69706452,35791008.3221044,371545749.8377267
RBMXL2,56440610.09931485,106026863.41686344,38556030.36233592,87144655.43139684,36696892.44646363,96922910.19776753,85433533.11433323,66176092.62008943,13123566.32320222,41193221.83035257,18855032.957432576,75313642.53599256,17703500.67953175,73909042.81148061,16106343.824993184,67827738.66205853,22913282.350356493,185050289.3432357
RBP4,57267292.00987441,18764080.853567,26120290.12758887,78109245.26570234,5660448.497707178,35982042.35341148,32570690.593952768,42974985.31871346,15843693.197495157,13454624.749714445,32479015.56697492,18905891.982075106,16400912.00548889,15699312.42124364,20310548.385825045,6112893.015176216,5464996.673392187,102915323.62353618
RBX1,7591410.341628495,20517978.795220505,19113975.6797023,22399671.453376025,15678573.498712692,21656727.736471295,21452042.36454581,14299921.0585852,2213647.6945952815,12801835.48766469,3678986.7940511378,18050713.347109076,5881520.432315759,18277720.711281706,9077387.049821468,22035182.380152553,14031641.711661717,36895584.44488462
RCC2,9494910.857259518,55496750.99149476,4306837.657411,24201134.852784187,1595102.7209737108,31036124.331191353,29761605.0796784,18485617.687660042,,20626837.884449556,1534435.789978573,23143481.660595,2645243.7094555674,33681175.898681834,854999.9342991512,27677525.294955797,2247664.566519864,34823843.74728181
RCN1,93129804.35836956,140741807.7685643,108354387.10539234,427163290.9483342,82564880.09114267,346003936.0734992,149709434.30923134,169793310.27553594,34520468.05378298,86626614.01976953,53502217.905793376,171649341.39216518,43979153.4273978,245702409.39448303,27959060.042843044,135361251.70198858,83628671.57009088,431697447.7865515
RDH11,69265561.07836854,58173524.10084337,17850183.302218694,159080864.26803142,9410782.769162972,68630611.91045323,107970299.87781167,61118612.85247871,50951057.93434101,43742056.4488725,57555349.22802081,93979432.82309806,34353322.84587006,104664073.5735155,51832071.016130775,74466077.39618336,37005701.29090753,94723271.68375094
RECQL,26654277.898050256,43224808.47217153,37754382.431377344,49371943.42384012,15988048.572559727,55682400.505103655,43940079.91471997,30029443.582364853,13399490.98340499,18001553.169805177,19170922.59824305,38133374.72464936,17760804.832546715,48266800.928636685,13513366.789418422,23516637.40099199,9542800.015795823,30028767.391340032
REEP5,121312327.20424399,141798362.9373855,93583283.92412582,134082157.14771149,73220196.4856791,199887853.87680298,136494662.08702284,129163927.3311958,42549955.97791719,69475030.67344531,61137788.438800484,93864000.06467259,58017013.59213845,152758989.00734055,77198412.40058595,99227719.64523381,68231374.48010293,171533133.67887622
REG1A,5906164.969191296,3849801.756681326,2423836.234941181,2223012.5720629846,5623597.862882549,180837818.48149157,5972029.887184385,720067.93292404,2375778.4033170003,788295.7064580843,,2405128.799457873,2091564.2901387992,13297223.87413031,467372.19792411017,1946997.7570281425,1154452.7903046417,5389643.554605066
REG4,68292488.34652099,22076967.55404871,27666108.18681993,69486994.54484366,27350189.11168591,292210537.2092667,74791520.74779187,181299518.94818562,11831032.038899802,38078813.4402929,10910255.414852213,25613529.28474478,20413853.47375392,658877078.1049367,14368902.412772693,9577974.119636714,50579175.8701775,38752591.29787624
RER1,3900246.6468748623,12358637.134282706,8800182.384136396,45441807.957446285,11711075.528876249,32075869.46017804,4483848.394251014,4603894.172888992,8536805.099066613,17740719.824775506,7828973.951873088,10530642.75177854,6861716.496174097,45063986.898939475,5702571.565324387,11603740.579707924,3118974.270138459,30921367.5467119
RETREG3,3558927.285356872,898161.2641967383,2242505.882180429,5755984.969090578,869525.4712123217,3496545.0252790814,4590121.469859379,925191.8778185308,,2313613.697675679,,1312794.5292720103,1596066.4131262398,3637687.832672503,,3995257.823606163,2017812.634055292,2898980.72523413
RETSAT,14721120.048218949,11638436.474123154,8282858.126721599,16784683.013231914,19185594.60979476,23463796.06668739,16139603.05382478,14301394.533162994,8611544.991546838,7426523.36062547,5063216.278190345,14409544.305019392,10229627.143014347,17634810.004443515,10202394.771067273,13275233.430508796,17502167.120067544,36703363.14338204
RFC4,14798215.80467177,13159469.958803648,8819198.590583695,15253573.263032628,39019239.50847116,33286371.370183088,102630894.64259106,35204176.088664785,19669496.51124949,10563879.2969156,13027190.600665662,11940345.95680112,15957008.742110517,12383693.829954011,14743402.817105724,8226032.48431043,50240762.27043293,25335636.75989825
RGS14,10477993.21437851,3030933.1546456185,5915250.376069064,52584972.4755396,2691560.3031787584,23450978.686309803,14306563.420788351,5994366.347129392,2270853.0639603925,6112346.260306079,941014.8347685063,5206569.799915317,1708618.0323731774,14521776.758790188,1319922.0220347191,10464369.340180315,22510399.17284187,74172943.12627144
RHOA,134526906.03654706,130010273.0953673,97980813.70133132,258557219.48067468,67835363.23233446,130728131.36395867,217055045.20168692,138069232.7211266,30483152.158826947,111617102.86738499,50191491.03865105,129519512.23214239,54305912.870199375,108980169.63738893,63819407.99115796,68882293.6395657,115517145.03047015,359133346.17849004
RHOC,151587117.54045382,146068855.12679064,135251341.63230842,245721598.30057847,102239769.55420691,182009379.33659214,231236965.5551337,158940448.93987733,90784497.85008058,164819263.39435455,96846841.23402224,167495171.77782157,60966255.113154575,260728102.84326842,67056258.35094683,139050067.30014026,67084242.487892464,353117582.6530374
RMDN3,6921983.302482726,10494010.31018806,3460295.8573903977,12095859.803052813,3912607.015333613,11109632.430964297,7315606.495467788,8759278.370329104,2255710.5618652496,6713603.660796625,3399872.6000493984,5584916.88192263,4118088.71950174,9735169.664595656,3301869.217458621,5967455.985090659,4382258.464767581,11905102.575330986
RNASE2,210016749.48213097,65927579.77468343,5857401.798569712,91143588.44505742,163949927.77918458,96312003.07679561,1001718572.633031,190422146.4201426,52694125.27618788,61083652.82208088,42372865.21207596,29256408.44608016,27384961.69320514,639111656.6551416,18979323.25099499,68454065.92293689,185081966.6269104,19824508.95230954
RNASE3,158137623.32864138,52425620.84869398,26265849.358888984,164737188.3327477,92732073.27228415,214713323.88030836,537612467.4644732,235203879.12084213,63868932.332330346,115074129.36039641,69683293.87094274,88415051.3537783,38369878.09650791,890249064.2010562,40683724.80139387,71962976.39562069,318598264.5823396,52879384.69139015
RNASE6,47164748.32171725,3504124.567074242,433832.9560421459,1045547.6304039712,610252.3215155355,3699965.815140681,7002022.815336487,5204070.88740142,429023.0637443816,2756716.7997477385,1773023.8229109857,2839214.30757157,9002904.866997596,8808573.66372519,2731958.434999769,4991332.229953603,586722.6149861142,5267394.9385730345
RNASET2,192293134.3894913,23984761.654354677,23471426.239127662,122267222.67561802,41400712.1783481,112122968.75409913,61676970.85615766,34695732.40836182,14117554.789759945,13438117.205849985,20463324.126553766,26594362.722454503,40491783.710825875,27575631.473078255,15861091.192646256,161166331.27858645,23455651.13463758,77304810.71684559
RNF40,245504386.64646623,2556382.246307969,115171631.92161658,96865887.13734066,215633161.15402493,624488764.6256313,319912026.0688616,216884368.3965509,7082081.809063434,20872801.596592184,92741765.98451178,,153364733.03269535,120801424.14765637,49951552.78484335,2059004.5818836812,110295067.78558712,4969499.383378415
RNH1,118253132.59787202,79358519.10335806,161126872.19541693,298742123.16336215,184600070.39827475,159368384.1595894,235368964.4482059,97021688.72623762,125178601.47601375,84333636.77189018,177946082.25325882,185875252.90597615,86037718.78658193,153304093.293343,108527016.99225225,97782756.52358058,149522439.2132625,243292159.43123305
RNMT,3281893.974454636,7768947.196759535,1033735.5643342392,9494336.835497286,1730759.6056366102,7191211.928647976,2465514.1153633543,2198660.630283041,,3449816.9991895976,1370517.4002082755,2609851.1228455077,,5250081.269748179,,7164374.5613012165,,8114812.991149811
RNPEP,84841834.59467714,52868043.97990352,75816810.92828543,108141650.5486072,102955147.87599058,132632751.4861742,110092247.51295805,114315492.7359529,112827118.14048415,49228365.969223045,82186092.45375337,67909802.46240374,68762013.4438825,148845523.34143385,64653712.34303637,52316206.65757615,65386260.328732826,239152255.52701005
ROCK1,36060065.560282886,15991738.607056225,22233033.950177785,48851058.80308991,36021702.998622894,48046394.83056671,34170729.6646174,20885556.66916823,19992082.053576015,15955229.071841534,32517444.86483511,13468145.34310642,20640099.87967236,23238310.06928257,11429728.601200975,18271675.536534425,23355455.94734447,61557003.86628912
ROCK2,26003253.320781402,45687860.14922717,39022165.670870386,52999046.25169059,36436149.15637754,69443954.30850254,38245426.33200392,31099470.33268901,14883701.901647396,25955572.961173885,28088348.719056502,31646139.208773673,6898428.941506067,60675691.382784754,14510096.71899149,49561048.11505079,24542753.830337714,117178508.78149527
RP2,12573823.283032116,14291699.25428436,3516616.933292916,18648036.922402993,3692238.554309451,19596053.870216247,29488841.219549883,12356783.802117052,2383935.302869382,18347069.170402534,5755720.726332266,13164114.487778852,4143349.213153717,20148423.159106467,6486150.2161244415,16002068.823403357,6923840.487974551,28492898.325689983
RPA1,37162184.62399264,57697040.15562087,30724815.411796834,70681891.28428024,29951084.738246545,51582580.766839854,76394403.33039156,36985330.59410301,7615261.927481626,35189065.37760836,17852433.74608262,61941388.714680016,11413146.31763827,44659517.03072687,16368497.145396695,40990193.0088438,26603037.853474095,57522406.853733405
RPA3,12081679.723515972,13743944.771783317,4871143.413474164,12868002.875146432,5388751.970667761,13479452.670415351,18873835.96428761,10795954.993961085,5006051.293744124,6522527.212684995,5979184.740204202,11508078.551628163,5098151.231456022,14385023.584649362,4746009.861468486,8155288.641754924,2456308.0788093647,8280122.231976716
RPF2,1486167.8990335958,2922219.4199345526,663883.4550890967,4299940.719289977,1045002.0302091788,2181730.1654094914,1635147.7800785704,920978.1482734096,,2359642.3522514994,,622030.6538078733,181684.9757249082,723011.25860356,,1224715.966587099,1164279.2916546997,3430224.695884175
RPL10,17609038.351795994,60561375.21123088,,27982563.438137367,22349793.343072813,47137824.747983195,59800350.418415725,52946933.84313604,5123086.482426137,15450681.38118579,12974044.863916654,23087339.25411753,9099573.594803443,52046601.08952111,12545078.12955172,26364599.773964923,793022.4801031752,
RPL10A,208414251.024683,410761900.52359843,220490437.81030443,619957470.2554526,184831970.72758198,512369020.1901609,375441008.3106528,248474267.65095472,198452204.32968724,243118376.04788846,171607591.71310008,176545634.43469405,204167842.23731846,443988694.09466994,36112279.326277226,353548100.17712635,164153098.84487954,744441007.7801906
RPL11,114385880.92600907,231724352.25629145,58476875.91888207,170344168.4558111,98124837.29518694,301766895.9542088,98185315.23470488,160284233.79715875,46924041.84006265,84778370.91861525,58114386.390131615,172591092.90096924,51478108.636113346,180713009.981398,15078449.459246568,119784975.78169064,45647667.76353052,416770250.6752024
RPL12,272826625.101694,349386832.17034334,150145309.97985324,458927335.4418359,201333029.35479754,383151551.00644773,317793546.2680051,294247450.9617277,86892516.47750087,122238287.6478837,114526639.63233787,246156109.62677133,67176177.31796984,320138417.1299498,75795666.97411785,245333441.070329,154600343.02569976,335654413.32100004
RPL13,244715639.3394998,562784960.6708488,253003898.17740303,511277862.6902908,185211671.89087114,583023884.6570129,630983770.7230428,394884571.35229933,74110903.02982411,294237145.70670503,94898712.51295146,376410621.4411134,131706425.4024877,832178647.7908686,152899583.3717755,525776045.67187923,190351151.53464955,1008457946.2962422
RPL13A,61909263.28051996,123982248.1496456,28489939.08681467,114306029.30431439,27790013.504296016,111299494.48775865,133934979.50213581,66866161.52159075,12558946.825096311,65406351.619304545,14203934.523747124,73272510.52746528,22164170.44387132,52678220.70141491,30400321.09169009,57946093.4697161,32746404.929087326,251605275.2337616
RPL14,160718376.83876258,195375849.6077984,84121578.32644364,311942823.9373645,67082387.884223625,381344233.13039005,137926694.32112175,217758129.14015508,47903528.77846998,159444340.12191877,63886011.78101508,137083913.76400873,47828279.72551477,351699622.28628683,44994822.28795134,187893270.73566,39540942.66951055,444604689.85934436
RPL15,253888643.43918234,409436597.02020335,125647016.63686642,269312226.526459,152538566.27260798,489659449.7306083,250656590.88692442,250703770.47248632,79579414.85592635,200324350.2908123,88348305.78119482,224040118.2057426,92306348.30629118,347963621.4328792,80438904.2010471,324092917.2887831,119231881.93840358,549501553.2535261
RPL17,295591735.9946811,478643849.3019718,161156794.29181683,483427064.67484283,267869764.4847272,534114810.4339255,430029859.8408549,389526801.0079139,101204129.11145025,239306151.78360516,136129823.3375042,280182601.14892066,78831468.58985147,500248884.88743985,121863561.29480514,320927999.828521,139573920.40349033,470003548.8387857
RPL18,306791362.6592314,666022588.1593769,256625576.37628034,711576805.784992,180457834.23571542,669398986.3602741,523829933.9737518,444700775.258186,120314637.29569498,316379020.3120695,164084810.29902858,415755635.1983118,112503318.84372121,629065057.0947222,68201713.93128526,393221058.2466567,191988046.39704663,1143441683.273234
RPL18A,23345009.449754383,34399016.8839677,22761682.43479404,28181489.483692925,20125744.091023408,49619629.156356536,7497091.394129283,36353441.89047373,16299645.469381057,25910694.99243044,12512059.635236852,15898458.69567957,6782276.505591992,25387496.96689767,5442929.21829674,26046335.235314842,12692295.192884034,66279613.892992415
RPL19,32447129.804154117,81672850.94668609,12131682.108818576,108622091.42263709,13311281.348935446,41588880.438137665,120680158.48543334,35770454.66719408,4541933.391488928,35483477.27485683,7224328.259058664,16782642.45093706,6445268.553813486,71107982.26645938,11237898.686538016,30443500.352112703,22063523.4013414,89810408.26963297
RPL21,136584254.9557284,542388889.7389286,128707945.4625344,205409302.8824398,129214558.33190638,342451822.65518105,532838649.06411356,470563188.1327955,46849425.350836515,213690591.1800538,3482775.5824634684,310704172.7072446,35637976.93497892,106749216.29626922,42854507.523963206,92387004.91870484,104477979.81111088,434803965.94234157
RPL22,234920084.64608765,300952223.9103229,161967092.28274146,516045312.50497997,203162522.81946754,644056380.7864194,279438311.7266845,174116491.3059557,86127436.32036556,152693409.9279671,107635621.14943188,168932833.78757304,103925278.60208169,561998910.2482283,81625878.03209278,304573651.3598944,218066494.23429322,695232768.3584378
RPL23,77971449.01828061,132741221.50562552,30270925.049312145,99312237.40166958,36383971.45304696,60033869.91750088,68843243.21150504,67382747.65718205,11624500.44399397,38216276.80079936,11184259.032171125,34801582.136669904,10740207.623355873,114270961.71962167,9733551.707484275,65746199.2955502,21750939.03958851,102761585.3163325
RPL23A,206684099.4149858,470750075.1844489,80807785.19775304,432388920.48823136,120581666.45494196,488961359.3751367,306137307.45021206,363863147.0563005,59616625.33540811,178066823.65224618,60639361.52974055,264150992.03522435,102654648.5856131,375095281.87297416,102251475.28540164,365882318.7747451,132097920.89567435,518624156.55112296
RPL24,108772158.66074675,255908546.73156065,270023657.7078677,204543428.28410563,366914848.190137,744764312.3783021,303211106.5350257,234965899.40268564,51968661.196569376,115327189.08488195,75736856.81967096,179548342.63861752,83240409.6314918,240699834.3646459,74220040.02734132,177187316.84412953,244275824.02111295,445186166.02342033
RPL26,19101168.53142132,49892285.77987646,24906299.899882738,63790516.54034755,57682906.95953272,26806285.072207063,72440433.11004785,28925509.186347578,30948050.43477055,27618110.538843665,21561123.965427987,21351986.411542676,24745309.199946653,19423807.374147706,26496072.19324926,38933845.37537919,27300529.65663067,59792332.232742555
RPL27,281054271.1561195,230180296.1380697,134983185.14614257,202819800.8093882,167469873.82540277,173600767.40655184,257441105.95998377,153250012.3807041,81474782.72210123,196283387.57440835,79286197.28325096,163729604.82657918,62155649.264633454,382004229.4747173,105578145.63026047,199258274.92309955,130387170.01984592,726937551.808121
RPL27A,250546313.04588574,414586727.6044234,45003777.59759091,308286069.2749097,81253309.2433524,219386955.351114,297591148.7190644,319076400.53611374,59359144.93122168,203648442.6850854,88827422.24312349,301038648.6807205,79862355.17536846,474091922.9389389,83637459.112822,367389007.1489172,81630562.61271933,347301139.05883795
RPL28,166212894.7820229,376529709.1712116,71314523.74586815,184116221.90277812,60701443.85286438,133082931.77947411,29349492.708682496,65732730.36277159,42796872.20394108,116798610.37024917,46277381.13132526,92739826.86922526,60920143.35781455,313330353.0938013,55187758.55561787,145321841.20428368,52043626.75359849,311710449.18693066
RPL29,75091210.43297645,236784112.4184525,2528370.6129261474,4368388.220673352,2921111.1255062,754438.9560021586,186336911.31495008,175266871.11112267,30100260.585861426,24426385.74116854,46629790.95822603,81608367.02321538,47536882.754011296,97891426.71483828,26954541.018701226,144546635.34201494,,
RPL3,186599234.52639064,292794568.2420328,81442874.97596389,234564192.82777762,112529682.5161514,399343151.71028787,201196055.86732763,223844283.52114338,67614825.85569733,144261478.70833558,63014745.00226573,199298527.7875781,53882846.555095986,231117031.61940858,64113770.8351768,177067702.25319427,92955725.64477098,242023387.48330498
RPL30,156614251.0144529,242592581.14676312,101946006.25443166,293159589.83940405,139103320.80006772,393273283.5378841,149455004.54917896,212383102.12013075,47749646.076544896,141191813.19857395,44297594.44411492,209644673.47810557,36381863.549708724,178363924.12378561,41575109.33211811,260159842.30305544,108409123.58213179,544059853.1201124
RPL31,43674193.694806576,133611700.72390805,65873531.74800572,113992008.6638878,64254570.13234653,104017510.38524562,149462315.07082695,117891354.00882445,24731521.726540703,46855035.02307284,23203810.675489563,43341207.89942536,33465616.89155516,42771762.652211376,25180038.762034748,58142518.67023957,76353427.97779864,336343587.0230004
RPL32,78454571.5526861,138193240.23791158,51851806.2836341,175180327.48562115,47057356.860426426,140501298.11576277,33072749.714771096,74874907.76628567,14105145.781312997,65571537.658212125,18788027.39492285,87575004.07380646,24936818.885900717,133132517.71146154,25242695.57767381,94166527.65175913,70313414.55076511,237525324.2133398
RPL34,80858002.60206074,80837325.24945927,19035079.684222702,138637179.22362947,33608177.54016283,112186631.21750797,36106484.5239774,58613629.9376127,17960810.75666554,88015194.54491651,16655467.87611554,55514711.62324323,20784692.58619979,75521183.34313455,22309931.85632895,59410913.97744547,13377347.431202475,226579947.638367
RPL35,167916480.82237417,356912145.417189,6631630.919011612,252836027.400014,1113044.8063134286,16705614.812403394,186561048.20458856,289979707.04033,19013578.994675756,75914301.16960849,27567688.439995933,229449892.1726075,72896819.67371865,165245046.34672222,79110787.1310972,129155346.66270742,67282251.54629144,372752399.00988394
RPL35A,51103463.739550784,67916632.2797314,24661888.6655013,37824891.908498384,30312328.416044082,63250663.55951973,30501306.29316062,32481875.37053271,5632202.13817303,17864637.101676557,19333933.776246626,44507082.469596684,7149772.880981745,77641182.93120861,10464890.922411617,36732579.883788295,4001169.003032014,53482139.34549696
RPL36,21603018.34802839,33731327.868331164,16689801.816377066,37840506.08027675,15890084.805392671,46242238.977575734,20388633.53733591,21772662.81513771,4591068.163303279,14471072.41025918,1232350.5424980023,11000766.430195823,1767601.6241712028,18513587.089144655,2132263.465899216,6656038.865837486,9784952.495883984,46188961.98203635
RPL37A,12237384.564556012,42552081.12890052,4282479.648166841,26335219.36927387,11338442.852707537,46331802.70289922,17040933.008736886,15875453.889563547,4498450.266905541,8299887.94998042,6017485.903535837,14624266.320870273,9223395.669239828,43657949.91198541,9431879.469829408,26474037.18164983,3345239.116512646,26635847.259816464
RPL38,15320543.855063535,29048142.18973278,9141044.166678298,25801092.951695465,8647780.977471208,25355782.554164663,19432897.912289396,22580307.57468065,,9880021.680216825,6582485.48353683,10756438.792321691,5159323.378461038,27202623.06290022,4026104.044389898,17592630.312187772,5709335.335660277,29774140.46217999
RPL4,432369697.4233829,871739527.9283216,375768865.97791475,1166786075.037226,275839136.4559304,1157514543.8380349,671206951.8763345,655794457.7086089,78403394.42261776,365924541.7399243,131147348.31274663,421400463.8042373,161195150.03921965,649535230.9750507,145724045.80410835,457459472.50951374,271388789.45070267,1044281334.1008651
RPL5,153530196.33522063,201282704.50596926,70679668.37923746,373349989.0261938,172638686.17776632,373658906.7134648,259205583.98403826,262664704.48096496,34926518.47272679,176340749.08041224,57143444.0161638,163937475.73438177,52363051.04636651,246283654.08609623,63843541.22989083,125824391.35811587,95717552.44388463,490977203.66224277
RPL6,123825623.3131377,323472957.7890602,127629844.20339823,351718664.2778765,145848243.96568775,519033017.15245116,258567306.91495818,178572274.95941186,58292401.25369215,119186207.25719406,73615648.22998413,160599496.38239658,60532849.81239204,456718631.1386266,65821308.57397325,241901978.8947943,88278836.1830965,384140488.36536026
RPL7,370369960.32057136,737164591.686468,287642510.36152697,579623205.8157609,235515956.09920672,524802074.0094192,613935887.099656,517656343.8730672,124588708.0834091,371673793.34807736,129378082.74731891,455265820.40970445,152987157.27589166,722718979.4391767,117396360.46147162,440481699.742462,270404058.09102434,618677586.4229035
RPL7A,475186853.9939387,681317559.2741654,195509112.9930618,729676259.0685427,278159013.02606815,865184676.8626528,581170076.0502751,658945997.6126456,154455759.94355124,352454538.4986433,194910036.9581424,465501825.9537517,107708926.48867479,809822420.8085536,134921978.88273805,468394886.6145623,283100877.3988237,1122675867.6831002
RPL8,42402277.769800864,82309700.3120042,541584.8381838974,80393014.14908275,,80548186.1848431,87238904.43861665,57955172.16633582,,45291585.16633982,1280183.961833989,32362666.602778457,12563952.02310422,12177519.958767973,19809224.951659173,31528398.88909045,5115061.935677498,171226412.48840827
RPL9,157693405.87241018,224526723.62622955,101723747.49337913,245881068.3187682,75175445.18700865,270332925.700307,206618020.3806992,144139375.4559891,28377577.473835666,114906749.77451362,53437205.72722976,186686999.69837898,30153016.716165915,238056451.66299286,60536033.435234785,196839723.1068266,80621293.7057414,271227656.07094437
RPLP0,300043084.2197895,679284259.7188638,246782280.60781574,918741591.2377553,276250470.9570501,853135647.525661,680868080.1577762,537312711.0156415,113224498.4158958,283424868.46027535,142980094.42672732,361443070.65126824,91371670.45405316,598289508.2905769,119603606.22780412,314611895.45653296,242898768.48149687,826889024.5161911
RPLP1,86326065.89665519,202654867.77160132,47990178.60233682,192284223.5708424,64094739.12189562,73392324.13148569,169802029.0589821,177206638.13268408,44305911.127567425,67462064.63706928,34252765.407884955,120566046.42003085,48169945.50544389,163985628.79048362,39080111.51828981,77359776.87090723,69510925.2411394,109931414.93811992
RPLP2,619562914.2299331,862370853.5819545,301335433.6724962,983748801.0699809,337270933.41529346,1023658890.034803,502371409.46677804,645840059.5366926,120481432.8228642,489403881.69701606,171860687.01350555,471258649.26987195,181572832.78788844,695388672.6302328,114697086.36320977,356787344.0818192,382259843.69255066,790611956.211023
RPN1,637964720.8412626,692214801.0713505,241669449.89074475,948419947.9556663,320728496.2350983,660362387.6855954,859262244.3245981,749173900.0042393,172870664.4341543,368313224.67048293,187743031.87415266,432291719.3347996,170460984.13297743,814477451.063385,155931985.86200625,434823278.87920344,237486915.30297828,767315746.1162161
RPN2,333585777.8746651,340475450.40149766,139604097.49838373,608887538.9338925,135632744.39770442,387997912.46232694,312113505.0579081,416510030.18025774,52458829.76798519,146045099.91974795,103431139.9429186,276464094.69245017,89589237.51497017,293179097.0823285,98974850.3535231,241235539.99369,90002023.81526838,390955094.28654826
RPRD1B,18958388.430686664,26493725.370773405,10322777.632449236,29723188.926363222,12868811.854696982,20547880.50639216,27544077.432957027,25595230.931476533,6902690.257026726,8835143.086689252,8943587.597264085,22831640.86713762,7309733.630499177,23676746.047047094,4951494.335380439,17826971.868123356,9869837.254636493,38093879.50523193
RPS10,236656961.7223925,318253132.3208655,144395263.1785705,351343461.0815252,103664665.21709277,349963718.92416024,318620475.71203315,326055629.45424575,67090160.681185365,168110832.17815113,103030315.74095364,205798802.36769563,59455187.88422677,311672475.9294322,69908654.99180639,203206266.82009977,117605635.74507487,335550154.77184665
RPS11,76418702.03700212,181304917.67156363,58974881.39047071,260021588.0708504,89389497.61614119,131908744.3042472,143496745.73011962,96837070.998723,16009331.500604056,42117816.0598851,20884674.30715648,87731553.18597391,29208133.58170869,176289904.40155363,24506684.212537665,91415964.4241989,47698097.589334846,248606250.6139996
RPS12,139051008.6972978,196744048.32981962,76223161.68285802,267478169.0718581,76532104.0490732,132705419.29517752,177253683.04140022,173650857.74152628,32785689.783602636,106399224.88285631,44695560.69349073,179654180.07080564,52423325.71592825,152584270.47419134,41796866.02870152,130439567.86034806,54549350.45261137,342011546.73805285
RPS13,303279003.6313365,310458623.9145696,204955783.23122457,667047430.8726044,289133190.3911302,400355268.6434411,309126418.7863993,300339363.4939289,98574442.75843336,208276669.49112302,99730805.5924152,269441452.2524449,93600153.78593437,500611339.54597884,56820239.10098544,301104212.728381,214678080.73527133,568974790.7525896
RPS14,340047923.0885553,546231506.5812285,221940193.65691555,694550297.3710132,260707349.1452615,587084026.1067381,446401314.0722066,382206421.56242454,109988118.75748885,330183108.13376117,85234249.8725044,347564467.2437306,127707515.30508351,459964390.1866163,109171971.2278544,392588874.8470251,195422512.65116408,908213157.5775776
RPS15A,177772247.21544167,266954725.6400589,93628837.20381549,305281302.3432137,81176653.7042751,230141100.2987377,188807040.8055585,156508334.66706684,72052944.88614517,125120562.48199016,70806020.56189474,187913698.46724814,57729518.15968898,255652348.00426632,44784066.29387831,148304831.4489716,72336790.99697807,240314729.61300927
RPS16,348967114.8040136,470946443.3097526,245987752.08391067,605881057.3230199,301110074.05263984,543506689.3854456,640907855.88623,413510687.8858465,84443661.53669073,373020665.1668166,118235173.66261837,433524324.59411556,176394295.43381003,615826090.4650313,165725283.16858038,380122865.3238115,221183625.40741774,732339271.7593471
RPS17,26173820.819882326,39305724.30637697,8362591.558044926,56320855.56421419,11673316.877277201,46425089.88151798,35838103.34872518,53751035.561044484,11936606.178883914,36450881.723060586,7762996.707813617,51137421.84735997,17447059.27265654,71081317.84499656,6378469.913509358,43390245.87702602,12494564.982609984,30936551.103961717
RPS18,380043932.15695983,684562387.5974033,291131917.9681385,921140795.511722,360887035.0471982,869555624.6139997,775571594.5812646,623650669.2445403,108940688.06563075,387931417.8955008,203924705.89953482,450834975.2512648,174943751.69353476,879313978.3366123,170823903.76737237,491009492.8784387,207522488.87210494,1092633129.0313408
RPS19,367478874.317925,375646375.9482955,131105610.74099813,495769146.057179,141269078.66876733,460812656.3375261,286590629.1012919,399031966.6125228,57949086.613732606,265436536.93167442,90637515.2644409,388940634.90422994,50698745.94107649,304280731.1578063,75389330.07364619,255395657.8626585,147968477.01151,685093982.4961993
RPS2,254012974.58331236,473578935.6841424,117087790.80719641,371222938.9336616,132210275.93475336,296365653.34279865,394529008.2950461,358954068.375167,77574284.65733722,186791686.01960796,126662442.81828544,296253042.9292141,91544966.71732959,388069819.9253528,102785388.43504074,381624503.55930436,100225080.34704876,465444913.12881887
RPS20,118797244.3449844,169332520.9612874,44753402.218928955,112287514.04574618,17078335.9745622,97921485.85950792,161154234.19379473,127399666.75083452,19590175.46158756,78204257.35300738,23310033.335960556,116835759.40946117,32946070.29386248,157304185.88287142,26621330.995485604,118317157.74456015,31896245.975966968,248897412.37999874
RPS21,251675360.9837095,328545057.25261843,96081579.69586316,231254482.28017163,111430078.97260731,326338411.8054247,200693823.71402806,231911586.71194947,50381063.482228756,151692328.76500452,83770861.61128014,233764686.96708053,54813193.193821326,400296343.88403636,66915020.968349256,217008047.4276207,89157171.23165062,268785556.2290796
RPS23,145801810.7918959,245460896.4398257,142110361.62389848,306515320.6068821,173417215.98694098,394110125.85966456,141887064.696518,98599243.03792402,48320108.20679911,197863961.65658543,50949542.93364372,45365379.39320132,37495426.66496614,106425722.3675266,43129390.3418544,138284720.60945702,111756668.24404137,522566522.2171705
RPS24,98699774.55549835,170409181.6316093,17799088.64830093,164008427.00807065,28971731.699388877,116898604.11098011,136149584.07848123,142719667.283862,41055855.73976192,77712933.81539278,43427764.25290012,108888269.81734717,34117544.363675304,129745146.53323594,40327527.18774458,93440140.25533809,36077283.62366211,134891739.96785873
RPS25,167484074.26841083,204440412.10953245,115611365.38673031,385457658.8817532,134402910.28170556,428227691.60175467,266656904.65383914,148250880.7484598,78347382.36073542,119595738.8055359,92788303.85552612,264547454.5541672,112271062.7268016,462434837.93072355,92343103.47411826,256828736.9570979,127759943.28789923,589529970.056534
RPS26,54560233.614637464,40786089.75663289,16461021.494114537,65450849.204073705,9536003.545554318,26470919.108692057,27292914.55259323,30948736.84497129,15533189.212914478,34261585.93205898,25805925.852971163,39698426.329681136,27200261.169127405,46426646.52022155,21860541.415848058,56897279.69120121,25021279.803826317,14114091.350062195
RPS27,169337922.13185266,179549814.7130584,64344199.89331297,207167928.9200489,98321366.98229928,186851467.120205,101748557.00061199,113366645.72183415,43100108.085539386,29648229.852517106,48602378.334027186,96289478.32741007,52561308.43271831,196742943.4127455,51598185.27244108,68211231.12963738,30420432.13232117,217371406.9039213
RPS28,116976459.6520334,184926685.14785725,50503206.79471812,137694011.83205327,93413237.75992179,201282328.46642274,138798680.16907793,133440243.86668944,46556524.5741706,78037537.54706338,53663017.90481959,113022860.20026894,25279414.095992543,252124750.677006,31144050.598127495,112802859.95903812,53514712.240160465,120772017.4220918
RPS3,540676552.9135265,643246883.7219566,319680120.97340953,1097996825.6708267,434906631.63076454,1100115827.442973,595603792.0118824,526020186.2450122,130246616.12397277,276387584.2185991,161082484.82459232,456147576.085909,143014790.92623502,800318220.3903222,161042932.58340815,519598827.53078866,285279203.4677253,1404919707.0273168
RPS3A,361855862.1958906,475047649.7429388,245835249.44178596,557764414.4214015,242404696.07842478,500751882.8568562,372687216.5838909,376930679.19361544,98347602.187849,292604309.38895,159544798.1067694,386592421.27851576,139904141.42131978,551133693.2402118,100230669.22566971,338963410.3424376,229138140.05501494,659113170.4811743
RPS4X,62479389.24853997,102962322.56251718,28001335.600917272,138459662.86498544,40666768.23659743,76614270.91631934,60092806.03952925,48761949.55156824,15486668.148327129,61987472.22712391,15885861.60098315,80353318.14808965,11367167.407417044,74863017.2385115,23976017.777652748,77557316.53374203,39215773.56354433,71402901.41773617
RPS4Y1,244458767.91408116,365280613.56887376,157634792.00287938,322057563.0171685,138489724.50424275,406903972.66038775,360237326.60192156,220059375.162044,31244565.31059932,134663807.01465666,53751137.76335995,205752051.83502775,36936862.372642696,202084897.4726715,75698439.48546718,213588514.37867162,86998593.79384387,638918374.3640058
RPS6,156145721.34109902,209167944.6594225,112723187.33890367,473397037.3161814,179922096.46465608,385147269.523717,73702597.18716052,224023423.1095469,40985525.51546682,174480320.86873594,43963447.645958945,212542171.69717917,43247024.6492641,294514706.49927026,29910517.393105917,222507767.41180742,123805637.2287974,414199610.41834235
RPS6KA3,66344866.870969355,36872026.58430892,46647692.04947502,96542981.74286944,43147955.00302002,54947472.9068301,76050239.4715605,57027749.04175077,38840392.73575711,19447960.23097322,48203401.48812454,36249874.82564636,37502687.22443836,52520421.8173437,35101019.60503984,25621548.15724192,37005322.57721202,44323982.26014672
RPS7,374194448.1473735,320381786.507959,110554327.9095465,313560513.3530902,106259157.88299163,200220658.1467323,279636793.8888198,207846296.11874378,107250366.1603194,121738032.18388881,82010128.70465374,264759315.77563122,49411341.72791335,240252500.3361427,72857485.67037512,196552208.06729457,87948130.55790877,253110845.67980662
RPS8,294462400.41792315,531432188.13574904,214480639.61582175,559876523.7320642,168757943.7068256,506033478.53167903,378004526.90113425,427531718.16574395,94307649.49438065,271720477.3795667,122611984.71279754,389330362.05393994,92627475.22983935,400644246.7771219,122595934.4872407,349324108.03291,151593822.68994874,802608706.2771131
RPS9,163412571.70156574,302694211.55554473,83654257.34063789,588720581.3653024,102231174.50089033,226757189.88236952,173849230.26769197,246969581.27812403,51642833.770748235,145076516.5082735,81610354.80678913,124989799.77397726,56775513.50329381,352217973.3182116,58406621.957557306,176826199.22235304,89064876.4487139,370618139.4106395
RPSA,101528486.06621706,99585718.36883758,16679597.363695642,37626400.60300484,20418761.941608127,40019759.91582276,146793066.43572637,81877522.46978265,5378696.091152084,57440096.298989885,47739342.180287,106577308.4430898,24116606.61498403,94136571.16425034,16308172.813517427,59576444.86752326,2191403.158972538,16143548.31962964
RPSA2,235748357.72155073,84640100.49659415,152003407.37928447,592131443.3956478,170291600.5587753,350230578.6350719,50626858.78137171,110976098.2286844,53146371.50406849,53750215.015802614,71862465.1733406,93968973.47745223,62478399.984998785,223125902.6214493,102645728.98441747,102565026.21001424,129686623.7246528,451997113.763005
RRAGC,5688583.34935242,3198204.4096051366,4564719.318700204,5178021.840719055,4937920.979464063,5818176.409481975,8083284.163335355,4998626.398638393,2818687.518671813,6456624.55383575,3914385.3626613887,6497217.6358917495,3738651.9192179986,5965711.941208376,2575821.435158814,4437945.622496232,4819652.29077776,8957949.21661169
RRAS,47490681.67830069,35200044.07465806,183305761.1607606,58103391.54973242,210483694.53086102,55741711.60802079,56900074.80732978,35808887.16792494,227784028.7993931,22879385.701478086,127396884.6137385,60370587.359921336,134096755.19614512,52464332.09779583,164343075.78147817,34710605.56451425,154480441.44396678,58014013.42738465
RRBP1,448772092.86370367,522984984.13404876,366181342.0801528,1081173293.7162778,497176123.3246731,1225920263.9985063,825319992.778395,986505018.3763659,184535114.5825151,284814147.56143326,199465074.63286152,585436566.0210942,178946044.34883386,1011175536.979812,174494898.13216174,586840900.5243043,355682263.8810557,711582241.0707885
RRP1,,8659827.004748529,344674384.9262039,631055688.8493532,,787669244.4770175,6061719.718600027,2701929.425428209,,4093782.834837167,,4769066.115844055,,3503745.8130632103,,,368150650.49795455,1728675811.240908
RSU1,34347385.53427884,20793262.92656783,76760842.82387199,29558033.989491053,39471046.444874965,29686781.462751765,41924756.571981445,42035876.14809474,116984899.17861392,27287443.833883334,77941397.62319717,54608048.06082747,86804430.25466327,40227779.28694752,118815857.31077974,7975750.765819909,89324393.55202608,18525638.54253928
RTCA,6568377.701177361,11396431.138522798,,19553095.691247784,,8977724.876514064,10339167.718432149,9507671.932326628,2942550.2450811714,6212552.716797941,3988184.125782901,9027516.1730696,90845.14377635565,11990804.82656182,2654165.7021917123,6345440.742235177,,7078433.933717701
RTCB,136489548.7306997,168648109.46440047,69677072.80077231,249167441.89378393,107034399.97721556,212303843.12196797,175548410.70543367,150457250.0929015,61225589.817126065,98889695.4716121,73376229.6566718,137889770.43252844,60562823.411479175,219404107.15445012,54589886.621444054,149828253.22602952,80215872.9679239,240675379.3719241
RTN3,97592792.22906215,38837414.016928986,48689328.324210994,43196190.277841926,59491033.46959933,120249413.4713192,60409252.66320251,37919499.627406046,33392085.79185697,23141660.86026458,48222456.54593144,16272088.051135864,34057936.28133788,51652165.73598876,38681938.35987313,26636513.634447604,71932930.04867256,116697491.60487732
RTN4,266520872.08239335,194777118.8886991,280967885.2556651,294523599.51344275,314022173.45040095,364393664.07550967,226779437.87663218,202245312.9414692,240661186.5726186,179939593.11854735,154193484.20652658,151550151.0767004,151190634.08301735,183913411.2412045,144402457.42406744,117425243.0883531,318687272.74303985,343547050.5036308
RTRAF,32758757.14104138,20631999.083319437,27554098.448257886,46481985.57987653,36193376.026173875,66607997.31787959,87727822.26413253,12161286.67826261,19217229.72189371,20981239.475697674,28443929.13096354,33544108.433992166,11211115.787176345,76619252.00109741,37102748.673276566,41273208.26428761,36924506.54629567,62378283.823160395
RUVBL1,52776774.70002362,142945192.8591702,32927724.550500154,108472085.00379853,58265179.51743491,119061583.61103727,86184862.69827199,58166117.27259108,13307038.14541913,63321299.39428006,25618034.768539146,74667219.97539559,9025690.935478494,113515813.63754675,21201227.28591645,52843190.08247596,51566835.02937509,112754230.47476472
RUVBL2,85736261.30287209,178503587.98543605,61398062.05195699,163436834.5378015,59079448.66276562,143396008.49836364,103648937.66871637,91198542.2064443,21911676.887001432,80247185.08449227,31194959.455930106,96005366.07376382,33047285.47135926,129330322.25063628,27410703.407614462,92486224.14623207,42943340.673709065,169585561.5611049
S100A10,116047470.24153385,114371926.83263314,88444944.4653962,188690299.1200069,104011076.67853512,155474002.94920364,159442305.271288,87160504.70814446,49256133.882095985,40279374.04605883,76105437.26626001,70735160.96573165,71154152.49105147,158026522.26754194,71192449.58719571,80431639.34291321,71895536.95569855,59086928.93052328
S100A11,140263604.8640393,343380491.00167143,136002250.18136436,650477053.146635,76799927.71183524,661612109.3691837,215715616.34894687,188302591.8051248,67722187.07687284,321664277.04124904,66590898.600598946,438246538.58779943,75318486.27938837,514731526.66380864,60090848.249204665,520327007.0620279,207687222.50808665,730939521.5817324
S100A12,1728299.7074412715,35741656.202841476,16497105.512793088,71129149.55453384,1327493.3940868797,44599516.60206956,9378591.307302978,28601340.862948373,27897504.532042693,396675598.1603751,5829263.149333965,20100019.193671152,1843774.636537285,18041390.012342893,691995.4938081078,1956298.15723407,122797519.85412657,12359094.210120006
S100A13,44720483.315486595,25433545.53830842,84817338.07586083,63605691.48426109,71056373.86507468,20810706.935933735,22510539.70618312,69870529.18484183,72797715.67603573,23166656.06079083,62816584.78623806,71346830.90270616,38360736.74950962,52639231.05078049,42934059.41570628,53777173.71743591,93741559.14621203,37902808.917512126
S100A14,22266034.916093044,1715979.948707854,11649881.421202514,62822339.13424599,14702089.54787853,12846824.731094457,15343055.788037263,3561823.7630963726,119449.59449960568,2745904.8042504806,3175200.0031944,291578.7942310764,2873185.049950709,12477211.319795124,1882711.7953442505,9375738.669069698,15233905.190049622,883634.9104796054
S100A16,31335473.54349702,21890632.70137825,22100855.812021337,113994134.74703094,43296992.75678068,51948128.53344455,58876620.92668897,50673890.39556019,12655155.327083204,18285213.052981995,10227082.738203198,14031514.429485245,28251372.729714707,91099033.33105886,5436107.939111452,35936899.96105802,27176984.052696783,20346255.03388024
S100A4,125523818.18638176,138130489.4871749,191281035.3862214,99626395.01132207,215391922.94793817,158694389.8491243,578145279.4663395,127881302.18058534,275487393.7796817,147577524.22208935,282352830.67077243,187716590.3012572,214710357.1135734,160050852.35016826,191912285.57217994,411336780.7717589,170879334.71071273,91405876.26306142
S100A6,234077495.91466928,449322721.3826668,454854543.95595247,2095704940.9846797,317585713.30454427,537775779.1531924,447682304.94328654,387983643.2296698,206280544.79787952,318184771.27737176,169855206.51849744,685748163.3094617,314137804.3076172,490583881.88206565,276890726.1300407,501102332.7041211,388009008.2888677,495865176.1185702
S100A8,62540718.56120492,503376898.18141913,354457881.4791074,401796671.674031,66809980.77969125,1309753784.6401482,753048982.7009782,745115846.081935,323461906.87352216,4463853619.32943,78563716.46315438,904258985.8412273,94095254.30041139,623624455.1777711,77515516.40437561,1155583351.4460955,1085486755.3961883,994194071.8515897
S100A9,54250538.340582535,292580242.0336634,187237563.32841754,812708152.3380194,45493385.67263127,1407717618.2545516,889035249.2276057,482855590.6194498,305536491.37522,1935488333.370625,102106981.81678629,589132637.079339,78633140.74042107,507616083.7828599,55804233.448003426,926182144.8702046,1797716042.39363,157625229.62160861
S100B,21655367.60336812,3526651.126278911,17899700.862464726,910321.803146508,39981150.233888336,1324294.422434677,30839675.799025506,6034702.841083446,27184449.368966445,2829407.975805676,35520655.658879876,2857929.01693681,18860340.31699207,2663287.929282935,32973161.05750467,3565276.6437163884,23603023.979595333,439650.5024366846
S100P,5200056.8462431645,143818419.0115214,5989223.977071489,737221833.3388271,11238905.314236213,238166017.6502243,74700550.37161703,145787872.6310733,4873304.826537245,126951246.40752113,3131534.2391385,171028908.44904387,5979512.970157778,114203320.01837751,4989026.758510837,219789793.072742,17758216.07632252,740591426.6480939
SAE1,5795017.773846472,22019882.905019306,3494137.3372171433,25263992.99428312,7570310.716874884,14618406.06667316,18828130.69742809,13848633.864543185,497201.2321644909,5477933.132732727,2339648.971597302,10984307.71246774,4394509.653454091,11259690.888999015,4014776.096669515,4660424.398585794,4031459.003333551,34307577.11515615
SAFB,20253330.051001266,25445272.38461099,13167162.210427634,22457504.119369224,14640872.4144721,28536809.667939756,13555783.149124172,20977884.59571839,10023811.265140155,11815219.595205642,18303638.04927231,14868586.000438148,7894061.517593574,14226003.08052095,11612099.707272366,10440163.541938975,12382160.74246344,39970426.21953761
SAMD9L,4463295.477235606,2330837.195509363,70841802.18227883,5722142.287447408,47562311.77392284,3219793.080149123,7494641.977834278,1973864.706836059,1976966.8836183257,1592672.769747533,19778498.237333275,1997761.883595136,27249120.95134128,1648024.4968523406,133248476.07352544,2772367.9509109748,126163604.90453433,12135834.708400432
SAMHD1,110307793.73457387,66336574.69132695,68540482.87867758,63982110.42745808,54689280.08787538,72308214.27312966,131443685.36274418,100919414.88146962,35892555.88378195,96775141.33344528,39497194.80240448,70562720.21830662,50680482.81716787,133909064.45907402,44002647.28544204,119008425.47182035,43379831.57693087,41552124.03059092
SAMM50,31715288.15719912,50858650.0402309,41599452.61260356,134330183.8051583,25348756.498878077,88444099.83259025,59471772.45307864,28565349.02625946,20752721.24578197,34978289.84764148,21078673.03878756,20091893.247048154,22883835.581027944,34567058.51168368,18767731.01819046,29323366.00584495,25721007.1658699,81747286.51954713
SAR1A,46506207.19116282,72050254.3933273,46135289.312937565,145466822.57037547,72684257.38007167,169051868.20194465,67961534.04253232,90842690.1506862,31262320.947215647,64209762.76560478,29765359.501811877,48683688.53287509,19749959.648167163,157810274.20808682,34513378.94509879,79779745.18746057,58896168.29951188,136959799.54107323
SAR1B,1562909.5767288306,1487404.747809688,1159157.710936521,3306780.6593689,1011687.9744606116,765441.1681212344,2058517.795192351,1437809.306193812,1581124.7759336515,754106.2620257655,905459.879193106,870552.4488867718,1365682.8953206476,2127582.9051859593,1370141.061758116,636089.061266936,1499456.7947674168,871629.9275297265
SARNP,31590430.66607738,76502495.39767107,8354436.391537901,69695322.32579988,11023516.45703059,34316644.16354033,41784770.659031786,53411004.63329585,2580261.7131800796,35919766.08070646,2585789.20805034,39111350.56489711,6998488.111141097,51777271.243125826,10831236.772893444,69244200.11033723,9792901.693058154,85927369.29707682
SARS1,70606708.51933655,58933978.235039905,49246575.88848825,105010836.31117539,48765543.57261876,68470561.9494463,64089258.22865953,106649718.35610062,24323692.519761287,21209012.664922,39602878.84100616,55078020.01743561,25429616.18426276,115392822.29222395,35335985.21774473,44976105.51675925,62413655.88765265,114135504.52360183
SBDS,12626307.104066452,6402402.130310854,8563091.935662802,8055097.071569149,9796663.815522617,25524578.00681418,9566906.301306125,1743866.3116559817,1938314.386760124,8578881.367935209,5802646.771256858,6342598.297733417,5877129.958751288,23468686.724619176,1119244.77662436,759364.459025169,14509971.492305651,35563899.45899003
SCAF11,2264871.9770288924,3898158.3775412966,,2641738.0696521876,263227.6118627663,1033439.0811117756,1786480.5592352888,1779670.3843525038,155693.4232475038,1580015.7891262288,796610.7418137328,3238209.131527769,2220168.1384903616,3337064.3951071925,830633.9708814304,3187074.260502489,427541.82338722394,3700058.142362145
SCAMP4,7477794.15809948,11527687.384859843,4172034.051090905,510059.2363158568,3667273.800254077,,8071024.299105143,7922173.251941148,5544254.732953528,7362974.570801329,6235815.418109348,6479862.643398023,5355479.507122327,24479178.375909086,4525610.466564167,8263432.138079417,2271936.1333900276,770592.6718746906
SCARB2,48619382.41576236,44128207.3835963,23608930.74683749,44204500.85414465,26351415.465763465,55350886.806459144,47591855.86173324,35871141.10888865,18329846.82831334,23391263.565121315,22281928.08983369,42007936.92048653,18694014.964426223,52641352.89436102,17912075.476619773,39695601.21432378,13205497.751519721,31881891.26140229
SCP2,184708304.1612005,182060973.14441523,92018114.09417173,268726011.73111916,108786896.94209822,326234959.6831354,157713019.2004168,142850919.66007578,19383341.80408883,57310331.79950308,50285002.09097381,118897152.35744822,53095229.6204553,298820865.3816502,17912167.109577022,102071431.27270281,62031783.13418231,427419229.9791848
SCRIB,2164423.62480592,605553.2675466824,1831967.489853752,7337851.728875185,4397571.649405547,2953769.2123706993,4018299.980909936,2951764.2092644484,,106199.81637024076,287060.79319186986,549131.2128068166,276356.6544720691,6917674.144386705,332251.242076515,1665139.7001525753,1779262.441257161,2614152.4552002554
SCRN2,3627220.125792881,3167576.485285673,2455659.5588872065,3276728.4491397603,1443757.062235726,464022.0273815307,1149275.610729683,4325535.434625889,4653077.748711032,2017101.6389120976,1787174.207111851,1996981.7841136763,6144809.153538042,3507499.578346232,3675974.768706406,3031387.7712200093,5643588.78330614,575537.2511267973
SDCBP,12313674.90240955,13668724.607905315,7173088.271544043,40055262.997939035,7020939.497197692,12050894.658886258,11494757.101562696,14413684.721285945,5306119.120906812,11732592.215776606,10147998.341722256,12744213.174124803,1190442.8821969463,8021379.521221329,8342424.605049621,19107529.523672186,8339630.9541378915,16623256.35096363
SDHA,27963854.973536443,17988672.45819813,36079075.40455984,74798667.01334976,17606726.62243838,32175599.36175813,15787982.439826312,20354009.517725185,16507949.90391338,9043037.017875545,22333984.562939696,14112710.75453287,19894657.55059772,43068364.00016833,16188932.235954238,13669059.384003198,22364503.19107943,23840666.416572865
SDHB,124972522.21842635,51772844.167241104,91271325.7779263,197552691.99438518,96275756.48025382,118860882.14184001,98895196.02834082,75786268.69361095,13702878.251241487,49815601.61870569,33360138.7477742,32923222.0881608,41599246.472506344,91147969.51151346,31330475.294313543,39421712.32693671,87242596.5498329,138619550.6634624
SDR16C5,10452019.331703229,3078958.1740135336,99300709.03164336,4298005.0603023,53049939.52717552,,30338295.2747488,7962034.983698392,109702562.3592427,13203025.748815527,72875965.60618596,26425762.100094385,91036386.65858433,4954404.746518715,82873526.82278118,1690989.763451566,74773588.74947989,
SEC11C,42147733.17947035,19595477.852035813,11594099.15113569,30990561.670677137,18440325.677135088,32903405.664217547,72244335.36147621,54796023.47402151,12235962.63153484,9156901.161133109,21430800.066697605,12950758.00839714,12642915.085834654,49227445.31626909,15461022.093815599,17009191.975321643,13187632.829057503,20810321.0527282
SEC13,23889554.269029394,32986371.549909174,11679614.912647411,37382856.1912099,10511358.239997195,29083941.64831248,22447033.32498126,37449743.99889542,8258759.562182629,10798049.158812089,11498617.000957705,30212544.9910297,9781783.127870403,29094455.603211366,5254386.111026067,22771867.36291736,14828336.630194627,29367763.298511542
SEC16A,1342137.7345068604,2681683.1958276145,2364382.382968441,10368209.907626458,3442984.265196113,5398079.84782282,3207259.442030184,4215290.37475392,299655.6762894525,2270794.92996116,1984968.728228815,4022681.8228968615,2457726.428162766,4827810.749244299,903442.1114669326,2926932.225287838,925668.4155964932,4633363.413033279
SEC22B,130000088.60721101,95143235.73228066,32121043.40460353,248137989.84218553,82100235.12885508,122888921.67854828,169837481.02418685,165345588.75840202,42043201.916991055,50308226.38081212,56697006.190670125,86369289.01504762,57506191.92260355,167215643.93546817,32655867.091148455,47001260.27959262,88393782.92817684,78256219.5403105
SEC23A,5430801.7712120395,861064.5368302589,2828453.6203945833,3293107.3451108416,560160.6692648252,6984242.972696183,10776887.580136694,6012882.461448455,5267282.961154589,501302.57931932097,2589306.3454136797,5667948.378508432,3245634.7963966825,3267305.8897574693,2922591.043955641,5855946.138626997,1992861.3349040428,8403101.148888158
SEC23B,14121756.594247572,4290904.90707766,940014.8914806364,3180125.7523421207,1785946.6900819042,2075728.9962076545,8876733.154513417,5127500.293167031,526356.5427429252,1416282.3058861047,321240.85748122993,3130657.980354286,2190237.735312494,8770782.533820748,358119.5051243695,2828450.9581950945,1061038.9262976672,3734342.73116245
SEC24C,22034898.53665928,18548727.922678303,21540765.704772726,38641770.12786749,18904061.41577678,32817596.738611095,12297525.97100563,20488445.407801393,6636195.4015695155,13844109.296499003,9601401.564792618,16610677.028777367,2728634.6937487507,32034260.827474765,4924513.279893934,9838560.339387847,4122084.294992604,57835956.43098604
SEC24D,10882307.448249407,6309434.687501748,6577586.20732813,34735952.55363177,12081318.397415835,24254759.083399244,21798313.957731,15136848.388241513,1487455.5800287493,6264085.922092577,5184377.393051095,13127247.354085743,2824923.104169989,18761810.9867088,3359368.4345733756,7274504.887893166,5955468.317059624,17515910.82623235
SEC31A,58815872.04151535,72704509.63237716,162896370.17137733,172688435.91480702,94585524.84847733,102935690.46578586,118578080.58920059,104747160.31303596,82811477.88629007,50219273.31491774,97038617.7985143,52953173.475249805,88473269.94327499,104961334.48507917,63941803.83248156,38815972.411459826,101481103.64329012,78561595.9755758
SEC61A1,5349408.896978954,15084356.027689211,9397225.669117752,19498606.765323855,12467811.626958031,24209071.080584083,14812320.755263552,5653010.035220191,3824965.19335012,2117306.2739099264,212558.07746953657,8333438.880814681,,27907447.90373753,643113.3019163213,18526801.83265335,1816478.215720235,13572902.06237556
SEC61B,44146599.729469545,33375728.80773659,2257978.744304227,112598041.07893471,5620935.726252707,160138102.5588959,48347976.363688305,48772132.51151161,5450319.323734545,46354685.08729909,11017039.152929174,41985187.52672921,7362082.231701952,58269570.47474766,9090546.160446197,39827275.55886359,32022499.028009385,89594905.34663601
SEH1L,21468608.627795886,13624974.705208074,15029147.20268278,37859090.18365801,24322675.665271763,45961379.42780924,29286970.95648573,27974308.043226026,5547553.300680605,5524501.988198496,15205406.258933045,10933875.389946874,11308448.257657167,31683812.864489414,11119696.567761727,13409818.778086178,19696985.236390624,16528804.243335532
SELENBP1,1471751684.9016228,252980267.62023214,1582168798.557205,3359466818.5222044,2008036026.3036335,1396529669.4063363,1635382629.1615002,846011538.5497109,648050573.1501389,145662312.84172055,941814376.5132239,272582314.54000664,954242525.9052123,767457866.9694083,819083478.0025307,529036864.404968,1000519199.9001256,6289509343.877811
SELENOH,767444.6233888313,4301263.317045517,2040220.888538442,,2279466.3444009903,,6084844.156360396,1396627.8875374957,662718.8732009702,4168011.910912961,826265.1440855598,5772795.117388099,,7395752.589274509,1522163.5857929948,7169507.349550392,2276937.571693191,17822907.80805379
SEPHS1,8827179.27808086,7983216.582032604,,12385515.568997214,4635146.742355047,8222652.6364026945,7451708.139190816,11099616.230830211,1091041.43829353,3649639.99269994,1586883.343531845,10062426.249694811,413457.0873786042,13808823.836071916,1384200.3506249068,6926715.052122585,143044.9538492083,13265688.52964376
SEPTIN10,2831159.764137771,7429811.256188892,3910977.000269842,496827.4295252235,627799.2787276496,1697955.6865024932,5747147.359871357,3574211.521402428,3772593.345602426,2040089.851350431,4515230.195931473,10459235.660540953,885992.5651256277,3710462.112673904,3669023.4820943703,5242531.321892553,1653123.4771314866,9949067.84594335
SEPTIN11,46671434.9137494,83477311.61592521,53001427.52140812,135708007.63652602,46205757.60680655,80005209.56718929,86627984.33223574,83421626.27311698,31495622.645333186,32795875.099426642,45678044.11338018,117239059.37063146,27325384.10227571,114203525.52350414,47822938.59112768,30845645.780005485,37557772.16838971,142160911.92778376
SEPTIN2,65388611.44244262,74538281.14237452,136719515.8747913,87484381.78605701,100599617.07890469,77192995.3555426,115864410.2106607,58664498.1844042,79446710.25733192,27817512.065204866,82181604.8974172,76083430.47580828,58322824.83277923,82727997.21071333,66886829.424967624,38944558.119287334,97267550.5711007,78481284.82952772
SEPTIN6,33529242.08413437,30476939.94388168,47078426.47074482,53422160.54947032,65107445.0875798,57569682.64666282,91054571.90201093,45229316.67648462,38248357.621278554,29527599.010089546,47444395.85379432,53490105.67165238,46224528.69308126,49742027.061684705,41009871.546057716,31278070.186489165,48085058.05862206,58288809.40333906
SEPTIN7,173470209.50498804,245402203.53154004,309429369.890312,204495735.798764,180727551.7337396,221754725.45729157,277736938.0032499,183576960.84776315,107593418.43986653,92328648.22448093,162527167.33825132,195121866.55331075,182532212.05215803,283641532.12683344,165148742.483086,165660437.95060134,176389826.54616207,390531960.40910065
SEPTIN9,134607863.39447296,178637898.1483861,215722092.5799824,294597789.261611,272118843.20061684,261631870.68117523,210735260.70732504,148426859.44009733,131430827.24426442,78404527.6017102,117310613.19589044,106756130.01239984,88213402.85318881,172073720.3391191,149267627.92886597,155488550.65095854,172333280.6421657,434139294.85118383
SERBP1,103411192.37114072,149225106.82445234,71279821.66790777,258537163.76429322,88861521.03339426,357352158.44927543,273197495.07605875,165996586.72616005,47152706.7238333,101955941.97089258,58707446.48226961,205101764.2417477,55768638.7942,162016552.57919946,57436671.74495483,157052532.81983203,58588929.39132051,441956541.63369775
SERPINA1,3583079025.583695,1534531833.4868963,3955805540.109503,2724054638.644829,6841165866.24476,3298437171.801624,8529901501.832184,3729081762.035858,3416257827.3889146,3158365907.596277,3787562691.049796,1873686683.8933706,4724468735.80986,3300957356.0251355,5599751465.195402,1724701443.8685818,7368782235.213072,2516520756.8540487
SERPINA3,483809405.1838425,183087756.4188861,393787957.02415085,357227157.57011646,847663722.2317865,296021841.1202887,692852268.7168455,249693006.94831795,331866945.233925,545937468.8116544,387737587.84612656,304494794.90613866,466466111.64601696,316836678.85159075,827583507.7815313,199793264.7089671,514650205.0874475,284598336.9713392
SERPINA7,3551877.132590397,1443342.451375814,4725761.783473066,2789065.4878421007,4297268.907790554,1320981.8184812916,11220289.200777365,4198620.924403923,1765532.659346731,1549826.3940720218,,,3903762.084853174,2434390.4640529733,6417129.305006765,610011.7038177495,5863178.202306018,2327486.757035508
SERPINB1,739434851.6805791,741587334.1841098,2399835037.213204,2131019986.560058,1702861474.721255,1486415717.239312,1265788493.0059376,1105804750.5923927,1790019803.2891254,1588308537.714213,1076163724.6945565,1262352240.8688269,1384981799.101239,1409137530.2651117,1663262432.204995,1130397698.522366,1558410068.2852976,1510572318.863925
SERPINB5,7766317.818580513,75622511.22441421,17072573.882287182,267088351.14379498,6613276.938761042,179268817.1521076,22013636.22388027,26198147.180182546,1995253.600409878,11395836.145667735,4064478.245097065,230717727.7057122,5905143.873812465,109368195.8260018,2196955.270952218,16667922.057916649,7208032.35109934,23077154.615078717
SERPINB6,277535835.1956596,238434159.9653904,379931221.0563173,708275833.1590488,506505280.91993606,535591127.1715841,432163076.8648988,293119199.26051855,196718479.17271888,333719060.19830996,240291989.72449183,403838656.4885402,220232006.43753576,532958203.42323,242463518.48395252,153527051.68208325,336395829.2661491,439620628.55289227
SERPINB8,2956917.506098677,2596472.399909193,909342.9498884566,6487817.491628285,2042624.1617714437,2272302.3970002164,7871310.217315285,5756455.43228568,1120029.4736954716,5065001.751708108,1504967.4398333337,1488355.271353574,937810.3042772452,2366445.0711737387,552000.4520354278,743875.426174206,3018583.144544287,5011798.937471347
SERPINB9,5159482.3059691535,7964951.238814821,2758431.519617555,6972219.250099701,4845019.250857429,7904704.73457306,19549447.39107795,11060194.335496277,442437.5492705052,9111334.904501546,765221.1859535378,1105817.2905556683,3920845.92805526,10679225.851180824,1661410.499666556,16594736.14961253,3734226.613799532,3505816.0289112343
SERPINC1,358862807.3882204,231849201.96863815,318559124.0515473,284904082.5584024,401726849.3704135,372723291.5696274,468477932.1006601,350141238.3087984,140991546.08394933,681092476.8389724,422404855.5878472,286530590.9626501,236899399.41779935,289649695.28902274,315821203.7571959,86232740.37374675,477080405.78725165,255377355.35550573
SERPIND1,45461209.37508848,24581649.741529897,32417008.45833379,34297372.22540744,50136636.24598227,37216293.15845698,36314306.535808034,29955640.910652064,47411357.14252938,57034685.32708348,52425751.100547515,34510772.19508485,27984143.050199397,23867346.7269883,37269354.504941046,8435509.551470682,59594826.57132894,18985736.39285102
SERPINF1,41996968.238016844,45788156.93300845,29846492.178711385,59954308.035776846,79173064.98607644,42541619.718227886,49851602.67561738,48326201.26847168,31830079.402191535,13876455.14442984,47613563.00545242,100249403.8033777,39385030.59369047,60049377.985975266,48571107.68797695,22188592.544965334,68857643.71167627,14367408.00743581
SERPING1,110520707.5038046,46427392.84602613,123541160.37873429,50701656.92473079,97943223.51045038,84426866.3793158,143723999.52624008,64832503.26035035,74425542.25446826,76897787.71661726,75041059.4489762,68505922.48801608,94932144.85157168,47042780.01829276,135079739.82861337,29441556.807820834,139089276.35833442,55332317.94162502
SERPINH1,236281025.71292794,467021437.57795876,182197943.2238916,752473599.2467713,259399788.26290986,744954417.4947985,411027331.7691883,573740952.1283529,195114495.13471004,556545164.1796565,159427714.29027152,1006618995.8884087,174040051.0749292,1146024965.0996761,127541022.02819532,258437291.64506683,246215824.05706355,391809221.3446603
SERPINI2,21957206.85310824,30965170.374388225,12428305.592673948,84372024.16528405,7108418.176596301,35842838.88666106,40058868.53386147,32203103.281329323,10188573.845070165,79508084.19791892,11946187.218606066,25605616.45822,18102694.382040113,45630924.954245605,12898417.448779335,29496052.738062125,29949974.140128653,15090066.303865427
SET,406903384.8432868,199336312.11786416,474022724.4680097,121405858.45672788,1539569175.4339166,227848709.14528722,628982423.1262572,326234554.6713357,300435420.1637394,57262973.5093518,619778841.6634699,350685895.537159,412325584.5982703,374939476.40184253,392137582.5611534,93418112.3850738,835282141.1467518,169840405.83757594
SETD3,2486854.9760597097,2832803.728460717,,3811737.9969352335,4488876.457619869,7342826.481637955,2500626.655707422,1610527.32358231,,919245.8543761456,414351.00983030617,,1677306.203972466,1531449.2802489991,,,399467.8967824008,9184354.432671629
SETSIP,112223223.08497648,290358887.7173042,107072724.67733023,280319418.9699191,96726672.18064824,334939885.57733476,234062455.40206146,228295294.41300172,18021675.104191173,104286431.51093872,67177650.25277309,256202479.77925634,39728317.92443944,241772393.9518108,40520685.02500274,176231384.75772083,56525896.08983583,331031889.0012535
SF1,25264700.734816447,28100202.96008393,18119592.491483953,67286777.81076533,21775708.800277673,67704329.0395463,39138650.7917396,33238816.940628253,7474128.190229085,24356162.033159513,9934312.856118646,32420792.692980003,8821606.762881462,48382175.843278885,9283669.832397696,34357599.07517615,18549363.71884878,72188274.74891448
SF3A1,57612143.36322977,91322239.10256645,42075480.88347235,106854820.98802096,26638233.92348807,97185626.43749765,86425519.27705303,54102878.959789835,7718212.352283257,39992323.43645246,17858600.660704408,57092302.71317222,21650954.32703727,71606915.00656763,13998662.78000419,52391219.937519714,13713122.818394573,159506579.71000898
SF3A3,30626169.53765139,36208559.31283449,903402903.8940907,46622004.086833216,651484382.3482312,55715755.19666009,42082941.05456122,49204393.00827816,473387709.40446454,99429457.41195534,375728665.8484965,154398236.23061213,219401179.45633176,31693457.76505413,320422373.49656934,27797845.923566528,709939070.9911197,57511091.29286736
SF3B1,50106523.81045802,67533125.30807695,35501557.6467169,204673576.91536352,30442671.992335163,304955549.9675924,49391711.318148255,54927335.824544385,6374256.060417265,35092557.36209094,9240790.779315464,38426573.9252142,9180859.517637294,49273121.555950984,7602838.361934518,42078187.9929476,127178628.86306913,160943881.36919203
SF3B2,21102025.756203786,34144665.92348188,13461607.466789594,21417191.99635575,17648431.013536192,36182570.560697585,37624901.81051912,28669334.03263725,2732130.3328071544,20153565.38761464,8167939.672847882,26183232.745682597,6274426.464270238,36295697.89440997,7027386.653394669,23600865.39775593,12363712.438895473,57141334.276587546
SF3B3,117076301.85287426,248535919.55104002,179293120.84472618,219964369.7293848,78433924.91953662,207990750.87069958,158904361.72316214,129804876.69219925,100695875.43376489,99745730.60662402,81480953.35316037,148415549.62823695,96570183.50570132,146231772.86816844,73024877.27831553,179092784.6986079,205959512.47940287,358794417.2864903
SF3B6,8776610.462185353,12309857.453752354,1313360.5856928537,11605051.196786482,4290325.052174455,12548353.898466315,12750301.68719048,12706420.553029256,1206457.342107409,6304168.2298632795,4383986.384340914,11169458.05618244,4156652.059854798,11182337.079537788,5671426.589809587,11804683.923059387,2849251.8199079945,18585374.638349645
SFN,100549056.19718765,123220085.39695874,104944559.91167408,501146983.15523094,108520940.92361996,313630024.7985322,160764929.16165933,140069668.4563638,20197695.80338581,206604676.97078887,76405032.54755427,161834749.1982674,68509216.54123102,326864051.1100683,34140137.98405908,248011770.49092966,80958250.67105842,549896347.7333748
SFPQ,104298606.7258,196615389.29915094,21915299.450863503,70759290.35357761,19584535.26292277,122756852.68440421,218634762.3556125,131518209.39764836,18142994.77925484,71273197.38992824,16916326.748028982,117102521.85767391,21629969.487111326,143397038.71199033,8928303.452233505,202042395.08866018,47252670.75188097,80979861.72795305
SFXN1,6990423.88965895,15167171.104215613,7752208.702134001,13147844.468043612,8826832.47477843,8497144.10903364,7507695.667603417,7223071.816639107,,5194574.192736392,1401278.0252296582,4450354.773782697,2779578.1089241668,13804618.7992487,501826.6242023164,4747137.134500915,3742484.9041420175,20443374.321309388
SFXN3,6066760.711666944,3062801.597617249,27412042.451380815,6238030.640939689,30236186.08325274,7320730.723435927,17470612.83227402,,26028814.78733624,4828372.300340777,35149431.34104654,20327641.45306513,23038480.266156465,19611182.29533361,12950321.87847183,5966564.6961573735,23508444.1829773,17434101.985409558
SGTA,18142912.78482565,33153441.854967497,14222312.660868762,39453931.57689993,22954950.531685874,33975013.9208071,28770934.692033276,22350736.264588203,5911969.981346571,22532032.25244525,12001604.15916067,16713802.911624307,8478424.291667005,31362710.707629565,9510627.356214669,14688966.918839328,7306339.173534911,37530909.60005275
SH2D4A,216788359.7747496,298583870.61919254,45526894.89081999,309087199.52251416,167013834.5429391,976307475.8816214,201552613.2817847,186462368.7602463,39608265.98155454,77802563.6649327,70891518.43069397,101944047.63554224,55939620.25141886,980101111.6042484,29179050.03161578,594171144.0147583,50963816.40226067,1208680120.6693933
SH3BGRL,142681668.23874986,61783237.402929574,396047842.30882853,108106426.37922361,277570245.8104284,138532505.4941454,189673458.5399428,148756066.78410488,214634702.18876073,77144266.06152846,255418378.27273494,185105137.3271025,266134143.15601996,183298875.61295605,248218977.62938172,85786044.32669078,334774338.4079328,142343693.6188905
SH3BGRL3,159069681.42801028,156233089.93059406,111368307.6174489,512876264.13680613,86734128.79700625,354595314.12786746,91651164.41004215,260264391.85846147,54555262.638266385,194049381.8749497,57079105.400380805,191452396.58957636,65821466.6795505,245178100.08314613,71762745.81148987,191746587.42466825,77548748.33945844,313209062.95877606
SH3GLB1,,2732229.5853455383,4818740.347259107,1664164.175176632,5108940.006139452,5817775.486921345,,1895496.8896896448,772709.969478052,31066.95179183965,2044380.4848107384,4168454.838811602,4237631.287058091,2260144.273078398,1683144.125507506,4647563.789342531,5061147.990580033,967114.8499103836
SHANK2,43684754.40615518,38760844.314685784,23568575.69580186,22034295.10796929,33156458.95826603,69527888.40773974,50579367.443649456,30252842.56944092,3778969.93931859,18151719.698927257,4289825.048607853,32397526.770385724,15727343.781057924,49414484.33337763,16691198.93677673,43626659.19517582,17724038.50653273,71582432.67365009
SHMT2,148521484.01677176,336757620.4009063,143039006.7590386,368347753.324156,96084680.35161172,331150659.32090116,185487323.44407845,98546798.62422237,16837710.978671953,61780134.42033349,50876202.425903216,121355009.86970511,20782573.60312351,225137543.50114095,45289676.80005254,101290924.4610283,39089987.62521899,210684964.67491642
SIAE,48753857.38331249,5934768.67697169,51794291.54438679,79265007.47177345,51529631.219218925,58075153.787887886,106612934.20140165,49397809.89300585,8816656.461956717,41042614.32903505,25461573.359115586,6498581.809104669,237931763.6715389,82262697.95521834,39077705.98363464,11794790.875180148,32413329.587274615,73110461.20027515
SKIC3,16572149.34856688,10377122.508816926,2749158.6886935346,9063653.029969804,1923826.5894733504,8335915.242650062,32166592.037468925,27715312.434827365,61013017.15447961,26098488.048876923,45165194.453792505,9762194.066523638,24692486.51689274,14377726.288285132,28139770.551618952,3397204.9303950034,7594204.868805092,15133863.872349614
SKP1,19250266.747539178,50813978.12214166,48725432.03547996,59770817.94890091,65038602.0861813,116485738.88027738,17669430.534023788,78373932.56177917,24714375.43977984,45369700.50144286,32879355.87064232,24161196.61089256,4672719.005955535,41353804.08491342,9182147.971909778,64560328.276227005,74701844.1003133,115276743.94981296
SLC12A2,75092686.68718882,155274426.59362867,53046087.76718805,237199967.2517705,71077436.33029011,404176478.6361436,124340152.6548042,92022823.64552397,16950182.513284963,36269008.417672925,35170503.11028531,57376878.06161152,24543534.244988285,237567755.4923489,23028447.194337234,141325768.81105575,49388193.49433533,356174970.593101
SLC12A5,1925297.4401661195,2237535.3732475103,1658250.9377151993,5140149.960276458,1124764.2721537766,1528681.376048719,1371670.8998962126,1151678.7272312937,222400.1802614288,1161536.185019326,1280967.9296457956,1511986.3712137428,575328.2540008497,3230857.2822132856,528561.118787065,1498576.0981173324,1957174.7688462967,4137589.2608854095
SLC16A1,23542048.15727469,17072916.287157238,10837771.731232775,109506739.1567469,9862228.503767297,19708027.81364718,10942408.822115747,7363318.82942029,1845344.8529766344,13746069.023916,8440041.305153746,15037263.002123658,4707741.628010858,9811054.939232573,14051314.227815924,12297553.976388222,41368964.39537944,35474958.143715195
SLC16A3,3121117.134100495,10294467.1924125,1234752.0353722975,28771829.49519943,2531714.737140017,7899810.090522308,,6315282.674141831,634320.7193444776,9641298.88174411,1837620.8470629249,9299613.643689096,846595.6849918683,13665928.16190308,,12630270.257122757,2162700.9999009217,17008977.741768427
SLC16A7,1085656.6193373925,369226.92068765487,604424.5442616415,4377537.253202143,388155.76978491206,2606219.574435783,1498577.151998147,1193742.301570563,374339.7709782138,544452.0997645076,653830.4240243965,463970.57867898984,35888.31418396235,765514.9744727894,438117.66235778295,232076.2601344363,444290.72056401253,1656684.8968355795
SLC1A5,4475814.462432269,4988735.073012562,2151581.5368098672,9593936.49292618,2904816.8867979287,8776539.95879649,6308399.125623782,4149904.5880002417,1424500.3676574884,3258542.0164078237,1656035.6485321603,4484420.814142844,1938011.7206639445,12349775.066666264,1090270.622642879,10759546.844700277,2156202.944429664,4168240.445693226
SLC25A1,37630608.537706226,51615704.82878761,21362479.833248705,151757555.25385132,47051149.74266427,65920190.8322521,38936505.32620722,44164165.4247834,21180194.842101377,10461214.564944288,16816483.462656893,29281131.436466545,28227693.99415387,70884301.84516372,9527851.389668083,14047988.297257463,42720933.66901329,92880965.38909689
SLC25A11,22108075.597795643,16616378.8398114,9040222.77067423,41061473.6522847,21947213.36343485,44524522.85683443,28014441.22808104,25249782.227651082,,4031966.335766853,19164923.861593176,21504759.523432247,16217825.769153569,49415506.78486458,12628268.10113473,18813894.62619963,4774882.258068065,31072309.39482665
SLC25A12,19255839.440553885,21959772.26510414,34728945.33107954,32687751.956049785,19539452.07207253,29010780.22838555,15156378.762047034,17952328.15096224,16860860.67375109,7159485.357503842,2384224.9133958397,3996131.909913577,1121503.7292600826,24152294.645039268,4611632.418225177,10940917.94527663,14453508.749042947,47097326.65947755
SLC25A13,26157419.637678437,27536592.180165622,13149233.912980583,50497142.50978066,14902984.112607528,49941673.87529373,21623657.766963795,33303432.16481898,2190100.638214643,3028354.8873007623,2830040.559987193,17104167.675446607,3063990.057729547,28896476.415540926,5342293.356554637,20817894.11007005,22853780.893150505,160955053.03389102
SLC25A20,2755402.2009007055,1732055.561140427,2479982.899867717,5684411.0713959765,1651455.3842694615,1996681.7578153529,1987439.1948746252,3672006.1193945752,788717.4587645412,888676.2096290062,837172.0521997224,2193778.6706910655,885445.7952389574,3586400.794768733,1555950.9027670152,1443691.688494444,1280234.0900184298,3282595.7330757244
SLC25A24,57432051.03898818,80788044.01845837,119298515.87163302,75264603.28582244,45550305.29113668,215147856.59803748,114215542.11210364,73874697.23559739,17206535.934226282,25907154.639890235,53815543.66190259,99682619.39939734,66025428.11282885,135955363.1483097,38611243.22854954,75642998.13126165,51314132.636466436,146784925.1705107
SLC25A3,371740196.81726706,411859790.9894892,532931409.35815585,968265220.0453302,346376761.8249217,665524330.7820795,352605973.8998152,370976592.6202673,246245787.75738865,333429673.28375584,349094464.2372982,397279090.52584213,218637139.01595587,642988476.94323,199223341.36701658,297871225.7820184,301042750.6033115,1650367304.3439069
SLC25A4,52639905.03261297,131181562.69766244,348870180.12584877,286416363.93664765,171835352.35782433,139740906.98807195,89968202.94014804,74186898.79426618,170491177.22908503,49407234.073301844,191090549.90012008,84152605.6232012,165370331.69283485,187241496.57279953,96523653.24539337,70488646.84955136,164925035.33785924,127114253.20754254
SLC25A5,1002552036.5020036,898405305.8778602,936721234.4961487,2897682437.39505,1067305299.1552426,1071986043.9353446,931081787.9132435,974949790.7759938,301851005.9699536,373368657.2568934,441914163.33325815,696676188.8458853,409084088.22289145,965264032.6180034,322413646.3494053,656719477.5022988,391269066.53419447,1341279122.0581994
SLC25A6,17184939.47275972,58432937.990144946,76674312.64919063,246973739.34949544,34498386.31400289,128574665.1501229,763676.3091121118,33975895.67461234,,41060371.29310395,,80635830.49242552,,37797930.96304978,1373464.0471274948,4386138.295965679,45862156.488654576,94812949.24648432
SLC26A2,68375549.7106452,4664339.612108532,21871102.608984876,132006096.09568104,39983019.46507454,7127469.970190084,17578646.225548536,7248246.563413937,6514675.221953616,4750736.669834952,13880430.160428092,3631754.1591432267,12332933.935505245,5624037.16212158,15775474.802210681,794753.4096825889,17670732.572024576,6189496.70835061
SLC26A3,65222958.52216363,2843068.111048742,37383017.73905845,139045117.05927724,38607947.524505526,27350766.82185764,81882087.98913488,26299188.69396315,20697666.166180927,8046470.322162919,30826131.23593539,7148602.3024055995,34768728.96132737,32367433.61747073,32816270.666046925,3943154.874522703,21321377.220171597,19946600.32581418
SLC27A4,273494.210083896,,,5695864.50363738,,,1571107.3652035673,370205.79255959304,,862031.5248721512,1099728.1397423449,1086559.2440838877,,367939.0125312715,527152.2913132176,980504.881894342,,
SLC2A1,18899952.783652432,63572039.95116727,10844624.61950105,47881193.4573231,16957167.832530178,57370185.44472167,24410634.38272541,31214747.17610965,8498838.421687264,20270454.12283636,12292065.054161998,55730020.64720108,25426548.828732133,39258216.30500078,11546298.463435972,75262990.10743393,13409678.16256284,42594582.59282414
SLC3A2,24014337.23353256,66766542.638986625,11232795.606205042,22395742.3114743,13711854.721530426,25766580.533946022,34004353.561940975,33589428.95432295,3588041.9178340607,31792897.702469535,2535146.1921901926,37970679.854683675,5835913.28284862,40255407.95703345,3676928.4480680404,32146115.633207247,16139424.797614768,58397756.25140542
SLC44A1,37881968.71673334,13553795.320126552,,1234596.925426253,,451511.7152610876,28507818.23648888,23560422.18579392,4896635.726272328,6697473.531058468,13759405.750587303,15275661.157884268,16794392.189429864,37653764.64783907,9115323.02806361,8153402.609351711,903346.8757664666,17961946.2969909
SLC4A1,45960698.86411481,100071756.23990512,60679641.313809484,33686578.074226305,52262028.34112841,110407050.62831515,54287086.15677019,65113215.05346574,36268781.99368296,33108451.103852727,67894550.58064388,36208646.024018094,109629357.14441048,67840549.77162775,45206924.631466985,11288290.669330077,37896100.09278055,32960007.12653789
SLC5A1,40705444.39023231,3400409.7457524063,209958428.9644882,192691885.9815216,472304873.13207173,197909308.98957556,72716009.61047766,5637841.819274604,45185350.89942641,11622948.041157972,297164841.240288,8205598.130415697,22669583.954987504,221669504.2978396,26467099.94992069,2576550.8637948954,369666144.9359451,168915823.39265424
SLC5A6,,5235494.904312396,,,,,,,,,,,,,,,,6529816.190627549
SLC75A1,5270655.656518368,1861471.1374549055,4815935.192704513,223830.52435901377,9782574.497540154,,146089.0259549567,532574.3012471573,128344.38049467745,502057.69579363416,190824.32942523385,,,7473173.58205779,,2208281.381184731,3015915.779893064,
SLIRP,23776472.637815684,37549845.680925794,35544357.47756594,206201729.53063205,39203556.831224576,37421258.28805965,73772533.01098907,48347490.15644008,10443551.316443948,27802753.86960471,5897809.741273582,36759473.7892127,13055624.01481356,45580142.6887058,11272094.870475627,30884306.398062274,17705645.721679494,127465713.66567492
SLMAP,63604126.62255907,59917329.51058418,612306927.9086604,64348841.409497075,495731407.7791635,55494282.77654855,75889664.21916214,59606523.627156764,755670533.3324342,105868924.81844197,411743286.6963345,120516499.34346643,402552293.851667,55986191.013540804,396837953.6335286,30031936.66887193,615616277.7727562,60429983.51901717
SMARCA5,15675559.457725499,45966264.924439356,18786007.648021102,32047672.261941005,12973808.956284719,22767910.255462125,15355406.485641357,22341612.938225053,5567125.318167594,18621836.384084813,5392576.982458904,30878327.443517722,2680609.0045553036,36832707.88420258,1423173.4950204128,27052021.275559068,6254814.402337752,45300916.63798068
SMARCC2,44903236.610621095,53727120.37793038,77954959.34052649,136264915.36200207,75775031.73573054,107471750.97986531,100406306.85451274,68997057.16298367,41718214.627246946,46584644.743955046,67523701.06818014,76397911.62458956,16502316.547592605,102529515.76796125,37350337.79585274,68773513.46856987,40571319.93337613,113630609.89413995
SMC1A,5795725.01275146,5170685.11808134,4396040.145510356,6292826.517825581,5135194.988192867,5907685.520788391,8365439.77966447,4798310.517867515,3199424.4068903676,3582783.961712477,451895.4328680864,6557314.745129183,2371884.04620768,6324078.946413889,3728396.3648304297,4066122.2784820735,3192374.7952923984,13858104.607003191
SMCHD1,1339968.7078533457,1065538.176338625,,1124913.342802161,159802.7472177457,294845.7826808,2646494.5247451416,1007348.1048992478,204896.6707083853,2456001.634517975,66598.63435259866,1281821.0810780465,567029.2815811052,2099011.487115306,682800.3939716989,1067615.710982891,154088.27758766533,
SMG8,102710204.18723471,4709298.558630327,33476257.772865873,1074366.347816059,32981434.07684462,10636757.05939388,451652130.2422427,91890195.45735084,99004991.32220304,8954567.578530457,87975787.15851942,12782992.89731954,69637666.53026606,33148788.83090456,50593417.93735436,641171.8668074826,54116059.66167633,737941.9861115217
SMTN,21718331.133494828,40702466.52430021,1070308310.1318388,38147661.27288109,691937771.1402788,54541103.618087895,83881960.15008712,40922394.76008684,1027177812.0596596,79777079.28008254,832394272.7106272,106276509.4906596,508467627.1308846,77384025.64216639,698192664.9173135,26904246.630652532,843897027.6792961,87243791.90876517
SNAP23,15765868.721572636,11270277.00639202,12718559.439362934,9633581.51490943,27910583.379780076,29614922.705399845,17808956.317675147,22806114.782609977,6031462.583344089,17619315.676969398,7792997.768638756,11051646.616599092,9535000.22043536,17344228.74106453,9886300.529573692,12358131.0671475,15361903.85725632,39659866.37953677
SNAP91,9543815.684212942,7119036.624518225,7451352.325051158,13488263.2507045,11995726.526235271,10736955.67482083,14149958.914258394,9248134.069447234,4322791.742612418,3604203.09437921,11471000.639082745,13509257.938231591,6816135.1424662545,13923095.158781322,5652286.867831353,6375497.155831675,12399260.52984096,6331306.149750379
SND1,234344828.28219965,373825699.4048403,160649305.45878008,527487508.5941742,198780794.72768193,597313729.3515447,370049733.26571065,393213557.48410237,96245144.03613597,227122180.39190266,99456357.90140957,226066250.43779898,93042016.86397867,383935366.23591447,132437550.8489007,299461418.30207825,166896694.9416998,719136486.2059141
SNRNP200,44289706.90443491,52162798.83230752,18855567.344263848,35824314.47504561,12442377.133822221,34433415.08751659,38101908.80840974,112775234.071124,172582808.85262766,949423893.0518881,114378088.9869392,76862513.69843836,129401429.2590636,157535128.10686442,104857016.52789776,44890904.88457946,8041959.581694058,77373277.94799419
SNRNP70,51071679.7853547,59537278.049800664,29092818.338605415,80466605.03255425,26694482.783789314,68295933.50697455,54010470.72867564,36551274.30323821,12508532.38008479,27201431.68807048,27630352.173831943,40416048.43889724,18498286.853501093,83422837.03962535,12681534.612908553,79632155.08485581,12313125.706992224,102191788.40999828
SNRPA1,14191369.9172176,43509865.375665985,18380365.491010334,38854533.34216734,11588862.586965716,28574361.957792945,21769284.443931192,27960293.978872698,4081533.8773644078,16179243.032842584,5075499.895770575,29255574.105903123,5630036.161429271,36822615.93753712,4023722.753174236,38531679.45138212,5310034.943563489,57489750.826090015
SNRPB,31835522.682725735,13520562.623623405,15440441.14351027,26546361.42830004,17690266.51993838,30892018.942809176,41824586.69097549,3500562.5429942575,983744.0536587448,5001080.817416978,3311556.6004971853,25822973.66892522,2931181.2689185822,4491344.423818351,3985059.901470422,6691440.302380907,6254434.299522864,52959428.90672665
SNRPB2,7079608.328556412,59514920.81976328,5971699.391410609,22940088.472954568,9120338.661842858,35673266.18957095,28871517.914824218,18863837.07867063,5889377.690707912,16059665.393047476,2355447.796337984,15401211.77428514,5823963.716536924,31340897.571380153,3423489.497878432,16404436.729732389,3950898.782062767,25985689.03822783
SNRPC,11716843.192782784,37839616.38867105,17155387.63773876,33506423.221829016,16451939.243089816,53069917.92045692,33841350.84390941,19729743.14967467,8431090.088249536,16986910.998312604,8265484.0610763,33001722.446632583,10680490.022684889,21449444.508586988,9059920.57981908,22500828.975756623,20173466.947467014,56477753.534298144
SNRPD1,48922262.01738686,135412748.97664812,50258939.92694963,185539787.99200436,78442173.81195946,165383044.50774395,69085381.94898152,119108438.00999512,23519519.524814293,45395227.710889466,35316673.71403289,107823273.11026788,15929522.527854182,169656556.03834394,29649258.361668777,122675620.06563102,52385681.22704754,183014421.8520264
SNRPD2,102009573.99375251,172180385.90403756,60455815.98881985,133663685.86000249,51448268.80684017,185970443.35445863,138876957.19664636,111378686.73425457,21912353.336223923,87736433.63268438,41492190.91613163,129156835.80166726,29399623.366041817,148102632.6021418,48188937.917369194,135723938.2030924,28180146.440830167,285518524.3558283
SNRPD3,85249979.62815124,108921673.4977924,52060086.88880587,167820353.2636102,40034922.0859627,5942305.752753518,25060183.596086852,87742146.01399155,1865267.1281881705,41978352.88152773,11801392.051480357,12224418.908610037,1510542.4883695538,43593632.470943645,2136451.304946044,130512990.82124647,30991561.346114554,94796055.60200264
SNRPE,42586334.23937647,50042223.87781781,29342967.08516931,59252797.81687474,30238986.07285481,58118694.89483744,83048505.7136517,52292087.33839124,10733298.982498094,36159731.27498029,19528102.367796466,30896435.881458458,15076557.18664889,90675206.57917166,14806031.081917126,51437236.86256454,25521768.58519609,67080385.328889586
SNRPGP15,14649539.431559602,26754637.948853154,3379359.114861779,31616259.542311713,6345616.923162483,22452477.78857608,15692366.337402163,16459557.364340257,4655478.055508942,11270191.95526736,7778888.269892512,18894560.270230524,6259074.954401987,15085294.327883048,7323574.795131668,21921509.127480023,9266937.184874326,18929579.327816226
SNU13,25651294.506037626,41431181.75164921,12517508.849863496,123223780.0191041,4186356.138882762,61924311.51286642,14549530.504915489,59853944.73600776,4889057.295547699,15564214.518055085,5798338.97659559,25762074.96745827,2491862.3413933353,68959516.46657512,6197491.279715249,75582043.01270622,5515601.98759958,241954946.5927472
SNX2,21180948.407586396,18254444.782695733,110319662.90156312,17650410.743353747,144952807.17374778,74357243.09523039,37379816.62117196,23637489.002409656,41647386.30672704,13910587.74334808,51355681.62069099,20396123.39809323,23231332.47106311,24442210.791771736,30166641.076491926,16116763.514332583,57400657.79655349,39602037.96799341
SNX3,63256989.58590443,66784428.51226844,177021649.6042804,119971531.46896853,73539995.48477492,77263048.02101752,69747024.46187767,52559465.53170715,97864007.67657453,44864280.394017965,103865046.76890695,97393233.2274325,66331309.00096194,58727714.61496036,73930972.07479607,57141392.62665135,112809945.71117534,133576483.49401939
SNX9,3815691.400770512,8509413.704107301,7226244.5944221215,13136733.90680596,4647961.260210693,3283821.328191928,7458884.389680678,9879441.098814024,5162200.832203406,3998372.9630308817,2970235.177642679,10691300.949711962,3887423.127761316,11572876.218669295,2488847.224166967,5949550.5042127855,3009186.220701196,10493765.048230514
SOD1,220955686.2541129,189767751.51404485,383233024.96652955,793471115.5331407,317844126.0701263,466637961.3187853,397300490.11538184,271049784.41597605,192687568.44231766,204446559.7447844,183832302.4644765,198389428.21253422,147402800.431469,263169797.88260245,268225097.06737113,104743608.61090304,228432357.1259235,491226109.6803656
SOD2,179866514.33910587,296881874.90276116,124856188.14812076,671373934.0882243,213904723.63996813,412605626.6057469,524048251.7360202,378044708.01416075,87839251.6432493,554507976.1253021,105088384.91079797,263843094.69256163,85854112.3944683,416762707.72292995,151689436.81336868,326369560.7141273,127092703.01567914,641083004.1803374
SOD3,27337982.23207844,6596609.368223874,36954153.01354216,25932425.269738592,85509487.25630198,28106777.43805009,92982296.57961251,24990760.640231766,83855901.19565262,18989321.187278554,48513868.83725947,15015108.819556603,17735206.74161042,13325923.847115543,28915263.966238342,8398707.536692562,31928131.88197428,26372925.91670011
SON,64560833.08173214,75410089.64715266,17449630.799512833,129594814.2410695,25965713.214925867,131615291.32371578,43214712.70090615,29828199.01419154,198328.10430515025,13004730.548689224,6890737.57669601,25155747.583225887,14030442.585925682,25653503.51120926,7237639.815435337,120300603.82299069,13901511.464024218,6955744.990762985
SORBS1,59435181.39935426,21160955.961567987,776630896.53846,31271479.616530843,578247573.1548138,39022389.15551322,152710594.97168663,72642111.80542175,594505065.1179996,95514103.76894492,483532747.84372336,159174738.50868395,434839217.1369087,57923704.167827606,410734049.8877855,15988197.500997126,687389547.6215016,25468358.260040604
SORBS2,10104010.296089422,639278.7813378128,102064645.9435117,7320896.44385121,43069189.981408656,10147925.945060752,14493728.462848883,1434741.1519477416,38642737.25482227,2076832.1093574495,81680837.09214461,8854746.737658465,39247677.518977985,1709053.5799111272,29970234.878015347,2663721.3611646453,16152875.897584772,4078737.226830247
SORBS3,10626223.787565216,5905631.017743834,13116954.54581853,12821053.832142932,10491121.66186126,20254297.176611904,16038164.012601145,10041840.637157466,1979162.4734224025,3018131.6457236256,8844181.050290614,10543523.10691516,12094230.247153854,10323713.689211814,3742940.6972895497,724701.3626804603,6266357.225140027,37934465.57412266
SORD,23406005.916003056,48754398.8649277,34077496.47573283,66825603.57727903,35277408.959473535,139883954.79005456,50313962.14818276,62027840.04877782,21229365.574153375,41297704.313399374,30439890.79211763,80642688.30455081,25263480.440304752,74368562.52273719,22917194.120616455,37902346.0534295,20707098.397743605,160608768.60924053
SPATS2L,2897408.6841654014,9539975.455818472,3377429.2220774093,8480741.910707422,26511638.316089317,7825012.552182012,4657999.4455234585,3087897.2875760216,3157454.6517689503,4968166.865196902,4654387.732591327,5977478.350956529,3298427.6524215085,7719393.475485047,5429608.101762531,1661058.481878203,3701120.2383063906,14476528.648680711
SPCS1,82435692.90535586,44164297.30178313,23657183.342574097,72654543.10243998,62508072.09985994,138913521.447105,74433354.43193296,105765284.89707649,16961491.282292157,30584545.853313215,24295898.026452288,45245421.84272589,22017655.580937047,96588562.33679466,23760145.061416235,60481650.73301157,47608042.95474485,47568888.1384944
SPCS3,75634590.68073162,54242934.12530683,60760415.64360404,118505671.62687247,51762231.87689276,138427130.8285216,141670798.6599379,95191443.44773498,19616963.40220313,28663902.562760964,20986739.58183182,52251831.28576508,19630792.096351452,91148562.99133998,10589713.890882554,64072986.49354589,32431684.44136516,73378411.01553565
SPR,,2028806.391274177,11667281.71921754,24218128.271173604,2438390.810799005,3580090.429950022,,2803719.4319977965,,510493.4899906885,,872254.1906252274,,,970459.7422598336,549842.4550663803,704034.7764772802,22955238.00903418
SPRYD4,11028155.180432215,7877907.225079792,7818608.373140949,5512294.69865655,2818693.2767863423,9256272.758271798,9715953.18979988,6566459.784227593,1244006.6308660374,4368998.597672909,4468313.7815601975,15539337.825627832,4142012.990543507,16028154.80658888,2155909.030733598,6131533.861787249,2637501.04191263,23445907.045408465
SPTAN1,1655951421.8224673,1597652395.35301,1512520131.4599433,2018248608.042031,1722777020.4277883,2233154848.281262,2407960113.0696497,1467987171.7565494,686077938.3246975,998605861.2015703,1062476800.6638161,1022251947.275042,972419934.9449865,1861092746.5807877,1150865715.6710925,1149475668.2743413,1103529134.3883739,2215168304.064142
SPTBN1,924672988.2696162,1106960575.732961,924937670.8012338,1780071060.7348895,999136090.8371499,2098884291.753281,1326801635.0008526,956743906.1983063,451223445.35783106,642794225.0216982,765855318.980572,577243752.425883,454845181.74521494,1257227697.072077,543413718.4071158,769387247.908144,644853499.396463,2533797245.565206
SPTBN2,83438747.00202914,75129085.89641505,66595475.71291084,101561162.34733282,84605372.35136841,103591778.41873218,89683235.01583092,87487142.41476095,47033619.49799301,58711958.8210354,64069193.60494617,56180857.44682395,38146210.6488453,77188220.47551487,46328602.997395724,77528980.48679647,60463536.66778062,72037007.95259668
SQOR,824818989.2020347,457591320.4227201,548166120.5616977,848128024.2199507,614672736.7660832,937761815.4232788,757778485.1388566,748240047.8624982,131789837.45991991,229701528.4151904,264774315.98315325,315079874.4895551,207167050.4870498,594453042.8154693,164581254.0570087,232613712.50031427,566987750.2623253,656362449.9313103
SRBD1,33385318.23979588,49946790.36540289,3517809.43617244,104683766.61289003,1837497.663887439,69637239.84712183,33161853.126104154,61188512.16796504,7199479.996961167,29422229.04230663,8079123.693182972,26121658.6631424,10658462.45577095,25059515.875900667,20451664.86520222,26845340.815955956,23253262.97975725,38113078.65225021
SRI,66095211.80519359,46890586.62591895,25158855.83621782,184593835.97796938,61450724.68439708,40490026.85199942,41048420.87088563,37254046.71500628,17619003.80081081,6167572.861943408,15531422.459577981,15663606.717066966,10377831.152303241,179580226.19837666,14496665.253456082,18638275.35853394,73388599.31247711,168164182.9534874
SRP14,75745403.61339958,111168164.66368918,43266789.62327719,133585977.47467212,30584116.637013175,126854981.16193095,56273763.96230708,54327907.72969543,20957728.30197539,31835689.88424002,27708897.901364196,85371874.51611838,28294733.28841078,95532310.00895566,36477468.55334568,81372235.96555509,24311179.51054971,176385587.18410522
SRP68,6634902.006770987,6130569.825703423,1904559.2354516948,10839669.794503354,6187529.677450992,4929607.946819065,11559935.246604431,7747587.935817117,169165.15720603813,3654693.358155112,934500.5193903856,5515576.520963757,246095.51850005,7013343.5480072545,236246.22081099157,4400970.458777237,2020126.305687464,2906810.276300629
SRP72,12114223.528399542,19957192.3947677,15512145.480343184,30673465.423389133,15686368.754346818,20729036.832040116,23801992.264370352,31742072.576401148,5752312.8760239575,12762334.453764949,4030511.420449565,14951848.8687644,8537285.643937068,26777425.896970466,8711695.543390254,16981209.809353963,8200228.445916142,22535724.88349226
SRPRA,30399019.54727763,20230519.81846065,58457821.32503183,40426336.57640918,57299757.94113773,15491393.88028812,61817449.06353584,20994455.80138021,19646957.989404634,15076555.299820185,18447335.923397556,35474146.07874983,25861329.581172276,48905901.582359314,18391539.964288484,22048814.550961748,30661003.34883795,24353627.916736525
SRPRB,76317373.4463157,135840063.75455502,58182121.022263035,171031500.98434952,58075689.649190605,138362852.22218788,88237737.42530262,95086832.52948904,14424148.227625016,60967099.21211471,30254049.48362963,68697464.89456655,20233926.92616261,120527208.86448972,27939850.705151986,66874896.94979758,30436568.486589167,170235189.62915418
SRRM1,18514009.528863415,19408621.149040725,10148764.29211018,21454526.5997973,6467290.450699752,21449155.63827129,25900199.764953163,22346654.68463848,5566049.192948628,11457132.650840895,3755619.64916015,11052777.109248716,4532716.609203353,22787481.052650902,4897377.248216369,15987176.718336986,561329.1367047465,32959460.743432477
SRRM2,19288881.98983641,41971217.822162315,13732288.115522925,44187487.60640384,19144257.91689365,20647304.510963727,15100143.816708688,24187932.985457256,11767388.174582817,22032771.328085296,15568774.91080201,29537326.443449926,11574221.629846305,50966987.00772229,19393035.316145007,23434457.58180207,12798051.073910588,68804470.27373901
SRRT,12924862.178379398,28852014.935200416,6058915.998213196,32390497.192227513,9173616.673016967,33702826.54032385,17282283.27822595,17180248.04070668,2766618.408564498,15150273.992926855,6982456.772047766,15334172.695969768,4252539.967282775,28607693.96244117,4824224.347178818,19953277.351642825,7349851.5037156055,40199332.4134904
SRSF1,84188594.20633471,130466073.6493136,52011640.81733596,95898782.81621823,44378681.44230431,132226112.30463019,103780159.62505396,55829401.13389573,15450045.814483576,45724128.33943808,25359388.36435484,64364296.59040101,26436307.387023102,106892283.31385618,24003337.636855952,78572093.85019433,36154241.48985481,194134969.7135617
SRSF3,200113721.13335457,386250450.95874995,122666454.1142534,413384366.65252376,239691452.79483742,502608479.25288093,250292999.0699463,227971072.4802913,61051500.17193927,149742511.1453234,92906120.04807256,196756974.05286413,59097399.05745394,320451867.6479006,94742758.75120154,318024161.10128164,171426084.1243736,595039334.7057867
SRSF4,67463907.42009026,97014867.25844976,17617526.122472227,81999073.25267582,26933315.80784019,168731403.36321223,82566181.73357454,78294311.25748608,,56100288.16179614,675708.6312940835,79208583.91349417,335250.43986038835,64559081.34882738,1190669.6609330964,80018650.73825034,31275430.062225763,148031443.5480013
SRSF5,25269637.467705972,12920958.789546989,14946344.762839625,19565291.7628066,22070422.329780497,48627313.00087045,41363161.65565241,27526883.656596147,6134130.676350646,23274888.038353898,9885665.483830806,14880298.645328607,6322834.682658366,25163666.068739302,8192797.106167085,12640080.452859322,25538189.786057107,92659337.97436246
SRSF7,87992897.00804354,164547424.4106883,67230926.77886875,114690794.65292776,41253199.46723178,203641483.3068139,109516382.8669943,88501131.26270899,14823720.740733374,80369064.80854347,31249392.973892163,100482762.78024764,33243908.221929554,137109034.29460126,37241823.76861048,123880023.87362103,42594441.48497082,152434421.19963217
SRSF9,12728972.228958422,8101225.670976362,4510680.818821296,37999101.58943286,7509615.17675392,25851057.38002067,10786381.212935816,8741729.387966428,6182313.159308397,5925236.504773318,12325843.592352835,6567964.908312847,,34677403.89193978,,15164557.559704144,4736369.882197243,52762556.99133684
SSB,146713462.0802235,283641301.9207495,53019236.16415334,155202062.11752135,88469021.43062595,234180086.62940848,227740166.98757145,181601957.61215547,40569645.14723508,139675910.05295905,59511090.39919682,162887841.05527657,52938800.910970695,229997773.48924938,56823866.03770635,278619626.9223215,67942042.96767503,445634528.3685985
SSBP1,40297405.07216787,114973634.52905573,55687829.95646532,124164539.23566717,21076239.362739906,175765484.5446778,41266234.69470077,45430454.63311524,25917670.78736826,68126865.13834348,27723741.459340736,63489088.5668679,22099351.34598452,71045163.36225985,26521740.638725743,64705640.85669032,11660536.921765542,125142991.12488934
SSH3,6766441.042582381,21261080.08936387,17595248.60601651,79817529.42104186,12399961.102082372,136700844.0381839,41352736.50044628,46729410.44335143,30358847.41134561,184804953.0025603,6090199.454639771,57370785.277986676,6138876.789832673,39028167.486184746,6006793.304107249,36486963.48642946,125463259.5334026,52601074.58584808
SSR4,87102473.23393679,91712471.38695297,56046222.9667902,267086152.89810538,54112689.763806,226121188.57241935,86826449.63532126,125275451.35701558,17891028.815276332,49845168.243119374,29645457.876491725,59592324.572029725,22229648.803485505,153818249.86766535,15086135.153637175,82513668.5572944,26365004.082931317,172718121.22962457
SSRP1,39068227.31233218,23228344.83970176,50071348.59259104,60507851.223410726,69884287.10087255,52951926.06984869,49586404.69797423,39477711.65101609,20904818.36295692,25139893.87016941,124766005.41444868,49135199.85461068,42125776.628431454,71423976.00190507,32619607.142195236,26700027.673342787,34011434.85770254,33724868.74513368
ST13,117912861.38520409,193254256.94161952,190941403.10137355,274249055.99425966,139257144.53495732,187875420.34074837,219799463.39427984,145200745.8138485,105995602.4607579,92878569.23532042,115999783.00645551,108290892.65316162,94781851.9127351,127612424.11623351,114666508.2156027,85937465.3886272,166473137.5353162,472153940.7858577
ST3GAL4,485555.6093563922,774697.4581511335,1729252.0965095726,20489963.25665908,297594.2496788181,311519.07813372527,828536.944407045,2190498.1132998005,266375.05367633834,948272.32993814,265655.5208416366,1848474.3342158007,1459596.5886871875,4979924.025486038,246757.7127646636,1467521.0720261252,,31137.97114209048
ST6GALNAC1,2206707.0444648257,768578.016921187,3257560.456575373,2259388.528294913,2309271.897512629,12920202.90096238,5845537.946043755,5191317.543916991,,769287.5805914678,1129047.6737407784,,2255834.685111903,4922976.156584803,860504.4782397789,463564.3765120917,1122141.0263242968,2944091.7777610654
STARD10,18852853.990687687,3574649.505722224,11211952.999162622,49772593.44373226,13152268.911894128,60045183.31222664,25961892.897872757,47191731.46056119,4121906.959312995,10574595.174823709,6933703.554651469,9879754.073227018,16691594.962564765,73440066.32689251,3468068.3372321315,10016472.48781793,11191807.116901929,61345198.94095801
STARD5,3149887.432797624,744933.7325959024,2065527.6196932849,5372365.75190361,1756053.578603519,4132132.5862900657,3557327.447672365,2736127.7734401114,,87941.9779575943,1198743.1234359692,491216.4668684067,2010960.5237857348,4674585.483564123,170492.13173677897,99229.1268601456,1090084.4597404243,3423710.275870031
STAT1,118742969.41533104,199552839.50917974,91060313.7032365,437265670.5782509,89185638.2584171,345762002.9792196,185190260.0320327,131102712.84465538,59913357.861119345,594552640.494381,51271090.2229037,249190480.66537687,61787682.96014267,232797525.58173636,72196157.76416822,685485446.0466411,107209585.12769318,240300788.8502036
STAT3,25338262.70137374,31827327.45526156,8969196.198109282,43457876.19085331,25389802.32616005,70561426.18846089,44060254.60968533,21355172.03382851,13125568.144175647,29270228.425521694,10427809.390440665,21033332.507437658,14312636.635317307,39034680.96583045,8652135.703165798,32863679.729856767,21122251.58052053,53860785.7816
STAT5A,3524448.9086314216,570078.5968995584,,1932356.666164191,1157098.2357297374,1341964.4173132966,2921082.859642607,2206624.262355541,809922.3225268002,697120.4591697308,5430603.137760405,1264368.4778347977,8038151.282984754,9339737.540701272,941583.0143398345,1366802.453707011,,2133694.6850961465
STAT5B,2699623.6258663037,3367709.0195770473,4258729.9036423545,4134778.500971087,1049397.673037892,4115755.0875136377,4633307.617311901,2871001.3177823033,3891275.5345845656,4292136.569418857,3098606.8363628574,2937249.9699220443,1286720.234045158,2712804.2366243224,1711613.1379461377,4148779.216164702,3771942.91234551,153336.3945981111
STAT6,3845558.9075336154,4361516.717738255,7605143.971155441,7192878.486611165,8609363.182806157,6502570.517673166,5933065.528622077,4328531.9208712885,4708222.850874923,3307785.974246727,3349443.707915967,1772955.1579346252,5476160.848935645,4410797.631729923,3445508.345090049,1154958.111953098,2970686.675642279,11540990.965190738
STIM1,6708043.946490727,1680332.1714144794,4025635.6952512353,16661774.911934445,6538844.6524811955,4560980.152188414,14821021.665283125,5542887.600776794,3348326.6601117174,5235464.434094564,2358165.6099201343,4082633.910628661,3101420.075111509,5826625.148708786,2998843.4377131714,2720826.290672407,5217869.28380211,9991113.254389055
STIP1,310825562.7371479,459132264.63996243,372479574.11118567,713661930.738357,377764202.73626,704350614.8042874,479603858.82840824,415274331.8316185,196483787.34133095,379421868.4452379,249684367.09587693,362213371.9195972,212166380.25090766,479894095.720713,241963942.8473893,370682987.00863636,259139436.79072946,1217438123.9458094
STK26,2657077.6750611174,9989750.23946208,9990820.765828976,13385058.249206992,5744093.9869499495,13273294.46749494,1870734.2535813183,10046017.836509986,,8829059.826375898,547981.2609506061,1571525.5200564996,,1923545.5780734976,,6311304.585383423,9187375.7351114,30791711.35171546
STK38L,3516367.0363806756,2508400.0810333733,6928139.784996918,5570482.167877555,6582812.881359731,4971342.743643412,5774445.096267666,3759389.821849807,4870262.207357468,1974941.0949380123,6389198.891630267,3831350.6409430183,3313447.121264233,4846688.837355394,4300636.441826901,2490514.1130481823,5067129.729288751,7294971.460177474
STK39,26754285.953476388,2640161.980994084,1250028.9616370627,,7147406.670121788,183244.36692202347,5569192.523672654,5436431.003925684,18037655.03012877,731937.9412255763,3708964.820970156,25630140.8942215,987520.4831684025,1890584.7648387467,1164752.037031689,241693.08588613733,348934.45026265626,2639496.93353768
STMN1,89082795.86557613,207593376.47295916,55757771.57716741,158169661.04126143,47276944.09652585,282773705.98675776,146377469.81401402,153878735.55815953,31080575.7190604,61600778.78515393,54500135.83609911,166168521.04885316,33291079.152607642,242533923.54446408,50168902.06276464,204567528.37192807,17810117.066920955,270429263.9737227
STMN2,18290290.74956852,48396459.74253452,19642514.90848631,71320243.65837453,6613899.581398099,53050644.155786544,56860638.44255765,54835963.008921735,8899116.888033908,38482061.88661377,19851257.31071516,81495050.0245613,13460932.570939682,88111158.53280494,19455122.29886917,67075491.82202645,19671737.578612342,86711512.44927087
STOML2,34707153.76286,92878600.83341056,51915310.54039259,247102550.654713,26518508.301084608,65871073.220878564,34324382.78961085,55915585.06525485,12060342.073131768,14378862.414940564,11127688.69453994,27827732.849525996,16249308.568143323,52797398.79185863,6922450.765060062,30578751.460421935,21367248.774532393,105371304.28226078
STRAP,37656623.58694269,68677906.15511762,85928354.18483415,158049262.46837458,77747696.95497024,174241571.40648136,151140942.196287,70131507.4009013,49360243.6088087,36600046.44613704,57662946.81805304,57872467.8032818,44778565.49500474,121612500.84111401,40382361.471802615,82241184.91589236,77002031.55051197,165410428.60125414
STT3A,95267763.2917283,69036185.94028248,48862971.69275539,156974590.38690808,83848450.50536767,145798114.68904772,137583781.36830866,104302521.77601366,17923977.841067553,54247756.42994979,22931721.833817825,74813961.2108618,38380376.9394642,115963744.34040584,38779805.57443935,95631403.67343237,43777049.643207684,156827902.15060022
STT3B,10340148.606216649,29778367.53613777,19374898.72266345,23756104.569876622,30650295.68090741,45825427.45941071,46983738.66949301,37403584.538448185,5438236.2100857245,11596776.03511686,12540933.46939075,19797171.4270037,4474078.350773615,41923129.444147445,4533140.522761651,16267132.84106104,4570339.791657884,77894228.80106854
STX4,10201478.875591531,8609515.313864365,11210111.286435671,13597516.842164535,14158572.15539847,24623985.0655392,13008065.602951404,10699263.667761013,3142996.541755381,7006382.832126234,2735518.301202582,9526034.625626536,8373444.418241507,8569826.755594509,6752815.68884065,5797198.307181559,10673699.440686654,32443754.47679117
STX7,24577975.985006932,15261410.277926728,33424093.123759124,20989471.0144735,32056702.44594466,19374057.49802263,35804086.09634719,15496706.701924521,52396651.34908389,13866276.277391806,36167708.18816111,29042297.952826455,44067860.369081564,20033845.65506312,35283198.123463795,23665675.34980503,38001234.03797324,27333025.55672968
STXBP3,6876489.658551746,8025407.565379374,10134157.56426269,14549289.398938086,5960311.690062462,10665630.230547182,11038545.491010085,8177999.833936718,4778630.012727974,3285391.6030451255,6436657.638745843,5794009.268454461,6785352.251551037,12671227.691930149,4028349.590158361,5435657.495981838,9643696.557150634,16406332.162807932
STXBP5,46801067.82478223,11228944.170484532,756387887.0432214,14305198.867504686,947474312.10084,52979407.70325914,82679610.2111577,17821177.869677052,734376697.1870842,105928667.22510187,290259378.4838177,192904010.57992917,238033499.9237239,32078556.40101464,273942128.0342452,6244036.89126001,223975410.17937636,1021452.3550240037
SUB1,156360327.72377536,151342451.94353926,89623293.5769539,347849950.33517045,154887847.06882238,390057177.7186554,351742449.34859633,176974198.6406398,34397840.476644985,110822122.16972956,62831630.55146048,101397307.94042723,62989198.429989316,139539348.66770583,58578454.889001235,187203269.5527834,81946405.178713,595351228.5733304
SUCLA2,125401782.0877074,159748338.04040614,140324675.871811,210409164.26992008,136456761.58133253,161037729.50130215,152102024.5413856,154994988.88948685,48591202.11228057,54798774.3757232,67435221.6694522,53429266.1607511,54391335.0171514,141495579.29585004,49195533.81907927,121902890.41862297,85616506.47862728,534755277.69996387
SUCLG1,238226324.39746273,188951618.6963929,209613290.55513024,421944584.7829433,265337084.38658494,385428278.9088037,261766033.37518907,194332440.31274047,77585820.92405716,58489345.93811062,109795039.16838601,89489571.09275931,128924533.06546542,243620526.5709127,112779595.43145053,114837375.86020821,132894647.27192706,495005765.2469337
SUCLG2,606101815.1834481,346141027.174953,530497178.65328217,728976060.0896939,570143080.4931997,716348756.4327362,611457577.2114345,420199433.01866436,157426721.2928424,119600977.8318751,248435994.91031978,244768228.0384196,297619923.56540406,488645957.13244927,229123595.73686433,194106822.7001228,300801738.34599197,1212705701.8217313
SUGT1,58606214.965600215,73265586.47244953,40227711.32265616,133245836.84690349,60125375.40790337,86707968.0822528,86559682.721719,78692919.65989782,54403509.28475871,29855645.63844833,38525798.06476319,144172471.84569266,36756367.51789671,82914925.71109943,112405187.72139923,59608936.99498631,26483570.50862425,176234207.4902049
SULT1A1,64076413.1624986,43813335.58473252,34583058.97755793,143435927.74467322,76205488.28969993,44325769.69924728,50039190.01216659,29828519.95358475,10065706.193046495,14596369.428366156,29680383.31038747,13249497.019866543,26888406.60146076,45100407.755124934,14213193.017550845,25972040.37675588,20935268.782708358,20710322.315397225
SULT1A3,84886771.74514084,77530887.48047659,52088711.55244457,232237616.49582437,102283577.09840104,44689179.88683899,75004420.81534943,45409356.47549886,16497507.83431936,10536029.768317673,28561411.64622929,11450967.242091155,28349623.602488536,81971978.65874618,16420059.451920869,45393162.41451964,50182906.13897615,15729267.943075974
SULT1B1,113096774.00953957,49854563.22483176,95451213.62753174,162307298.90909362,184735617.2092029,168101195.73262247,119361085.97585785,122809892.49901393,16584251.52932659,5629208.413586686,37542509.51756969,9943811.067388888,46277144.413157195,235875631.3871674,37285231.24716079,26221658.17834007,93618548.93290257,63870438.79046864
SULT2A1,,,,,,,,,,,,,,,,,,1448913.8798820917
SUMF2,5385065.640103212,4919374.167513775,4919956.636131415,7558078.808669935,2746487.593213872,9195964.024142751,9427921.245943043,10648995.474252405,997446.8487572598,3692051.897118333,1242811.9227343746,1572825.376017397,875701.5055021578,6093296.126357113,1770324.4552712752,4004096.6045215097,4600324.501082003,9515579.007742586
SUMO1,10514769.998094432,9036270.930561736,8017737.732073922,14668594.57916338,5082010.539344747,3667857.8348189737,10364476.110663788,715102.1117814631,1487332.5956747837,1570241.9629815123,7294998.141893942,12355125.925982948,4936942.226731412,801148.6686265304,6471631.641008173,14423596.835876852,1257798.1957560785,36465034.40176715
SUMO2,16309377.66853223,36142972.85737835,7976005.617821123,33825690.57994889,17741797.611282196,36379341.41265619,22995666.36672708,18406812.303853963,2610770.9321130156,21029470.42374923,4113359.48094232,31807516.26371879,6393084.736291038,22850853.69607633,7464109.451682745,27353323.814548023,6484223.75792709,49379685.79962682
SUMO3,113227254.48180576,126434020.54069866,72253116.85802314,229155061.68078858,174296258.50326395,251786321.57494593,126175110.20837085,132054549.61067915,43049531.48025724,139909211.88055,47204327.27063327,148819654.13274658,43769429.834192626,177670504.67599472,45781309.368545845,234054018.19106305,121033646.3895205,245959003.58448297
SUN2,41110464.9550635,45094748.68852991,21859252.587026805,37979604.02021724,25938464.169861782,68178764.58647865,71313516.52913937,45254196.63648149,10328538.482627127,34323438.142102554,15232906.058590962,48451711.68738684,11571814.22539466,41133534.47166437,11595553.032301046,27642897.364110146,7754031.82324824,97966531.74126668
SUPT16H,23764603.428267553,37171127.34285486,7215567.6606577,19319011.544837702,8563306.066652328,27594908.298072767,21190395.201675326,21442637.88515625,3100509.6218977887,16950766.50879041,7509283.536204275,26236195.49231393,8778892.172302399,39351650.29958306,12112541.916569725,31446334.256980997,3660338.914385596,22599831.135204185
SUPV3L1,46718904.64390601,42447362.14164277,17742485.509068634,167262071.63543925,65975873.212855555,199279640.79879135,215633918.41593677,91209035.97527504,41545380.6151268,32355944.766962778,8342260.395209723,114831737.90847288,41313108.597625434,105465078.9543943,48248056.82858822,32871832.816194963,33169418.31230084,58346368.54143073
SURF4,77711520.60743846,72321359.0699997,40078721.09026973,122076564.66245715,37525078.57352717,64555502.160646975,85280425.68670689,50729992.39552387,13469195.854455408,40418480.929798394,41018079.88149751,58469975.62492388,9653891.648994949,95053764.77617468,32027368.200622585,56098946.42279816,25942053.7525452,91068270.76559187
SVIL,7143676.61116839,7309769.920987608,28859192.91612421,6813654.600753199,18795635.02147069,14378685.927179128,10091286.220619258,6898336.267671835,24452140.304445136,6179736.315329023,23328432.40859,13752944.51368068,18491775.82451163,11803231.408325985,23027947.56243877,4698384.097524652,28588992.112135924,7156591.808381993
SWAP70,12383912.464319397,17667447.972986065,3912031.1045022225,19462559.698432997,7389868.147224613,35174135.48663472,22594139.74819475,13079983.35486462,3685925.7015915047,8224967.472902992,1414341.9902431064,7864860.339882431,3178033.0974930646,25191870.06355811,3317482.701743113,11822217.872669078,3337261.517239062,24105456.163422
SYAP1,9849416.498556932,16720696.779750375,5957125.931221533,17778822.9538547,6115130.238963442,23974798.96565588,10955131.621090643,13750074.851686535,,3000692.0839981684,,7782021.348064893,2005787.9233763576,11754290.318994015,3636794.571068827,15633000.246256052,1393943.335280236,39850701.01432317
SYNCRIP,199690222.17040738,392445026.4187959,91392036.20828925,286008455.98934954,94762443.56611939,273673264.7600534,235634010.6397551,280329443.348888,58070613.3509675,159907500.27656198,80650180.6486643,294632277.4256381,76776119.65177618,384630660.3823311,70272894.90994501,215805133.4297318,90472540.82165693,373632475.9673448
SYNM,552732893.5516008,214650223.8990534,2801734328.4913363,490992485.065097,1827211573.821534,584821026.5118059,982620312.4615808,416944089.6308823,2327475651.586215,328376084.97931725,2319022190.353855,732597153.6591123,1614151468.7510424,626841714.2170348,1531127176.716319,291293092.63584095,2198111605.7759976,609767734.2229793
SYNPO2,93413952.67168055,53588972.03925954,1952888866.12611,119000955.46376052,1039824692.8037156,146820794.82113135,223564122.94363138,117152675.77332503,1583302365.8878345,267713241.29620218,1461936610.3967428,345002589.68709475,1190125480.8297665,113384982.37468345,1283775095.6727927,28904194.742073823,1783421443.2283652,61825767.64519944
SYPL1,49071622.61309804,41980878.23498076,84699300.93079539,91284584.75196835,71179045.29845291,90022430.89223598,66969218.03482309,60364617.94103014,35679965.06202954,25467528.20634793,55620105.93510223,43615115.64613859,30633368.677083075,64513352.94576385,42523895.58985133,41325973.028608024,55402874.533999674,158420481.9244431
TAF15,,,,2516602.0386649165,,8742488.127536973,,,,,,,,,,,,4297308.682241859
TAGLN,840232095.6328583,451558958.7316274,18421771633.71068,612169610.0335029,16184866048.578255,1341852193.7189481,1975945108.9082084,926052175.2475754,17075933634.576561,2575398205.2731586,16708062857.142443,3700042064.591811,11555860275.49564,968502382.8035768,13931650116.20703,229508902.81835973,17622076412.864265,618252428.2827413
TAGLN2,649805519.2144427,1407013395.5007465,709985173.4518452,2280998527.9259195,604909056.7948856,2076697583.5122814,577506376.527777,1278962177.572782,403167917.40811217,793559174.8680679,500242724.2803509,1400113238.7491634,362260065.67463195,1405437872.6745977,312710532.3935388,1046200219.2359475,464383878.17340326,2413973394.6615367
TALDO1,582605515.4810699,951223834.846162,413502041.1924874,1508894733.867002,677343117.3111324,1347402938.6655598,1426941511.8380055,862991638.8794327,184133710.83272898,638866924.5953188,227214305.51106334,929316395.1941187,272213892.7753644,1074400684.016789,328653439.1852113,858854826.633622,486704692.184387,2607814979.0735893
TAP1,1115420.157541611,8320850.575452567,157183.15351748824,21746918.775825553,1047410.8013968302,32944957.498855744,4549586.44447435,3168725.88253133,716426.9966358496,19060066.349001635,,1964240.985239496,914651.028356081,36485494.500792794,,45921806.67101775,538556.9206439689,14439174.27414235
TAPBP,20673486.474760525,25891117.82465019,7290751.03313615,29776528.628909893,9454776.41078928,46424677.86254354,22204221.9184876,36664221.948570155,4916806.9399944,55899601.189941406,4180938.311574894,18648634.1630878,6674496.290006389,46554260.19834834,10635110.277870404,71570477.80583237,5898495.688068844,33012160.846575096
TARDBP,10135368.946801228,19970369.250084877,2385088.7624291484,18934732.7931243,9470133.47477488,18486399.43446089,10932954.731874363,13737712.66529343,4574098.2445063945,8671280.630050048,6159254.296893564,18160090.375684474,6072234.875873898,22107842.596477136,2527530.1785167395,15599672.571997477,8674129.681859756,22817449.559644982
TARS1,46692545.405196115,62966277.52367431,33324359.54860526,75652716.81465131,39386359.26267191,64988849.756378636,61212762.58890149,68420544.20050544,20042615.9590865,56256279.92443759,32399134.12859863,54740798.06113338,29645651.571770206,104248629.50799024,20608669.260511212,48678742.25939006,24484496.333119255,135838424.04102284
TARS3,3150283.3700033263,4181623.527816729,2737059.884787035,7422084.20514877,4032502.0681301,4643633.189665846,1965971.72541167,5130757.89922318,2276969.2951725675,3184321.691199343,2273422.462558363,2779805.2358682053,1181524.288530572,3107750.4737938694,604135.6329770279,1217436.0439563782,2601154.234184512,6457828.9134894395
TATDN1,7718629.497379052,5948349.867704627,5204299.523129654,21941818.54476918,9267444.08271736,15582541.598344443,8794009.301933317,7394548.226297745,,6062525.27270267,5577632.56712921,5503233.044918958,662534.8188704606,8340063.769044383,4140979.851026477,7058452.757378718,8358686.278242555,24637607.307898983
TAX1BP3,28355644.095004752,16322002.944726853,18784214.60576971,26322074.722270735,21668302.500625312,42807074.640814416,13471261.370418208,19949166.422561266,5295072.967607908,6882190.605853499,13511470.520213254,37217546.25012609,13248626.079429908,53851863.237957075,14093209.739103897,29034320.585230023,12633084.793256989,29129545.848554943
TBCA,47127022.873642,108982083.35958637,65307464.24852796,142583920.05266437,67231561.88999142,144806596.33174235,79084221.69145079,37894094.82750829,26381569.88026392,43848756.1535399,26676641.35214927,52126613.6194189,25347312.640505742,58266538.16907122,26286837.80238434,85575835.44825827,58772237.39207874,174811226.6836733
TBCB,6871368.9742231425,6865357.660776895,19074000.140260976,17229984.640636113,23544238.308535036,22711896.319063988,7949956.008444702,7432075.62584921,20437810.679314636,2245432.3263586643,16904141.858722344,1275436.968108585,9823453.272001063,27360194.0241352,6079036.935612326,10442180.116183326,10926588.444549548,8108450.6212083455
TBR1,5739204.61604443,8367107.140844094,2255044.322910405,9220588.2401345,1484926.039081148,7220943.951291888,8480058.677333774,4439584.8016435355,761258.665005655,3769243.750441404,133249.0786925121,9110077.26771014,187971.7427610431,9321840.33582662,35389.00469963142,5204697.241992493,2488143.804442871,9084503.55691008
TCEA3,5558331.695420779,4410519.497359772,9569437.979251444,8448683.049585508,964212.3529485628,16030503.03786625,7273059.952197253,6201318.597267761,2322046.404673741,,1983586.6414362744,6643777.399282609,1337062.30479245,5193727.630846983,2245625.481067633,3266256.054231043,7496147.84775359,13358302.114906248
TCP1,221481734.50944877,509670760.44432986,155044036.42086154,508349676.82789546,220974137.01761162,312837283.94011074,404242429.92174006,378538438.4600428,106608511.25550461,213773882.61334726,95996151.85650489,217633578.6832381,164966949.72479123,392102288.293922,142103931.12209818,313066660.9643526,260106382.83723724,747173923.2800564
TECPR1,5655319.99098452,4785909.6045794,6601080.0339777665,5399652.5824037595,1269400.5217698193,5749558.74267178,36890535.70913154,12738043.790312763,9086852.64769552,8005483.673067672,6951717.129481455,9262313.533282464,4293635.311229484,9214849.146004856,7439520.69103229,6507418.401480347,7547924.338290229,9807602.413648589
TECR,25468696.756682675,38801309.55777605,17910072.405763768,66017787.609404996,15273442.151347328,60786450.300694376,20583219.99334323,45365990.37092666,3936763.5442974754,10942422.737677224,4362645.085460758,19385864.139195148,4938623.004049979,43216218.714380264,4066120.031695612,9644336.527091265,20262115.32220116,79723180.46150053
TES,190810831.51580995,344519189.2917532,508722398.53183,282386164.2879287,402723162.12539995,463510515.82086205,437059570.89812607,341059305.51197624,452584873.57448196,167999210.6296815,287576430.2649818,244198077.658899,218637387.18646303,216063131.52689308,206269128.0927308,246830623.37877715,450504534.3209007,374809647.8656055
TF,4403904382.229886,1665949413.014227,3091706849.438193,2765217227.5372944,6452301493.222341,3426725150.642172,5604114770.125088,2206406331.352667,2877789767.2293863,2429430769.88897,4882944280.530014,2361325217.8110538,4602035130.445552,3124208806.967434,2848878912.511593,794557206.3261222,5832947240.598552,2396581073.505448
TFAM,11150359.162128104,29158914.58727115,,46552613.08335212,26013254.098841235,55082210.77828329,40159064.71180572,19616341.22073637,1798318.5504665412,12678608.69698691,,15647446.891892642,9271036.21675461,16385537.628243528,1331556.3681785578,15792326.79858686,1609761.9507544178,103573547.61695495
TFG,40692589.092520654,51835710.24958584,40002516.56683157,124869030.2936979,39911254.490834385,82584798.61766772,53864081.92514092,59698476.87035042,9224056.987942724,16677795.776241276,15627068.954322226,56609140.97406333,16375669.874365645,45291632.43517405,19698598.07004887,35317216.9032576,34321157.38138117,69602840.14690465
TFRC,126998892.4563459,394450713.3990226,68768701.28538063,562944743.6373253,62557814.58389058,335856470.43549216,99919355.14791244,113840802.84904574,37546018.14890355,135661488.5474426,32901327.1844945,131497998.79647405,29470320.525524147,236057375.08517548,11311044.666969575,104488171.26527692,47152884.66332242,1364157847.9816313
TGFB1I1,62006505.048623815,149123253.28987688,165065099.08998823,155992899.80856356,157865452.9577746,229341458.26308712,180472452.16371873,183382936.08194292,191596698.3169048,151550075.77949345,158296331.49041426,198334040.71341062,101388853.1364887,229664957.68708125,78237069.12568012,135476425.40245867,167784118.59573475,218632539.54416767
TGFBI,220219417.45105246,766646863.3860552,430988279.94968224,699339727.4901342,453189017.7552607,457991497.7597316,411401531.2788427,387327145.5197868,761358149.8382096,872253344.6693429,378451880.5657861,1096666369.333465,528646123.3184848,669885457.2276357,450078529.6104123,231222083.59969333,848961570.1803379,361041682.9387953
TGM2,352930053.4333309,157907142.86148244,297797501.88204265,160066598.20366034,304558176.25366426,405695421.86991584,350336990.021199,285000131.75078654,167183927.41000855,205690686.16803575,149955872.80579883,282438981.5830596,152638372.35684317,276214222.79825467,158430306.05769342,283340791.8572704,143116748.61186844,173621168.30599633
TGOLN2,11825903.451944616,20963425.436547976,10722524.512413783,63031511.63660653,10117332.088877026,40290765.36896851,12315979.602910902,25962334.186330173,1503000.8749384263,8386883.980851611,3212549.9370826334,7699651.1815900635,4228014.142506928,41791758.81222486,3666343.292733097,20488122.39275617,6005741.99413331,62341326.477936216
THBS1,4969622.0940455,8636093.264045408,3536216.4214898786,12722415.110814726,6411082.835328757,15834323.70229956,12466015.976652836,26362052.762838975,20824914.136742108,23603392.07154373,2101025.934223373,17575475.217036802,7296581.597808035,16978395.05722642,5965378.177314769,4704802.824937112,7794416.312168248,7407093.243764793
THEM6,11489825.382683696,21545178.33880799,10069966.891121255,31667161.952418126,14021774.36492474,34060103.06000579,15530364.58560546,18136367.183659423,2408639.7727058744,9820951.556628603,3413195.5948534575,9401769.95647722,4179055.195455912,11570740.515866634,5143002.524572214,13795713.84748587,6865225.161829828,39716136.03140497
THOP1,1328885.499251383,3537450.241505673,272030396.19036275,28199374.3258664,6063287.782325562,20953339.497383025,1731542.6493448836,,670794922.4552051,6041151.679501732,9285800.010348983,6665867.994929655,571363619.5913205,5045325.969365445,271244328.0028457,8031996.191345235,3272614.6790138055,24806122.41710655
THRAP3,42442980.68617525,66499336.57617478,31593921.057454932,90836429.73251417,45893903.08993188,77266550.08445698,49588613.82364389,68477111.52468237,12541948.325551063,29302454.118230283,16252188.731721696,49736619.116414055,10664830.328703389,77174527.9842256,11052207.62060795,70600123.2819925,36863644.03393444,90871502.5659014
THUMPD1,5211043.020435733,5091474.213064586,2339029.7897531157,6588251.557476084,2263943.880573278,2644622.4114398244,8770771.630499367,6380393.431316693,1639104.8647826067,689032.3962109913,2215725.807229595,6967647.008791644,1728211.3119924886,6398026.057172026,1815838.670241191,1683686.7473890083,4358666.532327218,7181108.554876957
THY1,107527872.59134433,144722066.450507,206679793.60237455,133567740.53092536,124887532.73742847,247269170.3529794,205345353.51413357,228603001.82237962,101474265.87747139,103258319.41232882,93549344.79467574,346736270.3168931,122371435.41436979,248686984.21097597,96085728.96146382,91535800.58606388,113855773.04847428,189392471.217446
TIA1,8232806.854484022,13792438.877820017,8065521.823584855,19066486.40476596,8864668.531387778,7417160.78738286,2388969.69925153,12029156.990485815,4660581.572461716,7454177.767234605,4681121.784374065,11361219.796825329,2095710.5120824096,11754466.222549858,5976372.717723783,5611436.0534755355,7910254.065713353,14128490.03186786
TIAL1,16291220.524424084,13002213.198989548,28335950.216683228,33431477.140747502,32363913.469951794,38726789.812066525,16682181.01007768,12323370.18474763,16072669.34503371,6523989.409086273,10339955.944050632,15683087.760081924,6983443.781237017,21282359.24625352,11365681.421339627,9628892.931269322,16573177.75826625,25114167.15820752
TIMM13,33559868.46477443,48979364.734771214,12442441.301530093,100781807.26078762,14640370.699751593,51032405.873740196,51266491.68202424,37758581.948092885,4434951.73679037,11197271.254351966,5908990.730679768,34347652.24458641,10169853.828992408,50404061.992708296,7529978.04748701,29064738.029091157,6785560.571195789,140544723.11259735
TIMM44,17649648.971176494,17628244.111306243,14077626.736253599,103933645.68080384,21742872.63086188,23357181.87446634,22870538.111501917,19514124.060493074,3313618.802663916,15550298.51235016,11810943.418868281,23462769.031534553,6097842.189464622,26362434.698067736,9801888.074334718,8281911.428657521,15342746.78505323,30576752.833763987
TIMM50,28619505.112799466,42952127.1464673,19808282.57253495,80897215.83120254,37037921.39676633,72584378.23861445,29021794.393438924,28817876.574808136,11565964.534721902,19434588.34127616,15063669.864290338,28558604.487045795,15570601.63480523,42372456.20297371,16938769.580441527,26937605.904839687,26904321.98919626,101809059.3703941
TINAGL1,19969725.404548373,9780970.86899452,55150374.9781201,7650996.725423603,39328321.64593357,15721726.755498257,38653147.224869385,19985670.844528645,36306071.66308326,8739339.435138619,20651472.284308888,13365376.4878074,21938394.62143641,18271130.204781,34340996.98954887,8334916.679943987,50434896.10210155,8767692.549928244
TJP1,4593881.97477166,4114927.50209747,1609776.5021133723,2957002.480678376,2930829.536299098,4160499.4174906192,9683830.405564208,3900767.729712092,3569521.03124831,1750975.1876921265,4901026.942056024,2246625.4274027264,3158006.5296264687,4155987.317544276,4875988.613682145,1545124.1145238215,1776281.6603908637,421518.87814838026
TJP2,7062632.243046589,17625553.104828596,1465840.3102830993,4317004.436432431,5544330.608351162,4909050.248141417,12568537.702246431,11383728.730558649,1228088.0677494323,3528948.2515077535,3808367.12679754,9226855.147118114,6177939.430835193,14709817.27680314,3260177.829881008,9771754.208124427,3061932.757248568,20242386.895071104
TKT,622948061.078254,914299590.4448084,398589148.67263365,1086603176.2416868,510898594.92887765,559305912.4240144,617878509.1314518,671037236.2833525,257620384.61537898,495304775.226542,211257714.14256823,560308116.2036606,298764014.3713028,989311757.7981565,248916614.68216133,497514657.79361653,470404877.2183676,1153291151.0777383
TLN1,2047786389.0902486,1831636439.007299,4845600491.602918,3107521168.861545,4261130623.3852787,4453896932.512664,3376969924.7861085,2226766859.218824,3916892379.8663096,1823022120.47594,3653155033.196751,3092668592.9624443,3203841465.4953585,3220675663.6282253,3199303136.3233075,2535524230.1414723,3790587660.552412,4626913156.266734
TLN2,151723937.08358124,97721781.18727005,185009150.00844046,103997390.01456705,284355252.4363915,101064628.0976942,284219065.4119575,197584251.55622226,484024214.3817917,922943559.9262917,367970386.07837284,212889251.45473844,371161220.76477647,257488608.68609586,331334061.22780067,87928839.81103511,450131787.64349633,59542899.80186841
TM9SF2,115178244.37745829,98563240.43589455,79877237.57376091,222828150.6491717,52809934.10197069,140070490.41716325,145165768.58769262,220496700.02319628,24785152.63398455,72960899.53906557,49922007.40921444,54525622.744583756,40138766.77047253,342699252.7707995,31966651.461921748,98016516.86528671,57557247.38686816,204650766.51253214
TM9SF3,17921212.49221857,31128380.04233487,12464834.412062293,25969241.09183718,6208878.52452566,11520732.21526319,41099245.59056041,17144368.730816394,4471748.177953919,10520125.74864412,6699301.853466887,19127363.440520067,13036509.168559652,44553857.56819725,9808989.492811922,9078584.752672743,771612.8211367542,73059115.97992757
TM9SF4,8743171.392807962,8627811.450925762,1764292.6155974455,25998584.62501563,4863855.691545496,8276616.804277307,3084215.3348504757,9872931.007898465,5536639.501118279,2498909.908357978,10157655.588922853,3050337.7102388614,4337210.455585842,15791450.068477089,7834962.44360407,8370722.796122324,3959595.7028440535,2487270.5978685366
TMCO1,13213324.325872226,47542253.89798062,5354412.001355983,103303514.60657206,8577783.718905117,44313128.95255996,20694525.607255764,31493423.305341065,3659311.766015679,14911560.832042389,5530573.91367759,16690707.063302565,4410639.065728104,39758943.49579917,2850775.4160813196,16518441.742106736,8165539.848792425,52867835.10210777
TMED10,156037625.56652957,152102826.92830572,89008097.90996912,344940059.1471257,99353934.99031383,233752907.23058727,235065893.60740265,211760683.0615893,49808576.4931316,104710559.03743356,50565017.00432855,127965918.88295794,72374812.24382249,257326417.87104988,50187346.2091585,123911477.58018434,117767062.31863339,299175636.1125675
TMED2,126966913.14981112,82751787.5434912,43695108.16895655,202435019.33064854,60203138.87435005,150766917.5439359,127869284.99361008,107777957.61836454,20527678.654657066,74203694.49239022,30078756.367432047,91017501.42495894,31763675.69986035,121783111.97936752,29647615.559930447,90703773.03245315,40600336.19509286,164549936.62384522
TMED4,15423215.940059748,18099347.672061782,1217961.87621719,29117174.527215533,2497380.156155666,21604953.050235476,14741802.71732501,9289547.822897512,,8503333.844751015,,6031522.596112903,,36843275.48741162,,3099661.587687207,1429350.7108749105,52659150.6970671
TMED7,13597337.09034248,13819710.515975429,17882284.600380305,30418935.08963865,11029028.718131118,32734788.96626384,30429995.786449004,23982398.94031509,6485143.717943182,23212175.67361613,11730459.342637036,19423874.361205768,11552872.788178748,24167170.646656744,9399083.994637674,11264469.40833542,1834100.1282813589,20722876.0841799
TMED9,17733650.90060557,11899292.10950171,9988193.80594221,38388089.03015385,14134724.11774175,21650980.372298244,23759612.92409698,10880243.37451564,5007422.266042509,14637921.992838144,4482931.837449789,13186846.63042061,8535878.985009821,14502627.293967372,6109654.084974425,6086497.338963034,3307758.6308216034,5925380.218437403
TMEM109,48038828.91446986,40115190.3535808,87565031.24924026,69496674.35113512,62638739.71743012,97007805.24962328,90492183.62886368,35579980.6673642,33130261.210979372,48287984.13380288,51747088.31029084,66704220.47783642,39866190.97142353,68066274.91781268,41011893.58095651,55328586.35030398,49987381.44756163,101409960.56182791
TMEM123,6487124.1723121535,7488996.393539043,1573666.0286528328,18525546.84097329,2736221.5197311873,8853282.332902841,6335088.001571745,11604821.04061799,1909964.968597484,15497324.485282363,1448032.5503128534,13095264.947668308,3482061.6045334945,18206581.00723474,4430230.567723884,20817083.19088801,2914463.9008563724,29780723.8612779
TMEM126A,2587844.0926808165,3218974.7317542927,,,,,3333619.2180384994,4300411.4645177815,1172232.3741401515,874162.459127096,2672752.664826892,2609755.3078599027,1790992.9615446825,5031744.054607905,1896789.2194592496,2227374.3774757963,,365867.99115017074
TMEM245,3352647.023811531,8572547.355934419,11903074.241618896,1712437.9671244514,,10330944.493819036,5780177.0890866285,5715518.015636607,5545555.895871123,3498860.1989670326,3313737.029742957,5475463.686814696,3163738.3703997536,5048310.112392354,3643031.8106596144,3523409.3225600636,545092.5547037746,1829669.488282885
TMEM33,11196941.343961926,35451771.379786514,6111333.903812472,33515772.065472856,5381485.291071793,18592098.356303908,1862710.015714811,18674104.763629988,751807.1528348638,12509612.98917177,1581370.6960700168,21110204.335023712,4608884.517123222,33503763.218853965,1292121.5441333018,16685161.242603676,7025241.933170724,38478624.85734951
TMEM43,11108956.603838822,21873152.72639872,26478957.752041772,16835220.673625086,19988665.994900014,20199034.75703635,39595889.611633815,20501624.83696071,17752309.171128783,13748292.925754253,18505903.26526574,29117782.57428964,13194026.943531912,25935173.363050457,14473295.521016903,11382211.729289029,23167409.546154507,23446716.568366285
TMEM63A,13458657.511546036,14202025.396281729,7855135.12276075,28166224.25084391,12233548.82482122,48419305.91829696,28189947.414771825,12289724.958308289,,5084938.070304481,3231742.7969178413,13133577.024832912,4957971.532173621,,,20015873.398958184,10690989.04854044,89533593.34760107
TMOD3,9289683.795445625,8494071.477006458,4339485.009185382,17114196.882054962,5008953.479737076,6714585.530878461,15660578.428133404,9798738.814667745,3026689.2350087552,5153782.375434535,5011009.2675720835,8375912.400568808,3456429.0915210885,10929093.614241268,4304887.255142865,7653954.124484783,5511485.892119605,4594267.22940968
TMPO,87218664.7867149,123660092.69251743,81985513.9611699,119692204.23527306,50846472.60698718,145985994.20270976,156810326.4324901,117146234.91383114,27683861.558725223,90266863.7391635,50001100.601111054,143550423.8983233,24410307.765875578,143835430.86636508,33711673.50159094,137037184.18896487,54362199.433580965,257466204.87327838
TMT1A,81013790.78225568,32451282.60839006,105044800.98568556,59327302.01836607,113826056.92941688,60096927.41393125,107350962.23465998,69378787.96645693,38827613.21731878,10255423.106903099,61816017.86753736,9758488.323950723,36944956.95897773,36036923.21605174,40537328.04422469,39805649.28287453,62534379.96733517,19118824.82366067
TMX1,38137422.24372314,29409984.263111312,32767298.345845304,72278818.84723201,25531543.648743883,73804553.65337184,42669069.56917322,128050262.5775803,12235582.805049278,23324674.413257964,20020893.558407985,36552138.248169795,8630817.24424866,20280585.303999785,10403044.682547774,9082154.778853659,30709086.915561706,68829067.24286309
TMX3,3398310.9876025184,5288436.325873683,3161856.2530163326,4142848.410637461,3487112.1635056473,10738680.51674477,6492539.650129899,4771659.553415979,2617555.0631577563,2967804.0373233706,1984613.2221972784,4290658.609229522,2292720.113746212,5382156.64716254,1829475.7077630097,4873428.760351842,2986041.3836025805,9952541.471153278
TMX4,23037031.737354003,26013556.74986013,13889383.464703832,39885450.16046125,17582864.846390415,40931206.3632962,20584670.984293263,20127946.192419857,7694385.585822804,19554982.174863793,11201588.232258651,21280141.608124074,9973919.85393012,33431852.265339874,10119615.390715797,31394030.104412112,10519553.46560212,35917810.635066584
TNC,61648190.051531285,365617854.2717127,704561295.5428298,342116589.29376113,836431605.1052362,682033791.1315386,277221498.4039748,550350918.4864446,2088028282.8642223,2517734403.396749,928599609.6525496,2575065809.7726183,1735423228.1310172,930596504.6042224,945249690.4651024,119839322.2054276,1547595615.3105214,672309755.4825368
TNPO1,5048652.540206489,14359866.272352442,4592742.641635615,7395801.549323456,4336262.274099008,11313777.800562302,12745213.184288831,9455809.42958615,2370258.3780537904,6877735.752742053,4025444.556248511,9682616.296588548,3628289.4495484647,8262749.081685848,5125177.145492961,10024284.611897662,6197033.354941467,10522469.280644298
TNPO3,4189107.8688621446,6481334.488838876,,7934331.0733464835,880466.0762716241,901370.5059562144,4482582.926523627,5113944.29955395,,3501481.18462107,,4130751.458323461,,5260985.382788017,,2733146.8151841154,,611694.3653595765
TNS1,108476864.2155977,52805092.105069116,795164475.9920355,91930169.47997075,580060884.9152086,191062970.51218218,207601475.35280812,88101293.31679064,677293837.230279,99059099.27448256,535930613.8943879,260585686.93019402,573305341.1356355,139103684.56311288,640924347.4546974,40895376.43628167,730160900.7536182,175528145.32739043
TNS2,9315708.931026708,6609685.997595205,63670845.900016256,9585415.689399457,39985403.844162986,6533818.662435632,14154106.889678206,6406930.336899709,50061621.29765287,3472920.5972502446,47690078.55479741,33039613.41803668,44587044.68215189,17409027.57416105,47352795.68358914,5162673.237042702,38345879.05295554,11064520.690167883
TNXB,126901658.45501459,112911512.20629236,235134661.41409814,197609644.09054115,222590288.08141944,100924710.2968693,113184574.46685246,97500529.92864715,144655033.62049678,69792465.33196302,138204203.84753853,109429417.17787755,108242108.34053873,140906917.44882372,168560466.32009917,95441512.43679355,100318643.90388928,196906676.8674121
TOLLIP,4377277.039829239,6889343.431012814,3282982.025217442,18604020.642554663,7602720.368632585,8421802.610566383,8111458.831865584,8175339.207898153,1809452.6840975953,5382410.131039776,5841355.1043812195,8183103.876032953,4115284.99631108,8898162.292681925,3285883.09019035,3744706.724989161,6503069.985244381,15418522.67419995
TOMM22,4251171.444347403,4085645.2720986847,552935.3584286424,5046867.231480117,1098494.842913448,1807884.6176362068,1185949.9573997864,3177076.2912411815,814344.8911339245,1997671.4539579607,710538.6864879988,1671433.809067482,1539657.291710801,4560699.646005693,1799803.920064216,2514683.796789609,872685.7298658965,546074.50268952
TOMM34,1950572.373965908,7872729.353400655,217095.4340324474,4822446.333598839,1679924.960225554,2078070.6993341865,1326113.2074260071,3616587.26413162,209027.4697579162,2391621.893500768,751238.1403551584,2978776.2341179983,773744.8768215312,3457300.760155765,144269.28800008874,3583437.402039786,492476.51045544154,3676716.393848152
TOMM40,37061049.49571924,52478787.05893313,18782969.335554667,93693028.01363012,24126129.667377826,111909351.35727468,48919878.458411306,56856837.43356288,4035859.745077644,29066651.088853586,11158945.474408176,40157460.45682259,9106125.394395107,65933204.13388749,19301595.19577618,41846014.88243674,12686576.233110655,122204902.08696514
TOMM70,71401644.86120185,154773733.0858959,56309729.01646949,197838388.59737357,58829487.352290526,163514277.7123666,101721097.6557124,80564090.32647905,22762698.74429065,40210383.94206629,41879639.113764904,77033966.75773157,40447330.12705945,93501756.14177614,32002919.91130958,72672643.98297271,49624187.13649897,303577050.60777
TOP1,258495409.52452648,68022707.67082694,365699027.42910904,96530830.37766957,490480240.6235656,55092171.159746796,297139230.7604691,80039600.96281399,412166000.45102626,126200068.77426042,313195709.10443974,24996090.076118384,268804350.80248475,83196971.33237723,19148086.794303514,49300235.927192986,301662042.0777068,79575376.90054551
TOP2B,3361052.5862070587,12647838.97848677,9606885.890218334,14018216.002794674,10829237.361910958,16780670.122296415,13657950.275009686,13434284.881154943,8315924.341991454,8333650.896969314,14382576.297446132,18788157.059330076,12643853.92727882,13632707.52487626,10830873.237140046,4816192.178840455,13411917.027238572,19574605.34302425
TP53BP1,1573484.6860871194,3087502.9897710527,26533884.521132704,88631681.12394533,48954932.73924026,57242667.13465446,2438203.344794065,2243543.7178711826,1965130.041119557,1584093.8938299748,2423467.5348997987,,502267.719301076,5265745.197656705,601670.0993076301,3428901.777729419,39790435.28693415,82168591.29914637
TP53I11,12260936.919442112,4346826.27888558,9592473.56572418,33294221.819765992,15154135.871506872,27443247.04613656,2923382.301658652,17996250.149672065,4219164.964819573,4403335.701448265,8768133.644716123,24713425.561645877,2508806.318416487,44367554.78657419,1220428.9594098446,3582127.5554441907,685987.5000088189,77541400.07764082
TP53I3,4565427.243672945,1187163.9794346413,2631018.938447067,6358921.541480381,3986026.0005747266,2632183.9813069175,6820056.755261497,5832111.053738058,3042417.768353462,1838618.2236340195,3855952.232610464,1610578.5299903462,2532583.1211485025,6358899.881431092,3646137.644152308,720935.324716315,5314727.657263172,1001425.52159024
TPD52,190700021.8820611,189905205.9511015,123236993.68074466,605715187.5665345,84240856.62127298,275159310.9369827,266887378.9052086,270982529.2111997,10533587.66602876,71595195.34616655,69812137.67681547,175187881.71905383,65229493.44129385,332414490.9394851,15742331.380663715,89478411.50256062,69132698.090661,233927809.61056525
TPD52L2,47727793.04336153,288624134.64886975,106898943.14668866,325449069.21649814,93093806.41018882,218628197.78822815,134619327.16354156,71671963.30580194,51983142.83749705,106092400.26781762,53845082.16906252,131246049.9578091,48369441.37517241,164165362.35896048,59473479.33304591,154336536.31296635,89026018.5574953,373516041.02027094
TPI1,2333891338.9984818,2467592940.5036902,2653441250.2597947,4707934452.768952,2866674870.86842,3336796318.3337545,3103071451.6761293,2102559321.6285543,1193287767.9606671,1312061451.9105034,1774543173.114031,2849973981.0107975,1057670379.2010448,3148431814.1132865,1609526631.0081062,2544484784.9529343,1990433950.6974778,6578021984.985527
TPM1,491461814.53124195,232165358.42953596,10633400934.341145,309421883.83680254,7479696168.099405,602820481.5813029,1237650266.423108,567260807.906896,11418416833.182863,1264539437.9991322,8708884251.541546,2164025437.3325133,5565034605.530688,789704074.8786159,6012262801.103087,173262112.14039552,9460768848.415878,250102260.62935364
TPM2,878185706.2187471,506817889.7057503,17747827914.087025,936272455.0870167,18010764960.732746,1109829049.9392753,2035710026.0556374,1320119113.7426355,18827673944.08163,3121963810.455196,14933273980.252663,5911303119.458612,10701800854.756733,1483420781.1144369,10458507108.887592,438277352.77092654,15327471233.225037,710395267.4107709
TPM3,1674381755.6409812,1150245990.2448306,7100772408.975145,2012297327.705337,7721535731.738414,1606259412.685462,2477883665.9125724,1427487913.41261,4479386151.93785,2102013175.8556342,4538977688.877409,3587157844.88641,5186083435.393186,1606254127.0256119,5017873732.950237,1088967060.9009254,6013941632.251276,1663545806.7457619
TPM4,354739746.94636095,343764690.0881289,2390857495.9283752,298109015.08092207,2073946163.375798,931238559.1055102,613641437.5665121,628551045.6297259,3727083529.5627127,597275743.7895086,2420865824.9221325,1726053258.2720027,2406918399.066821,1067090588.3022207,2200696661.9593525,348929682.3583372,2276904267.301038,361680042.8640508
TPP1,445252008.4521392,96367908.9623946,55608817.25713482,175028612.67595178,87862411.61602232,91940410.21315219,308067419.6540388,124584543.55157937,55653069.1231921,54641523.008221745,35807662.72181738,94106569.26231171,130465856.06569329,78072966.32776742,69320374.28061238,99166299.76472826,52170595.47753758,68006930.54145552
TPP2,50048883.24701269,29157890.55807432,271417562.66707057,98555999.96721204,118742255.31963696,78011616.46184385,59789157.40677515,21541751.52984907,36560391.89629557,15704166.281675087,51604574.557387985,17614575.89220497,109665893.12503655,34890544.58158566,96519705.03399792,21450915.401281375,246831711.7448412,275144264.2202126
TPPP3,46836641.59620017,46371584.894800365,74486329.93472803,17865973.317168534,21306389.95579545,37300489.214155525,59405867.769763395,37593772.851352714,31714477.030622624,18631269.239754237,48013931.486691274,37299902.44793557,42726880.1079662,25814438.927108444,63152073.47604591,17385211.852063447,10069265.024440072,20135435.461912528
TPR,8001329.463366879,25674435.288990695,3847932.8898570184,16454054.578234652,2945198.621395384,24780095.864827488,20248270.123385474,5429504.106842326,10787256.556267243,7865373.715585886,9423193.090282468,20242273.88227647,10836767.202133002,18778220.089059934,8964296.522289192,21101629.427988365,6104655.641662027,27040723.15245461
TPSB2,460720842.65176624,42457712.93374783,991559974.9294214,223835528.9081334,815683458.654028,392372366.07597876,1803343634.0432863,538724396.1113894,169960473.14894918,21717838.860069998,569339275.0149962,88469426.55516647,174990732.44038394,191255431.06160665,184521376.9700458,30145100.946534,545495228.0208282,29084888.18630527
TPT1,62854929.719646215,152456130.49520916,37724063.23587764,209709407.70048803,49387951.99808763,130480006.75436069,104980753.59840992,124936186.90595081,62453188.86422163,44799343.29802726,21785925.0408096,205125099.36408177,50895513.97630566,210945212.62950897,6869363.837345664,138292498.28718984,71762055.72723773,166872480.3831188
TRAP1,383018477.2798523,853670332.3200687,478792399.75436485,1498880654.9157412,557522053.081415,928563193.8013699,585160071.816405,675021702.5638324,170225646.90942913,553373192.4688345,157521980.62596148,657587775.7754811,250221246.97518387,1083100448.9875264,259484438.38893706,601792086.2688272,471001163.17469096,2354242579.080576
TRAPPC6B,1352589.9307792147,1295509.332878271,1322398.477863765,2079612.403535058,875812.969856445,1064348.9892122415,1846354.831646849,1004158.6523928092,1115252.805533155,966884.9814655762,1136351.6546646082,1235838.1201560348,1066953.1607456857,1793811.4303820508,944608.66423429,802333.3388005468,1071529.478356771,1156503.2068752907
TRIM25,48966675.160154104,73914420.45806044,55748640.78387953,115133963.99920833,76417126.24162962,103401936.06808499,89832481.51752114,50302857.95318966,8859583.339170322,31578599.515855383,22063798.846389998,53518029.94225194,20041280.62937796,76336609.5532603,14751500.010275453,64020937.46855344,35141478.755654044,94042803.31216675
TRIM28,96401674.16729389,194945821.17442027,38117257.19965437,120798439.53807065,68355080.43355414,607796624.8951393,123878857.22880295,77439031.99348022,30949142.22115503,104690381.84118563,37599308.16924157,151816698.44469884,23166545.205223367,215230982.92746988,41520148.73433046,258436627.53999555,22332134.307450376,198699875.03216484
TRIP12,1451234.9811820528,3375221.922828694,993920.1260171476,4228911.459142731,1396407.4216921916,844644.9330032271,1696316.0609795204,1769651.6361891176,,368601.5774435713,,833859.7609307874,,1389841.7073598518,,3016015.0488052433,,3044275.7406248883
TRMT10C,6025575.285456367,18720421.25175273,3887907.0727856825,22913531.67648406,9691997.144559825,19644810.695166167,9081605.415127115,5396893.53102771,2647611.964633406,2642011.6717300573,1294695.867427928,11957731.24644095,2401766.708191388,13700273.96871755,1916607.8962892964,6931886.729825055,,23024208.81829153
TSN,43944800.46629896,86474138.41771927,155078633.5529555,111998197.89738323,62856038.2548812,105488576.43431978,77987148.85113731,69592925.74324995,98082417.59251961,34839529.188808404,28085429.626285583,56460228.22624143,24498072.454880893,82595908.96419397,22833134.2559406,92406159.51735488,33074178.85933916,160568129.95845914
TSNAX,6313075.582955675,6480648.184846326,5441277.611926043,16163972.625870071,1566470.1803899673,7151046.514986669,9025947.866402782,10168332.354302108,7033139.991193276,5737323.392744048,5517077.24953632,3177937.494057424,10085710.995249012,12399817.888485543,10788822.362316305,5091513.262354554,2812953.5339601887,23265875.636239313
TSPAN8,138154725.2823167,111498815.24884813,94110028.99952462,849211178.708858,157660228.18244496,297203710.3558606,157610884.43291318,274946327.76641184,14923850.00064344,27504562.88323204,31028063.93721399,105525988.41698234,43965377.4289717,181884559.13567808,34442841.1533078,106076723.21378312,72274069.42060572,182391656.09265944
TST,538774398.2858173,381231191.01145846,311530488.01523,992681332.3742647,412501166.26227754,606135835.7438612,355416647.00238556,324520826.94637513,120396311.64215371,255768291.77015355,166039581.59267724,195022272.65299734,189900169.58793142,481685218.2775847,123713048.20926908,225784355.1387034,246609556.71547893,1013753028.3252802
TTC38,579957.8786433737,219371.6258317467,1119003.8968191126,1222808.8761770418,3203724.652385187,1271436.97847611,587696.4852066844,856218.5078122101,921637.8193026868,,1133014.7293271115,,435353.52394031663,3464163.886394444,192837.1642539995,86859.808738559,645300.7539206806,1427234.5154560274
TTC39A,3376295.61949237,234779.9169247824,378907.4925415475,7884607.377731398,479858.7366032176,7434309.898389235,4866657.16386585,486966.470914404,5830242.164175706,1872565.2150264217,48853460.60659529,2080798.1120869976,2184548.483039252,6614464.023256877,186344.87941327857,1293032.941649886,487253.4971840997,6261671.821066641
TTLL12,56856859.4278923,69086794.70697938,39324990.041880995,14673076.440546883,5964411.424437127,23439847.29637725,27219470.47192519,48463722.623900294,16567306.830434868,31645274.64344845,15992285.482745066,10092604.76908004,15743528.63918696,68108806.6149507,35040461.95430126,38563463.47405181,8648852.179255888,36295244.27029092
TTR,351184609.05473566,124764065.6474048,270269385.33522725,346232198.49534935,408455454.66943413,254397704.08630002,445002086.2979276,212983619.85527462,271801116.60818326,171044336.10535288,751554089.4984937,362221593.8789184,436736448.4447572,174334916.77338594,355417126.4046489,68377926.09110102,449954197.2576499,90579550.92164841
TUBA1B,788236378.0108525,693282064.1358105,674014355.6829997,1184153906.0612507,629616523.6039544,1194698896.2252557,1122797454.333361,749482281.0599201,906078576.0196575,467185661.5592499,939610161.0941204,754665811.8676322,653753283.2610823,1215109996.2823927,729233532.3822892,719983929.7985163,414044805.6558182,801498486.8436996
TUBA3C,1428687113.717691,2026167952.2133973,1927155420.659885,1888142132.9444106,1789954152.0006514,2287271768.7079186,2176039992.4036937,2124633760.7283695,1496865792.039486,977701714.3136371,1746400825.535785,1773542581.3305793,1264144795.2522624,2284952284.7067075,1274722548.4159482,1697695554.2460618,1222276361.0051873,2324473126.787115
TUBA4A,76845350.77662036,69483838.14427629,24089670.987369306,145101270.12092027,38202698.78625945,88008484.70465748,131911274.7473917,49780534.52161378,33507901.289584227,41498918.1563962,56256226.44664742,37068425.87567121,49343421.19507188,132870677.12675962,36419224.91643464,105961623.77335593,55412106.781856954,137573383.5893622
TUBA4B,126629727.38125572,200332807.08422065,265338423.2122936,237352638.6600853,206777145.46199316,310266459.15718776,243170264.88260308,182206706.7055992,102862588.97515371,162242789.32086593,138431867.93727952,138645152.3430318,138403067.54669428,232180176.5914156,126297114.06034368,175104773.07593477,162813305.3211731,255182763.08753845
TUBAL3,378580044.85946333,395735209.1098491,136697180.97893327,208734893.72007343,225491608.97575003,509012784.08577955,403711484.9245267,365142595.84616435,344433212.6736233,275288062.1502512,266268811.79305995,423820201.3756813,301803018.45934755,448861130.52032137,218147487.54383644,279299741.1128147,101992189.81018746,253330080.7000995
TUBB,1766874804.6497808,3007981888.651319,2492888368.943263,3456158086.6105337,2222718612.814704,4503778164.768481,3243324511.7295704,2545774227.8267117,1517887145.0830305,1277631805.981533,1360541634.8685942,3124254942.299952,1523508057.1645546,3403251497.949383,1295553043.3813522,1975422528.3453107,2252432484.191826,4347901391.52651
TUBB1,234871450.51679543,607512231.4408653,448694803.3368517,585010979.4163284,532108136.01728654,537438770.1261802,219326796.62882712,417928071.0047442,75606660.41653083,154850139.34084567,330897082.39311093,232977920.49549225,179922213.57555607,573040952.5590881,273522945.14222383,438484341.83514667,107135438.16051967,580417068.7946655
TUBB2A,84691301.15732184,19263401.403099976,156504038.79944327,42162661.879743434,102404161.6868873,65317909.86491506,102940370.34520814,50472828.22712883,197778960.45177758,33976970.64537457,234369124.2805012,36073156.80618815,158412345.0089,35328930.66638879,143082234.32763386,28791170.706325173,169768699.5438941,34444310.23471867
TUBB2B,15463356.5584149,3127882.0684137824,28600517.443401694,16174037.511271788,28974500.743281327,5101594.439866284,28943905.19981403,5985098.374016082,24217604.928984422,5232461.253361432,30073081.859230053,3905353.698476876,13756235.760203617,2463127.783271114,17171655.40485306,943069.3148996592,8010964.803097724,2686754.3122824575
TUBB3,16600621.158663265,123792761.60929026,69254334.08057813,328769430.8213464,113714346.03736405,259518003.65123135,66839900.41771278,22071172.091376603,26556308.778012604,18803618.01907719,56772761.56321514,59611967.772773065,56028851.507697165,71621932.27929433,57429721.096801326,98361129.83744207,48271548.43047862,225341400.26261926
TUBB4A,1570438430.5342522,2319775126.013758,1868671394.1900702,2239021007.1180634,1642586923.7513,2373470856.1565623,2020524024.574018,2116202980.7625804,1426151343.9586866,1170058902.2270088,1797878916.9263682,2059610830.8509808,1270090550.876842,2956523373.9731135,1130340575.0820315,1483110120.1499276,1486630835.9791625,2945003194.2153955
TUBB4B,67531627.13699336,142023080.28101566,374645414.7724652,651171726.6215155,270813796.2970432,215088644.2091686,85678589.05551672,637246584.1767424,175062025.36701363,153873272.62048203,158727838.1141348,410976194.5432759,112376172.70704202,318707797.57222944,127234077.52873048,304683103.5005193,283584436.65633976,413203768.72509253
TUBB8B,1040468852.3322482,1302444487.2433178,1315037463.3872213,1329792862.2031798,663694893.90091,943552053.6969088,1420697392.2764635,1028523751.2468063,1168390686.9397206,573176058.9227357,1299178795.8710577,912005862.8113998,817822254.6980135,2050613406.945196,715377335.0564688,1037745859.81267,906132148.2343212,1220691257.4655833
TUFM,581359233.296967,779084665.0538349,539204779.6800065,1804735109.7467191,461956868.0280716,1084870883.5647202,577023236.1201254,572825142.2446367,151915730.621448,358793391.9669344,209673875.35661262,551357515.922955,238960223.42429066,892889065.8676313,219108653.04694504,301740809.3743559,266941176.0093431,1503794312.0556524
TWF2,22563938.69058066,47449699.16887969,12606969.87103542,75478163.9460596,9248602.789637757,59819570.970964365,44707776.878725976,34379290.076163456,4287942.9952953365,22859919.805188082,25171014.613806184,27033621.227361716,5027436.590634817,43854085.27305558,14715638.672191266,26571351.002995573,17496293.374273248,65563014.5562411
TXN,434832538.8808445,865289381.2937132,119234129.80755228,88776450.09429842,47262430.29336491,187731807.84226823,304613800.216566,925796907.9739099,251616130.5021244,501574378.6509439,614746524.6982217,918217355.8297588,418341296.0028625,905192905.1304656,303457547.1557531,478761514.6375665,14106927.659565112,1640060093.3952844
TXNDC12,198823804.28581095,101640329.07572597,205153980.20271304,122014828.42103766,90842274.70836538,263253930.73826554,802927818.2481493,248359642.76975363,72939509.1507242,43857250.75793633,55914037.78913104,166163173.74345058,263939587.32557726,133925090.1914638,283580160.44170016,72899663.00536212,260637518.83186448,189536075.69736806
TXNDC17,67102309.884452716,64584047.60435135,67334061.01816212,94124357.33355686,60365747.47902261,100343637.58780298,68342245.81027669,97004329.28352281,24971749.11122975,33295531.972666472,58621607.987647064,66529166.09246291,35073407.98982246,120139813.3953114,7032701.129903497,70000521.1146959,31405826.534526333,19440922.892228283
TXNDC5,803963191.5925926,484777933.6159745,222143967.6201294,730666641.8674502,374797263.8577184,638244622.8802236,999314322.2456669,991753621.8117199,159943721.4545436,137277917.2509696,201592951.17059693,245041780.9472683,169253275.853512,729325897.6247026,178313265.6310684,345062558.42377204,235345770.77049524,259439449.32878533
TXNL1,15184762.689672437,29432875.15490569,39990176.95313017,38865536.374017745,41852499.586916156,69878947.53403191,37674415.17931995,31743060.237979937,19844598.350646432,25532437.4781702,20024912.9388749,25759751.336324565,16712319.97217926,36600974.16206843,21158813.95277059,27494229.405751377,41536286.69365273,83830062.20063552
TXNRD1,69761217.00323308,34346098.561472714,86182235.68532665,92588540.69669445,46133656.871546686,64068929.96218472,75918645.66842261,33278491.7958728,36671256.02627321,42156172.78310235,46947171.25163887,53006428.54770462,42916560.94774336,72237559.3644228,39477342.150922865,30615453.458259407,67918518.80658753,104575191.70245178
TXNRD2,8314833.506701487,7488395.368937423,6894771.045418322,13316557.848995354,10619524.144171262,18722466.57504461,8569744.373358903,6164654.009892035,3671074.043789547,3621692.286660435,2829652.7040634663,8900629.309953967,4476186.89398905,6819356.463208052,4725524.125800733,7201162.714510076,4401727.854535675,23710615.60225412
TYMP,92359386.76093185,60053722.95851512,25115749.246778138,111537989.31456241,45843672.985002294,124562494.85750964,175272691.60024798,108382331.18321715,30660578.319827937,241151456.10791606,7663430.885506527,110954892.18593596,28084584.639596272,101521423.25886354,19399267.078835636,123775538.35523254,35463630.96468193,120448931.60055976
U2AF1,29468293.53715808,51616319.913866356,19849243.74374075,44814972.071235925,18129342.134732224,30822255.08015433,38850461.58258953,27644390.44848412,15907902.084538732,22995121.10007836,23693944.72671881,32857561.567678217,5100100.919262858,56146052.829736196,9599927.058340773,26125160.634861227,17435578.97228515,25539594.3126861
U2AF2,55344719.74099831,85555112.16377626,42789039.847360015,92166228.61055279,39687072.70275289,99246356.6140503,57561616.85965979,56928644.174542636,6948001.639206211,34075646.26374255,12833515.3844983,71204910.54256766,2844481.1737712477,69468013.41643164,10132934.454606809,51566571.16955906,21917612.908487957,151666920.31238043
UBA1,479636153.8314698,558154699.8637962,491357296.5613828,997065463.046764,564598444.9215875,966708796.9482375,763674380.6684557,462952279.60497546,341121656.75531524,321329154.90052503,292078116.34162253,572484891.2120045,231814427.2746967,800067635.1795462,253324220.45951402,790339437.0823113,351867337.92936224,1229503696.3445113
UBA2,12710107.001895705,29512441.62559888,11755688.181331145,32141294.13207485,1934117.443362262,45988193.13382206,19335297.100066785,14597952.195758164,5143647.4251821255,11182645.171338541,3150631.1249664174,26233043.800751343,1998203.261591848,31089389.284843132,7734908.257438293,29394942.421568997,5302568.894809738,36565999.24634946
UBA5,3161462.2481181636,3086251.2139513,4474954.795957403,9878470.94788214,5368916.912796196,8444308.938972667,12537230.39346475,8794214.641575698,1334294.524964857,5147904.90603029,4342921.2855737135,5459624.991066534,,8335371.679818686,2652242.514454383,3400748.6576976036,4571435.053142892,14322786.000663567
UBA6,14891782.644227568,8778197.983917888,7281922.655761959,24907176.098341703,17677138.872571878,18050219.424588405,9975636.346760564,8325973.155337003,8114720.2322461475,11817371.09125949,9243904.17399636,10856108.594826503,2957475.9890568573,19015935.22126466,4173548.859667564,13479023.532687064,14523464.202185044,23845969.66359232
UBAC2,9415679.649058728,8505768.804963388,18807544.808354232,26688906.106169205,27223099.934010487,21680505.87666975,12645465.86192486,27781208.289394684,4386188.013253181,4675572.893900017,4278066.089799646,1899351.9237985453,5012398.548405971,16556839.63620886,6828744.217657227,4552779.44458135,22341096.07503681,8335473.830722758
UBB,920617385.2756433,1426303583.4943497,1507047906.715035,1638453939.6927533,451189338.4651023,1633869437.2952507,1845386649.8581767,1165595048.3927264,608388189.0135558,816058867.1739395,696800250.6246976,1051092775.0880382,624279656.378083,1310855280.866256,424771266.6833091,1665544192.340978,732456534.2857969,2661218982.976834
UBE2D3,35364608.51732041,36376028.84378355,43946324.860863484,61130670.29147161,26747970.556282673,72708611.38191146,47265776.797408506,27696040.311049674,6270577.063648218,28223097.81166409,25785285.963165835,29129046.659861017,8152576.578287569,64125639.0801584,24317893.92151187,43668184.46902227,31318468.651941605,49331278.678913906
UBE2I,34218011.56931566,66980637.65814707,15945850.933950808,77266771.31712098,37265183.02707685,74235144.36846827,43402349.29717172,21246938.268322483,7189376.320289799,17964973.12109487,8072159.842336195,41700863.279812954,6522317.796242378,46633240.5274827,5947749.29829633,43506214.9885331,30653697.43611905,105877578.56682149
UBE2K,8370564.007824948,11319500.542192068,16745699.823688189,29676622.235584658,17094722.784888104,21413155.94871059,15084012.494637266,13417385.743421262,3705275.37698624,6975877.625916853,7767003.62711184,11587416.97311523,3306092.376494663,15410934.951688364,8264741.854330331,10325314.358632442,9106540.836136842,35669537.130991235
UBE2M,3854375.505373464,6754277.613630122,14385584.688727016,18967248.19679979,20149213.956203803,43693020.31347507,22976653.84048105,13619880.89311273,998453.5873063884,12031923.606247395,11137421.30830382,21877459.893893916,16115993.670897728,25178098.377739154,8077177.171482409,18937391.41534635,8326792.177379563,29812685.305414237
UBE2N,11493521.75231433,107607851.41806728,113742609.5092634,282386875.9044287,77080879.38058062,290280427.32755274,33645114.60389632,85640640.49717015,42456966.7937148,15141429.79048111,68431763.4734151,37103529.380039304,40441475.16676095,184824844.85016704,13643971.127344389,115378785.6074143,154722463.53655165,418551105.97736925
UBE2V1,122489618.67909145,172941389.33800957,187343149.03691143,350880506.97445726,193025782.7508068,202680916.24468112,158916312.29236752,152716397.72134736,119033778.79316288,112334166.50028689,125006451.34779483,186490773.08605132,96864203.03904037,219872153.41131428,109884873.57360728,157810352.9615779,151340106.89806566,523744150.7541082
UBE2Z,11425176.183382535,2734532.5390639124,4782662.622328092,,22019717.380893286,11249407.175774053,6726673.988772441,,6194698.59327019,8409480.698913297,5875056.957331947,9410205.218029369,12775646.0863602,14745223.981561957,12623371.404968113,6838097.790054074,25367129.202926897,45249913.54405504
UBR4,2852517.267370461,7922429.086839046,3433294.1883062143,8062262.277287976,2236463.0344557804,7284787.68072001,1234407.083845064,1086778.7607106422,84873.7221117552,2769012.9747789465,,3646755.934698008,2467609.7356328727,7136495.033209035,474884.1441566181,3849572.0772953583,,2572712.095991315
UBTF,1890534.4866588344,3676647.333862207,,,,,55702727.21168489,3173629.3114497312,368636.6099346057,,,1330683.942001181,,4990104.979091759,2199344.988498607,935028.9441174866,,3822701.168101068
UCHL1,25019438.496294625,18301430.399861496,71226437.89958706,43342036.00935351,53591601.87868786,15598163.704145469,44938845.19466863,17499160.681724384,36430608.85075688,16903228.786403004,54949454.091293424,19529028.775071073,40596021.9321554,33919527.63287422,41892281.62509435,26166016.951617196,43494069.72453665,80479767.04133956
UCHL3,32604963.548895314,106194682.24136628,48461313.5582144,137684895.06166613,43823552.28652205,147343143.70492768,47260042.926116616,77672270.62098809,17572436.550822683,28410921.2028835,16438271.349722607,29503957.06186918,19912981.435672484,134836696.10233176,20212032.139517676,74899125.36733328,29462297.59776085,395042436.07195556
UFL1,11325441.447416045,19593761.80468048,10083296.29758028,16908285.970642976,6928018.549830385,22709159.68234044,16442904.85746359,10773613.3086124,6285928.137876154,6004212.95085039,4501736.5979096005,9006296.333024995,7183679.900226324,10776834.381187627,1708410.3069472946,11760027.140953466,,21093319.28361188
UFM1,23554888.92668143,33814165.198710375,18369247.02738003,50971174.73080329,28576625.456953734,32052827.236270703,47585497.791656606,29011989.711070854,15893637.619915769,8861710.60919235,18943464.041302692,19470452.674255945,19050621.88717131,52219469.912595086,14131172.464918518,29288326.81559526,16856221.8696409,95808694.46182352
UGDH,778256592.8093673,193318691.3716718,434802825.3599568,583822383.8759555,794471217.7362242,1052588078.755683,886901019.7538769,529495481.2784397,101192929.90430737,244426308.3828193,259830419.67366987,246907049.75871134,160083961.77100438,470654907.55896366,139603295.00343433,164092537.19549304,436930330.1594933,511479954.2744633
UGGT1,68829300.52298993,71249183.10425998,35243365.48246059,88961392.0741876,41703145.17961916,129670343.22325046,83320120.21043117,99372348.72356243,18935220.699387647,28238114.84432267,18220140.71009083,52599636.03281844,21342447.30179336,88750121.608147,25374081.407420836,56300430.186835185,29776885.041233994,112505904.60726716
UGP2,285005856.7752367,101106475.63794568,258425847.7614855,624446234.8305547,415393102.4970347,298576361.2880862,202345710.5715282,255803638.83290496,77038991.44939935,77578150.0514889,89296741.312357,143600686.32507163,145025854.13716418,294120698.95560145,99702250.36562678,106478932.29501806,171112804.6374982,577531945.260519
UGT1A10,11862198.880959406,1871290.278107369,4923054.859761812,7241287.628366726,15223497.014190285,6789264.386947997,11728308.58810898,8115065.45922795,2159035.7943226784,1778132.7693678895,4646973.704599509,378758.6330987568,3892300.135168616,3810387.342156883,3445983.792841582,224618.7399601793,11518620.64791786,3362255.5994795877
UMPS,12151000.533535007,44404887.97450513,7536168.95644193,72061251.90278068,11617414.74391474,64426029.051057376,35783076.44390546,20688490.189942967,6680327.964887525,18494865.635662425,8871721.779612374,27996341.111343384,7587863.555516691,29467827.42874555,6988308.572048448,21976515.395203,5110896.42684331,34965546.39779284
UPF1,4874531.703572167,4941461.37320808,4935260.844228257,11690907.957953349,4939106.481228855,6499032.719510125,9718834.252911234,6165793.834876147,1000280.2298895522,3458306.3848653687,1799505.8392645994,5442211.2894359855,1536372.5690716866,11055563.986950012,95996.02528761122,2876661.441327034,4976630.185962861,9718866.218730545
UPF2,1561866.4584218846,2803727.155061237,1556951.0476489712,1240189.0251261245,1544056.5501013624,1002856.16626533,2143219.543988539,2116680.128075812,561252.6878187251,1663654.8734576658,354795.9708655639,1314610.34643572,931089.3885548764,3469328.099593033,764146.477977613,1682589.0380192995,755852.0073005792,3313743.85108508
UQCR10,115832764.27742095,92230151.61988126,127590385.36648108,179150743.40722266,144851151.94879067,102000218.71354924,57146805.91695157,65509409.22353562,47946717.15644606,26998110.116877303,64143960.40937591,30872879.031636342,36768584.8703727,145031474.17385933,46283928.743995965,30902927.742377616,74798844.7244417,73592831.68380755
UQCRB,77608495.35545298,135425671.83902043,151834201.97247466,490390063.4255463,133036429.36401601,267672975.6248893,142983982.0126262,88683406.61872795,18402757.759201776,20080335.175440263,13285697.231529284,27843274.428700484,18757122.31378033,84753166.89845406,38652161.93346289,53488476.629816175,104021803.77307934,203173076.70995623
UQCRC1,427891707.92235696,436704256.87507975,591738153.0762696,1101519391.4198825,325981731.84508014,614304881.4563705,359711981.79258215,418076505.94789475,138991202.62682003,130370964.45735732,241985680.439641,167652051.3586753,206431979.5580806,539807857.0373812,227109950.12719116,205880115.2187908,279945873.92314327,1033118477.6513779
UQCRC2,443409241.82793915,460486312.0482568,397587759.52347803,901843219.1123385,427904765.5730658,598936185.3314203,365690889.1695601,281853963.7166549,137961750.6972613,126495781.67138405,155225362.68147328,170609019.88482034,174309783.84628794,425614728.8892627,221216058.31159708,143019430.66081542,140681193.53598753,831992519.8272129
UQCRFS1,61906914.57066172,41874923.146925926,38614926.1950722,18731501.88054793,49815278.79876832,31307528.80020994,41352968.48160805,37613535.5957449,21691140.199461624,15883270.107019229,42167631.95616895,16518418.667032989,14510114.068488585,37446993.09012943,29616789.08670969,18531871.21139051,11460676.643372864,11996254.520735487
UQCRH,26656651.020141188,8761146.707305977,1778450.9654043638,78524851.54377334,7971262.742464291,,53862284.81758037,48495150.92251469,12053244.284751244,34532622.38442269,14003327.330759691,15561579.85757813,23103354.252640747,15345185.545685813,14273578.928608472,7590542.162780558,21361676.80323411,11384373.533612296
UQCRQ,79776721.26934642,56573104.27507129,62680370.1001269,159801425.4858393,44425597.189341635,182261199.79075685,265238735.29616937,82336358.11323805,135657149.26776788,32554508.747267812,7406403.85707997,72214281.61777161,23261659.298393507,41954261.61638577,124209305.17516144,20632011.97015374,32391915.297499172,118054001.87996998
USH1C,61953232.87832049,15118044.685865533,86615133.6439134,14242968.202921484,67159905.26043102,15418890.801757658,205423085.38277644,88055262.90924178,3110209484.1950383,297503362.8860041,1326187645.4287589,370553638.6267625,1623013519.9138098,69407356.9405566,1756813568.8203435,8902163.139962384,52077373.186315134,28085590.2061482
USO1,44827233.99781233,65663019.582499206,65827623.82037141,169959303.14501455,72576542.66459894,117989115.52954924,50153685.23016766,75409465.72196056,14462800.57669151,52735551.04276214,25118903.114223808,47020633.26914856,27421963.163565364,94443286.04125991,21937445.054514807,47332506.63483937,27943878.959039956,79811687.7843475
USP14,61905146.75287921,75759005.1410829,71660030.93144812,138136850.25082463,41001101.121976994,144410051.37137207,86064212.90114124,40876924.96834309,24836473.82000822,42211088.12456074,34569729.90488561,65116263.64689589,43093627.80570389,94066836.87110257,46761641.68146128,80545611.57204351,39408792.516888335,300496388.5370536
USP15,2091409.1999903133,2813993.3490381087,2296201.9589982573,7549719.852864848,2033870.5168656425,3703048.907323973,3661923.850118236,3458920.3947817013,1305431.8997482683,2214130.3627582164,1622579.7427904936,1894340.964903107,627408.5098486058,2896415.649769459,1590921.0572044428,1910707.900179048,2489610.165687507,3062330.604935023
USP39,,9560891.111197732,,6365031.800354086,4226972.477636693,3078369.7858258504,,97589.27796929094,,959276.438588622,,,,6887742.654209921,,7140301.424287703,631409.1419438624,6476513.896500957
USP43,36293334.449296094,23273251.02075764,1378536.2968720042,,1525194.5226923714,984800.591479182,75447868.92698301,19603746.19800676,30560528.336161107,17442766.14804241,33641574.20927099,49329932.23804132,24326289.98619764,22282298.491376676,31349206.760527205,10229620.361643834,61733817.4186324,1318061.258640028
USP5,18938342.82909433,24584692.70352513,20219626.932977583,44638778.55604819,24422459.871090256,30005780.161756426,36097362.87395319,27801980.314118735,16125951.163124045,12164743.787343174,23497318.638179265,29625265.732225366,14192672.110009778,33829700.78413224,7718866.10747619,27047893.26999813,15248287.00104818,41177513.78741432
USP7,8645141.658244144,14212407.959263287,3049399.2480299603,25180380.240724962,6689393.7373029925,10705883.913602002,13120020.093112405,13193459.091975223,3489975.1110845553,3089131.6041325117,3811120.972664631,7029055.858633492,2709777.284373636,8944037.371323403,3639269.347068937,5900277.11638665,6341555.82148657,8422882.948821638
USP8,25755647.929320477,44256545.41143774,44840116.938690074,50436945.33114515,43963674.98986333,68951597.67507525,24144872.9218327,26660293.690912697,5792911.985938006,12251442.138071416,25297604.951201893,20750400.70161185,70500372.67889981,35044125.68714321,28800549.30095551,4022445.837319301,32023046.362617847,28940527.784277093
UTRN,44593183.25275274,41315108.22605515,113931303.65294409,23604466.138775848,107164368.0772138,76728406.8114568,143727651.6271176,69162562.98965043,49047803.18853073,31077133.272601914,23980572.27383569,41880056.65153381,64167156.56282316,37384573.53417407,61915905.933115005,45826682.57996859,118217657.93539442,47441725.210434034
VAC14,19665104.22409854,26618739.40818044,8265499.980312993,36610302.720592014,7054250.131601014,23385965.169408463,23839754.54907741,18175466.92190206,,6548788.530279283,1974480.2730962485,15962456.246726384,5154957.349229191,20608169.640260607,6069922.4917022735,18749263.34008242,5661807.742599642,53127018.62508586
VAMP2,17436081.472597674,15868359.159391336,20776188.22822254,42309896.82631516,20715158.3281916,32757426.41034174,20659492.547833346,17747927.567693174,,4298145.98790646,4963267.942144549,18538946.77799253,3952510.21380041,27547523.532503724,4930140.8382786745,17413980.39779246,7764861.396705321,41412402.80121771
VAMP7,4888295.65158417,5635461.131238076,6099040.777526785,6351156.482669806,3643963.1727276207,8481842.666774035,3421337.1459265305,4155164.1301403698,1606315.9264419908,4432758.93843998,2021210.6792942032,6031264.732033968,3096033.755633152,6599432.0414267285,4345560.37246926,4658327.540351886,2086646.1505126485,7268236.022233418
VAMP8,81436376.36643961,27711658.060639106,3823357.335455212,16581232.317755844,10228375.920837492,6877425.652758974,27394072.0682434,26157327.959189057,19428878.62409062,14738083.83973535,6938569.603343371,13479478.377986532,23499053.981323257,10948513.851242192,13881126.970476478,26726346.88591019,7582210.110098228,5546279.962371064
VAPA,71567380.36518492,59162718.714818865,62984300.90928021,79950075.56492084,51400832.51161444,78643594.59802803,71379316.83667606,99071448.63523796,22035603.194260877,37598926.60104489,30135989.34203753,59940616.51849717,35872784.24444096,110725802.59620832,25950918.68818785,36775708.467728026,37797727.536770634,83581932.7814939
VAPB,66895714.30502468,60438050.92430146,43828240.54176835,127786906.9371401,64853944.33675561,107314342.15071979,49494971.27014786,74926822.84331991,29618714.11688628,32804001.159609176,31319328.64008824,57796220.47924181,41727543.65619215,93057405.85345688,40311030.96571874,52461437.7351459,36264747.88725532,100943674.39315805
VARS1,70891199.20941141,145166777.44678992,47213910.378832266,263958569.40236378,121133448.14585522,207283599.35506997,140643143.86464474,72677546.2197298,39020495.55457025,91533281.15996632,38276652.01892715,142791451.4937932,28991266.150466464,172651391.08639467,39070731.56337238,130585130.50456275,48155110.6668593,205958017.4065301
VASP,158506563.68416405,128288028.5375846,249533533.3321088,232936865.64869505,173130158.0055454,334010836.32641345,184407115.2146262,158075349.03358245,96471618.325215,98522721.76711181,133187044.1215731,147518964.55662343,116588755.17327899,274694735.149499,140711990.25930625,129407674.26752388,198038122.41710156,240467880.06633914
VAT1,123078730.47644883,35812986.491770156,112818629.8940947,33793210.36212323,60180331.71732668,49640835.88573686,96380721.66262162,55232522.19910414,75113225.41990003,34137413.56010027,101605495.60444835,68398211.88085231,47651659.36062866,57780024.87474902,69589070.0426862,31548181.3176357,73262910.56569749,48211540.040271945
VBP1,14639112.513122391,33009193.314415876,13036545.605558328,51154330.91762178,22768356.596247084,43338234.48053494,24145119.92383443,27536388.736265182,16088271.109872423,16340644.169808988,14282224.11878309,27225901.366107848,12216407.581793275,37952832.58549414,13128596.573452633,33207170.108328685,17873639.247663163,58756144.66295171
VCAN,47346497.09798376,46666067.09335242,167483437.71017912,75223647.53090106,73058031.12333496,126240668.7631076,101163405.99864672,115788987.14485398,137232558.59251127,100038860.82426003,116371821.10457051,355059576.7699599,171573042.26874587,178191140.93166924,94800067.93203332,47411841.00593319,139831208.6126431,136004747.74960402
VCL,1570720671.7250617,863239689.2237433,6549668566.992557,1652792630.5199819,5675813373.189176,1878715533.4327152,3279096261.3667455,1758887089.2837827,6566741726.3339,1573189707.8482306,6364306095.407665,2951511604.1571684,4908658646.291101,2378691259.284506,5272470257.195198,664676985.4539105,6999346374.706444,1584835845.320543
VCP,623242949.1373123,939829604.0250622,405687900.22886795,1665482263.616388,642951668.210577,939525692.1801499,850677190.1850488,870491473.8208854,376303284.4643741,439039261.858701,402862697.5499769,724858375.4787347,322101028.88083524,970292810.1741605,287374375.916057,738458143.4393557,493387127.37314475,1057908696.6405637
VDAC1,307689048.92924637,1114526594.93689,304381363.31041664,966837373.0143598,343459629.43320197,924863667.0140597,503429296.1088659,400061151.26411164,148835272.6937748,261450844.71503836,219563413.26417723,388331402.0945132,204253640.98448613,777211780.6192371,161319324.29967213,357916375.66199,227796576.7196392,1236050071.236335
VDAC2,433824315.3939912,519416790.56373763,489728216.7765025,1528744997.1224196,309742737.23494637,529176738.3843975,363282106.0862223,613390777.943009,173430909.51778814,355036799.9217844,273724189.93754727,373300903.856803,255419538.4929657,582862216.4851589,233254112.6511492,149888971.4806734,249106266.9872368,1658801505.5302083
VDAC3,273436682.0066962,359746242.24734247,487935357.2812661,1331841711.8763556,299823190.2807384,483309194.35217386,324430785.9904748,258580253.6420038,164081789.11699092,194922521.66389126,191914617.72082394,292033626.75409806,192620254.99673486,314244479.8402629,151245334.26098704,157098697.57206684,132501550.6744625,594992599.9907335
VIL1,920895068.0283517,1404195374.7592044,558790598.6190519,1449734307.7807097,705177185.4034978,1669319442.7062674,684720968.1555012,450553970.71574676,85808900.88793343,189014506.35988688,237421848.2761795,319476572.0599547,250565177.64188772,978282343.0298874,134311189.22549033,1687147789.4846177,438834768.4847644,1874404222.2281547
VILL,5793064.076547061,5906250.546484374,3106127.845676183,6940709.425331398,3750281.417329041,4343365.19953926,4995401.960583283,2662718.0955974255,770567.3916945371,792888.3314751013,1231427.228261148,1223797.8955474545,1849253.102376667,5998330.484105204,220001.26414118777,2122391.9384392304,1531210.2562695665,2486268.140783678
VIM,7178115196.451481,4845148446.866831,8924467085.26631,6941659863.300005,8817365678.742939,8866568451.579292,14741066514.791534,8537130816.062197,8725545924.613787,5222216971.739164,7225760242.115331,10245777310.163914,5081349000.193807,10637657335.9726,6702082126.1686945,4292440299.9004645,9304487686.284018,4584542438.238778
VKORC1L1,5223987.849619003,4679382.735775914,1456512.2689766446,4749176.24865389,1564165.1457678478,5116313.829416926,4761681.846970729,4422901.611064462,1435627.2859135286,3055314.8127885885,1110591.4847304455,3968358.6599468514,1139774.4716146167,6216153.31041204,1288219.8138230818,2438871.029086138,3040689.4740140704,8583388.176278492
VPS13C,87206008.78288174,39907731.23836492,32551006.761369385,179189618.3797713,121037040.03146335,252051538.44496912,155474918.37075847,101173186.42131196,23139004.63859904,20775415.98577274,29583562.396038875,66805833.400421895,27516531.73511809,99364924.88653782,36381955.29010622,60425266.88554535,45917205.29602521,241146281.1001185
VPS26A,14603406.53472987,10667028.23674948,23652829.794082,39962828.309949905,11636578.632210456,,11457274.983029278,2856336.960246236,7434437.976852625,8130419.101736733,12437985.654205907,6142956.053402592,1588508.755343737,14141414.635048958,1204139.2116310468,7576795.834289335,3141765.057806527,16998163.365686297
VPS29,13858183.660445658,5811279.946529779,5067106.310746677,24125285.698563974,4167731.3258391297,22178938.59589812,13360026.388627054,9218003.01305154,8702904.709786166,7389136.753917612,6790601.828271559,5648647.082580106,5503485.582510961,13810320.049453974,4989805.545966005,6916756.73254559,10706295.06943029,33511951.115520075
VPS35,477045273.03887784,460036791.88960654,356500507.4493403,584307786.8649026,484846146.63285583,587723053.3619045,554030083.7002633,238519895.38278276,281103646.47927785,150175600.56269228,400917141.82887375,324720621.33428913,203093141.46023282,949126797.9622151,154825376.402475,264692317.04958642,510737585.914667,401373454.31008536
VPS36,208629382.85170344,409382.5972851532,77772579.89943007,11908657.461018248,262467909.83130023,284406581.96826077,939037.4590694334,135939046.5609833,33243473.98986228,2018542.5743152325,47297643.994260125,2430810.9773448026,125077470.95623171,2191695.7966913152,54869984.26962481,3285712.442616741,,1414369.1297552923
VPS4B,13275296.960131073,8301867.544502024,32485997.17154968,26812169.619407207,19719560.990945026,27298343.752703365,31225779.770599697,24901243.497395135,12935416.570717106,18882824.46105969,17299441.200349078,18530641.28892619,13952417.336648762,37182066.80441826,14625996.120678822,9857177.71326344,21262074.698009744,23911179.625830818
VTA1,74187633.35051261,52721194.54827078,53375616.58729501,70031539.16879712,76241172.24116217,54963278.56555785,81832774.33833137,55253487.96783094,36847424.71823372,35292992.08603744,50983925.160589226,27802781.819850065,46957035.60182003,107288553.64572176,33798032.388010085,54732142.88440099,50396769.908531755,148294136.8612684
VTN,43414372.735052586,28972433.334110167,45241048.530116305,42091528.88599402,44209479.262962036,29268932.2628607,87894224.08920595,41745288.5148131,32493622.076688554,290173907.5310045,27213230.333273944,30035211.857618902,53671417.57869583,22261814.33293116,58470896.5903212,2203183.0323640904,78977872.52858955,64327859.6188175
VWA1,10438442.756771946,7000933.559805304,84148862.109354,12632421.495777512,69461483.13913497,16710910.54675917,18429165.45889797,15481764.69306852,89436356.823532,19716656.755678397,47798327.48303313,33925765.7065413,49252776.42366156,26918709.10283526,37563639.476667196,5306475.548899718,72434589.59467731,16731067.928372774
VWA5A,15990083.324291766,3799990.9389205296,,9881368.37317112,4779548.849509728,7312752.770889244,22280200.455618262,7684349.080542336,1702606.9289961625,137098.38426710654,5496207.459747304,2577612.7814163547,7882985.307489567,17757602.087188408,6898219.429278604,7035124.12827314,,23041172.32829566
VWA8,11732690.106791548,16298906.630739301,1610767.0607922904,15040527.68473612,2787777.7389936484,4294434.9272294,7584562.505965195,8818205.89995096,811102.7641467989,5273635.707724196,341652.7220368826,10356328.452482037,445656.0434775447,7207105.960488158,24930.903730446447,6737592.353621221,2807914.1933463872,14690392.73771929
VWF,6191589.134057706,1640131.7431964015,3805632.297676627,2525874.6287812036,3643456.872580587,2615644.250510919,9826740.996617796,5990434.214150548,1566695.784847723,3839593.3728207713,3524714.057290431,3402518.203318211,3740068.2110237423,4434189.107183217,3780236.602910063,1420036.594467309,6148176.407286855,2611676.322361216
WARS1,231725737.48650485,209178613.3987543,156718719.77944028,514393878.06697714,165737995.55482766,352857138.88874257,343955775.70376223,348875124.8169754,102015893.2129648,587918473.207448,115193391.30157752,287954019.6027453,104738175.26727156,404878833.8843655,97017314.36058116,473478293.7218048,115350698.35380302,146483314.50252157
WASHC4,3029288.3166050105,2300601.311041492,2444372.2787084742,4028392.343850419,2748947.1360266176,1580999.8879967802,3192918.4952425365,3818537.034027982,1158882.407472036,1938800.4022340835,1393370.855695115,2258233.81538748,1541214.522007307,3652179.7202237337,1989262.423824914,2279946.0961490674,3143378.6500595347,3744487.624411537
WBP2,89740459.91757089,69717939.55825123,159096581.90457526,100151546.1535513,170416021.68755066,171306096.30190626,166573937.7043777,127853518.80176464,110253268.50566256,53081824.21406747,85642279.46453442,90827659.1315111,97109117.10914996,99377311.850885,114234109.51051567,82104357.70319882,135504313.46036112,157497414.09732708
WDR1,835321854.4751165,813281080.6965845,1447329346.9950016,1208825996.8426373,1369215003.3822465,1192331529.5591867,1418640509.9892936,1358254415.493181,1023414331.6436005,599504637.7217102,1041029689.3938657,1164401880.1225295,770350557.007369,1198497241.269665,787421444.7956151,637866765.3673482,1210692117.26057,1504471606.3107004
WDR11,28401862.856544215,18490890.265995923,11788968.547173437,4125955.910629302,,10188001.08518993,38061586.09234176,12340367.869201448,4418253.525589688,9873814.53467477,12348876.272549983,10269941.39137352,6916992.008644419,18246177.00118525,6394984.8015863765,7747122.962860443,,12402598.166955624
WDR36,1842307.211757724,4513236.189386741,388281.6487891388,3957300.9135945095,7169500.956642996,3607204.653877401,1746860.7722063414,1081241.2289870554,462612.1053639755,1728838.357684689,2660972.1090202644,2780586.2297831383,615561.6412191456,2458890.553673457,387378.0760411484,2391770.485753573,283310.47991132824,17568176.20341064
WDR43,3010225.3177187443,13633338.389315166,1912791.0687623995,8082250.956186675,,4817617.785100661,3444453.7664247756,5524575.435089331,401804.70317038737,6041936.40066012,1565778.969287235,2574785.672327289,840444.3321074441,6042790.803038875,1413423.543612704,7882934.725436839,718007.9981291118,6777395.150475414
WDR44,2998712.5225484017,3686134.5399004454,8423066.508047167,96764706.99002334,29391854.240994327,68383962.99312165,5201551.308135403,2198366.9378068447,4272556.58491449,4258618.77264714,5637455.626604147,2975253.063091223,907120.6973524452,7014135.81511689,1529117.0514803757,1974154.675407568,8606781.789529918,177559230.74743053
XDH,4716980.861919811,2742075.120998728,329747.60722042306,2465059.3186629587,1384117.4019550125,1891287.9960371533,6514018.18623509,4525673.343222419,1070740.1334609129,2338856.9775498374,1485181.6710597812,1941279.1900066184,1764570.082335298,4448149.750534674,1296063.938632717,2372774.6446045344,327169.9808970241,2455431.887100624
XPNPEP1,8053268.820207011,4340768.31710752,6520023.692480167,29845027.05960173,6405665.466453709,7949787.190548278,15428852.418180138,18117347.454160627,1496241.8069213647,6822007.093452735,458566.7981200929,11773718.687460097,4192635.4153678264,25850999.01567382,2263887.3180158776,1849238.972378358,6898471.091835966,12789115.504983284
XPO1,16815456.170813855,36322943.88862647,8795354.468119318,31834134.475441888,19598654.58220324,14907368.31286789,22314066.513881244,25162440.680823635,7725939.193666035,13139575.175946468,11898985.477134276,22551584.947408292,9183802.14125938,18857721.57322118,4647807.090733906,11781307.492598267,8790307.288035892,52356835.56581944
XPO7,68773602.68657017,7960519.486213818,116626419.4747752,,160505526.20739987,1866927.578324023,215933641.15778476,76018195.37823394,109077602.10252675,57146388.469003685,128012927.41468497,93378908.6673346,54900079.70889837,6539766.109653062,230483938.70768076,8590913.426030325,80952823.91181801,17551040.881133787
XRCC5,283576420.4913543,509571198.5652454,157934546.35059127,289137429.6673031,164782485.8901264,484919000.2775001,317921682.2213201,209517747.91944945,70937260.07426827,193959716.91605425,70564597.0932554,177952901.88938966,75739269.76788735,144872516.24383795,85009474.36039388,248285314.42773652,102200132.1832395,609654035.6580298
XRCC6,452838871.94904053,1108154919.630919,272528111.0748328,901958807.7173651,386197288.41619444,1058133766.2182822,808286898.1343998,571583935.4270269,140946766.2747497,416827611.5442393,269269593.4757333,497604572.72923625,147316707.31170127,719086700.9013163,259397003.7864227,643004178.963873,330289115.4959758,1055251965.790312
XRN2,983117.415088947,21359323.42738039,,15311297.27309096,5818742.357346079,19515927.011040017,4313851.250939934,9029634.455978105,,5410137.415238692,4094826.264431506,16249853.727597568,,2055706.1805471024,5690914.247435297,1559950.1454622594,3836617.580509272,29112351.699450444
YARS1,33358410.92846647,44988881.65966292,16370629.146388091,111357231.15884405,33026632.281379484,79933606.58118138,33691454.42070272,25562816.131917298,14073316.188720338,12580963.67931397,11051783.260181041,34511844.65395026,19684523.993891682,35556965.61748113,11020529.2134631,31633524.747655198,19876980.181311484,119163219.08560553
YBX1,192175819.42382944,442673176.96620435,104857803.10965191,455629993.55288994,120405118.90812522,533402366.1955518,267462214.62827742,210714575.17485747,25318756.015991893,200802022.27214867,62130418.81719479,273332246.5959356,45561155.871842735,363492892.8791803,39281743.56161218,223477538.0975311,114575783.70276146,697523425.6504416
YBX3,65929592.585660845,119226720.02961154,27744846.36470968,62206835.25230626,31206005.92341228,94315603.9782076,87156281.1111258,38139207.93309862,8487888.413305506,69223406.48266873,21097873.084780425,66100331.36377008,25044834.968819935,80097476.55538002,20876855.119566552,33786862.82310046,12163953.21025103,156448465.09869117
YTHDF3,37901912.75023313,90178959.37711048,10005618.701427594,20252890.23225016,5018572.420284812,24118840.97253432,81627854.44853964,59780226.59068185,20092373.39982909,36311592.84901398,2943134.359216311,44888690.47802636,3636886.439273987,39444057.06693454,4079887.9093157034,14725722.346872654,5645626.4184356965,60258823.83690332
YWHAB,522742514.5231032,819696491.5159448,848314399.338078,1180507999.8726904,774682549.8647319,1132323432.3111808,684654374.3232945,631537548.3243434,280574487.5772156,251553637.93420362,310328212.1220919,662766899.7786068,282289486.1078788,1365557465.0397718,185888692.92420918,759293507.9312406,531294383.4851566,1786418819.0982242
YWHAE,437729102.4853615,550295199.690152,333360904.19783735,648007731.2718832,412304645.65195835,879796165.5409391,740134343.2322178,570735059.8645004,161228109.3822781,392800897.4554712,311442362.97948545,635002628.0528544,251619098.92233562,690368550.3265817,321339302.6749241,654181970.604121,353954383.80048126,926338232.7013888
YWHAG,97713206.62004615,139024754.16547742,43448173.62286455,176967493.17349464,38019935.21768161,152815482.50438005,164522904.11391765,106941117.03083412,88157541.42948705,56306071.44279076,83668666.79597616,133737967.8731772,61483275.33899239,150773164.76569158,69907382.65534416,166114402.12445754,16271407.129216094,134606850.47092322
YWHAH,291547917.06035537,331502511.9135537,236327989.00033045,308214239.76666546,102054831.95454545,316312489.60884917,305538661.0309753,160589445.27533948,92066422.42779103,271668347.15304434,101683651.67021841,200243761.27030355,88617623.0113855,256174429.32963225,95196092.17252703,110942236.76162824,185149038.9067222,593087842.4834969
YWHAQ,841111713.8245332,861122656.272776,882044760.2631491,1751989318.3844721,1104698921.5508919,1071105347.1327982,1249573132.383528,661605811.4294773,617833691.0376604,515965595.8046966,778796291.5128611,1013012483.9142572,479051705.15849876,1280956341.3952217,569524778.2944989,772031147.6017287,908515779.9746627,1283523704.8453164
YWHAZ,1076885170.0371017,1382337780.1122959,678263243.2368717,3096535602.848413,1188628416.3051345,1562506226.1506562,1701869766.2508693,1221355314.8940399,554191833.8796777,934395163.2871755,689296179.6656584,1688014660.3422482,598822761.0410062,1446475592.0491705,748246266.2040272,829858669.5693294,925169723.1289531,1563327575.4108112
ZC3H15,9227531.959337575,17956335.2102753,20289636.328010436,20950947.214289486,18461987.510226175,20090554.406754542,11032637.273501867,9775572.40706014,23684080.63486652,1861247.939148368,17286696.63407569,13328988.589086436,15275761.88390951,15032133.779812535,18342395.32632826,5809344.69763981,18343240.97386923,32833124.95955659
ZFR,25014408.143394604,58758750.57964794,26452390.96293626,88313249.67403443,17995704.295334663,92994764.43602936,61855286.50175225,33307170.15663256,15434988.43968174,23716694.327083662,14613095.563041672,43250116.76034202,14334612.850871015,65148394.25763295,16242637.983239852,55565308.1238092,25779863.591308035,90109681.31628332
ZG16,1140520296.32961,42304459.13590121,1854352575.4052658,258021914.49541277,767169001.9063267,114026732.65076503,752859566.6034509,779960548.2070079,195519936.88001496,58573708.83080736,397230817.1204464,54456896.62059511,473240253.6706499,601878587.7642522,248287880.5485956,21036661.264569372,802369856.1911302,82630758.33362812
ZMPSTE24,,11773656.338384574,13053151.338973317,43871027.49836899,12041888.327772472,36565984.8297773,13273190.974830192,13013945.561311563,4631031.515298007,12613983.791309567,14745655.10989778,13004174.08074463,5118369.118506782,41391328.241013944,1312638.7775781315,1773798.4948895674,13668028.034936994,42062009.78703639
ZNF30,15056903.136176344,5779263.267134305,503676824.3382063,3579599.309090569,168811605.9214382,19823871.52204308,35273805.63171242,27483368.192381386,395567621.3210197,43295045.19346566,384891603.4300571,52694505.8866918,221069875.99722633,14362462.114587782,154907002.78362095,1584212.0320160852,317886155.47626126,6240590.046510615
ZNF318,13719755.017774468,21559630.31176575,11081071.801550033,23703903.028102014,10743642.574483996,45449878.737499945,25060170.30059377,19084775.468000893,3490096.944442032,12541835.03139394,3645670.820380433,11765432.430678982,7330794.717750754,40007378.63242413,4429848.243413474,10792700.800868033,5938432.892695122,20728399.115245037
ZNF326,5410657.848384892,11877152.25650749,4229629.135464024,10321682.619000657,586098.1163390878,8771520.834098367,4956693.942291989,7144817.377474773,,3718505.5334686497,,9519777.829992104,956677.5932314716,6803461.118887195,2001985.7751766532,7199893.20286603,1737827.3949131183,16145501.33159672
ZNF483,41922264.824425384,113551666.72547229,22754382.547004335,13453941.734931074,46793660.50380857,119665444.81778131,71276006.43880504,69757366.121877,9332994.41727594,39407692.052396245,14183690.38170894,56783036.26246873,13395711.353836527,73372626.07056978,2405410.4503836874,54836233.1786916,30083011.227091603,100501377.02318616
ZYX,27890124.57180617,46569617.18396515,99682432.61892319,64496648.99781302,65102409.597158045,98503335.79847166,71140537.03765376,76891037.02512303,175231296.5488925,116483045.68545307,117148334.6549869,251077519.38544622,117357955.9945845,134726536.55019164,79484211.05318666,52780923.31852879,129425240.02289876,88746608.57734147
