Protein,CRC01-N,CRC01-T
A1BG,44.0,41.0
A1CF,58.0,61.0
A2M,149.0,171.0
A2ML1,118.0,108.0
A3GALT2,16.0,20.0
A4GALT,34.0,33.0
A4GNT,32.0,28.0
AAAS,28.0,26.0
AACS,54.0,44.0
AADAC,53.0,49.0
AADACL2,32.0,30.0
AADACL3,35.0,41.0
AADACL4,34.0,26.0
AADAT,45.0,48.0
AAGAB,7.0,9.0
AAK1,54.0,64.0
AAMDC,21.0,17.0
AAMP,25.0,23.0
AANAT,18.0,18.0
AAR2,40.0,39.0
AARD,37.0,42.0
AARS1,90.0,96.0
AARS2,90.0,81.0
AARSD1,22.0,19.0
AASDH,72.0,78.0
AASDHPPT,29.0,34.0
AASS,87.0,71.0
AATF,54.0,47.0
AATK,86.0,83.0
ABAT,76.0,79.0
ABCA1,179.0,187.0
ABCA10,118.0,126.0
ABCA12,219.0,211.0
ABCA13,511.0,531.0
ABCA2,192.0,208.0
ABCA3,122.0,114.0
ABCA4,178.0,205.0
ABCA5,107.0,112.0
ABCA6,95.0,94.0
ABCA7,153.0,158.0
ABCA8,84.0,79.0
ABCA9,97.0,112.0
ABCB1,120.0,136.0
ABCB10,73.0,81.0
ABCB11,126.0,130.0
ABCB4,107.0,114.0
ABCB5,98.0,91.0
ABCB6,72.0,73.0
ABCB7,62.0,56.0
ABCB8,63.0,70.0
ABCB9,45.0,53.0
ABCC1,132.0,120.0
ABCC10,134.0,132.0
ABCC11,112.0,110.0
ABCC12,122.0,127.0
ABCC2,98.0,101.0
ABCC3,103.0,119.0
ABCC4,108.0,112.0
ABCC5,128.0,127.0
ABCC6,91.0,79.0
ABCC8,117.0,121.0
ABCC9,103.0,110.0
ABCD1,80.0,87.0
ABCD2,79.0,80.0
ABCD3,57.0,70.0
ABCD4,72.0,69.0
ABCE1,75.0,75.0
ABCF1,96.0,101.0
ABCF2,74.0,73.0
ABCF3,78.0,81.0
ABCG1,40.0,51.0
ABCG2,53.0,58.0
ABCG4,42.0,42.0
ABCG5,46.0,50.0
ABCG8,37.0,36.0
ABHD1,18.0,27.0
ABHD10,29.0,34.0
ABHD11,37.0,34.0
ABHD12,33.0,34.0
ABHD12B,70.0,64.0
ABHD13,32.0,37.0
ABHD14A,27.0,23.0
ABHD14B,12.0,14.0
ABHD15,34.0,38.0
ABHD16A,30.0,30.0
ABHD16B,44.0,52.0
ABHD17A,33.0,31.0
ABHD17B,23.0,22.0
ABHD17C,30.0,30.0
ABHD18,48.0,47.0
ABHD2,39.0,38.0
ABHD3,22.0,19.0
ABHD4,46.0,44.0
ABHD5,31.0,30.0
ABHD6,39.0,35.0
ABHD8,20.0,20.0
ABI1,34.0,40.0
ABI2,23.0,24.0
ABI3,23.0,27.0
ABI3BP,101.0,100.0
ABITRAM,35.0,38.0
ABL1,123.0,129.0
ABL2,94.0,84.0
ABLIM1,96.0,98.0
ABLIM2,111.0,104.0
ABLIM3,81.0,89.0
ABO,35.0,39.0
ABR,75.0,68.0
ABRA,54.0,53.0
ABRACL,4.0,3.0
ABRAXAS1,26.0,25.0
ABRAXAS2,31.0,35.0
ABT1,39.0,38.0
ABTB1,45.0,51.0
ABTB2,93.0,93.0
ABTB3,80.0,74.0
ACAA1,27.0,27.0
ACAA2,35.0,31.0
ACACA,237.0,235.0
ACACB,263.0,272.0
ACAD10,105.0,98.0
ACAD11,89.0,88.0
ACAD8,59.0,57.0
ACAD9,71.0,73.0
ACADL,30.0,27.0
ACADM,36.0,44.0
ACADS,30.0,39.0
ACADSB,47.0,41.0
ACADVL,81.0,76.0
ACAN,69.0,76.0
ACAP1,74.0,89.0
ACAP2,104.0,113.0
ACAP3,83.0,77.0
ACAT1,38.0,34.0
ACAT2,20.0,26.0
ACBD3,33.0,34.0
ACBD4,46.0,52.0
ACBD5,59.0,59.0
ACBD6,32.0,36.0
ACBD7,15.0,16.0
ACCS,71.0,74.0
ACCSL,50.0,53.0
ACD,31.0,26.0
ACE,102.0,115.0
ACE2,60.0,63.0
ACER1,12.0,12.0
ACER3,8.0,6.0
ACHE,41.0,47.0
ACIN1,116.0,115.0
ACKR1,,1.0
ACKR2,7.0,8.0
ACKR3,11.0,10.0
ACKR4,8.0,8.0
ACKR5,10.0,11.0
ACLY,88.0,86.0
ACMSD,49.0,48.0
ACO1,74.0,70.0
ACO2,90.0,104.0
ACOD1,43.0,43.0
ACOT1,5.0,6.0
ACOT11,49.0,50.0
ACOT12,70.0,70.0
ACOT13,23.0,23.0
ACOT2,39.0,42.0
ACOT4,52.0,54.0
ACOT6,35.0,38.0
ACOT7,47.0,48.0
ACOT7L,15.0,20.0
ACOT8,32.0,36.0
ACOT9,79.0,70.0
ACOX1,58.0,57.0
ACOX2,60.0,58.0
ACOX3,81.0,85.0
ACOXL,51.0,58.0
ACP1,13.0,11.0
ACP2,33.0,37.0
ACP3,33.0,33.0
ACP4,38.0,40.0
ACP5,21.0,20.0
ACP6,44.0,40.0
ACP7,48.0,55.0
ACR,30.0,27.0
ACRBP,50.0,46.0
ACRV1,6.0,8.0
ACSBG1,83.0,84.0
ACSBG2,60.0,60.0
ACSF2,67.0,80.0
ACSF3,44.0,45.0
ACSL1,72.0,79.0
ACSL3,64.0,72.0
ACSL4,88.0,102.0
ACSL5,51.0,58.0
ACSL6,94.0,96.0
ACSM1,68.0,67.0
ACSM2A,58.0,53.0
ACSM2B,18.0,17.0
ACSM3,68.0,69.0
ACSM4,53.0,49.0
ACSM5,53.0,64.0
ACSM6,33.0,26.0
ACSS1,62.0,56.0
ACSS2,60.0,54.0
ACSS3,58.0,58.0
ACTA1,2.0,3.0
ACTA2,16.0,17.0
ACTB,25.0,29.0
ACTBL2,25.0,30.0
ACTG2,3.0,3.0
ACTL10,25.0,29.0
ACTL6A,21.0,26.0
ACTL6B,30.0,30.0
ACTL7A,61.0,77.0
ACTL7B,22.0,22.0
ACTL8,25.0,34.0
ACTL9,40.0,39.0
ACTMAP,21.0,20.0
ACTN1,83.0,84.0
ACTN2,104.0,107.0
ACTN3,71.0,83.0
ACTN4,128.0,135.0
ACTR10,40.0,42.0
ACTR1A,15.0,16.0
ACTR1B,33.0,34.0
ACTR2,37.0,45.0
ACTR3,49.0,49.0
ACTR3B,29.0,33.0
ACTR3C,2.0,
ACTR5,42.0,51.0
ACTR6,24.0,36.0
ACTR8,74.0,72.0
ACTRT1,34.0,39.0
ACTRT2,26.0,25.0
ACTRT3,19.0,28.0
ACVR1,37.0,31.0
ACVR1B,58.0,59.0
ACVR1C,41.0,41.0
ACVR2A,35.0,38.0
ACVR2B,41.0,46.0
ACVRL1,48.0,53.0
ACY1,57.0,62.0
ACY3,20.0,15.0
ACYP1,13.0,11.0
ACYP2,23.0,25.0
ADA,54.0,52.0
ADA2,59.0,58.0
ADAD1,67.0,73.0
ADAD2,48.0,54.0
ADAM10,87.0,85.0
ADAM11,58.0,68.0
ADAM12,86.0,79.0
ADAM15,66.0,60.0
ADAM17,103.0,105.0
ADAM18,64.0,67.0
ADAM19,103.0,91.0
ADAM2,63.0,65.0
ADAM20,64.0,55.0
ADAM21,52.0,71.0
ADAM22,105.0,94.0
ADAM23,68.0,73.0
ADAM28,74.0,77.0
ADAM29,80.0,90.0
ADAM30,77.0,78.0
ADAM32,85.0,89.0
ADAM33,33.0,41.0
ADAM5,34.0,32.0
ADAM7,75.0,74.0
ADAM8,45.0,40.0
ADAM9,79.0,86.0
ADAMDEC1,42.0,46.0
ADAMTS1,93.0,99.0
ADAMTS10,109.0,111.0
ADAMTS12,145.0,163.0
ADAMTS13,103.0,129.0
ADAMTS14,89.0,109.0
ADAMTS15,111.0,123.0
ADAMTS16,121.0,143.0
ADAMTS17,114.0,117.0
ADAMTS18,107.0,102.0
ADAMTS19,111.0,118.0
ADAMTS2,111.0,134.0
ADAMTS20,169.0,175.0
ADAMTS3,142.0,135.0
ADAMTS4,65.0,66.0
ADAMTS5,135.0,129.0
ADAMTS6,104.0,96.0
ADAMTS7,128.0,131.0
ADAMTS8,77.0,84.0
ADAMTS9,208.0,209.0
ADAMTSL1,147.0,145.0
ADAMTSL2,88.0,84.0
ADAMTSL3,175.0,173.0
ADAMTSL4,112.0,114.0
ADAMTSL4-AS1,8.0,9.0
ADAMTSL5,37.0,34.0
ADAP1,64.0,58.0
ADAP2,39.0,48.0
ADAR,147.0,144.0
ADARB1,62.0,71.0
ADARB2,64.0,67.0
ADARB2-AS1,7.0,10.0
ADAT1,76.0,79.0
ADAT2,18.0,16.0
ADAT3,31.0,36.0
ADCK1,55.0,63.0
ADCK2,88.0,79.0
ADCK5,74.0,81.0
ADCY1,64.0,78.0
ADCY10,162.0,175.0
ADCY2,92.0,97.0
ADCY3,69.0,80.0
ADCY4,77.0,76.0
ADCY5,76.0,69.0
ADCY6,73.0,72.0
ADCY7,81.0,82.0
ADCY8,90.0,95.0
ADCY9,138.0,133.0
ADCYAP1,12.0,14.0
ADCYAP1R1,28.0,26.0
ADD1,60.0,57.0
ADD2,77.0,83.0
ADD3,61.0,61.0
ADGB,198.0,208.0
ADGRA1,32.0,26.0
ADGRA2,63.0,83.0
ADGRA3,97.0,113.0
ADGRB1,106.0,115.0
ADGRB2,100.0,128.0
ADGRB3,109.0,112.0
ADGRD1,34.0,36.0
ADGRD2,53.0,59.0
ADGRE1,60.0,56.0
ADGRE2,26.0,24.0
ADGRE3,61.0,65.0
ADGRE4P,37.0,40.0
ADGRE5,45.0,43.0
ADGRF1,42.0,46.0
ADGRF2P,68.0,72.0
ADGRF3,27.0,25.0
ADGRF4,56.0,57.0
ADGRF5,72.0,78.0
ADGRG1,27.0,32.0
ADGRG2,40.0,37.0
ADGRG3,25.0,28.0
ADGRG4,136.0,142.0
ADGRG5,25.0,24.0
ADGRG6,85.0,79.0
ADGRG7,57.0,59.0
ADGRL1,114.0,111.0
ADGRL2,119.0,131.0
ADGRL3,102.0,102.0
ADGRL4,42.0,49.0
ADGRV1,319.0,344.0
ADH1A,13.0,15.0
ADH1B,52.0,44.0
ADH1C,10.0,10.0
ADH4,49.0,51.0
ADH5,26.0,33.0
ADH6,33.0,32.0
ADH7,39.0,39.0
ADHFE1,25.0,27.0
ADI1,36.0,38.0
ADIG,3.0,4.0
ADIPOQ,31.0,25.0
ADIPOR1,16.0,18.0
ADIPOR2,11.0,13.0
ADIRF,8.0,3.0
ADISSP,9.0,10.0
ADK,24.0,27.0
ADM,38.0,41.0
ADM2,15.0,17.0
ADM5,9.0,9.0
ADNP,139.0,135.0
ADNP2,81.0,88.0
ADO,23.0,19.0
ADORA1,5.0,6.0
ADORA2A,12.0,12.0
ADORA2A-AS1,18.0,22.0
ADORA2B,12.0,13.0
ADORA3,3.0,3.0
ADPGK,27.0,29.0
ADPRH,65.0,57.0
ADPRHL1,46.0,49.0
ADPRM,13.0,16.0
ADPRS,31.0,38.0
ADRA1A,12.0,15.0
ADRA1B,39.0,44.0
ADRA1D,11.0,15.0
ADRA2A,18.0,14.0
ADRA2B,14.0,15.0
ADRA2C,4.0,5.0
ADRB1,11.0,9.0
ADRB2,19.0,13.0
ADRB3,10.0,12.0
ADRM1,26.0,25.0
ADSL,47.0,49.0
ADSS1,56.0,50.0
ADSS2,43.0,41.0
ADTRP,9.0,10.0
AEBP1,57.0,61.0
AEBP2,55.0,54.0
AEN,43.0,42.0
AFAP1,76.0,73.0
AFAP1L1,77.0,80.0
AFAP1L2,74.0,80.0
AFDN,160.0,160.0
AFF1,123.0,132.0
AFF2,94.0,100.0
AFF3,121.0,124.0
AFF4,131.0,126.0
AFG1L,58.0,58.0
AFG2A,119.0,113.0
AFG2B,104.0,98.0
AFG3L2,96.0,105.0
AFM,95.0,94.0
AFMID,29.0,27.0
AFP,77.0,76.0
AFTPH,66.0,66.0
AGA,20.0,21.0
AGAP1,49.0,50.0
AGAP11,22.0,26.0
AGAP2,74.0,67.0
AGAP3,52.0,61.0
AGAP4,10.0,12.0
AGAP5,49.0,42.0
AGAP6,4.0,7.0
AGAP7P,18.0,17.0
AGAP9,28.0,27.0
AGBL1,114.0,109.0
AGBL2,121.0,118.0
AGBL3,141.0,135.0
AGBL4,50.0,59.0
AGBL5,86.0,92.0
AGER,14.0,18.0
AGFG1,35.0,33.0
AGFG2,26.0,25.0
AGGF1,66.0,77.0
AGK,47.0,48.0
AGL,202.0,211.0
AGMAT,40.0,45.0
AGMO,27.0,31.0
AGO1,68.0,71.0
AGO2,104.0,108.0
AGO3,91.0,99.0
AGO4,78.0,75.0
AGPAT1,10.0,10.0
AGPAT2,15.0,22.0
AGPAT3,44.0,47.0
AGPAT4,25.0,24.0
AGPAT4-IT1,4.0,10.0
AGPAT5,19.0,22.0
AGPS,73.0,72.0
AGR2,13.0,10.0
AGR3,28.0,21.0
AGRN,142.0,140.0
AGRP,9.0,8.0
AGT,37.0,43.0
AGTPBP1,127.0,129.0
AGTR1,34.0,31.0
AGTR2,16.0,16.0
AGTRAP,14.0,14.0
AGXT,40.0,38.0
AGXT2,72.0,67.0
AHCTF1,176.0,214.0
AHCY,50.0,53.0
AHCYL1,58.0,54.0
AHCYL2,28.0,26.0
AHDC1,148.0,126.0
AHI1,159.0,156.0
AHI1-DT,13.0,15.0
AHNAK,655.0,710.0
AHNAK2,451.0,449.0
AHR,63.0,67.0
AHRR,64.0,82.0
AHSA1,50.0,55.0
AHSA2P,38.0,36.0
AHSG,25.0,27.0
AHSP,9.0,8.0
AICDA,42.0,55.0
AIDA,31.0,32.0
AIF1,14.0,14.0
AIF1L,22.0,24.0
AIFM1,46.0,50.0
AIFM2,35.0,44.0
AIFM3,53.0,55.0
AIG1,14.0,13.0
AIM2,57.0,48.0
AIMP1,45.0,39.0
AIMP2,31.0,33.0
AIP,45.0,43.0
AIPL1,46.0,51.0
AIRE,49.0,60.0
AIRIM,18.0,21.0
AJAP1,18.0,26.0
AJM1,101.0,100.0
AJUBA,57.0,61.0
AK1,26.0,23.0
AK2,47.0,51.0
AK3,40.0,33.0
AK4,24.0,27.0
AK5,58.0,60.0
AK6,23.0,25.0
AK7,88.0,82.0
AK8,63.0,80.0
AK9,170.0,163.0
AKAIN1,10.0,9.0
AKAP1,82.0,90.0
AKAP10,56.0,67.0
AKAP11,146.0,142.0
AKAP12,157.0,160.0
AKAP13,248.0,244.0
AKAP14,33.0,34.0
AKAP17A,65.0,76.0
AKAP19,13.0,12.0
AKAP3,96.0,89.0
AKAP4,107.0,108.0
AKAP5,27.0,29.0
AKAP6,223.0,234.0
AKAP7,79.0,79.0
AKAP8,46.0,57.0
AKAP8L,43.0,42.0
AKAP9,648.0,669.0
AKIP1,20.0,19.0
AKIRIN1,21.0,20.0
AKIRIN2,33.0,36.0
AKNA,137.0,140.0
AKNAD1,80.0,89.0
AKR1A1,33.0,38.0
AKR1B1,43.0,47.0
AKR1B10,17.0,21.0
AKR1B15,46.0,48.0
AKR1C1,6.0,5.0
AKR1C2,36.0,29.0
AKR1C3,49.0,43.0
AKR1C4,38.0,40.0
AKR1C8,41.0,41.0
AKR1D1,47.0,45.0
AKR1E2,54.0,54.0
AKR7A2,17.0,19.0
AKR7A3,15.0,21.0
AKR7L,24.0,22.0
AKT1,81.0,84.0
AKT1S1,22.0,17.0
AKT2,79.0,72.0
AKT3,64.0,58.0
AKTIP,26.0,36.0
ALAD,31.0,30.0
ALAS1,73.0,78.0
ALAS2,65.0,67.0
ALB,93.0,97.0
ALCAM,56.0,60.0
ALDH16A1,57.0,58.0
ALDH18A1,111.0,107.0
ALDH1A1,63.0,62.0
ALDH1A2,34.0,36.0
ALDH1A3,70.0,73.0
ALDH1B1,38.0,43.0
ALDH1L1,110.0,107.0
ALDH1L2,108.0,113.0
ALDH2,30.0,29.0
ALDH3A1,48.0,45.0
ALDH3A2,41.0,41.0
ALDH3B1,32.0,37.0
ALDH3B2,31.0,28.0
ALDH4A1,54.0,51.0
ALDH5A1,48.0,40.0
ALDH6A1,38.0,47.0
ALDH7A1,51.0,55.0
ALDH8A1,31.0,37.0
ALDH9A1,42.0,44.0
ALDOA,51.0,57.0
ALDOB,28.0,30.0
ALDOC,53.0,54.0
ALG1,43.0,38.0
ALG10,,1.0
ALG10B,20.0,17.0
ALG11,19.0,18.0
ALG12,32.0,41.0
ALG13,91.0,99.0
ALG14,25.0,21.0
ALG1L2,34.0,28.0
ALG2,45.0,47.0
ALG3,15.0,13.0
ALG5,23.0,30.0
ALG6,23.0,22.0
ALG8,26.0,36.0
ALG9,42.0,53.0
ALK,144.0,136.0
ALKAL1,15.0,12.0
ALKAL2,34.0,36.0
ALKBH1,45.0,52.0
ALKBH2,22.0,21.0
ALKBH3,61.0,57.0
ALKBH4,27.0,35.0
ALKBH5,44.0,39.0
ALKBH6,44.0,44.0
ALKBH7,27.0,34.0
ALKBH8,76.0,88.0
ALLC,45.0,50.0
ALMS1,486.0,507.0
ALOX12,67.0,70.0
ALOX12B,68.0,59.0
ALOX15,84.0,92.0
ALOX15B,65.0,61.0
ALOX5,73.0,81.0
ALOX5AP,8.0,7.0
ALOXE3,51.0,53.0
ALPG,20.0,19.0
ALPI,26.0,33.0
ALPK1,147.0,156.0
ALPK2,185.0,184.0
ALPK3,125.0,133.0
ALPL,39.0,44.0
ALPP,42.0,50.0
ALS2,124.0,126.0
ALS2CL,105.0,114.0
ALX1,35.0,36.0
ALX3,16.0,18.0
ALX4,25.0,15.0
ALYREF,15.0,17.0
AMACR,28.0,26.0
AMBN,14.0,14.0
AMBP,26.0,29.0
AMBRA1,109.0,115.0
AMD1,41.0,50.0
AMDHD1,66.0,63.0
AMDHD2,33.0,34.0
AMELY,2.0,2.0
AMER1,53.0,57.0
AMER2,59.0,68.0
AMER3,71.0,73.0
AMFR,41.0,44.0
AMH,50.0,54.0
AMHR2,71.0,74.0
AMIGO1,54.0,57.0
AMIGO2,38.0,41.0
AMIGO3,45.0,45.0
AMMECR1,24.0,21.0
AMMECR1L,13.0,19.0
AMN,35.0,31.0
AMN1,15.0,18.0
AMOT,121.0,117.0
AMOTL1,99.0,108.0
AMOTL2,82.0,91.0
AMPD1,93.0,103.0
AMPD2,89.0,92.0
AMPD3,87.0,95.0
AMPH,51.0,46.0
AMT,49.0,49.0
AMTN,9.0,8.0
AMY1B,17.0,21.0
AMY2A,63.0,67.0
AMY2B,6.0,5.0
AMZ1,45.0,42.0
AMZ2,44.0,45.0
ANAPC1,172.0,167.0
ANAPC10,35.0,38.0
ANAPC11,1.0,1.0
ANAPC13,5.0,6.0
ANAPC15,3.0,6.0
ANAPC16,6.0,10.0
ANAPC2,85.0,95.0
ANAPC4,99.0,109.0
ANAPC5,87.0,86.0
ANAPC7,75.0,78.0
ANG,23.0,15.0
ANGEL1,39.0,46.0
ANGEL2,78.0,74.0
ANGPT1,70.0,61.0
ANGPT2,50.0,51.0
ANGPT4,59.0,52.0
ANGPTL1,50.0,63.0
ANGPTL2,67.0,76.0
ANGPTL3,55.0,55.0
ANGPTL4,30.0,25.0
ANGPTL5,58.0,59.0
ANGPTL6,45.0,51.0
ANGPTL7,23.0,25.0
ANGPTL8,13.0,17.0
ANHX,41.0,43.0
ANK1,147.0,161.0
ANK2,378.0,380.0
ANK3,526.0,510.0
ANKAR,129.0,147.0
ANKDD1A,51.0,53.0
ANKDD1B,92.0,76.0
ANKEF1,110.0,111.0
ANKFN1,91.0,105.0
ANKFY1,87.0,89.0
ANKH,34.0,28.0
ANKHD1,100.0,108.0
ANKIB1,85.0,89.0
ANKK1,71.0,83.0
ANKLE1,49.0,52.0
ANKLE2,95.0,94.0
ANKMY1,114.0,111.0
ANKMY2,42.0,45.0
ANKRA2,25.0,24.0
ANKRD1,41.0,50.0
ANKRD10,23.0,30.0
ANKRD11,179.0,188.0
ANKRD12,204.0,196.0
ANKRD13A,49.0,52.0
ANKRD13B,63.0,56.0
ANKRD13C,31.0,27.0
ANKRD13C-DT,14.0,18.0
ANKRD13D,64.0,66.0
ANKRD16,41.0,39.0
ANKRD17,222.0,203.0
ANKRD18A,141.0,138.0
ANKRD18B,85.0,93.0
ANKRD19P,35.0,35.0
ANKRD2,39.0,41.0
ANKRD20A1,4.0,3.0
ANKRD20A12P,58.0,66.0
ANKRD20A2P,7.0,7.0
ANKRD20A3P,5.0,6.0
ANKRD20A4P,112.0,119.0
ANKRD20A5P,17.0,17.0
ANKRD20A8P,49.0,53.0
ANKRD22,14.0,12.0
ANKRD23,33.0,39.0
ANKRD24,120.0,127.0
ANKRD26,239.0,272.0
ANKRD26P1,37.0,34.0
ANKRD27,126.0,119.0
ANKRD28,55.0,63.0
ANKRD29,21.0,23.0
ANKRD30A,152.0,146.0
ANKRD30B,183.0,197.0
ANKRD30BL,23.0,17.0
ANKRD31,175.0,185.0
ANKRD33,36.0,33.0
ANKRD33B,50.0,50.0
ANKRD34A,65.0,67.0
ANKRD34B,65.0,60.0
ANKRD34C,87.0,102.0
ANKRD35,134.0,144.0
ANKRD36,123.0,118.0
ANKRD36B,184.0,192.0
ANKRD36BP1,11.0,14.0
ANKRD36C,79.0,87.0
ANKRD37,11.0,11.0
ANKRD39,16.0,20.0
ANKRD40,17.0,26.0
ANKRD40CL,36.0,29.0
ANKRD42,54.0,61.0
ANKRD44,96.0,100.0
ANKRD45,20.0,21.0
ANKRD46,13.0,19.0
ANKRD49,29.0,33.0
ANKRD50,150.0,155.0
ANKRD52,98.0,92.0
ANKRD53,80.0,76.0
ANKRD54,39.0,38.0
ANKRD55,55.0,46.0
ANKRD6,101.0,98.0
ANKRD60,36.0,43.0
ANKRD61,50.0,55.0
ANKRD62,113.0,117.0
ANKRD63,33.0,30.0
ANKRD65,46.0,57.0
ANKRD66,30.0,29.0
ANKRD7,20.0,18.0
ANKRD9,19.0,22.0
ANKS1A,81.0,76.0
ANKS1B,119.0,132.0
ANKS3,67.0,75.0
ANKS4B,39.0,40.0
ANKS6,81.0,88.0
ANKUB1,55.0,54.0
ANKZF1,56.0,67.0
ANLN,147.0,153.0
ANO1,92.0,88.0
ANO10,43.0,51.0
ANO2,75.0,91.0
ANO3,82.0,74.0
ANO4,84.0,78.0
ANO5,67.0,79.0
ANO6,102.0,103.0
ANO7,73.0,78.0
ANO8,58.0,67.0
ANO9,65.0,74.0
ANOS1,89.0,82.0
ANP32A,21.0,15.0
ANP32B,19.0,22.0
ANP32CP,17.0,17.0
ANP32D,12.0,12.0
ANP32E,14.0,13.0
ANPEP,98.0,103.0
ANTKMT,24.0,22.0
ANTXR1,55.0,52.0
ANTXR2,50.0,49.0
ANTXRL,38.0,44.0
ANXA1,34.0,34.0
ANXA10,29.0,35.0
ANXA11,47.0,49.0
ANXA13,47.0,44.0
ANXA2,18.0,20.0
ANXA2P2,63.0,54.0
ANXA2R,19.0,29.0
ANXA3,57.0,60.0
ANXA4,49.0,55.0
ANXA5,37.0,39.0
ANXA6,114.0,125.0
ANXA7,53.0,55.0
ANXA8,38.0,38.0
ANXA8L1,3.0,4.0
ANXA9,70.0,65.0
AOAH,56.0,57.0
AOC1,74.0,81.0
AOC2,65.0,69.0
AOC3,30.0,31.0
AOPEP,80.0,80.0
AOX1,117.0,129.0
AP1AR,24.0,23.0
AP1B1,53.0,57.0
AP1G1,39.0,49.0
AP1G2,54.0,57.0
AP1M1,50.0,58.0
AP1M2,31.0,38.0
AP1S1,2.0,2.0
AP1S2,16.0,17.0
AP1S3,5.0,2.0
AP2A1,77.0,80.0
AP2A2,90.0,96.0
AP2B1,78.0,80.0
AP2M1,44.0,40.0
AP2S1,19.0,22.0
AP3B1,122.0,127.0
AP3B2,127.0,114.0
AP3D1,105.0,102.0
AP3M1,30.0,30.0
AP3M2,33.0,33.0
AP3S1,13.0,15.0
AP3S2,19.0,22.0
AP4B1,78.0,70.0
AP4E1,109.0,98.0
AP4M1,68.0,62.0
AP4S1,18.0,14.0
AP5B1,59.0,53.0
AP5M1,51.0,52.0
AP5S1,26.0,30.0
AP5Z1,82.0,89.0
APAF1,121.0,148.0
APBA1,78.0,78.0
APBA2,37.0,42.0
APBA3,20.0,17.0
APBB1,29.0,29.0
APBB1IP,50.0,61.0
APBB2,59.0,62.0
APBB3,28.0,31.0
APC,385.0,403.0
APC2,203.0,212.0
APCDD1,57.0,60.0
APCDD1L,51.0,65.0
APCS,15.0,15.0
APEH,39.0,35.0
APEX1,43.0,44.0
APEX2,53.0,60.0
APH1A,9.0,9.0
APH1B,12.0,17.0
API5,59.0,55.0
APIP,27.0,25.0
APLF,37.0,44.0
APLN,8.0,7.0
APLNR,17.0,16.0
APLP1,62.0,59.0
APLP2,89.0,91.0
APMAP,42.0,47.0
APOA1,56.0,48.0
APOA2,5.0,4.0
APOA4,54.0,61.0
APOA5,51.0,51.0
APOB,513.0,553.0
APOBEC1,27.0,32.0
APOBEC2,4.0,4.0
APOBEC3A,28.0,30.0
APOBEC3B,7.0,6.0
APOBEC3C,16.0,15.0
APOBEC3D,26.0,32.0
APOBEC3F,37.0,44.0
APOBEC3G,61.0,58.0
APOBEC3H,18.0,17.0
APOBEC4,29.0,27.0
APOBR,117.0,128.0
APOC1,10.0,11.0
APOC2,10.0,6.0
APOC3,14.0,18.0
APOC4,18.0,19.0
APOD,9.0,6.0
APOE,31.0,39.0
APOF,20.0,17.0
APOH,30.0,33.0
APOL1,31.0,22.0
APOL2,29.0,32.0
APOL3,29.0,34.0
APOL4,20.0,19.0
APOL5,49.0,52.0
APOL6,46.0,37.0
APOLD1,20.0,23.0
APOM,21.0,15.0
APOO,18.0,22.0
APOOL,39.0,42.0
APP,63.0,64.0
APPBP2,67.0,65.0
APPL1,78.0,81.0
APPL2,78.0,83.0
APRG1,15.0,18.0
APRT,14.0,17.0
APTX,39.0,32.0
AQP1,3.0,3.0
AQP10,1.0,2.0
AQP11,1.0,1.0
AQP12A,4.0,5.0
AQP12B,8.0,6.0
AQP2,6.0,4.0
AQP3,6.0,6.0
AQP4,22.0,20.0
AQP5,14.0,16.0
AQP5-AS1,6.0,4.0
AQP6,11.0,9.0
AQP7,23.0,25.0
AQP7B,13.0,17.0
AQP8,5.0,2.0
AQP9,3.0,4.0
AQR,151.0,165.0
AR,60.0,64.0
ARAF,75.0,81.0
ARAP1,122.0,123.0
ARAP2,189.0,198.0
ARAP3,137.0,130.0
ARB2A,57.0,60.0
ARB2BP,47.0,46.0
ARC,29.0,39.0
ARCN1,61.0,57.0
AREG,18.0,22.0
AREL1,83.0,81.0
ARF1,6.0,5.0
ARF3,18.0,18.0
ARF4,43.0,38.0
ARF5,21.0,22.0
ARF6,25.0,23.0
ARFGAP1,35.0,42.0
ARFGAP2,52.0,44.0
ARFGAP3,51.0,49.0
ARFGEF1,150.0,158.0
ARFGEF2,203.0,217.0
ARFGEF3,175.0,203.0
ARFIP1,58.0,70.0
ARFIP2,57.0,50.0
ARFRP1,32.0,32.0
ARG1,46.0,51.0
ARG2,32.0,40.0
ARGFX,10.0,13.0
ARGLU1,23.0,26.0
ARHGAP1,44.0,45.0
ARHGAP10,107.0,118.0
ARHGAP11A,110.0,115.0
ARHGAP11B,25.0,22.0
ARHGAP12,120.0,115.0
ARHGAP15,64.0,68.0
ARHGAP17,61.0,59.0
ARHGAP18,90.0,90.0
ARHGAP19,70.0,67.0
ARHGAP20,120.0,115.0
ARHGAP21,203.0,209.0
ARHGAP22,57.0,63.0
ARHGAP23,207.0,221.0
ARHGAP24,94.0,89.0
ARHGAP25,110.0,111.0
ARHGAP26,101.0,111.0
ARHGAP27,68.0,74.0
ARHGAP28,73.0,71.0
ARHGAP29,210.0,214.0
ARHGAP30,76.0,89.0
ARHGAP31,144.0,160.0
ARHGAP32,196.0,203.0
ARHGAP33,68.0,69.0
ARHGAP35,117.0,124.0
ARHGAP36,42.0,47.0
ARHGAP39,155.0,166.0
ARHGAP4,103.0,101.0
ARHGAP40,59.0,63.0
ARHGAP42,119.0,117.0
ARHGAP44,51.0,54.0
ARHGAP45,77.0,95.0
ARHGAP5,141.0,133.0
ARHGAP5-AS1,5.0,3.0
ARHGAP6,102.0,105.0
ARHGAP8,69.0,69.0
ARHGAP9,74.0,82.0
ARHGDIA,20.0,20.0
ARHGDIB,31.0,34.0
ARHGDIG,14.0,14.0
ARHGEF1,108.0,105.0
ARHGEF10,100.0,100.0
ARHGEF10L,90.0,91.0
ARHGEF11,172.0,180.0
ARHGEF12,223.0,201.0
ARHGEF15,76.0,78.0
ARHGEF16,82.0,80.0
ARHGEF17,163.0,148.0
ARHGEF18,117.0,112.0
ARHGEF19,97.0,91.0
ARHGEF2,91.0,96.0
ARHGEF25,54.0,56.0
ARHGEF26,106.0,110.0
ARHGEF28,166.0,161.0
ARHGEF3,51.0,53.0
ARHGEF33,100.0,119.0
ARHGEF35,2.0,2.0
ARHGEF37,76.0,79.0
ARHGEF38,93.0,96.0
ARHGEF39,39.0,45.0
ARHGEF4,80.0,88.0
ARHGEF40,177.0,183.0
ARHGEF5,176.0,176.0
ARHGEF6,88.0,90.0
ARHGEF7,90.0,100.0
ARHGEF9,66.0,70.0
ARID1A,154.0,154.0
ARID1B,154.0,155.0
ARID2,127.0,131.0
ARID3A,54.0,49.0
ARID3B,52.0,59.0
ARID3C,28.0,22.0
ARID4A,81.0,86.0
ARID4B,137.0,139.0
ARID5A,59.0,62.0
ARID5B,119.0,135.0
ARIH1,37.0,41.0
ARIH2,80.0,83.0
ARIH2OS,28.0,21.0
ARK2C,37.0,39.0
ARK2N,21.0,20.0
ARL1,23.0,24.0
ARL10,22.0,18.0
ARL11,18.0,18.0
ARL13A,38.0,42.0
ARL13B,47.0,51.0
ARL14,30.0,30.0
ARL14EP,28.0,37.0
ARL14EPL,18.0,13.0
ARL15,16.0,18.0
ARL16,15.0,12.0
ARL17A,12.0,10.0
ARL2,22.0,29.0
ARL2BP,5.0,8.0
ARL3,17.0,17.0
ARL4A,10.0,13.0
ARL4C,16.0,17.0
ARL4D,15.0,19.0
ARL5A,7.0,11.0
ARL5B,22.0,19.0
ARL5C,21.0,22.0
ARL6,48.0,52.0
ARL6IP1,12.0,14.0
ARL6IP4,18.0,19.0
ARL6IP5,17.0,13.0
ARL6IP6,17.0,17.0
ARL8A,38.0,34.0
ARL8B,23.0,22.0
ARL9,27.0,40.0
ARLN,10.0,8.0
ARMC1,36.0,35.0
ARMC10,34.0,35.0
ARMC12,32.0,30.0
ARMC2,121.0,119.0
ARMC3,106.0,100.0
ARMC5,59.0,71.0
ARMC6,48.0,47.0
ARMC7,6.0,6.0
ARMC8,71.0,74.0
ARMC9,81.0,89.0
ARMCX1,48.0,48.0
ARMCX2,32.0,38.0
ARMCX3,24.0,32.0
ARMCX4,216.0,249.0
ARMCX5,60.0,77.0
ARMCX6,25.0,32.0
ARMH1,50.0,49.0
ARMH2,24.0,24.0
ARMH3,74.0,84.0
ARMH4,31.0,30.0
ARMS2,12.0,16.0
ARNT,82.0,90.0
ARNT2,42.0,42.0
ARPC1A,37.0,37.0
ARPC1B,40.0,44.0
ARPC2,46.0,53.0
ARPC3,28.0,21.0
ARPC4,36.0,35.0
ARPC5,14.0,21.0
ARPC5L,17.0,18.0
ARPIN,20.0,23.0
ARPP19,13.0,11.0
ARPP21,55.0,53.0
ARR3,35.0,33.0
ARRB1,26.0,25.0
ARRB2,47.0,44.0
ARRDC1,27.0,23.0
ARRDC1-AS1,8.0,5.0
ARRDC2,22.0,24.0
ARRDC3,29.0,32.0
ARRDC4,47.0,43.0
ARRDC5,34.0,42.0
ARSA,15.0,12.0
ARSB,63.0,67.0
ARSD,46.0,52.0
ARSF,40.0,44.0
ARSG,31.0,32.0
ARSH,43.0,48.0
ARSI,27.0,23.0
ARSJ,44.0,50.0
ARSK,42.0,55.0
ARSL,48.0,42.0
ART1,20.0,18.0
ART3,27.0,23.0
ART4,43.0,52.0
ART5,36.0,39.0
ARTN,27.0,26.0
ARV1,19.0,24.0
ARVCF,105.0,110.0
ARX,53.0,54.0
AS3MT,64.0,72.0
ASAH1,34.0,40.0
ASAH2,54.0,46.0
ASAH2B,5.0,5.0
ASAP1,150.0,155.0
ASAP2,111.0,114.0
ASAP3,60.0,62.0
ASB1,53.0,51.0
ASB10,43.0,50.0
ASB11,36.0,32.0
ASB12,19.0,19.0
ASB13,25.0,30.0
ASB14,68.0,60.0
ASB15,52.0,48.0
ASB16,41.0,42.0
ASB16-AS1,21.0,20.0
ASB17,47.0,59.0
ASB18,56.0,61.0
ASB2,51.0,65.0
ASB3,32.0,41.0
ASB4,38.0,41.0
ASB5,21.0,20.0
ASB6,65.0,71.0
ASB7,50.0,49.0
ASB8,38.0,38.0
ASB9,21.0,20.0
ASCC1,22.0,23.0
ASCC2,42.0,43.0
ASCC3,291.0,299.0
ASCL1,11.0,12.0
ASCL2,16.0,18.0
ASCL3,21.0,19.0
ASCL4,27.0,31.0
ASCL5,9.0,11.0
ASDURF,14.0,20.0
ASF1A,1.0,3.0
ASF1B,13.0,14.0
ASGR1,48.0,53.0
ASGR2,13.0,11.0
ASH1L,299.0,299.0
ASH2L,60.0,66.0
ASIC1,42.0,39.0
ASIC2,33.0,32.0
ASIC3,36.0,35.0
ASIC4,31.0,30.0
ASIC5,47.0,41.0
ASIP,4.0,6.0
ASL,63.0,70.0
ASMT,34.0,30.0
ASMTL,64.0,67.0
ASNS,80.0,72.0
ASNSD1,57.0,60.0
ASPA,34.0,35.0
ASPDH,25.0,23.0
ASPG,41.0,42.0
ASPH,67.0,71.0
ASPHD1,17.0,16.0
ASPHD2,17.0,20.0
ASPM,454.0,425.0
ASPN,52.0,54.0
ASPRV1,22.0,20.0
ASPSCR1,56.0,59.0
ASRGL1,41.0,36.0
ASS1,25.0,23.0
ASTE1,87.0,93.0
ASTL,46.0,47.0
ASTN1,108.0,97.0
ASTN2,85.0,98.0
ASXL1,156.0,176.0
ASXL2,196.0,192.0
ASXL3,161.0,164.0
ASZ1,31.0,38.0
ATAD1,49.0,47.0
ATAD2,145.0,151.0
ATAD2B,160.0,164.0
ATAD3A,42.0,41.0
ATAD3B,75.0,79.0
ATAD3C,25.0,23.0
ATAD5,219.0,205.0
ATAT1,42.0,45.0
ATCAY,30.0,35.0
ATE1,33.0,44.0
ATF2,36.0,38.0
ATF3,22.0,19.0
ATF4,19.0,18.0
ATF5,10.0,11.0
ATF6,40.0,41.0
ATF6B,56.0,58.0
ATF7,26.0,32.0
ATF7IP,97.0,99.0
ATF7IP2,86.0,78.0
ATG10,22.0,27.0
ATG101,25.0,25.0
ATG12,5.0,8.0
ATG13,54.0,47.0
ATG14,25.0,32.0
ATG16L1,51.0,57.0
ATG16L2,62.0,64.0
ATG2A,148.0,154.0
ATG2B,200.0,205.0
ATG3,21.0,19.0
ATG4A,32.0,30.0
ATG4B,44.0,46.0
ATG4C,51.0,58.0
ATG4D,63.0,64.0
ATG5,32.0,39.0
ATG7,77.0,75.0
ATG9A,82.0,76.0
ATG9B,68.0,66.0
ATIC,65.0,59.0
ATL1,52.0,53.0
ATL2,72.0,66.0
ATL3,58.0,61.0
ATM,381.0,396.0
ATMIN,56.0,49.0
ATN1,61.0,63.0
ATOH1,25.0,28.0
ATOH7,29.0,26.0
ATOH8,28.0,22.0
ATOSA,128.0,124.0
ATOSB,18.0,26.0
ATOX1,13.0,13.0
ATP10A,117.0,123.0
ATP10B,97.0,96.0
ATP10D,100.0,108.0
ATP11A,120.0,124.0
ATP11AUN,15.0,18.0
ATP11B,77.0,80.0
ATP11C,72.0,82.0
ATP12A,89.0,95.0
ATP13A1,119.0,116.0
ATP13A2,102.0,96.0
ATP13A3,104.0,107.0
ATP13A4,103.0,94.0
ATP13A5,92.0,98.0
ATP1A1,94.0,105.0
ATP1A1-AS1,12.0,10.0
ATP1A2,94.0,92.0
ATP1A3,54.0,57.0
ATP1A4,62.0,59.0
ATP1B1,32.0,30.0
ATP1B2,20.0,22.0
ATP1B3,20.0,21.0
ATP1B4,26.0,27.0
ATP23,33.0,28.0
ATP2A1,104.0,97.0
ATP2A2,87.0,90.0
ATP2A3,73.0,66.0
ATP2B1,109.0,108.0
ATP2B2,72.0,76.0
ATP2B3,67.0,75.0
ATP2B4,100.0,102.0
ATP2C1,74.0,75.0
ATP2C2,62.0,69.0
ATP4A,77.0,80.0
ATP4B,40.0,43.0
ATP5F1A,83.0,88.0
ATP5F1B,45.0,48.0
ATP5F1C,28.0,34.0
ATP5F1D,6.0,6.0
ATP5F1E,13.0,11.0
ATP5F1EP2,2.0,2.0
ATP5IF1,8.0,6.0
ATP5MC1,7.0,7.0
ATP5MC2,7.0,7.0
ATP5MC3,15.0,9.0
ATP5ME,9.0,9.0
ATP5MF,8.0,10.0
ATP5MG,14.0,15.0
ATP5MGL,11.0,13.0
ATP5MJ,7.0,5.0
ATP5MK,4.0,4.0
ATP5PB,34.0,31.0
ATP5PD,19.0,21.0
ATP5PF,23.0,26.0
ATP5PO,23.0,27.0
ATP6AP1,40.0,46.0
ATP6AP1L,10.0,9.0
ATP6AP2,37.0,36.0
ATP6V0A1,58.0,61.0
ATP6V0A2,74.0,67.0
ATP6V0A4,44.0,47.0
ATP6V0C,4.0,2.0
ATP6V0D1,35.0,36.0
ATP6V0D2,45.0,47.0
ATP6V0E1,5.0,6.0
ATP6V0E2,4.0,3.0
ATP6V1A,48.0,50.0
ATP6V1B1,54.0,60.0
ATP6V1B2,44.0,46.0
ATP6V1C1,55.0,54.0
ATP6V1C2,65.0,69.0
ATP6V1D,23.0,27.0
ATP6V1E1,18.0,22.0
ATP6V1E2,21.0,29.0
ATP6V1F,11.0,12.0
ATP6V1G1,23.0,24.0
ATP6V1G2,33.0,30.0
ATP6V1G3,15.0,15.0
ATP6V1H,37.0,46.0
ATP7A,110.0,105.0
ATP7B,108.0,123.0
ATP8A1,115.0,102.0
ATP8A2,83.0,86.0
ATP8B1,109.0,94.0
ATP8B2,100.0,102.0
ATP8B3,118.0,119.0
ATP8B4,87.0,99.0
ATP9A,57.0,55.0
ATP9B,99.0,106.0
ATPAF1,31.0,33.0
ATPAF2,37.0,39.0
ATPSCKMT,20.0,22.0
ATR,293.0,294.0
ATRAID,4.0,4.0
ATRIP,68.0,72.0
ATRN,118.0,125.0
ATRNL1,88.0,93.0
ATRX,279.0,306.0
ATXN1,69.0,78.0
ATXN10,44.0,44.0
ATXN1L,43.0,54.0
ATXN2,85.0,75.0
ATXN2L,81.0,73.0
ATXN3,26.0,26.0
ATXN3L,24.0,25.0
ATXN7,76.0,90.0
ATXN7L1,62.0,63.0
ATXN7L2,86.0,94.0
ATXN7L3,29.0,34.0
ATXN7L3B,13.0,12.0
ATXN8OS,27.0,32.0
AUH,34.0,42.0
AUNIP,46.0,41.0
AUP1,34.0,37.0
AURKA,52.0,50.0
AURKAIP1,21.0,23.0
AURKB,56.0,53.0
AURKC,42.0,48.0
AUTS2,76.0,74.0
AVEN,39.0,41.0
AVIL,117.0,123.0
AVL9,46.0,47.0
AVP,15.0,12.0
AVPI1,13.0,13.0
AVPR1A,26.0,29.0
AVPR1B,27.0,25.0
AVPR2,11.0,10.0
AWAT1,15.0,15.0
AWAT2,30.0,27.0
AXDND1,142.0,151.0
AXIN1,93.0,102.0
AXIN2,88.0,87.0
AXL,54.0,49.0
AZGP1,66.0,48.0
AZI2,79.0,85.0
AZIN1,23.0,24.0
AZIN2,35.0,30.0
AZU1,17.0,18.0
B2M,15.0,15.0
B3GALNT1,45.0,46.0
B3GALNT2,21.0,29.0
B3GALT1,40.0,41.0
B3GALT2,47.0,55.0
B3GALT4,30.0,36.0
B3GALT5,29.0,30.0
B3GALT5-AS1,7.0,6.0
B3GALT6,38.0,46.0
B3GALT9,22.0,25.0
B3GAT1,42.0,42.0
B3GAT2,26.0,28.0
B3GAT3,36.0,36.0
B3GLCT,22.0,29.0
B3GNT2,60.0,55.0
B3GNT3,23.0,19.0
B3GNT4,34.0,31.0
B3GNT5,26.0,30.0
B3GNT6,38.0,35.0
B3GNT7,58.0,52.0
B3GNT8,32.0,29.0
B3GNT9,33.0,35.0
B4GALNT1,73.0,73.0
B4GALNT2,48.0,49.0
B4GALNT3,89.0,110.0
B4GALNT4,122.0,118.0
B4GALT1,23.0,20.0
B4GALT2,25.0,28.0
B4GALT3,25.0,14.0
B4GALT4,28.0,31.0
B4GALT5,35.0,48.0
B4GALT6,29.0,42.0
B4GALT7,27.0,26.0
B4GAT1,28.0,33.0
B9D1,20.0,19.0
B9D2,17.0,18.0
BAALC,12.0,11.0
BAALC-AS2,1.0,2.0
BAAT,41.0,48.0
BABAM1,20.0,21.0
BABAM2,24.0,22.0
BACC1,19.0,16.0
BACE1,47.0,46.0
BACE2,27.0,30.0
BACH1,91.0,83.0
BACH2,74.0,69.0
BAD,18.0,28.0
BAG1,24.0,29.0
BAG2,32.0,30.0
BAG3,77.0,87.0
BAG4,22.0,19.0
BAG5,40.0,44.0
BAG6,77.0,74.0
BAGE,15.0,13.0
BAGE2,4.0,4.0
BAGE3,6.0,8.0
BAGE5,5.0,5.0
BAHCC1,233.0,223.0
BAHD1,55.0,59.0
BAIAP2,80.0,87.0
BAIAP2L1,61.0,66.0
BAIAP2L2,52.0,59.0
BAIAP3,79.0,81.0
BAK1,11.0,11.0
BAMBI,20.0,22.0
BANF1,8.0,11.0
BANF2,11.0,8.0
BANK1,85.0,91.0
BANP,59.0,59.0
BAP1,47.0,44.0
BARD1,75.0,74.0
BARGIN,65.0,79.0
BARHL1,34.0,38.0
BARHL2,27.0,28.0
BARX1,38.0,37.0
BARX2,26.0,25.0
BASP1,26.0,25.0
BATF,13.0,18.0
BATF2,24.0,23.0
BATF3,26.0,19.0
BAX,26.0,21.0
BAZ1A,164.0,170.0
BAZ1B,161.0,173.0
BAZ2A,125.0,137.0
BAZ2B,171.0,167.0
BBC3,43.0,39.0
BBIP1,22.0,19.0
BBLN,5.0,5.0
BBOF1,57.0,45.0
BBOX1,33.0,27.0
BBS1,50.0,41.0
BBS10,63.0,64.0
BBS12,69.0,77.0
BBS2,52.0,54.0
BBS4,57.0,57.0
BBS5,34.0,39.0
BBS7,74.0,73.0
BBS9,66.0,73.0
BBX,82.0,94.0
BCAM,59.0,54.0
BCAN,56.0,69.0
BCAP29,34.0,35.0
BCAP31,21.0,27.0
BCAR1,53.0,55.0
BCAR3,118.0,123.0
BCAS1,55.0,58.0
BCAS2,19.0,18.0
BCAS3,74.0,81.0
BCAS4,12.0,13.0
BCAT1,26.0,27.0
BCAT2,53.0,52.0
BCCIP,23.0,27.0
BCDIN3D,28.0,23.0
BCE1,5.0,5.0
BCHE,49.0,55.0
BCKDHA,46.0,58.0
BCKDHB,42.0,53.0
BCKDK,45.0,46.0
BCL10,23.0,23.0
BCL11A,75.0,76.0
BCL11B,89.0,94.0
BCL2,6.0,12.0
BCL2A1,26.0,33.0
BCL2L1,11.0,10.0
BCL2L10,23.0,18.0
BCL2L11,28.0,30.0
BCL2L12,27.0,38.0
BCL2L13,22.0,26.0
BCL2L14,45.0,49.0
BCL2L15,4.0,4.0
BCL2L2,14.0,12.0
BCL3,35.0,29.0
BCL6,92.0,98.0
BCL6B,57.0,56.0
BCL7A,14.0,12.0
BCL7B,2.0,3.0
BCL7C,7.0,10.0
BCL9,119.0,140.0
BCL9L,84.0,91.0
BCLAF1,84.0,92.0
BCLAF3,91.0,91.0
BCO1,39.0,42.0
BCO2,48.0,53.0
BCOR,192.0,206.0
BCORL1,146.0,144.0
BCORP1,18.0,21.0
BCR,110.0,125.0
BCS1L,64.0,59.0
BDH1,38.0,38.0
BDH2,20.0,24.0
BDKRB1,18.0,18.0
BDKRB2,18.0,19.0
BDNF,36.0,34.0
BDP1,277.0,263.0
BEAN1,6.0,4.0
BECN1,56.0,55.0
BECN2,28.0,29.0
BEGAIN,91.0,95.0
BEND2,49.0,63.0
BEND3,88.0,95.0
BEND4,51.0,40.0
BEND5,58.0,65.0
BEND6,22.0,30.0
BEND7,53.0,53.0
BEST1,58.0,57.0
BEST2,26.0,31.0
BEST3,44.0,45.0
BEST4,42.0,34.0
BET1,7.0,7.0
BET1L,6.0,9.0
BEX1,8.0,8.0
BEX2,13.0,16.0
BEX3,4.0,6.0
BEX5,2.0,1.0
BFAR,28.0,29.0
BFSP1,71.0,77.0
BFSP2,37.0,49.0
BGLAP,8.0,9.0
BGN,35.0,41.0
BHLHA15,2.0,2.0
BHLHA9,17.0,18.0
BHLHE22,27.0,20.0
BHLHE23,10.0,9.0
BHLHE40,47.0,44.0
BHLHE41,31.0,31.0
BHMT,59.0,60.0
BHMT2,29.0,34.0
BICC1,104.0,98.0
BICD1,133.0,132.0
BICD2,119.0,127.0
BICDL1,92.0,98.0
BICDL2,70.0,65.0
BICRA,86.0,73.0
BICRAL,57.0,63.0
BID,23.0,21.0
BIK,7.0,6.0
BIN1,66.0,70.0
BIN2,27.0,33.0
BIN3,38.0,41.0
BIRC2,60.0,61.0
BIRC3,63.0,69.0
BIRC5,29.0,25.0
BIRC6,283.0,278.0
BIRC7,26.0,24.0
BIRC8,37.0,40.0
BIVM,54.0,72.0
BKGD,24.0,26.0
BLACE,13.0,12.0
BLCAP,3.0,5.0
BLID,14.0,14.0
BLK,59.0,58.0
BLM,186.0,199.0
BLMH,51.0,55.0
BLNK,39.0,48.0
BLOC1S1,20.0,19.0
BLOC1S2,18.0,16.0
BLOC1S3,26.0,26.0
BLOC1S4,12.0,14.0
BLOC1S5,30.0,28.0
BLOC1S6,11.0,9.0
BLTP1,406.0,425.0
BLTP2,209.0,223.0
BLTP3A,110.0,128.0
BLTP3B,148.0,158.0
BLVRA,45.0,44.0
BLVRB,21.0,15.0
BLZF1,62.0,67.0
BMAL1,40.0,45.0
BMAL2,76.0,82.0
BMERB1,33.0,34.0
BMF,12.0,12.0
BMI1,22.0,28.0
BMP1,127.0,116.0
BMP10,40.0,39.0
BMP15,37.0,46.0
BMP2,25.0,32.0
BMP2K,72.0,77.0
BMP2KL,25.0,23.0
BMP3,46.0,49.0
BMP4,38.0,44.0
BMP5,20.0,23.0
BMP6,36.0,32.0
BMP7,33.0,33.0
BMP8A,26.0,33.0
BMP8B,6.0,7.0
BMPER,68.0,66.0
BMPR1A,46.0,42.0
BMPR1B,34.0,40.0
BMPR2,71.0,73.0
BMS1,92.0,87.0
BMX,73.0,86.0
BNC1,108.0,115.0
BNC2,89.0,89.0
BNIP1,50.0,43.0
BNIP2,14.0,14.0
BNIP3,24.0,25.0
BNIP3L,31.0,19.0
BNIP5,70.0,76.0
BNIPL,33.0,27.0
BOC,93.0,103.0
BOD1,8.0,7.0
BOD1L1,261.0,271.0
BOD1L2,29.0,31.0
BOK,37.0,42.0
BOLA1,23.0,30.0
BOLA2,15.0,15.0
BOLA3,12.0,13.0
BOLL,14.0,15.0
BOP1,57.0,57.0
BORA,34.0,40.0
BORCS5,37.0,41.0
BORCS6,29.0,27.0
BORCS7,30.0,27.0
BORCS8,11.0,13.0
BPESC1,9.0,7.0
BPGM,38.0,40.0
BPHL,40.0,40.0
BPI,23.0,18.0
BPIFA1,24.0,21.0
BPIFA2,24.0,24.0
BPIFA3,28.0,22.0
BPIFA4P,11.0,12.0
BPIFB1,34.0,44.0
BPIFB2,33.0,30.0
BPIFB3,34.0,33.0
BPIFB4,31.0,33.0
BPIFB6,40.0,39.0
BPIFC,21.0,23.0
BPNT1,45.0,45.0
BPNT2,24.0,28.0
BPTF,327.0,323.0
BPY2,8.0,11.0
BRAF,35.0,41.0
BRAP,60.0,58.0
BRAT1,57.0,51.0
BRCA1,164.0,168.0
BRCA2,396.0,408.0
BRCC3,31.0,35.0
BRD1,129.0,137.0
BRD10,166.0,157.0
BRD2,76.0,85.0
BRD3,54.0,55.0
BRD3OS,12.0,12.0
BRD4,107.0,116.0
BRD7,100.0,86.0
BRD8,116.0,121.0
BRD9,52.0,47.0
BRDT,81.0,74.0
BRF1,49.0,54.0
BRF2,33.0,32.0
BRI3BP,10.0,10.0
BRICD5,18.0,20.0
BRINP1,89.0,100.0
BRINP2,48.0,46.0
BRINP3,55.0,51.0
BRIP1,164.0,181.0
BRIX1,46.0,48.0
BRK1,18.0,15.0
BRME1,46.0,47.0
BRMS1,31.0,29.0
BRMS1L,40.0,45.0
BROX,23.0,20.0
BRPF1,128.0,120.0
BRPF3,101.0,103.0
BRS3,10.0,14.0
BRSK1,70.0,57.0
BRSK2,81.0,82.0
BRWD1,216.0,235.0
BRWD3,129.0,137.0
BSCL2,19.0,19.0
BSDC1,34.0,36.0
BSG,25.0,20.0
BSN,370.0,377.0
BSND,20.0,25.0
BSPH1,10.0,10.0
BSPRY,42.0,49.0
BST1,31.0,28.0
BST2,20.0,19.0
BSX,25.0,32.0
BTAF1,183.0,188.0
BTBD1,39.0,40.0
BTBD10,54.0,59.0
BTBD16,58.0,57.0
BTBD17,36.0,35.0
BTBD18,46.0,49.0
BTBD19,31.0,29.0
BTBD2,25.0,32.0
BTBD3,24.0,25.0
BTBD6,35.0,39.0
BTBD7,104.0,108.0
BTBD8,175.0,187.0
BTBD9,60.0,54.0
BTC,7.0,6.0
BTD,37.0,40.0
BTF3,12.0,13.0
BTF3L4,9.0,8.0
BTG1,10.0,14.0
BTG2,9.0,10.0
BTG3,25.0,23.0
BTG4,48.0,45.0
BTK,72.0,69.0
BTLA,40.0,40.0
BTN1A1,63.0,60.0
BTN2A1,55.0,50.0
BTN2A2,35.0,23.0
BTN2A3P,32.0,35.0
BTN3A1,27.0,25.0
BTN3A2,21.0,20.0
BTN3A3,56.0,63.0
BTNL10P,31.0,34.0
BTNL2,52.0,43.0
BTNL3,16.0,14.0
BTNL8,58.0,61.0
BTNL9,43.0,41.0
BTRC,72.0,79.0
BUB1,99.0,103.0
BUB1B,94.0,89.0
BUB3,24.0,34.0
BUD13,90.0,92.0
BUD23,18.0,22.0
BUD31,25.0,33.0
BYSL,60.0,62.0
BZW1,47.0,47.0
BZW2,53.0,55.0
C10orf105,10.0,14.0
C10orf120,41.0,39.0
C10orf126,22.0,18.0
C10orf143,17.0,15.0
C10orf53,7.0,8.0
C10orf62,19.0,17.0
C10orf67,71.0,63.0
C10orf90,94.0,102.0
C10orf95,21.0,24.0
C11orf16,42.0,39.0
C11orf21,7.0,5.0
C11orf24,22.0,24.0
C11orf40,20.0,22.0
C11orf42,23.0,20.0
C11orf52,18.0,19.0
C11orf68,32.0,35.0
C11orf71,19.0,19.0
C11orf86,11.0,11.0
C11orf87,8.0,4.0
C11orf91,9.0,9.0
C11orf96,8.0,10.0
C11orf97,12.0,17.0
C11orf98,8.0,15.0
C12orf42,50.0,54.0
C12orf50,26.0,27.0
C12orf54,28.0,27.0
C12orf56,57.0,69.0
C12orf57,15.0,16.0
C12orf60,47.0,48.0
C12orf71,9.0,13.0
C12orf76,17.0,22.0
C13orf42,29.0,29.0
C13orf46,37.0,34.0
C14orf119,13.0,13.0
C14orf93,58.0,56.0
C15orf32,24.0,28.0
C15orf39,52.0,63.0
C15orf40,9.0,10.0
C15orf61,13.0,13.0
C15orf62,12.0,13.0
C16orf46,57.0,49.0
C16orf54,29.0,28.0
C16orf74,4.0,2.0
C16orf78,38.0,40.0
C16orf82,24.0,24.0
C16orf86,13.0,10.0
C16orf87,16.0,14.0
C16orf89,40.0,40.0
C16orf90,24.0,25.0
C16orf95,9.0,13.0
C16orf96,77.0,79.0
C17orf100,21.0,16.0
C17orf107,19.0,17.0
C17orf113,49.0,56.0
C17orf114,8.0,9.0
C17orf50,25.0,25.0
C17orf58,39.0,42.0
C17orf67,12.0,13.0
C17orf75,62.0,67.0
C17orf78,60.0,61.0
C17orf99,16.0,20.0
C18orf15,2.0,2.0
C18orf32,6.0,6.0
C18orf63,91.0,93.0
C19orf12,11.0,13.0
C19orf18,28.0,29.0
C19orf25,2.0,1.0
C19orf44,79.0,71.0
C19orf47,38.0,45.0
C19orf53,3.0,3.0
C19orf67,17.0,20.0
C19orf73,18.0,23.0
C19orf81,20.0,25.0
C19orf84,3.0,6.0
C19orf85,13.0,14.0
C1D,7.0,8.0
C1GALT1,47.0,48.0
C1GALT1C1,36.0,36.0
C1GALT1C1L,24.0,23.0
C1QA,10.0,4.0
C1QB,27.0,29.0
C1QBP,21.0,20.0
C1QC,25.0,24.0
C1QL1,14.0,13.0
C1QL2,24.0,25.0
C1QL3,16.0,13.0
C1QL4,8.0,8.0
C1QTNF1,10.0,11.0
C1QTNF12,24.0,25.0
C1QTNF2,23.0,25.0
C1QTNF3,5.0,5.0
C1QTNF4,40.0,33.0
C1QTNF5,10.0,17.0
C1QTNF6,34.0,29.0
C1QTNF7,24.0,24.0
C1QTNF8,23.0,26.0
C1QTNF9,16.0,18.0
C1QTNF9B,40.0,41.0
C1R,60.0,65.0
C1RL,32.0,39.0
C1S,54.0,56.0
C1orf105,26.0,22.0
C1orf115,2.0,4.0
C1orf122,25.0,28.0
C1orf140,34.0,36.0
C1orf141,73.0,69.0
C1orf159,22.0,23.0
C1orf162,10.0,8.0
C1orf167,151.0,157.0
C1orf174,20.0,23.0
C1orf185,12.0,9.0
C1orf198,51.0,55.0
C1orf202,17.0,12.0
C1orf21,20.0,20.0
C1orf210,2.0,7.0
C1orf216,20.0,18.0
C1orf220,7.0,9.0
C1orf226,31.0,28.0
C1orf232,28.0,23.0
C1orf50,21.0,19.0
C1orf52,19.0,25.0
C1orf53,18.0,19.0
C1orf54,4.0,6.0
C1orf74,13.0,17.0
C1orf87,85.0,87.0
C1orf94,49.0,46.0
C2,76.0,80.0
C20orf141,4.0,4.0
C20orf144,7.0,6.0
C20orf173,10.0,8.0
C20orf202,13.0,11.0
C20orf203,24.0,22.0
C20orf204,22.0,23.0
C20orf96,57.0,65.0
C21orf140,10.0,10.0
C21orf58,21.0,21.0
C22orf15,12.0,10.0
C22orf23,27.0,27.0
C22orf31,5.0,6.0
C22orf39,13.0,14.0
C22orf42,22.0,20.0
C2CD2,54.0,58.0
C2CD2L,32.0,40.0
C2CD3,201.0,197.0
C2CD4A,55.0,58.0
C2CD4B,56.0,53.0
C2CD4C,54.0,63.0
C2CD4D,38.0,35.0
C2CD5,91.0,102.0
C2orf15,23.0,22.0
C2orf42,47.0,53.0
C2orf48,15.0,18.0
C2orf49,22.0,22.0
C2orf66,16.0,17.0
C2orf68,5.0,7.0
C2orf69,40.0,42.0
C2orf72,24.0,24.0
C2orf74,16.0,17.0
C2orf76,20.0,21.0
C2orf78,61.0,63.0
C2orf80,17.0,18.0
C2orf81,33.0,37.0
C2orf92,50.0,46.0
C3,168.0,185.0
C3AR1,12.0,15.0
C3P1,16.0,19.0
C3orf18,12.0,11.0
C3orf20,75.0,82.0
C3orf22,12.0,13.0
C3orf33,45.0,42.0
C3orf38,35.0,32.0
C3orf49,23.0,27.0
C3orf62,34.0,33.0
C3orf70,24.0,28.0
C3orf80,18.0,24.0
C3orf85,1.0,4.0
C4A,156.0,156.0
C4B,9.0,9.0
C4BPA,59.0,63.0
C4BPB,29.0,30.0
C4orf17,67.0,68.0
C4orf33,18.0,17.0
C4orf36,8.0,9.0
C4orf50,146.0,154.0
C4orf51,24.0,29.0
C4orf54,201.0,186.0
C5,106.0,116.0
C5AR1,19.0,28.0
C5AR2,7.0,8.0
C5orf22,23.0,22.0
C5orf24,25.0,26.0
C5orf34,105.0,94.0
C5orf46,13.0,11.0
C5orf47,19.0,13.0
C5orf52,14.0,13.0
C5orf58,9.0,10.0
C5orf63,34.0,33.0
C5orf67,6.0,8.0
C6,83.0,83.0
C6orf118,86.0,78.0
C6orf120,2.0,2.0
C6orf132,138.0,134.0
C6orf136,24.0,25.0
C6orf141,22.0,18.0
C6orf15,12.0,11.0
C6orf163,77.0,79.0
C6orf47,24.0,24.0
C6orf50,12.0,20.0
C6orf52,11.0,12.0
C6orf62,21.0,24.0
C6orf89,36.0,42.0
C7,85.0,79.0
C7orf25,42.0,54.0
C7orf33,32.0,32.0
C7orf57,51.0,47.0
C7orf78,34.0,35.0
C8A,27.0,24.0
C8B,69.0,68.0
C8G,20.0,21.0
C8orf17,21.0,15.0
C8orf33,18.0,26.0
C8orf34,70.0,69.0
C8orf44,15.0,18.0
C8orf48,39.0,47.0
C8orf58,44.0,40.0
C8orf74,20.0,21.0
C8orf76,3.0,5.0
C8orf82,27.0,26.0
C8orf88,17.0,13.0
C8orf89,25.0,23.0
C8orf90,11.0,10.0
C9,72.0,76.0
C9orf152,28.0,29.0
C9orf153,26.0,29.0
C9orf163,19.0,16.0
C9orf40,22.0,22.0
C9orf43,41.0,47.0
C9orf50,37.0,35.0
C9orf57,19.0,21.0
C9orf72,44.0,51.0
C9orf78,23.0,23.0
C9orf85,13.0,11.0
CA1,30.0,35.0
CA10,23.0,26.0
CA11,10.0,12.0
CA12,16.0,16.0
CA13,18.0,16.0
CA14,14.0,15.0
CA2,40.0,34.0
CA3,24.0,28.0
CA4,39.0,36.0
CA5A,25.0,25.0
CA5B,41.0,38.0
CA5BP1,30.0,33.0
CA6,9.0,14.0
CA7,37.0,42.0
CA8,32.0,33.0
CA9,28.0,30.0
CAAP1,26.0,28.0
CAB39,51.0,45.0
CAB39L,51.0,53.0
CABCOCO1,20.0,21.0
CABIN1,212.0,216.0
CABLES1,30.0,30.0
CABLES2,18.0,22.0
CABP1,46.0,50.0
CABP2,23.0,24.0
CABP4,19.0,24.0
CABP5,9.0,14.0
CABP7,18.0,13.0
CABS1,33.0,36.0
CABYR,27.0,25.0
CACFD1,6.0,7.0
CACHD1,115.0,113.0
CACNA1A,201.0,190.0
CACNA1B,158.0,168.0
CACNA1C,116.0,124.0
CACNA1D,141.0,141.0
CACNA1E,140.0,145.0
CACNA1F,132.0,121.0
CACNA1G,145.0,141.0
CACNA1H,135.0,142.0
CACNA1I,119.0,127.0
CACNA1S,106.0,102.0
CACNA2D1,76.0,86.0
CACNA2D2,106.0,104.0
CACNA2D3,94.0,86.0
CACNA2D4,79.0,66.0
CACNB1,41.0,35.0
CACNB2,47.0,49.0
CACNB3,48.0,46.0
CACNB4,78.0,90.0
CACNG1,3.0,7.0
CACNG2,13.0,19.0
CACNG3,45.0,42.0
CACNG4,10.0,12.0
CACNG5,23.0,20.0
CACNG6,22.0,17.0
CACNG7,12.0,10.0
CACNG8,24.0,29.0
CACTIN,84.0,83.0
CACTIN-AS1,26.0,25.0
CACUL1,23.0,29.0
CACYBP,42.0,45.0
CAD,170.0,161.0
CADM1,23.0,22.0
CADM2,24.0,30.0
CADM3,28.0,34.0
CADM4,27.0,29.0
CADPS,140.0,150.0
CADPS2,189.0,183.0
CAGE1,110.0,102.0
CALB1,51.0,50.0
CALB2,42.0,43.0
CALCA,31.0,28.0
CALCB,22.0,19.0
CALCOCO1,62.0,67.0
CALCOCO2,63.0,66.0
CALCR,6.0,9.0
CALCRL,24.0,27.0
CALD1,81.0,92.0
CALHM1,34.0,35.0
CALHM2,45.0,44.0
CALHM3,25.0,25.0
CALHM4,25.0,29.0
CALHM5,14.0,18.0
CALHM6,28.0,35.0
CALM1,31.0,24.0
CALML3,19.0,19.0
CALML4,20.0,20.0
CALML5,30.0,25.0
CALML6,19.0,16.0
CALN1,23.0,18.0
CALR,42.0,41.0
CALR3,46.0,55.0
CALU,35.0,34.0
CALY,18.0,16.0
CAMK1,33.0,35.0
CAMK1D,28.0,27.0
CAMK1G,33.0,33.0
CAMK2A,34.0,34.0
CAMK2B,56.0,66.0
CAMK2D,37.0,36.0
CAMK2G,26.0,31.0
CAMK2N1,20.0,19.0
CAMK2N2,10.0,13.0
CAMK4,46.0,61.0
CAMKK1,61.0,70.0
CAMKK2,45.0,48.0
CAMKMT,27.0,25.0
CAMKV,50.0,49.0
CAMLG,32.0,35.0
CAMP,25.0,24.0
CAMSAP1,176.0,195.0
CAMSAP2,171.0,168.0
CAMSAP3,97.0,100.0
CAMTA1,102.0,106.0
CAMTA2,81.0,88.0
CAND1,132.0,135.0
CAND2,101.0,110.0
CANT1,43.0,46.0
CANX,48.0,58.0
CAP1,59.0,66.0
CAP2,60.0,63.0
CAPG,28.0,27.0
CAPN1,88.0,84.0
CAPN10,76.0,85.0
CAPN11,62.0,77.0
CAPN12,67.0,69.0
CAPN13,67.0,72.0
CAPN14,66.0,78.0
CAPN15,122.0,129.0
CAPN2,53.0,47.0
CAPN3,122.0,113.0
CAPN5,90.0,95.0
CAPN6,73.0,70.0
CAPN7,98.0,115.0
CAPN8,51.0,50.0
CAPN9,92.0,97.0
CAPNS1,18.0,20.0
CAPNS2,16.0,22.0
CAPRIN1,50.0,56.0
CAPRIN2,108.0,113.0
CAPS,35.0,33.0
CAPS2,54.0,61.0
CAPSL,30.0,29.0
CAPZA1,25.0,24.0
CAPZA2,28.0,29.0
CAPZA3,41.0,34.0
CAPZB,48.0,47.0
CARD10,118.0,133.0
CARD11,124.0,141.0
CARD14,115.0,94.0
CARD16,14.0,20.0
CARD17P,6.0,6.0
CARD18,10.0,10.0
CARD19,34.0,34.0
CARD6,159.0,166.0
CARD8,57.0,57.0
CARD9,68.0,71.0
CARF,60.0,67.0
CARHSP1,14.0,15.0
CARM1,30.0,36.0
CARMIL1,159.0,153.0
CARMIL2,113.0,128.0
CARMIL3,121.0,121.0
CARNMT1,31.0,34.0
CARNS1,55.0,48.0
CARS1,107.0,116.0
CARS2,40.0,42.0
CARTPT,17.0,19.0
CASC2,20.0,20.0
CASC3,54.0,54.0
CASD1,96.0,92.0
CASK,99.0,100.0
CASKIN1,128.0,148.0
CASKIN2,63.0,65.0
CASP1,54.0,54.0
CASP10,53.0,55.0
CASP12,41.0,40.0
CASP14,39.0,44.0
CASP2,57.0,65.0
CASP3,40.0,38.0
CASP4,28.0,26.0
CASP5,41.0,49.0
CASP6,36.0,37.0
CASP7,29.0,28.0
CASP8,44.0,53.0
CASP8AP2,198.0,205.0
CASP9,18.0,24.0
CASQ1,24.0,25.0
CASQ2,58.0,56.0
CASR,53.0,56.0
CASS4,110.0,140.0
CAST,77.0,82.0
CASTOR1,13.0,11.0
CASTOR2,15.0,16.0
CASTOR3P,5.0,7.0
CASZ1,180.0,180.0
CAT,100.0,96.0
CATIP,60.0,60.0
CATR1,22.0,28.0
CATSPER1,51.0,50.0
CATSPER2,30.0,37.0
CATSPER3,15.0,14.0
CATSPER4,41.0,52.0
CATSPERB,104.0,108.0
CATSPERD,46.0,44.0
CATSPERE,74.0,79.0
CATSPERG,89.0,94.0
CATSPERH,9.0,10.0
CATSPERQ,30.0,31.0
CATSPERT,258.0,259.0
CATSPERZ,17.0,21.0
CAV1,22.0,20.0
CAV2,12.0,14.0
CAV3,16.0,18.0
CAVIN1,41.0,42.0
CAVIN2,38.0,49.0
CAVIN3,28.0,28.0
CAVIN4,34.0,37.0
CBARP,46.0,46.0
CBFA2T2,73.0,79.0
CBFA2T3,44.0,50.0
CBFB,13.0,14.0
CBL,75.0,79.0
CBLB,118.0,110.0
CBLC,38.0,34.0
CBLIF,18.0,21.0
CBLL1,37.0,40.0
CBLL2,45.0,43.0
CBLN1,8.0,10.0
CBLN2,8.0,11.0
CBLN3,10.0,9.0
CBLN4,15.0,14.0
CBR1,43.0,38.0
CBR3,44.0,52.0
CBR4,27.0,29.0
CBS,34.0,42.0
CBX1,18.0,18.0
CBX2,53.0,62.0
CBX3,12.0,11.0
CBX4,83.0,85.0
CBX5,30.0,27.0
CBX6,36.0,34.0
CBX7,15.0,16.0
CBX8,32.0,29.0
CBY1,19.0,17.0
CBY2,71.0,73.0
CBY3,29.0,34.0
CC2D1A,95.0,94.0
CC2D1B,83.0,76.0
CC2D2A,125.0,134.0
CC2D2B,126.0,133.0
CCAR1,87.0,96.0
CCAR2,78.0,87.0
CCB42,9.0,10.0
CCBE1,44.0,49.0
CCDC102A,56.0,59.0
CCDC102B,80.0,71.0
CCDC106,10.0,10.0
CCDC107,20.0,20.0
CCDC110,123.0,140.0
CCDC112,67.0,75.0
CCDC116,56.0,57.0
CCDC117,30.0,37.0
CCDC12,16.0,17.0
CCDC120,57.0,54.0
CCDC121,63.0,66.0
CCDC122,43.0,46.0
CCDC124,35.0,35.0
CCDC125,88.0,83.0
CCDC126,8.0,10.0
CCDC127,40.0,40.0
CCDC13,87.0,87.0
CCDC134,22.0,27.0
CCDC136,186.0,196.0
CCDC137,25.0,21.0
CCDC138,112.0,101.0
CCDC14,90.0,96.0
CCDC140,18.0,16.0
CCDC141,162.0,158.0
CCDC142,39.0,42.0
CCDC144A,172.0,191.0
CCDC144BP,27.0,26.0
CCDC144CP,66.0,80.0
CCDC144NL,8.0,10.0
CCDC146,142.0,151.0
CCDC148,119.0,116.0
CCDC149,70.0,77.0
CCDC15,124.0,124.0
CCDC150,158.0,166.0
CCDC152,28.0,35.0
CCDC154,66.0,71.0
CCDC157,92.0,103.0
CCDC158,192.0,200.0
CCDC159,37.0,40.0
CCDC160,37.0,47.0
CCDC163,23.0,17.0
CCDC166,51.0,65.0
CCDC167,2.0,1.0
CCDC169,39.0,40.0
CCDC17,60.0,60.0
CCDC170,91.0,107.0
CCDC171,231.0,245.0
CCDC172,48.0,54.0
CCDC174,51.0,52.0
CCDC175,117.0,126.0
CCDC177,60.0,61.0
CCDC178,164.0,169.0
CCDC179,2.0,2.0
CCDC18,245.0,253.0
CCDC180,178.0,192.0
CCDC181,70.0,74.0
CCDC182,6.0,6.0
CCDC183,66.0,64.0
CCDC184,23.0,23.0
CCDC185,88.0,94.0
CCDC186,131.0,130.0
CCDC187,121.0,132.0
CCDC188,4.0,4.0
CCDC190,30.0,33.0
CCDC191,111.0,114.0
CCDC192,32.0,32.0
CCDC194,31.0,33.0
CCDC195,15.0,21.0
CCDC196,58.0,58.0
CCDC197,16.0,17.0
CCDC198,44.0,45.0
CCDC200,19.0,19.0
CCDC201,14.0,17.0
CCDC22,84.0,87.0
CCDC24,44.0,50.0
CCDC25,21.0,25.0
CCDC27,109.0,117.0
CCDC28A,21.0,19.0
CCDC28A-AS1,5.0,6.0
CCDC28B,18.0,22.0
CCDC3,15.0,16.0
CCDC30,116.0,113.0
CCDC32,7.0,10.0
CCDC33,132.0,134.0
CCDC34,28.0,33.0
CCDC38,73.0,79.0
CCDC39,161.0,156.0
CCDC40,146.0,128.0
CCDC42,47.0,57.0
CCDC43,19.0,20.0
CCDC47,40.0,41.0
CCDC50,33.0,31.0
CCDC51,67.0,64.0
CCDC54,41.0,38.0
CCDC57,149.0,158.0
CCDC59,24.0,31.0
CCDC6,47.0,52.0
CCDC60,74.0,71.0
CCDC61,63.0,62.0
CCDC62,106.0,114.0
CCDC63,79.0,81.0
CCDC66,132.0,120.0
CCDC68,42.0,56.0
CCDC69,55.0,47.0
CCDC7,180.0,174.0
CCDC70,28.0,37.0
CCDC71,35.0,34.0
CCDC71L,38.0,34.0
CCDC73,193.0,188.0
CCDC74A,24.0,24.0
CCDC74B,51.0,52.0
CCDC77,79.0,83.0
CCDC78,50.0,33.0
CCDC8,54.0,57.0
CCDC80,98.0,110.0
CCDC81,101.0,108.0
CCDC82,51.0,61.0
CCDC83,39.0,43.0
CCDC85A,81.0,73.0
CCDC85B,22.0,26.0
CCDC85C,51.0,47.0
CCDC86,37.0,37.0
CCDC87,103.0,110.0
CCDC88A,264.0,265.0
CCDC88B,191.0,202.0
CCDC88C,278.0,286.0
CCDC89,63.0,69.0
CCDC9,75.0,71.0
CCDC90B,22.0,22.0
CCDC91,53.0,53.0
CCDC92,54.0,50.0
CCDC92B,52.0,54.0
CCDC93,118.0,112.0
CCDC97,24.0,22.0
CCDC9B,30.0,29.0
CCER1,27.0,27.0
CCER2,66.0,64.0
CCHCR1,86.0,85.0
CCIN,57.0,62.0
CCK,19.0,17.0
CCKAR,19.0,12.0
CCKBR,34.0,38.0
CCL1,11.0,8.0
CCL11,9.0,9.0
CCL14,15.0,13.0
CCL15,7.0,6.0
CCL16,22.0,19.0
CCL17,13.0,13.0
CCL18,4.0,4.0
CCL19,12.0,10.0
CCL2,5.0,7.0
CCL20,10.0,10.0
CCL21,25.0,20.0
CCL22,4.0,5.0
CCL23,13.0,10.0
CCL24,14.0,14.0
CCL25,6.0,13.0
CCL26,8.0,8.0
CCL27,4.0,8.0
CCL28,1.0,1.0
CCL3,5.0,9.0
CCL3L1,1.0,
CCL5,5.0,7.0
CCL7,9.0,6.0
CCL8,13.0,13.0
CCM2,39.0,38.0
CCM2L,49.0,54.0
CCN1,54.0,52.0
CCN2,56.0,52.0
CCN3,45.0,44.0
CCN4,33.0,31.0
CCN5,15.0,15.0
CCN6,48.0,45.0
CCNA1,26.0,28.0
CCNA2,36.0,36.0
CCNB1,33.0,38.0
CCNB1IP1,52.0,47.0
CCNB2,51.0,56.0
CCNB3,139.0,183.0
CCNC,36.0,46.0
CCND1,45.0,46.0
CCND2,23.0,28.0
CCND3,56.0,47.0
CCNDBP1,19.0,22.0
CCNE1,38.0,45.0
CCNE2,17.0,16.0
CCNF,59.0,57.0
CCNG1,57.0,65.0
CCNG2,17.0,21.0
CCNH,28.0,37.0
CCNI,58.0,58.0
CCNI2,41.0,44.0
CCNJ,26.0,21.0
CCNJL,31.0,38.0
CCNK,60.0,63.0
CCNL1,35.0,30.0
CCNL2,30.0,29.0
CCNO,31.0,33.0
CCNP,17.0,19.0
CCNQ,28.0,31.0
CCNT1,54.0,53.0
CCNT2,44.0,47.0
CCNY,34.0,34.0
CCNYL1,26.0,37.0
CCNYL1B,52.0,57.0
CCNYL2,42.0,44.0
CCNYL3,18.0,17.0
CCP110,129.0,134.0
CCPG1,84.0,77.0
CCR1,9.0,7.0
CCR10,13.0,15.0
CCR2,9.0,9.0
CCR3,8.0,5.0
CCR4,8.0,9.0
CCR5,13.0,20.0
CCR6,13.0,15.0
CCR7,9.0,9.0
CCR8,8.0,8.0
CCR9,12.0,14.0
CCRL2,10.0,14.0
CCS,17.0,21.0
CCSAP,28.0,21.0
CCSER1,94.0,87.0
CCSER2,84.0,78.0
CCT2,56.0,59.0
CCT3,61.0,62.0
CCT4,64.0,67.0
CCT5,76.0,75.0
CCT6A,42.0,42.0
CCT6B,41.0,51.0
CCT7,53.0,51.0
CCT8,128.0,116.0
CCT8L1P,38.0,36.0
CCT8L2,26.0,25.0
CCZ1,79.0,79.0
CD101,94.0,99.0
CD109,94.0,99.0
CD14,17.0,19.0
CD151,17.0,15.0
CD160,15.0,14.0
CD163,110.0,110.0
CD163L1,99.0,108.0
CD164,5.0,7.0
CD164L2,15.0,17.0
CD177,10.0,7.0
CD180,27.0,30.0
CD19,37.0,40.0
CD1A,19.0,16.0
CD1B,31.0,32.0
CD1C,24.0,28.0
CD1D,10.0,11.0
CD1E,28.0,39.0
CD2,9.0,10.0
CD200,21.0,14.0
CD200R1,43.0,44.0
CD200R1L,22.0,25.0
CD207,50.0,52.0
CD209,35.0,42.0
CD22,102.0,88.0
CD226,24.0,20.0
CD24,,2.0
CD244,52.0,54.0
CD247,13.0,10.0
CD248,34.0,35.0
CD27,28.0,34.0
CD274,32.0,31.0
CD276,21.0,17.0
CD28,21.0,21.0
CD2AP,73.0,76.0
CD2BP2,30.0,31.0
CD300A,24.0,25.0
CD300C,3.0,5.0
CD300E,12.0,12.0
CD300H,5.0,5.0
CD300LB,13.0,19.0
CD300LD,6.0,3.0
CD300LD-AS1,30.0,26.0
CD300LF,18.0,20.0
CD300LG,14.0,12.0
CD302,9.0,6.0
CD320,15.0,14.0
CD33,23.0,28.0
CD34,27.0,24.0
CD36,17.0,15.0
CD37,21.0,14.0
CD38,54.0,54.0
CD3D,8.0,12.0
CD3E,17.0,21.0
CD3G,18.0,16.0
CD4,52.0,48.0
CD40,14.0,13.0
CD40LG,43.0,38.0
CD44,37.0,32.0
CD46,38.0,44.0
CD47,18.0,21.0
CD48,23.0,26.0
CD5,62.0,55.0
CD53,5.0,2.0
CD55,29.0,29.0
CD58,7.0,10.0
CD59,17.0,17.0
CD5L,25.0,26.0
CD6,28.0,26.0
CD63,27.0,25.0
CD68,3.0,6.0
CD69,20.0,20.0
CD7,11.0,14.0
CD70,30.0,30.0
CD72,46.0,46.0
CD74,32.0,34.0
CD79A,8.0,10.0
CD79B,10.0,16.0
CD80,26.0,22.0
CD81,5.0,8.0
CD82,13.0,14.0
CD83,45.0,44.0
CD84,38.0,43.0
CD86,23.0,23.0
CD8A,23.0,22.0
CD8B,15.0,17.0
CD8B2,15.0,8.0
CD9,14.0,15.0
CD93,45.0,44.0
CD96,30.0,32.0
CD99,13.0,9.0
CD99L2,19.0,19.0
CDA,15.0,13.0
CDADC1,59.0,74.0
CDAN1,100.0,107.0
CDC123,38.0,37.0
CDC14A,51.0,52.0
CDC14B,18.0,18.0
CDC14C,33.0,37.0
CDC16,61.0,50.0
CDC20,35.0,38.0
CDC20B,49.0,43.0
CDC23,68.0,69.0
CDC25A,79.0,76.0
CDC25B,74.0,84.0
CDC25C,50.0,53.0
CDC26,8.0,6.0
CDC27,72.0,80.0
CDC34,14.0,17.0
CDC37,36.0,39.0
CDC37L1,42.0,40.0
CDC40,80.0,82.0
CDC42,17.0,22.0
CDC42BPA,215.0,225.0
CDC42BPB,189.0,183.0
CDC42BPG,147.0,160.0
CDC42EP1,35.0,37.0
CDC42EP2,7.0,9.0
CDC42EP3,10.0,11.0
CDC42EP4,21.0,21.0
CDC42EP5,24.0,28.0
CDC42SE1,9.0,11.0
CDC42SE2,5.0,4.0
CDC45,53.0,60.0
CDC5L,101.0,114.0
CDC6,83.0,80.0
CDC7,58.0,63.0
CDC73,106.0,110.0
CDCA2,90.0,94.0
CDCA3,20.0,20.0
CDCA4,23.0,21.0
CDCA5,14.0,12.0
CDCA7,30.0,32.0
CDCA7L,37.0,51.0
CDCA8,21.0,20.0
CDCP1,94.0,111.0
CDCP2,22.0,20.0
CDH1,45.0,45.0
CDH10,58.0,54.0
CDH11,58.0,63.0
CDH12,48.0,55.0
CDH13,61.0,66.0
CDH15,75.0,93.0
CDH16,47.0,58.0
CDH17,78.0,66.0
CDH18,50.0,51.0
CDH19,33.0,28.0
CDH2,60.0,70.0
CDH20,43.0,49.0
CDH22,59.0,66.0
CDH23,196.0,198.0
CDH24,32.0,32.0
CDH26,71.0,80.0
CDH3,43.0,46.0
CDH4,52.0,49.0
CDH5,61.0,59.0
CDH6,55.0,58.0
CDH7,70.0,63.0
CDH8,43.0,42.0
CDH9,67.0,67.0
CDHR1,72.0,69.0
CDHR2,55.0,65.0
CDHR3,76.0,82.0
CDHR4,39.0,45.0
CDHR5,29.0,31.0
CDIN1,35.0,32.0
CDIP1,5.0,3.0
CDIPT,10.0,9.0
CDIPTOSP,7.0,6.0
CDK1,57.0,58.0
CDK10,30.0,37.0
CDK11A,7.0,7.0
CDK11B,88.0,98.0
CDK12,92.0,101.0
CDK13,146.0,144.0
CDK14,72.0,78.0
CDK15,46.0,44.0
CDK16,101.0,109.0
CDK17,75.0,82.0
CDK18,69.0,62.0
CDK19,39.0,38.0
CDK2,66.0,63.0
CDK20,41.0,35.0
CDK2AP1,4.0,4.0
CDK2AP2,1.0,2.0
CDK3,32.0,27.0
CDK4,33.0,43.0
CDK5,43.0,42.0
CDK5R1,15.0,17.0
CDK5R2,36.0,38.0
CDK5RAP1,88.0,85.0
CDK5RAP2,259.0,243.0
CDK5RAP3,61.0,64.0
CDK6,57.0,57.0
CDK7,34.0,35.0
CDK8,47.0,53.0
CDK9,41.0,38.0
CDKAL1,62.0,66.0
CDKL1,37.0,43.0
CDKL2,37.0,41.0
CDKL3,80.0,79.0
CDKL4,13.0,14.0
CDKL5,133.0,142.0
CDKN1A,20.0,19.0
CDKN1B,42.0,43.0
CDKN1C,19.0,18.0
CDKN2A,16.0,17.0
CDKN2A-AS1,7.0,8.0
CDKN2AIP,87.0,89.0
CDKN2AIPNL,12.0,9.0
CDKN2B,15.0,18.0
CDKN2C,4.0,2.0
CDKN2D,5.0,4.0
CDKN3,7.0,7.0
CDNF,37.0,37.0
CDO1,8.0,5.0
CDON,101.0,104.0
CDPF1,18.0,14.0
CDR1,21.0,24.0
CDR2,85.0,74.0
CDR2L,56.0,59.0
CDRT15,13.0,13.0
CDRT15L2,26.0,26.0
CDRT15P3,11.0,15.0
CDRT4,11.0,8.0
CDS1,30.0,34.0
CDS2,34.0,40.0
CDSN,25.0,23.0
CDT1,28.0,32.0
CDV3,28.0,23.0
CDX1,11.0,15.0
CDX2,16.0,14.0
CDX4,9.0,11.0
CDY1,89.0,82.0
CDY2A,24.0,25.0
CDYL,39.0,43.0
CDYL2,51.0,44.0
CEACAM1,26.0,30.0
CEACAM16,29.0,40.0
CEACAM18,34.0,31.0
CEACAM19,9.0,8.0
CEACAM20,62.0,54.0
CEACAM21,11.0,12.0
CEACAM3,18.0,16.0
CEACAM4,10.0,10.0
CEACAM5,63.0,55.0
CEACAM6,19.0,21.0
CEACAM7,14.0,17.0
CEACAM8,20.0,22.0
CEBPA,15.0,15.0
CEBPB,21.0,21.0
CEBPD,14.0,12.0
CEBPE,54.0,57.0
CEBPZ,112.0,110.0
CEBPZOS,10.0,9.0
CECR2,151.0,154.0
CECR9,18.0,18.0
CEFIP,137.0,121.0
CEL,61.0,55.0
CELA1,25.0,23.0
CELA2A,26.0,29.0
CELA2B,9.0,13.0
CELA3A,15.0,18.0
CELA3B,22.0,22.0
CELF1,27.0,24.0
CELF2,26.0,30.0
CELF2-AS1,25.0,28.0
CELF3,27.0,36.0
CELF4,16.0,14.0
CELF5,27.0,29.0
CELF6,31.0,24.0
CELSR1,214.0,198.0
CELSR2,210.0,218.0
CELSR3,202.0,219.0
CEMIP,152.0,162.0
CEMIP2,229.0,224.0
CEMP1,26.0,24.0
CENATAC,31.0,29.0
CEND1,19.0,22.0
CENPA,4.0,6.0
CENPB,34.0,27.0
CENPBD1P,34.0,29.0
CENPC,129.0,123.0
CENPE,494.0,482.0
CENPF,518.0,546.0
CENPH,55.0,48.0
CENPI,50.0,45.0
CENPK,33.0,34.0
CENPL,36.0,36.0
CENPM,34.0,29.0
CENPN,52.0,69.0
CENPO,24.0,34.0
CENPP,49.0,44.0
CENPQ,28.0,39.0
CENPS,34.0,35.0
CENPT,35.0,31.0
CENPU,59.0,62.0
CENPV,13.0,15.0
CENPVL1,26.0,33.0
CENPVL3,3.0,4.0
CENPW,9.0,8.0
CENPX,13.0,7.0
CEP104,135.0,143.0
CEP112,186.0,195.0
CEP120,131.0,128.0
CEP126,116.0,111.0
CEP128,176.0,184.0
CEP131,164.0,156.0
CEP135,204.0,207.0
CEP15,32.0,34.0
CEP152,224.0,216.0
CEP162,174.0,192.0
CEP164,168.0,175.0
CEP170,191.0,198.0
CEP170B,198.0,187.0
CEP170P1,8.0,7.0
CEP19,8.0,8.0
CEP192,230.0,247.0
CEP20,26.0,27.0
CEP250,369.0,383.0
CEP290,435.0,433.0
CEP295,283.0,290.0
CEP295NL,84.0,73.0
CEP350,367.0,356.0
CEP41,39.0,32.0
CEP43,21.0,30.0
CEP44,30.0,32.0
CEP55,51.0,45.0
CEP57,82.0,80.0
CEP57L1,71.0,74.0
CEP63,94.0,88.0
CEP68,57.0,57.0
CEP70,70.0,74.0
CEP72,67.0,75.0
CEP76,47.0,46.0
CEP78,48.0,48.0
CEP83,77.0,77.0
CEP85,64.0,65.0
CEP85L,96.0,92.0
CEP89,95.0,93.0
CEP95,99.0,104.0
CEP97,72.0,72.0
CEPT1,10.0,9.0
CER1,43.0,37.0
CERCAM,73.0,75.0
CERK,48.0,40.0
CERKL,37.0,51.0
CERS1,16.0,18.0
CERS2,30.0,40.0
CERS3,27.0,32.0
CERS4,7.0,11.0
CERS5,19.0,19.0
CERS6,25.0,29.0
CERT1,91.0,94.0
CES1,61.0,67.0
CES1P1,4.0,10.0
CES2,37.0,31.0
CES3,37.0,38.0
CES4A,40.0,40.0
CES5A,33.0,37.0
CETN1,13.0,8.0
CETN2,13.0,13.0
CETN3,29.0,30.0
CETP,51.0,54.0
CFAP100,76.0,67.0
CFAP107,16.0,23.0
CFAP119,56.0,54.0
CFAP126,24.0,24.0
CFAP141,10.0,15.0
CFAP144,23.0,22.0
CFAP144P1,12.0,12.0
CFAP157,91.0,94.0
CFAP161,38.0,41.0
CFAP184,89.0,93.0
CFAP20,25.0,27.0
CFAP206,81.0,73.0
CFAP20DC,37.0,44.0
CFAP210,70.0,76.0
CFAP221,139.0,146.0
CFAP251,142.0,130.0
CFAP263,54.0,57.0
CFAP276,21.0,27.0
CFAP298,39.0,32.0
CFAP299,11.0,12.0
CFAP300,41.0,46.0
CFAP337,113.0,109.0
CFAP36,29.0,29.0
CFAP410,25.0,26.0
CFAP418,27.0,29.0
CFAP43,208.0,209.0
CFAP44,195.0,217.0
CFAP45,67.0,66.0
CFAP46,213.0,223.0
CFAP47,331.0,330.0
CFAP52,28.0,28.0
CFAP53,63.0,72.0
CFAP54,338.0,351.0
CFAP57,172.0,169.0
CFAP58,135.0,137.0
CFAP61,108.0,137.0
CFAP65,167.0,181.0
CFAP68,27.0,27.0
CFAP69,105.0,101.0
CFAP70,107.0,105.0
CFAP73,27.0,37.0
CFAP74,148.0,157.0
CFAP77,52.0,52.0
CFAP90,37.0,36.0
CFAP91,97.0,93.0
CFAP92,47.0,41.0
CFAP95,30.0,34.0
CFAP96,25.0,23.0
CFAP97,52.0,63.0
CFAP97D1,21.0,21.0
CFAP97D2,17.0,21.0
CFAP99,82.0,97.0
CFB,98.0,99.0
CFC1,13.0,12.0
CFD,24.0,20.0
CFDP1,30.0,31.0
CFH,128.0,129.0
CFHR1,15.0,13.0
CFHR2,22.0,28.0
CFHR3,25.0,19.0
CFHR4,13.0,9.0
CFHR5,39.0,50.0
CFI,77.0,83.0
CFL1,50.0,49.0
CFL2,26.0,21.0
CFLAR,55.0,56.0
CFP,31.0,33.0
CFTR,155.0,142.0
CGA,10.0,12.0
CGAS,65.0,67.0
CGB1,8.0,6.0
CGB2,6.0,5.0
CGB3,15.0,20.0
CGB7,4.0,4.0
CGGBP1,19.0,16.0
CGN,202.0,220.0
CGNL1,184.0,198.0
CGREF1,32.0,25.0
CGRRF1,33.0,37.0
CHAC1,17.0,20.0
CHAC2,29.0,30.0
CHAD,39.0,34.0
CHADL,88.0,91.0
CHAF1A,59.0,69.0
CHAF1B,51.0,62.0
CHAMP1,147.0,132.0
CHAT,74.0,76.0
CHCHD1,11.0,14.0
CHCHD10,1.0,2.0
CHCHD2,11.0,11.0
CHCHD2P9,1.0,2.0
CHCHD3,25.0,28.0
CHCHD4,10.0,12.0
CHCHD5,22.0,20.0
CHCHD6,39.0,36.0
CHCHD7,9.0,13.0
CHCT1,27.0,25.0
CHD1,204.0,202.0
CHD1L,131.0,141.0
CHD2,203.0,209.0
CHD3,180.0,186.0
CHD4,164.0,202.0
CHD5,146.0,159.0
CHD6,287.0,280.0
CHD7,240.0,251.0
CHD8,215.0,228.0
CHD9,249.0,235.0
CHD9NB,10.0,11.0
CHDH,67.0,56.0
CHEK1,59.0,58.0
CHEK2,35.0,37.0
CHERP,59.0,63.0
CHFR,79.0,86.0
CHGA,49.0,53.0
CHGB,94.0,99.0
CHI3L1,28.0,34.0
CHI3L2,39.0,41.0
CHIA,15.0,21.0
CHIC1,17.0,18.0
CHIC2,25.0,24.0
CHID1,51.0,47.0
CHIT1,43.0,52.0
CHKA,38.0,44.0
CHKB,54.0,53.0
CHL1,90.0,99.0
CHLSN,13.0,18.0
CHM,48.0,48.0
CHML,39.0,43.0
CHMP1A,17.0,15.0
CHMP1B,8.0,8.0
CHMP2A,24.0,23.0
CHMP2B,18.0,19.0
CHMP3,17.0,15.0
CHMP4A,25.0,23.0
CHMP4B,17.0,19.0
CHMP4BP1,3.0,3.0
CHMP4C,17.0,15.0
CHMP5,5.0,2.0
CHMP6,12.0,12.0
CHMP7,62.0,65.0
CHN1,52.0,56.0
CHN2,43.0,50.0
CHODL,27.0,31.0
CHORDC1,43.0,35.0
CHP1,24.0,29.0
CHP2,33.0,25.0
CHPF,52.0,59.0
CHPF2,62.0,62.0
CHPT1,14.0,18.0
CHRAC1,6.0,8.0
CHRD,88.0,98.0
CHRDL1,50.0,48.0
CHRDL2,48.0,39.0
CHRM1,13.0,11.0
CHRM2,16.0,16.0
CHRM3,31.0,27.0
CHRM4,20.0,23.0
CHRM5,19.0,30.0
CHRNA1,25.0,25.0
CHRNA10,28.0,26.0
CHRNA2,46.0,42.0
CHRNA3,58.0,70.0
CHRNA4,48.0,56.0
CHRNA5,44.0,53.0
CHRNA6,43.0,36.0
CHRNA7,19.0,19.0
CHRNA9,23.0,27.0
CHRNB1,42.0,52.0
CHRNB2,39.0,36.0
CHRNB3,42.0,46.0
CHRNB4,40.0,47.0
CHRND,45.0,49.0
CHRNE,49.0,47.0
CHRNG,30.0,38.0
CHST1,38.0,34.0
CHST10,45.0,50.0
CHST11,34.0,31.0
CHST12,48.0,44.0
CHST13,42.0,40.0
CHST14,46.0,48.0
CHST15,57.0,57.0
CHST2,35.0,40.0
CHST3,34.0,38.0
CHST4,43.0,42.0
CHST5,33.0,34.0
CHST6,43.0,42.0
CHST7,32.0,43.0
CHST8,43.0,37.0
CHST9,54.0,53.0
CHSY1,93.0,102.0
CHSY3,99.0,94.0
CHTF18,89.0,87.0
CHTF8,13.0,14.0
CHTOP,24.0,24.0
CHUK,69.0,74.0
CHURC1,12.0,11.0
CIAO1,18.0,15.0
CIAO2A,26.0,29.0
CIAO2B,7.0,11.0
CIAO3,46.0,45.0
CIAPIN1,22.0,28.0
CIART,20.0,17.0
CIB1,13.0,18.0
CIB2,12.0,15.0
CIB3,9.0,12.0
CIB4,11.0,19.0
CIBAR1,40.0,37.0
CIBAR2,36.0,30.0
CIC,197.0,219.0
CIDEA,28.0,27.0
CIDEB,11.0,12.0
CIDEC,19.0,20.0
CIITA,89.0,103.0
CILK1,75.0,75.0
CILP,119.0,121.0
CILP2,139.0,151.0
CIMAP1A,42.0,35.0
CIMAP1B,49.0,46.0
CIMAP1C,53.0,54.0
CIMAP1D,45.0,48.0
CIMAP2,88.0,81.0
CIMAP3,27.0,25.0
CIMIP1,10.0,16.0
CIMIP2A,47.0,53.0
CIMIP2B,18.0,13.0
CIMIP2C,22.0,22.0
CIMIP3,7.0,8.0
CIMIP4,36.0,32.0
CIMIP5,23.0,24.0
CIMIP6,26.0,37.0
CIMIP7,29.0,28.0
CINP,29.0,27.0
CIP2A,127.0,122.0
CIPC,23.0,30.0
CIRBP,16.0,20.0
CIRBP-AS1,11.0,9.0
CIROP,56.0,57.0
CIROZ,51.0,52.0
CIRSR,30.0,27.0
CISD1,13.0,15.0
CISD2,10.0,12.0
CISD3,35.0,29.0
CISH,36.0,34.0
CIST1,3.0,
CIT,232.0,242.0
CITED1,5.0,10.0
CITED2,1.0,1.0
CITED4,3.0,5.0
CIZ1,64.0,65.0
CKAP2,92.0,103.0
CKAP2L,93.0,104.0
CKAP4,107.0,96.0
CKAP5,250.0,256.0
CKB,39.0,34.0
CKM,64.0,64.0
CKMT1A,36.0,39.0
CKMT2,41.0,40.0
CKS1B,5.0,6.0
CKS2,9.0,14.0
CLASP1,177.0,192.0
CLASP2,153.0,158.0
CLASRP,47.0,46.0
CLBA1,29.0,31.0
CLC,20.0,21.0
CLCA1,66.0,74.0
CLCA2,54.0,56.0
CLCA4,63.0,68.0
CLCC1,75.0,78.0
CLCF1,18.0,28.0
CLCN1,72.0,76.0
CLCN2,54.0,53.0
CLCN3,41.0,47.0
CLCN4,22.0,29.0
CLCN5,24.0,28.0
CLCN6,78.0,87.0
CLCN7,39.0,42.0
CLCNKA,45.0,41.0
CLCNKB,17.0,13.0
CLDN1,7.0,8.0
CLDN10,12.0,9.0
CLDN11,3.0,3.0
CLDN12,12.0,11.0
CLDN14,9.0,8.0
CLDN15,3.0,3.0
CLDN16,18.0,15.0
CLDN17,10.0,9.0
CLDN18,18.0,18.0
CLDN19,11.0,12.0
CLDN2,10.0,6.0
CLDN20,5.0,3.0
CLDN22,4.0,5.0
CLDN23,4.0,5.0
CLDN3,4.0,1.0
CLDN34,2.0,3.0
CLDN4,7.0,6.0
CLDN5,3.0,3.0
CLDN6,9.0,8.0
CLDN7,6.0,6.0
CLDN8,8.0,9.0
CLDN9,2.0,2.0
CLDND1,28.0,25.0
CLEC10A,22.0,25.0
CLEC11A,37.0,38.0
CLEC12A,37.0,39.0
CLEC12B,21.0,24.0
CLEC14A,39.0,49.0
CLEC16A,76.0,83.0
CLEC17A,29.0,28.0
CLEC18A,30.0,30.0
CLEC19A,6.0,5.0
CLEC1A,22.0,18.0
CLEC1B,46.0,49.0
CLEC20A,37.0,46.0
CLEC2A,20.0,21.0
CLEC2B,12.0,14.0
CLEC2D,10.0,14.0
CLEC2L,26.0,27.0
CLEC3A,23.0,28.0
CLEC3B,32.0,34.0
CLEC4A,27.0,26.0
CLEC4C,26.0,25.0
CLEC4D,17.0,17.0
CLEC4E,17.0,16.0
CLEC4F,58.0,59.0
CLEC4G,18.0,26.0
CLEC4M,25.0,25.0
CLEC5A,20.0,18.0
CLEC6A,23.0,24.0
CLEC7A,15.0,16.0
CLEC9A,25.0,21.0
CLECL1,30.0,28.0
CLGN,57.0,54.0
CLHC1,74.0,73.0
CLIC1,29.0,26.0
CLIC2,28.0,31.0
CLIC3,56.0,50.0
CLIC4,47.0,46.0
CLIC5,43.0,32.0
CLIC6,47.0,44.0
CLINT1,71.0,75.0
CLIP1,207.0,236.0
CLIP2,154.0,143.0
CLIP3,69.0,72.0
CLIP4,50.0,52.0
CLK1,73.0,56.0
CLK2,42.0,38.0
CLK3,53.0,63.0
CLK4,70.0,69.0
CLLU1,16.0,17.0
CLMN,100.0,96.0
CLMP,21.0,15.0
CLN3,4.0,7.0
CLN5,48.0,45.0
CLN6,12.0,9.0
CLN8,10.0,11.0
CLNK,80.0,86.0
CLNS1A,17.0,16.0
CLOCK,84.0,88.0
CLP1,35.0,36.0
CLPB,101.0,103.0
CLPP,44.0,39.0
CLPS,18.0,23.0
CLPSL1,13.0,11.0
CLPSL2,10.0,15.0
CLPTM1,45.0,50.0
CLPTM1L,22.0,25.0
CLPX,90.0,87.0
CLRN1,14.0,12.0
CLRN2,12.0,13.0
CLRN3,4.0,4.0
CLSPN,115.0,118.0
CLSTN1,56.0,61.0
CLSTN2,61.0,73.0
CLSTN3,52.0,59.0
CLTA,1.0,3.0
CLTB,18.0,20.0
CLTC,158.0,155.0
CLTCL1,182.0,194.0
CLTRN,20.0,28.0
CLU,29.0,33.0
CLUAP1,63.0,67.0
CLUH,125.0,141.0
CLUHP3,14.0,16.0
CLUL1,35.0,36.0
CLVS1,36.0,27.0
CLVS2,29.0,30.0
CLXN,29.0,25.0
CLYBL,31.0,38.0
CMA1,28.0,27.0
CMAHP,39.0,45.0
CMAS,50.0,52.0
CMBL,38.0,42.0
CMC1,10.0,11.0
CMC2,14.0,12.0
CMC4,24.0,22.0
CMIP,45.0,46.0
CMKLR1,12.0,12.0
CMKLR2,13.0,14.0
CMPK1,39.0,41.0
CMPK2,60.0,59.0
CMSS1,19.0,19.0
CMTM1,5.0,8.0
CMTM2,11.0,12.0
CMTM3,3.0,3.0
CMTM4,15.0,18.0
CMTM5,6.0,6.0
CMTM6,13.0,14.0
CMTM7,3.0,5.0
CMTM8,2.0,4.0
CMTR1,86.0,91.0
CMTR2,65.0,66.0
CMYA5,476.0,456.0
CNBD1,59.0,55.0
CNBD2,79.0,72.0
CNBP,29.0,32.0
CNDP1,57.0,54.0
CNDP2,45.0,51.0
CNEP1R1,16.0,17.0
CNFN,3.0,3.0
CNG1O,17.0,15.0
CNGA1,61.0,65.0
CNGA2,63.0,72.0
CNGA3,83.0,86.0
CNGA4,48.0,48.0
CNGB1,129.0,146.0
CNGB3,100.0,112.0
CNIH2,7.0,9.0
CNIH3,2.0,4.0
CNK3/IPCEF1,1.0,1.0
CNKSR1,38.0,41.0
CNKSR2,123.0,138.0
CNKSR3,56.0,51.0
CNMD,20.0,28.0
CNN1,41.0,44.0
CNN2,36.0,37.0
CNN3,29.0,28.0
CNNM1,93.0,105.0
CNNM2,101.0,101.0
CNNM3,77.0,75.0
CNNM4,78.0,78.0
CNOT1,284.0,279.0
CNOT10,86.0,105.0
CNOT11,34.0,37.0
CNOT2,49.0,50.0
CNOT3,42.0,40.0
CNOT4,54.0,60.0
CNOT6,55.0,61.0
CNOT6L,46.0,44.0
CNOT7,25.0,26.0
CNOT8,30.0,35.0
CNOT9,45.0,49.0
CNP,57.0,60.0
CNPPD1,15.0,14.0
CNPY1,11.0,12.0
CNPY2,24.0,23.0
CNPY3,28.0,36.0
CNPY4,28.0,27.0
CNR1,17.0,20.0
CNR2,16.0,16.0
CNRIP1,12.0,16.0
CNST,53.0,63.0
CNTD1,28.0,30.0
CNTF,34.0,33.0
CNTFR,10.0,13.0
CNTLN,206.0,189.0
CNTN1,93.0,106.0
CNTN2,78.0,88.0
CNTN3,92.0,106.0
CNTN4,96.0,108.0
CNTN5,97.0,95.0
CNTN6,100.0,100.0
CNTNAP1,104.0,119.0
CNTNAP2,103.0,96.0
CNTNAP3,36.0,35.0
CNTNAP3B,99.0,109.0
CNTNAP4,108.0,105.0
CNTNAP5,111.0,101.0
CNTRL,366.0,385.0
CNTROB,113.0,127.0
COA1,22.0,29.0
COA3,28.0,26.0
COA4,12.0,9.0
COA5,4.0,6.0
COA6,23.0,22.0
COA7,37.0,45.0
COA8,22.0,29.0
COASY,36.0,42.0
COBL,150.0,152.0
COBLL1,87.0,92.0
COCH,38.0,34.0
COG1,100.0,108.0
COG2,73.0,76.0
COG3,114.0,115.0
COG4,76.0,87.0
COG5,73.0,70.0
COG6,45.0,50.0
COG7,69.0,73.0
COG8,67.0,63.0
COIL,49.0,48.0
COL10A1,58.0,63.0
COL11A1,169.0,174.0
COL11A2,165.0,166.0
COL12A1,292.0,326.0
COL13A1,53.0,64.0
COL14A1,150.0,150.0
COL15A1,50.0,51.0
COL16A1,105.0,109.0
COL17A1,85.0,91.0
COL18A1,67.0,74.0
COL19A1,109.0,108.0
COL1A1,116.0,104.0
COL1A2,84.0,92.0
COL20A1,103.0,113.0
COL21A1,115.0,114.0
COL22A1,171.0,184.0
COL23A1,51.0,49.0
COL24A1,149.0,168.0
COL25A1,69.0,62.0
COL25A1-DT,24.0,19.0
COL26A1,43.0,36.0
COL27A1,167.0,155.0
COL28A1,103.0,115.0
COL2A1,108.0,105.0
COL3A1,116.0,121.0
COL4A1,107.0,92.0
COL4A2,127.0,126.0
COL4A3,118.0,124.0
COL4A4,156.0,160.0
COL4A5,68.0,74.0
COL4A6,132.0,124.0
COL5A1,107.0,102.0
COL5A1-AS1,6.0,9.0
COL5A2,122.0,127.0
COL5A3,122.0,124.0
COL6A1,106.0,112.0
COL6A2,88.0,94.0
COL6A3,306.0,318.0
COL6A5,277.0,297.0
COL6A6,236.0,247.0
COL7A1,288.0,295.0
COL8A1,53.0,58.0
COL8A2,39.0,48.0
COL9A1,84.0,83.0
COL9A2,60.0,48.0
COL9A3,66.0,56.0
COLCA1,12.0,14.0
COLEC10,34.0,36.0
COLEC11,13.0,20.0
COLEC12,84.0,91.0
COLGALT1,94.0,87.0
COLGALT2,60.0,61.0
COLQ,23.0,26.0
COMMD1,8.0,11.0
COMMD10,47.0,46.0
COMMD2,9.0,9.0
COMMD3,31.0,31.0
COMMD4,13.0,19.0
COMMD5,16.0,16.0
COMMD6,10.0,8.0
COMMD7,16.0,12.0
COMMD8,19.0,17.0
COMMD9,21.0,20.0
COMP,50.0,57.0
COMT,16.0,18.0
COMTD1,23.0,22.0
COP1,47.0,54.0
COPA,136.0,142.0
COPB1,105.0,101.0
COPB2,107.0,112.0
COPE,16.0,19.0
COPG1,71.0,75.0
COPG2,98.0,98.0
COPRS,6.0,6.0
COPS2,62.0,68.0
COPS3,34.0,35.0
COPS4,49.0,48.0
COPS5,34.0,28.0
COPS6,24.0,29.0
COPS7A,24.0,18.0
COPS7B,37.0,41.0
COPS8,9.0,9.0
COPZ1,17.0,14.0
COPZ2,14.0,16.0
COQ10A,24.0,23.0
COQ10B,45.0,43.0
COQ2,26.0,24.0
COQ3,35.0,41.0
COQ4,39.0,32.0
COQ5,50.0,53.0
COQ6,27.0,26.0
COQ7,29.0,30.0
COQ8A,76.0,70.0
COQ8B,53.0,55.0
COQ9,22.0,21.0
CORIN,60.0,58.0
CORO1A,21.0,22.0
CORO1B,37.0,36.0
CORO1C,35.0,38.0
CORO2A,30.0,38.0
CORO2B,37.0,37.0
CORO6,21.0,18.0
CORO7,77.0,79.0
CORT,2.0,3.0
COTL1,17.0,13.0
COX10,39.0,45.0
COX11,19.0,24.0
COX14,2.0,1.0
COX15,29.0,27.0
COX16,5.0,9.0
COX17,10.0,5.0
COX18,35.0,32.0
COX19,16.0,18.0
COX20,6.0,9.0
COX4I1,23.0,22.0
COX4I2,20.0,24.0
COX5A,23.0,26.0
COX5B,16.0,17.0
COX6A1,13.0,12.0
COX6B1,13.0,16.0
COX6B2,20.0,20.0
COX6C,14.0,16.0
COX7A1,9.0,8.0
COX7A2,3.0,3.0
COX7A2L,10.0,11.0
COX7A2P2,10.0,10.0
COX7B,6.0,7.0
COX7B2,8.0,9.0
COX7C,12.0,12.0
COX8A,,1.0
COX8C,4.0,4.0
COXFA4,14.0,13.0
COXFA4L2,10.0,11.0
COXFA4L3,12.0,12.0
CP,87.0,89.0
CPA1,47.0,44.0
CPA2,28.0,33.0
CPA3,22.0,24.0
CPA4,31.0,37.0
CPA5,45.0,50.0
CPA6,29.0,33.0
CPAMD8,145.0,156.0
CPAP,159.0,166.0
CPB1,63.0,52.0
CPB2,36.0,45.0
CPD,142.0,150.0
CPE,50.0,58.0
CPEB1,39.0,43.0
CPEB2,25.0,29.0
CPEB3,36.0,44.0
CPEB4,54.0,61.0
CPED1,109.0,110.0
CPHXL,20.0,19.0
CPHXL2,18.0,18.0
CPLANE1,363.0,359.0
CPLANE2,33.0,41.0
CPLX1,1.0,4.0
CPLX2,8.0,10.0
CPLX3,27.0,30.0
CPLX4,26.0,23.0
CPM,42.0,50.0
CPN1,40.0,35.0
CPN2,22.0,27.0
CPNE1,52.0,63.0
CPNE2,52.0,54.0
CPNE3,43.0,50.0
CPNE4,73.0,63.0
CPNE5,53.0,52.0
CPNE6,51.0,54.0
CPNE7,70.0,69.0
CPNE8,55.0,62.0
CPNE9,69.0,71.0
CPO,29.0,24.0
CPOX,67.0,73.0
CPPED1,27.0,30.0
CPQ,43.0,45.0
CPS1,149.0,151.0
CPSF1,116.0,127.0
CPSF2,96.0,102.0
CPSF3,74.0,75.0
CPSF4,33.0,37.0
CPSF4L,45.0,46.0
CPSF6,43.0,36.0
CPSF7,51.0,42.0
CPT1A,67.0,66.0
CPT1B,119.0,112.0
CPT1C,68.0,61.0
CPT2,75.0,89.0
CPTP,29.0,29.0
CPVL,31.0,33.0
CPXCR1,36.0,30.0
CPXM1,70.0,66.0
CPXM2,69.0,57.0
CPZ,79.0,91.0
CR1,75.0,90.0
CR1L,42.0,38.0
CR2,81.0,93.0
CRABP1,25.0,23.0
CRABP2,25.0,25.0
CRACD,104.0,110.0
CRACDL,86.0,77.0
CRACR2A,84.0,90.0
CRACR2B,27.0,28.0
CRADD,16.0,16.0
CRAMP1,116.0,121.0
CRAT,63.0,66.0
CRB1,79.0,90.0
CRB2,53.0,61.0
CRB3,,2.0
CRBN,45.0,42.0
CRCP,7.0,7.0
CRCT1,15.0,13.0
CREB1,12.0,12.0
CREB3,28.0,28.0
CREB3L1,55.0,49.0
CREB3L2,61.0,67.0
CREB3L3,38.0,41.0
CREB3L4,28.0,33.0
CREB5,26.0,24.0
CREBBP,129.0,116.0
CREBL2,19.0,18.0
CREBRF,57.0,68.0
CREBZF,53.0,52.0
CREG1,15.0,16.0
CREG2,27.0,28.0
CRELD1,25.0,25.0
CRELD2,19.0,26.0
CREM,17.0,19.0
CRH,30.0,29.0
CRHBP,46.0,45.0
CRHR1,22.0,18.0
CRHR2,25.0,25.0
CRIM1,72.0,78.0
CRIP1,6.0,7.0
CRIP2,22.0,21.0
CRIP3,15.0,14.0
CRIPT,10.0,14.0
CRIPTO,9.0,10.0
CRIPTO3,10.0,8.0
CRISP1,26.0,19.0
CRISP2,13.0,14.0
CRISP3,14.0,12.0
CRISPLD1,62.0,73.0
CRISPLD2,33.0,43.0
CRK,31.0,29.0
CRKL,32.0,38.0
CRLF1,48.0,55.0
CRLF2,27.0,29.0
CRLF3,37.0,35.0
CRLS1,18.0,20.0
CRMP1,38.0,37.0
CRNKL1,121.0,114.0
CRNN,59.0,62.0
CROCC,311.0,322.0
CROCC2,254.0,273.0
CROCCP2,5.0,8.0
CROCCP3,21.0,25.0
CROT,76.0,72.0
CRP,27.0,28.0
CRPPA,55.0,55.0
CRTAC1,39.0,47.0
CRTAM,39.0,50.0
CRTAP,56.0,60.0
CRTC1,23.0,27.0
CRTC2,18.0,17.0
CRTC3,27.0,28.0
CRX,19.0,15.0
CRY1,55.0,56.0
CRY2,48.0,55.0
CRYAA,32.0,27.0
CRYAB,6.0,8.0
CRYBA1,27.0,25.0
CRYBA2,9.0,13.0
CRYBA4,25.0,24.0
CRYBB1,32.0,30.0
CRYBB2,38.0,38.0
CRYBB3,28.0,32.0
CRYBG1,166.0,179.0
CRYBG2,163.0,180.0
CRYBG3,396.0,394.0
CRYGA,17.0,21.0
CRYGB,21.0,13.0
CRYGC,20.0,21.0
CRYGD,20.0,21.0
CRYGN,12.0,9.0
CRYGS,25.0,29.0
CRYL1,27.0,27.0
CRYM,33.0,38.0
CRYZ,44.0,44.0
CRYZL1,41.0,36.0
CS,44.0,39.0
CSAD,52.0,47.0
CSAG1,8.0,9.0
CSAG2,15.0,16.0
CSDC2,10.0,7.0
CSDE1,97.0,108.0
CSE1L,88.0,95.0
CSF1,41.0,45.0
CSF1R,43.0,50.0
CSF2,3.0,4.0
CSF2RA,49.0,47.0
CSF2RB,52.0,49.0
CSF3,6.0,5.0
CSF3R,20.0,22.0
CSGALNACT1,66.0,68.0
CSGALNACT2,56.0,54.0
CSH1,7.0,10.0
CSHL1,19.0,19.0
CSK,56.0,59.0
CSKMT,6.0,12.0
CSMD1,157.0,173.0
CSMD2,198.0,203.0
CSMD3,198.0,206.0
CSN1S1,10.0,10.0
CSN2,9.0,8.0
CSN3,14.0,18.0
CSNK1A1,44.0,56.0
CSNK1A1L,26.0,26.0
CSNK1D,46.0,45.0
CSNK1E,24.0,26.0
CSNK1G1,31.0,27.0
CSNK1G2,42.0,50.0
CSNK1G2-AS1,8.0,8.0
CSNK1G3,31.0,30.0
CSNK2A1,41.0,39.0
CSNK2A2,34.0,40.0
CSNK2A2IP,105.0,100.0
CSNK2A3,7.0,9.0
CSNK2B,28.0,24.0
CSPG4,144.0,149.0
CSPG5,18.0,25.0
CSPP1,177.0,182.0
CSRNP1,35.0,37.0
CSRNP2,34.0,36.0
CSRNP3,25.0,25.0
CSRP1,31.0,36.0
CSRP2,40.0,36.0
CSRP3,24.0,23.0
CST1,13.0,17.0
CST11,13.0,9.0
CST2,9.0,9.0
CST3,22.0,19.0
CST4,18.0,19.0
CST5,8.0,4.0
CST6,16.0,22.0
CST7,15.0,16.0
CST8,12.0,13.0
CST9,4.0,1.0
CST9L,8.0,11.0
CST9LP1,12.0,13.0
CSTA,28.0,22.0
CSTB,15.0,20.0
CSTF1,27.0,29.0
CSTF2,54.0,56.0
CSTF2T,46.0,40.0
CSTF3,66.0,65.0
CSTL1,9.0,10.0
CSTPP1,24.0,32.0
CT45A1,22.0,20.0
CT45A10,8.0,7.0
CT45A2,3.0,3.0
CT47A1,8.0,5.0
CT47B1,7.0,10.0
CT47C1,26.0,28.0
CT55,20.0,20.0
CT62,5.0,5.0
CT83,10.0,10.0
CTAG1A,12.0,10.0
CTAG2,15.0,20.0
CTAGE1,68.0,73.0
CTAGE15,112.0,103.0
CTAGE3P,16.0,15.0
CTAGE4,38.0,38.0
CTAGE6,3.0,2.0
CTAGE9,5.0,6.0
CTBP1,34.0,35.0
CTBP1-DT,24.0,19.0
CTBP2,43.0,41.0
CTBS,37.0,49.0
CTC1,99.0,101.0
CTCF,65.0,68.0
CTCFL,75.0,74.0
CTDNEP1,35.0,30.0
CTDP1,77.0,73.0
CTDSP1,32.0,34.0
CTDSP2,25.0,29.0
CTDSPL,28.0,26.0
CTDSPL2,50.0,57.0
CTF1,21.0,16.0
CTH,34.0,25.0
CTHRC1,16.0,18.0
CTIF,48.0,52.0
CTLA4,11.0,17.0
CTNNA1,78.0,86.0
CTNNA2,99.0,114.0
CTNNA3,73.0,74.0
CTNNAL1,81.0,87.0
CTNNB1,48.0,52.0
CTNNBIP1,13.0,12.0
CTNNBL1,54.0,56.0
CTNND1,103.0,106.0
CTNND2,130.0,135.0
CTNS,5.0,8.0
CTPS1,62.0,66.0
CTPS2,61.0,57.0
CTR9,127.0,145.0
CTRB1,8.0,12.0
CTRB2,7.0,8.0
CTRC,43.0,49.0
CTRL,7.0,7.0
CTSA,34.0,41.0
CTSB,53.0,57.0
CTSC,21.0,20.0
CTSD,33.0,37.0
CTSE,11.0,17.0
CTSF,63.0,63.0
CTSG,37.0,44.0
CTSH,23.0,25.0
CTSK,18.0,18.0
CTSL,33.0,30.0
CTSL3P,23.0,24.0
CTSO,10.0,12.0
CTSS,46.0,44.0
CTSV,35.0,31.0
CTSW,31.0,33.0
CTSZ,25.0,27.0
CTTN,67.0,64.0
CTTNBP2,203.0,215.0
CTTNBP2NL,91.0,86.0
CTU1,39.0,39.0
CTU2,34.0,27.0
CTXN1,4.0,4.0
CTXN2,6.0,7.0
CTXND1,3.0,2.0
CTXND2,8.0,8.0
CUBN,173.0,177.0
CUEDC1,23.0,25.0
CUEDC2,21.0,23.0
CUL1,117.0,115.0
CUL2,106.0,100.0
CUL3,112.0,104.0
CUL4A,143.0,133.0
CUL4B,81.0,86.0
CUL5,114.0,119.0
CUL7,138.0,156.0
CUL9,205.0,227.0
CUSTOS,24.0,25.0
CUTA,10.0,11.0
CUTC,32.0,28.0
CUX1,197.0,193.0
CUX2,156.0,155.0
CUZD1,34.0,26.0
CWC15,24.0,24.0
CWC22,87.0,86.0
CWC25,43.0,46.0
CWC27,49.0,62.0
CWF19L1,48.0,56.0
CWF19L2,112.0,121.0
CWH43,61.0,68.0
CX3CL1,29.0,29.0
CX3CR1,15.0,23.0
CXADR,33.0,32.0
CXCL1,24.0,29.0
CXCL10,9.0,8.0
CXCL11,6.0,4.0
CXCL12,11.0,9.0
CXCL13,13.0,12.0
CXCL14,3.0,3.0
CXCL16,9.0,13.0
CXCL17,4.0,6.0
CXCL2,21.0,22.0
CXCL3,14.0,10.0
CXCL5,10.0,9.0
CXCL6,12.0,15.0
CXCL8,10.0,11.0
CXCL9,12.0,14.0
CXCR1,13.0,21.0
CXCR2,3.0,5.0
CXCR3,7.0,8.0
CXCR4,15.0,15.0
CXCR5,7.0,8.0
CXCR6,15.0,16.0
CXXC1,67.0,56.0
CXXC4,10.0,15.0
CXXC5,18.0,19.0
CXorf1,5.0,3.0
CXorf38,62.0,60.0
CXorf49,52.0,52.0
CXorf49C,38.0,33.0
CXorf51B,6.0,7.0
CXorf58,48.0,49.0
CXorf65,37.0,39.0
CXorf66,36.0,33.0
CYB561,8.0,11.0
CYB561A3,3.0,4.0
CYB561D1,3.0,3.0
CYB561D2,7.0,6.0
CYB5A,19.0,17.0
CYB5B,24.0,21.0
CYB5D1,33.0,33.0
CYB5D2,20.0,23.0
CYB5R1,51.0,57.0
CYB5R2,38.0,38.0
CYB5R3,25.0,23.0
CYB5R4,69.0,68.0
CYB5RL,45.0,42.0
CYBA,10.0,12.0
CYBB,59.0,60.0
CYBC1,12.0,19.0
CYBRD1,11.0,12.0
CYC1,28.0,32.0
CYCS,14.0,14.0
CYFIP1,129.0,129.0
CYFIP2,108.0,106.0
CYGB,23.0,16.0
CYLC1,109.0,109.0
CYLC2,32.0,35.0
CYLD,103.0,105.0
CYP11A1,72.0,67.0
CYP11B1,70.0,72.0
CYP11B2,45.0,43.0
CYP17A1,48.0,53.0
CYP19A1,66.0,69.0
CYP1A1,61.0,62.0
CYP1A2,35.0,27.0
CYP1B1,46.0,60.0
CYP20A1,68.0,70.0
CYP21A2,56.0,61.0
CYP24A1,66.0,62.0
CYP26A1,48.0,53.0
CYP26B1,70.0,63.0
CYP26C1,43.0,42.0
CYP27A1,49.0,45.0
CYP27B1,57.0,62.0
CYP27C1,74.0,71.0
CYP2A13,20.0,26.0
CYP2A6,50.0,49.0
CYP2A7,27.0,34.0
CYP2B6,46.0,51.0
CYP2C18,36.0,49.0
CYP2C19,37.0,35.0
CYP2C8,49.0,58.0
CYP2C9,38.0,35.0
CYP2D6,25.0,24.0
CYP2D7,57.0,52.0
CYP2E1,47.0,54.0
CYP2F1,63.0,64.0
CYP2G1P,22.0,21.0
CYP2J2,60.0,65.0
CYP2R1,56.0,60.0
CYP2S1,50.0,57.0
CYP2U1,40.0,42.0
CYP2W1,39.0,43.0
CYP39A1,45.0,44.0
CYP3A4,43.0,50.0
CYP3A43,34.0,35.0
CYP3A5,40.0,41.0
CYP3A7,34.0,31.0
CYP46A1,60.0,70.0
CYP4A11,75.0,75.0
CYP4A22,32.0,28.0
CYP4B1,57.0,63.0
CYP4F11,28.0,33.0
CYP4F12,34.0,34.0
CYP4F2,50.0,47.0
CYP4F22,81.0,83.0
CYP4F3,33.0,37.0
CYP4F30P,14.0,15.0
CYP4F8,41.0,45.0
CYP4V2,58.0,64.0
CYP4X1,68.0,73.0
CYP4Z1,42.0,50.0
CYP4Z2P,6.0,5.0
CYP51A1,37.0,35.0
CYP7A1,57.0,55.0
CYP7B1,65.0,63.0
CYP8B1,65.0,65.0
CYREN,14.0,19.0
CYRIA,39.0,37.0
CYRIB,46.0,49.0
CYS1,16.0,21.0
CYSLTR1,10.0,14.0
CYSLTR2,9.0,7.0
CYSRT1,5.0,7.0
CYSTM1,3.0,3.0
CYTH1,37.0,37.0
CYTH2,27.0,35.0
CYTH3,46.0,42.0
CYTH4,46.0,47.0
CYTIP,25.0,28.0
CYTL1,13.0,16.0
CYYR1,2.0,4.0
CZIB,32.0,21.0
D2HGDH,35.0,33.0
DAAM1,164.0,156.0
DAAM2,118.0,125.0
DAB1,27.0,30.0
DAB2,33.0,36.0
DAB2IP,132.0,125.0
DACH1,36.0,32.0
DACH2,49.0,50.0
DACT1,102.0,91.0
DACT2,48.0,52.0
DACT3,56.0,65.0
DAD1,9.0,9.0
DAG1,81.0,88.0
DAGLA,73.0,79.0
DAGLB,40.0,35.0
DALRD3,42.0,46.0
DANCR,22.0,26.0
DAND5,19.0,20.0
DAO,16.0,13.0
DAOA,37.0,40.0
DAP,17.0,18.0
DAP3,67.0,57.0
DAPK1,129.0,144.0
DAPK2,35.0,33.0
DAPK3,53.0,63.0
DAPL1,9.0,12.0
DAPP1,40.0,39.0
DARS1,93.0,93.0
DARS2,62.0,83.0
DAW1,39.0,31.0
DAXX,59.0,69.0
DAZ2,11.0,18.0
DAZAP1,33.0,34.0
DAZL,31.0,33.0
DBF4,70.0,86.0
DBF4B,61.0,55.0
DBH,48.0,57.0
DBI,8.0,8.0
DBN1,39.0,39.0
DBNDD1,4.0,6.0
DBNDD2,10.0,6.0
DBNL,46.0,55.0
DBP,12.0,13.0
DBR1,45.0,48.0
DBT,47.0,53.0
DBX1,23.0,29.0
DBX2,24.0,25.0
DCAF1,135.0,153.0
DCAF10,67.0,66.0
DCAF11,54.0,54.0
DCAF12,43.0,42.0
DCAF12L1,47.0,59.0
DCAF12L2,50.0,39.0
DCAF13,54.0,61.0
DCAF15,41.0,44.0
DCAF16,18.0,23.0
DCAF17,49.0,49.0
DCAF4,52.0,60.0
DCAF4L1,33.0,27.0
DCAF4L2,27.0,31.0
DCAF5,91.0,82.0
DCAF6,64.0,76.0
DCAF7,25.0,21.0
DCAF8,59.0,64.0
DCAF8L1,37.0,40.0
DCAF8L2,40.0,37.0
DCAKD,30.0,35.0
DCANP1,20.0,24.0
DCBLD1,61.0,73.0
DCBLD2,73.0,70.0
DCC,114.0,116.0
DCD,10.0,6.0
DCDC1,190.0,202.0
DCDC2,44.0,48.0
DCDC2B,51.0,51.0
DCDC2C,66.0,72.0
DCHS1,190.0,190.0
DCHS2,246.0,231.0
DCK,36.0,29.0
DCLK1,74.0,79.0
DCLK2,87.0,84.0
DCLK3,59.0,60.0
DCLRE1A,78.0,80.0
DCLRE1B,53.0,59.0
DCLRE1C,62.0,67.0
DCN,45.0,40.0
DCP1A,51.0,50.0
DCP1B,70.0,77.0
DCP2,53.0,56.0
DCPH1,36.0,36.0
DCPS,31.0,31.0
DCST1,42.0,41.0
DCST2,48.0,61.0
DCSTAMP,45.0,43.0
DCT,37.0,48.0
DCTD,25.0,25.0
DCTN1,121.0,145.0
DCTN2,32.0,44.0
DCTN3,19.0,21.0
DCTN4,68.0,67.0
DCTN5,21.0,25.0
DCTN6,6.0,8.0
DCTPP1,21.0,22.0
DCUN1D1,22.0,29.0
DCUN1D2,21.0,20.0
DCUN1D3,40.0,45.0
DCUN1D4,34.0,35.0
DCUN1D5,29.0,30.0
DCX,45.0,49.0
DCXR,16.0,14.0
DDA1,18.0,21.0
DDAH1,39.0,38.0
DDAH2,25.0,25.0
DDB1,136.0,132.0
DDB2,37.0,37.0
DDC,47.0,51.0
DDHD1,112.0,118.0
DDHD2,76.0,65.0
DDI1,29.0,32.0
DDI2,39.0,48.0
DDIAS,85.0,82.0
DDIT3,11.0,11.0
DDIT4,21.0,18.0
DDIT4L,11.0,16.0
DDN,89.0,106.0
DDO,23.0,21.0
DDOST,26.0,31.0
DDR1,68.0,71.0
DDR2,54.0,55.0
DDRGK1,17.0,21.0
DDT,11.0,11.0
DDTL,5.0,8.0
DDX1,97.0,103.0
DDX10,111.0,116.0
DDX11,100.0,120.0
DDX11L8,52.0,54.0
DDX12P,59.0,61.0
DDX17,63.0,67.0
DDX18,72.0,73.0
DDX19A,61.0,70.0
DDX19B,9.0,7.0
DDX20,99.0,98.0
DDX21,102.0,102.0
DDX23,120.0,117.0
DDX24,102.0,109.0
DDX25,53.0,56.0
DDX27,85.0,83.0
DDX28,58.0,69.0
DDX31,110.0,118.0
DDX39A,43.0,41.0
DDX39B,27.0,20.0
DDX3X,74.0,81.0
DDX3Y,36.0,43.0
DDX4,79.0,75.0
DDX41,99.0,107.0
DDX42,100.0,100.0
DDX43,85.0,87.0
DDX46,128.0,137.0
DDX47,44.0,46.0
DDX49,45.0,42.0
DDX5,51.0,50.0
DDX50,68.0,70.0
DDX51,87.0,83.0
DDX52,48.0,56.0
DDX53,101.0,108.0
DDX54,85.0,82.0
DDX55,64.0,55.0
DDX56,38.0,46.0
DDX59,71.0,73.0
DDX6,81.0,84.0
DDX60,204.0,212.0
DDX60L,185.0,192.0
DEAF1,21.0,28.0
DECR1,45.0,42.0
DECR2,30.0,35.0
DEDD,38.0,46.0
DEDD2,46.0,47.0
DEF6,107.0,116.0
DEF8,68.0,67.0
DEFA1,4.0,5.0
DEFA3,2.0,4.0
DEFA4,21.0,13.0
DEFA5,7.0,8.0
DEFA6,7.0,15.0
DEFB104A,6.0,6.0
DEFB105A,6.0,5.0
DEFB106A,19.0,18.0
DEFB107A,1.0,3.0
DEFB108A,2.0,1.0
DEFB108B,6.0,7.0
DEFB109B,6.0,7.0
DEFB109D,16.0,17.0
DEFB110,14.0,15.0
DEFB112,15.0,20.0
DEFB113,5.0,3.0
DEFB114,8.0,8.0
DEFB115,12.0,8.0
DEFB116,14.0,13.0
DEFB118,7.0,8.0
DEFB119,23.0,24.0
DEFB121,12.0,10.0
DEFB123,4.0,4.0
DEFB124,5.0,7.0
DEFB125,14.0,15.0
DEFB126,11.0,7.0
DEFB127,14.0,9.0
DEFB128,7.0,10.0
DEFB129,9.0,10.0
DEFB130B,14.0,16.0
DEFB131A,5.0,8.0
DEFB131B,6.0,7.0
DEFB132,14.0,16.0
DEFB133,6.0,4.0
DEFB135,10.0,14.0
DEFB136,5.0,8.0
DEFB4A,7.0,7.0
DEGS1,17.0,20.0
DEGS2,18.0,21.0
DEK,44.0,43.0
DELE1,48.0,50.0
DELEC1,5.0,6.0
DENND10,36.0,32.0
DENND10P1,2.0,2.0
DENND11,39.0,40.0
DENND1A,87.0,96.0
DENND1B,53.0,50.0
DENND1C,46.0,49.0
DENND2A,90.0,96.0
DENND2B,120.0,109.0
DENND2C,94.0,104.0
DENND2D,32.0,39.0
DENND3,120.0,131.0
DENND4A,181.0,211.0
DENND4B,91.0,90.0
DENND4C,166.0,181.0
DENND5A,152.0,156.0
DENND5B,132.0,129.0
DENND6A,45.0,48.0
DENND6B,55.0,48.0
DENR,15.0,25.0
DEPDC1,81.0,88.0
DEPDC1B,68.0,58.0
DEPDC4,27.0,17.0
DEPDC5,156.0,160.0
DEPDC7,63.0,69.0
DEPP1,9.0,9.0
DEPTOR,60.0,68.0
DERA,38.0,43.0
DERL1,25.0,21.0
DERL2,7.0,7.0
DERL3,5.0,5.0
DERPC,50.0,47.0
DES,74.0,76.0
DESI1,23.0,20.0
DESI2,7.0,8.0
DET1,47.0,53.0
DEUP1,85.0,85.0
DFFA,46.0,42.0
DFFB,27.0,30.0
DGAT1,21.0,26.0
DGAT2,34.0,30.0
DGAT2L6,16.0,9.0
DGCR2,38.0,38.0
DGCR6,24.0,26.0
DGCR6L,10.0,9.0
DGCR8,80.0,89.0
DGKA,94.0,100.0
DGKB,108.0,113.0
DGKD,96.0,90.0
DGKE,43.0,43.0
DGKG,90.0,101.0
DGKH,83.0,79.0
DGKI,105.0,117.0
DGKK,97.0,103.0
DGKQ,72.0,66.0
DGKZ,84.0,92.0
DGLUCY,68.0,63.0
DGUOK,44.0,48.0
DHCR24,33.0,39.0
DHCR7,18.0,17.0
DHDDS,33.0,30.0
DHDH,31.0,38.0
DHFR,41.0,42.0
DHFR2,16.0,15.0
DHH,55.0,55.0
DHODH,64.0,67.0
DHPS,27.0,29.0
DHRS1,40.0,38.0
DHRS11,27.0,35.0
DHRS12,50.0,56.0
DHRS13,25.0,31.0
DHRS2,28.0,31.0
DHRS3,14.0,15.0
DHRS4,19.0,19.0
DHRS4-AS1,13.0,11.0
DHRS4L1,19.0,25.0
DHRS4L2,14.0,16.0
DHRS7,31.0,30.0
DHRS7B,37.0,27.0
DHRS7C,45.0,44.0
DHRS9,20.0,21.0
DHRSX,32.0,29.0
DHTKD1,31.0,43.0
DHX15,66.0,72.0
DHX16,81.0,92.0
DHX29,147.0,151.0
DHX30,163.0,181.0
DHX32,70.0,73.0
DHX33,86.0,79.0
DHX34,137.0,135.0
DHX35,80.0,66.0
DHX36,96.0,83.0
DHX37,135.0,131.0
DHX38,119.0,125.0
DHX40,89.0,102.0
DHX57,155.0,160.0
DHX58,82.0,76.0
DHX8,111.0,120.0
DHX9,122.0,128.0
DIABLO,32.0,33.0
DIAPH1,143.0,163.0
DIAPH2,130.0,144.0
DIAPH2-AS1,26.0,25.0
DIAPH3,193.0,202.0
DICER1,206.0,215.0
DIDO1,231.0,247.0
DIMT1,58.0,61.0
DIO1,22.0,21.0
DIO2,19.0,15.0
DIO3,19.0,21.0
DIP2A,107.0,111.0
DIP2B,136.0,145.0
DIP2C,140.0,137.0
DIP2C-AS1,12.0,17.0
DIPK1A,30.0,37.0
DIPK1B,53.0,47.0
DIPK1C,23.0,27.0
DIPK2A,61.0,64.0
DIPK2B,30.0,39.0
DIRAS1,50.0,44.0
DIRAS2,35.0,36.0
DIRAS3,23.0,23.0
DIRC1,14.0,15.0
DIS3,111.0,112.0
DIS3L,158.0,153.0
DIS3L2,133.0,121.0
DISC1,104.0,119.0
DISP1,115.0,125.0
DISP2,71.0,82.0
DISP3,76.0,94.0
DIXDC1,67.0,74.0
DKC1,111.0,105.0
DKK1,20.0,26.0
DKK2,34.0,40.0
DKK3,31.0,33.0
DKK4,9.0,16.0
DKKL1,25.0,23.0
DLAT,55.0,45.0
DLC1,168.0,167.0
DLD,62.0,67.0
DLEC1,161.0,186.0
DLEU1,7.0,7.0
DLEU7,37.0,31.0
DLG1,64.0,70.0
DLG2,102.0,97.0
DLG3,99.0,107.0
DLG4,88.0,78.0
DLG5,234.0,231.0
DLGAP1,98.0,92.0
DLGAP2,111.0,117.0
DLGAP3,98.0,111.0
DLGAP4,121.0,123.0
DLGAP5,85.0,88.0
DLK1,21.0,25.0
DLK2,20.0,15.0
DLL1,54.0,65.0
DLL3,36.0,32.0
DLL4,45.0,49.0
DLST,31.0,32.0
DLX1,21.0,18.0
DLX2,8.0,7.0
DLX3,16.0,19.0
DLX4,11.0,14.0
DLX5,6.0,8.0
DLX6,11.0,14.0
DMAC1,5.0,4.0
DMAC2,26.0,29.0
DMAC2L,33.0,32.0
DMAP1,31.0,34.0
DMBT1,34.0,34.0
DMBX1,30.0,27.0
DMC1,29.0,25.0
DMD,509.0,532.0
DMGDH,120.0,121.0
DMKN,37.0,36.0
DMP1,20.0,24.0
DMPK,50.0,43.0
DMRT1,13.0,16.0
DMRT2,57.0,59.0
DMRT3,37.0,30.0
DMRTA1,44.0,51.0
DMRTA2,21.0,24.0
DMRTB1,16.0,17.0
DMRTC1,3.0,5.0
DMRTC2,18.0,16.0
DMTF1,68.0,71.0
DMTN,66.0,72.0
DMWD,40.0,46.0
DMXL1,252.0,273.0
DMXL2,280.0,284.0
DNA2,144.0,161.0
DNAAF1,57.0,51.0
DNAAF10,59.0,56.0
DNAAF11,62.0,62.0
DNAAF19,32.0,33.0
DNAAF2,91.0,84.0
DNAAF3,43.0,51.0
DNAAF4,55.0,60.0
DNAAF5,84.0,93.0
DNAAF6,19.0,18.0
DNAAF8,46.0,56.0
DNAAF9,99.0,110.0
DNAH1,446.0,477.0
DNAH10,516.0,519.0
DNAH10OS,9.0,8.0
DNAH11,459.0,456.0
DNAH12,333.0,364.0
DNAH14,379.0,399.0
DNAH17,494.0,524.0
DNAH2,455.0,487.0
DNAH3,504.0,522.0
DNAH5,501.0,510.0
DNAH6,480.0,479.0
DNAH7,457.0,456.0
DNAH8,494.0,480.0
DNAH9,452.0,465.0
DNAI1,74.0,73.0
DNAI2,50.0,56.0
DNAI3,104.0,116.0
DNAI4,120.0,118.0
DNAI7,87.0,86.0
DNAJA1,39.0,45.0
DNAJA2,25.0,27.0
DNAJA3,59.0,63.0
DNAJA4,30.0,34.0
DNAJB1,40.0,32.0
DNAJB11,20.0,22.0
DNAJB12,52.0,63.0
DNAJB13,44.0,41.0
DNAJB14,45.0,53.0
DNAJB2,29.0,36.0
DNAJB3,11.0,8.0
DNAJB4,45.0,56.0
DNAJB5,34.0,30.0
DNAJB6,35.0,44.0
DNAJB7,37.0,31.0
DNAJB8,9.0,11.0
DNAJB9,23.0,21.0
DNAJC1,55.0,60.0
DNAJC10,51.0,62.0
DNAJC11,65.0,66.0
DNAJC12,36.0,36.0
DNAJC13,215.0,228.0
DNAJC14,54.0,48.0
DNAJC15,23.0,29.0
DNAJC16,71.0,80.0
DNAJC17,29.0,27.0
DNAJC18,36.0,36.0
DNAJC19,14.0,14.0
DNAJC2,72.0,71.0
DNAJC21,46.0,50.0
DNAJC22,32.0,24.0
DNAJC24,11.0,17.0
DNAJC25,49.0,47.0
DNAJC27,27.0,42.0
DNAJC28,70.0,65.0
DNAJC3,66.0,69.0
DNAJC30,18.0,17.0
DNAJC4,22.0,25.0
DNAJC5,13.0,11.0
DNAJC5B,23.0,21.0
DNAJC5G,20.0,18.0
DNAJC6,92.0,89.0
DNAJC7,72.0,64.0
DNAJC8,12.0,17.0
DNAJC9,31.0,35.0
DNAJC9-AS1,30.0,26.0
DNAL1,18.0,18.0
DNAL4,18.0,18.0
DNALI1,37.0,40.0
DNASE1,10.0,17.0
DNASE1L1,18.0,19.0
DNASE1L2,19.0,23.0
DNASE1L3,47.0,46.0
DNASE2,22.0,21.0
DNASE2B,37.0,38.0
DND1,37.0,39.0
DNER,38.0,42.0
DNHD1,481.0,499.0
DNLZ,18.0,22.0
DNM1,82.0,83.0
DNM1L,89.0,96.0
DNM1P34,12.0,10.0
DNM1P46,22.0,20.0
DNM2,112.0,113.0
DNM3,76.0,74.0
DNMBP,140.0,144.0
DNMT1,193.0,191.0
DNMT3A,85.0,98.0
DNMT3B,82.0,85.0
DNMT3L,29.0,29.0
DNPEP,65.0,69.0
DNPH1,12.0,9.0
DNTT,54.0,58.0
DNTTIP1,53.0,61.0
DNTTIP2,77.0,97.0
DOC2A,44.0,44.0
DOC2B,44.0,43.0
DOCK1,225.0,237.0
DOCK10,219.0,217.0
DOCK11,292.0,280.0
DOCK2,216.0,224.0
DOCK3,235.0,231.0
DOCK4,212.0,235.0
DOCK5,226.0,253.0
DOCK6,208.0,221.0
DOCK7,192.0,208.0
DOCK8,211.0,210.0
DOCK8-AS1,32.0,32.0
DOCK9,255.0,269.0
DOHH,32.0,41.0
DOK1,44.0,35.0
DOK2,33.0,33.0
DOK3,29.0,36.0
DOK4,38.0,43.0
DOK5,43.0,45.0
DOK6,38.0,44.0
DOK7,34.0,44.0
DOLK,30.0,25.0
DOLPP1,14.0,12.0
DONSON,40.0,42.0
DOP1A,152.0,150.0
DOP1B,196.0,204.0
DORIP1,43.0,50.0
DOT1L,142.0,151.0
DPAGT1,8.0,8.0
DPCD,28.0,30.0
DPEP1,50.0,43.0
DPEP2,52.0,56.0
DPEP2NB,5.0,5.0
DPEP3,18.0,19.0
DPF1,49.0,46.0
DPF2,53.0,56.0
DPF3,27.0,36.0
DPH1,47.0,49.0
DPH2,34.0,35.0
DPH3,4.0,2.0
DPH3P1,1.0,3.0
DPH5,35.0,36.0
DPH6,30.0,32.0
DPH7,46.0,40.0
DPM1,28.0,38.0
DPM3,5.0,5.0
DPP10,89.0,102.0
DPP3,52.0,49.0
DPP4,104.0,104.0
DPP6,99.0,102.0
DPP7,53.0,57.0
DPP8,102.0,114.0
DPP9,103.0,93.0
DPPA2,26.0,21.0
DPPA3,6.0,5.0
DPPA4,18.0,22.0
DPPA5,22.0,26.0
DPRX,16.0,15.0
DPT,11.0,13.0
DPY19L1,51.0,54.0
DPY19L2,54.0,58.0
DPY19L2P1,28.0,22.0
DPY19L2P2,27.0,35.0
DPY19L3,39.0,47.0
DPY19L4,61.0,61.0
DPY30,9.0,12.0
DPYD,102.0,114.0
DPYS,72.0,76.0
DPYSL2,55.0,56.0
DPYSL3,44.0,49.0
DPYSL4,68.0,59.0
DPYSL5,52.0,68.0
DQX1,58.0,63.0
DR1,9.0,11.0
DRAM1,2.0,1.0
DRAM2,13.0,14.0
DRAP1,7.0,5.0
DRAXIN,7.0,10.0
DRC1,73.0,79.0
DRC10,74.0,75.0
DRC11,92.0,101.0
DRC11L,125.0,125.0
DRC12,37.0,42.0
DRC2,70.0,71.0
DRC3,59.0,58.0
DRC4,52.0,52.0
DRC5,36.0,42.0
DRC7,120.0,125.0
DRC8,40.0,46.0
DRC9,55.0,62.0
DRD1,23.0,26.0
DRD2,17.0,15.0
DRD3,23.0,22.0
DRD4,9.0,10.0
DRD5,6.0,8.0
DRG1,56.0,58.0
DRG2,37.0,38.0
DRGX,24.0,23.0
DRICH1,23.0,30.0
DROSHA,149.0,155.0
DRP2,87.0,88.0
DSA2D,4.0,4.0
DSC1,102.0,102.0
DSC2,67.0,78.0
DSC3,92.0,97.0
DSCAM,176.0,174.0
DSCAML1,151.0,156.0
DSCC1,18.0,18.0
DSCR10,2.0,2.0
DSCR4,11.0,10.0
DSCR8,2.0,7.0
DSCR9,22.0,20.0
DSE,69.0,70.0
DSEL,75.0,95.0
DSG1,69.0,76.0
DSG2,88.0,89.0
DSG3,74.0,67.0
DSG4,71.0,67.0
DSN1,39.0,44.0
DSP,396.0,413.0
DSPP,49.0,45.0
DST,873.0,838.0
DSTN,42.0,34.0
DSTYK,116.0,118.0
DTD1,21.0,24.0
DTD2,19.0,18.0
DTHD1,85.0,76.0
DTL,98.0,88.0
DTNA,60.0,66.0
DTNB,99.0,102.0
DTNBP1,22.0,25.0
DTWD1,26.0,27.0
DTWD2,23.0,25.0
DTX1,76.0,62.0
DTX2,40.0,42.0
DTX3,29.0,27.0
DTX3L,106.0,112.0
DTX4,50.0,57.0
DTYMK,46.0,44.0
DUOX1,109.0,119.0
DUOX2,118.0,144.0
DUOXA1,14.0,14.0
DUOXA2,11.0,14.0
DUS1L,45.0,48.0
DUS2,76.0,73.0
DUS3L,68.0,69.0
DUS4L,41.0,43.0
DUSP1,32.0,38.0
DUSP10,61.0,58.0
DUSP11,42.0,50.0
DUSP12,36.0,40.0
DUSP13A,17.0,15.0
DUSP13B,17.0,16.0
DUSP14,22.0,20.0
DUSP15,30.0,33.0
DUSP16,46.0,42.0
DUSP18,28.0,30.0
DUSP19,13.0,16.0
DUSP2,26.0,21.0
DUSP21,14.0,15.0
DUSP22,32.0,38.0
DUSP23,24.0,33.0
DUSP26,7.0,8.0
DUSP28,25.0,29.0
DUSP29,20.0,21.0
DUSP3,22.0,24.0
DUSP4,37.0,36.0
DUSP5,39.0,32.0
DUSP6,26.0,29.0
DUSP7,26.0,27.0
DUSP8,74.0,76.0
DUSP9,18.0,16.0
DUT,42.0,47.0
DUTL,13.0,14.0
DUX1,13.0,12.0
DUX3,19.0,19.0
DUX4L9,26.0,21.0
DUX5,9.0,4.0
DUXA,21.0,20.0
DUXB,45.0,45.0
DVL1,57.0,58.0
DVL1P1,12.0,15.0
DVL2,47.0,47.0
DVL3,35.0,37.0
DXO,36.0,35.0
DYDC1,27.0,27.0
DYDC2,22.0,30.0
DYM,48.0,47.0
DYNAP,4.0,7.0
DYNC1H1,554.0,584.0
DYNC1I1,37.0,27.0
DYNC1I2,60.0,63.0
DYNC1LI1,67.0,64.0
DYNC1LI2,63.0,58.0
DYNC2H1,537.0,577.0
DYNC2I1,103.0,110.0
DYNC2I2,34.0,33.0
DYNC2LI1,43.0,44.0
DYNLL1,5.0,8.0
DYNLRB1,10.0,12.0
DYNLRB2,20.0,20.0
DYNLT1,15.0,15.0
DYNLT2,19.0,20.0
DYNLT2B,10.0,13.0
DYNLT3,8.0,8.0
DYNLT4,26.0,24.0
DYNLT5,23.0,21.0
DYRK1A,57.0,53.0
DYRK1B,43.0,44.0
DYRK2,60.0,68.0
DYRK3,71.0,69.0
DYRK4,50.0,47.0
DYSF,211.0,219.0
DYTN,79.0,66.0
DZANK1,101.0,96.0
DZIP1,106.0,116.0
DZIP1L,112.0,108.0
DZIP3,150.0,159.0
E2F1,33.0,37.0
E2F2,34.0,35.0
E2F3,45.0,41.0
E2F4,42.0,42.0
E2F5,27.0,29.0
E2F6,21.0,32.0
E2F7,82.0,87.0
E2F8,68.0,70.0
E4F1,53.0,41.0
EAF1,16.0,11.0
EAF2,19.0,29.0
EAPP,30.0,22.0
EARS2,47.0,52.0
EBAG9,8.0,7.0
EBF1,33.0,35.0
EBF2,56.0,60.0
EBF3,59.0,65.0
EBF4,71.0,68.0
EBI3,10.0,11.0
EBLN1,29.0,22.0
EBLN2,19.0,19.0
EBNA1BP2,51.0,56.0
EBP,12.0,16.0
ECD,63.0,69.0
ECE1,67.0,75.0
ECE2,58.0,56.0
ECEL1,74.0,82.0
ECH1,44.0,41.0
ECHDC1,26.0,23.0
ECHDC2,22.0,23.0
ECHDC3,26.0,24.0
ECHS1,17.0,12.0
ECI1,22.0,23.0
ECI2,42.0,57.0
ECM1,68.0,77.0
ECM2,57.0,62.0
ECPAS,185.0,185.0
ECRG4,17.0,17.0
ECSCR,16.0,9.0
ECSIT,45.0,48.0
ECT2,112.0,117.0
ECT2L,174.0,186.0
EDA,20.0,26.0
EDA2R,21.0,23.0
EDAR,46.0,55.0
EDARADD,32.0,36.0
EDC3,50.0,53.0
EDC4,92.0,102.0
EDDM13,29.0,27.0
EDDM3A,17.0,18.0
EDDM3B,19.0,14.0
EDEM1,81.0,67.0
EDEM2,28.0,41.0
EDEM3,81.0,86.0
EDF1,38.0,33.0
EDIL3,59.0,70.0
EDN1,11.0,14.0
EDN2,18.0,19.0
EDN3,9.0,12.0
EDNRA,24.0,26.0
EDNRB,29.0,29.0
EDRF1,153.0,161.0
EEA1,251.0,270.0
EED,59.0,65.0
EEF1A1,30.0,32.0
EEF1A1P5,2.0,4.0
EEF1A2,24.0,19.0
EEF1AKMT1,7.0,8.0
EEF1AKMT2,24.0,23.0
EEF1AKMT3,10.0,10.0
EEF1AKMT4,22.0,25.0
EEF1B2,10.0,7.0
EEF1D,28.0,31.0
EEF1DP3,14.0,10.0
EEF1E1,34.0,32.0
EEF1G,40.0,47.0
EEF2,95.0,94.0
EEF2K,118.0,108.0
EEF2KMT,24.0,20.0
EEFSEC,75.0,80.0
EEIG1,30.0,34.0
EEIG2,42.0,53.0
EEPD1,77.0,73.0
EFCAB10,22.0,27.0
EFCAB11,29.0,30.0
EFCAB12,69.0,68.0
EFCAB13,103.0,99.0
EFCAB14,60.0,73.0
EFCAB3,80.0,86.0
EFCAB5,181.0,215.0
EFCAB6,196.0,207.0
EFCAB7,94.0,87.0
EFCAB8,16.0,18.0
EFCAB9,23.0,27.0
EFCC1,73.0,69.0
EFEMP1,52.0,57.0
EFEMP2,33.0,36.0
EFHB,98.0,112.0
EFHC1,75.0,70.0
EFHC2,85.0,98.0
EFHD1,50.0,48.0
EFHD2,34.0,36.0
EFL1,94.0,100.0
EFNA1,22.0,21.0
EFNA2,1.0,4.0
EFNA3,12.0,13.0
EFNA4,8.0,13.0
EFNA5,19.0,26.0
EFNB1,33.0,32.0
EFNB2,37.0,45.0
EFNB3,27.0,28.0
EFR3A,113.0,118.0
EFR3B,94.0,84.0
EFS,32.0,36.0
EFTUD2,88.0,91.0
EGF,97.0,105.0
EGFEM1P,14.0,16.0
EGFL6,77.0,78.0
EGFL7,19.0,24.0
EGFL8,25.0,28.0
EGFLAM,89.0,88.0
EGFR,135.0,139.0
EGLN1,75.0,82.0
EGLN2,51.0,47.0
EGLN3,19.0,23.0
EGR1,12.0,16.0
EGR2,18.0,18.0
EGR3,13.0,12.0
EGR4,28.0,24.0
EHBP1,175.0,153.0
EHBP1L1,169.0,174.0
EHD1,54.0,61.0
EHD2,58.0,47.0
EHD3,49.0,49.0
EHD4,51.0,57.0
EHF,23.0,17.0
EHHADH,93.0,87.0
EHMT1,91.0,96.0
EHMT2,95.0,95.0
EI24,23.0,22.0
EID1,11.0,12.0
EID2,23.0,21.0
EID2B,5.0,6.0
EID3,50.0,53.0
EIF1,13.0,19.0
EIF1AD,26.0,30.0
EIF1AX,16.0,18.0
EIF1AY,6.0,5.0
EIF1B,3.0,4.0
EIF2A,56.0,61.0
EIF2AK1,20.0,21.0
EIF2AK2,61.0,69.0
EIF2AK3,114.0,124.0
EIF2AK4,209.0,216.0
EIF2B1,33.0,36.0
EIF2B2,28.0,26.0
EIF2B3,57.0,55.0
EIF2B4,46.0,50.0
EIF2B5,52.0,52.0
EIF2D,71.0,69.0
EIF2S1,50.0,41.0
EIF2S2,48.0,50.0
EIF2S3,47.0,48.0
EIF2S3B,5.0,3.0
EIF3A,145.0,142.0
EIF3B,93.0,90.0
EIF3C,100.0,103.0
EIF3CL,2.0,2.0
EIF3D,62.0,60.0
EIF3E,74.0,73.0
EIF3F,25.0,31.0
EIF3G,30.0,35.0
EIF3H,54.0,51.0
EIF3I,36.0,40.0
EIF3J,28.0,26.0
EIF3K,19.0,19.0
EIF3L,54.0,48.0
EIF3M,39.0,46.0
EIF4A1,56.0,59.0
EIF4A2,52.0,47.0
EIF4A3,60.0,59.0
EIF4B,50.0,47.0
EIF4E,27.0,32.0
EIF4E1B,35.0,33.0
EIF4E2,32.0,39.0
EIF4E3,15.0,12.0
EIF4EBP1,10.0,9.0
EIF4EBP2,10.0,18.0
EIF4EBP3,4.0,5.0
EIF4ENIF1,72.0,66.0
EIF4G1,107.0,105.0
EIF4G2,111.0,124.0
EIF4G3,230.0,239.0
EIF4H,15.0,15.0
EIF5,58.0,57.0
EIF5A,2.0,2.0
EIF5B,112.0,106.0
EIF6,9.0,15.0
EIPR1,27.0,22.0
ELAC1,25.0,20.0
ELAC2,86.0,91.0
ELANE,8.0,14.0
ELAPOR1,94.0,106.0
ELAPOR2,94.0,86.0
ELAVL1,48.0,53.0
ELAVL2,22.0,20.0
ELAVL3,31.0,30.0
ELAVL4,48.0,47.0
ELF1,25.0,31.0
ELF2,35.0,43.0
ELF3,41.0,43.0
ELF4,17.0,20.0
ELF5,9.0,9.0
ELFN1,56.0,47.0
ELFN2,89.0,106.0
ELK1,35.0,33.0
ELK3,28.0,36.0
ELK4,21.0,15.0
ELL,75.0,82.0
ELL2,84.0,82.0
ELL3,40.0,41.0
ELMO1,83.0,94.0
ELMO2,72.0,71.0
ELMO3,78.0,80.0
ELMOD1,45.0,48.0
ELMOD2,32.0,37.0
ELMOD3,36.0,36.0
ELN,13.0,17.0
ELOA,60.0,64.0
ELOA2,110.0,104.0
ELOB,8.0,15.0
ELOC,19.0,20.0
ELOF1,5.0,2.0
ELOVL1,13.0,19.0
ELOVL2,11.0,14.0
ELOVL3,8.0,11.0
ELOVL4,18.0,23.0
ELOVL5,18.0,21.0
ELOVL6,16.0,23.0
ELOVL7,22.0,24.0
ELP1,89.0,115.0
ELP2,78.0,83.0
ELP3,62.0,64.0
ELP4,40.0,47.0
ELP5,18.0,16.0
ELP6,40.0,37.0
ELSPBP1,25.0,25.0
EMB,24.0,22.0
EMC1,100.0,87.0
EMC10,5.0,5.0
EMC2,37.0,38.0
EMC3,22.0,21.0
EMC4,19.0,16.0
EMC6,5.0,5.0
EMC7,18.0,16.0
EMC8,26.0,23.0
EMC9,29.0,26.0
EMCN,10.0,14.0
EMD,11.0,12.0
EME1,49.0,53.0
EME2,27.0,26.0
EMG1,26.0,28.0
EMID1,22.0,16.0
EMILIN1,93.0,91.0
EMILIN2,112.0,103.0
EMILIN3,79.0,94.0
EML1,88.0,94.0
EML2,63.0,60.0
EML3,98.0,105.0
EML4,104.0,108.0
EML5,198.0,221.0
EML6,200.0,210.0
EMP3,1.0,1.0
EMSY,127.0,133.0
EMX1,27.0,29.0
EMX2,29.0,26.0
EN1,19.0,16.0
EN2,43.0,36.0
ENAH,64.0,55.0
ENAM,107.0,98.0
ENC1,51.0,60.0
ENDOD1,16.0,20.0
ENDOG,30.0,30.0
ENDOU,56.0,58.0
ENDOV,39.0,40.0
ENG,22.0,21.0
ENGASE,76.0,83.0
ENH1,26.0,32.0
ENH3,11.0,13.0
ENHO,8.0,7.0
ENKD1,50.0,50.0
ENKUR,31.0,33.0
ENO1,45.0,56.0
ENO2,45.0,49.0
ENO3,35.0,40.0
ENO4,58.0,51.0
ENOPH1,22.0,21.0
ENOSF1,54.0,52.0
ENOX1,47.0,60.0
ENOX2,61.0,63.0
ENPEP,110.0,119.0
ENPP1,84.0,86.0
ENPP2,83.0,89.0
ENPP3,94.0,91.0
ENPP4,30.0,34.0
ENPP5,38.0,45.0
ENPP6,43.0,40.0
ENPP7,36.0,35.0
ENSA,15.0,19.0
ENTHD1,54.0,50.0
ENTPD1,59.0,50.0
ENTPD2,28.0,31.0
ENTPD3,39.0,36.0
ENTPD4,47.0,46.0
ENTPD5,17.0,18.0
ENTPD6,43.0,48.0
ENTPD7,40.0,37.0
ENTPD8,20.0,16.0
ENTR1,40.0,47.0
ENTREP1,29.0,35.0
ENTREP2,25.0,24.0
ENTREP3,49.0,43.0
ENY2,6.0,7.0
EOGT,59.0,55.0
EOLA1,12.0,18.0
EOLA2,4.0,5.0
EOMES,48.0,46.0
EP300,137.0,142.0
EP400,265.0,242.0
EP400P1,8.0,8.0
EPAS1,75.0,81.0
EPB41,102.0,115.0
EPB41L1,103.0,105.0
EPB41L2,123.0,121.0
EPB41L3,102.0,102.0
EPB41L4A,115.0,108.0
EPB41L4B,78.0,92.0
EPB41L5,42.0,39.0
EPB42,71.0,74.0
EPC1,71.0,87.0
EPC2,96.0,109.0
EPCAM,13.0,15.0
EPCIP,15.0,13.0
EPCIP-AS1,9.0,7.0
EPDR1,29.0,38.0
EPG5,213.0,225.0
EPGN,11.0,17.0
EPHA1,65.0,83.0
EPHA10,87.0,90.0
EPHA2,89.0,103.0
EPHA3,95.0,97.0
EPHA4,92.0,87.0
EPHA5,84.0,86.0
EPHA6,61.0,67.0
EPHA7,88.0,95.0
EPHA8,86.0,83.0
EPHB1,57.0,60.0
EPHB2,73.0,71.0
EPHB3,71.0,64.0
EPHB4,73.0,84.0
EPHB6,65.0,76.0
EPHX1,56.0,61.0
EPHX2,37.0,43.0
EPHX3,20.0,23.0
EPHX4,36.0,36.0
EPM2A,68.0,82.0
EPM2AIP1,56.0,65.0
EPN1,19.0,24.0
EPN2,51.0,51.0
EPN3,49.0,52.0
EPO,5.0,11.0
EPOP,43.0,43.0
EPOR,18.0,22.0
EPPIN,20.0,25.0
EPPK1,292.0,302.0
EPRS1,183.0,195.0
EPS15,79.0,86.0
EPS15L1,93.0,100.0
EPS8,92.0,94.0
EPS8L1,89.0,81.0
EPS8L2,88.0,84.0
EPS8L3,85.0,84.0
EPSTI1,34.0,34.0
EPX,88.0,89.0
EPYC,18.0,14.0
EQTN,21.0,24.0
ERAL1,44.0,40.0
ERAP1,74.0,84.0
ERAP2,100.0,97.0
ERAS,16.0,14.0
ERBB2,82.0,75.0
ERBB3,92.0,86.0
ERBB4,97.0,118.0
ERBIN,169.0,176.0
ERC1,119.0,129.0
ERC2,110.0,114.0
ERC2-IT1,6.0,9.0
ERCC1,36.0,35.0
ERCC2,62.0,62.0
ERCC3,92.0,98.0
ERCC4,85.0,96.0
ERCC5,102.0,107.0
ERCC6,140.0,164.0
ERCC6L,158.0,161.0
ERCC6L2,202.0,205.0
ERCC6L2-AS1,4.0,6.0
ERCC8,41.0,44.0
EREG,7.0,9.0
ERF,43.0,40.0
ERFE,29.0,24.0
ERFL,16.0,14.0
ERG,51.0,46.0
ERG28,17.0,15.0
ERGIC1,31.0,31.0
ERGIC2,34.0,40.0
ERGIC3,21.0,27.0
ERH,13.0,12.0
ERI1,41.0,33.0
ERI2,76.0,70.0
ERI3,30.0,39.0
ERICH1,41.0,42.0
ERICH2,14.0,11.0
ERICH3,185.0,206.0
ERICH4,5.0,7.0
ERICH5,88.0,78.0
ERICH6,60.0,65.0
ERICH6B,122.0,121.0
ERLEC1,63.0,67.0
ERLIN1,27.0,25.0
ERLIN2,17.0,20.0
ERMAP,39.0,39.0
ERMARD,66.0,63.0
ERMN,49.0,46.0
ERMP1,96.0,91.0
ERN1,72.0,72.0
ERN2,70.0,73.0
ERO1A,44.0,50.0
ERO1B,77.0,86.0
ERP27,6.0,4.0
ERP29,34.0,32.0
ERP44,40.0,40.0
ERRFI1,34.0,34.0
ERV3-1,44.0,41.0
ERVFC1,47.0,52.0
ERVFC1-1,20.0,22.0
ERVFRD-1,44.0,49.0
ERVH48-1,10.0,9.0
ERVK-10,64.0,64.0
ERVK-11,3.0,4.0
ERVK-16,11.0,12.0
ERVK-18,63.0,78.0
ERVK-19,37.0,37.0
ERVK-21,13.0,14.0
ERVK-24,15.0,15.0
ERVK-25,4.0,5.0
ERVK-5,62.0,60.0
ERVK-6,126.0,126.0
ERVK-7,27.0,24.0
ERVK-8,18.0,22.0
ERVK-9,101.0,106.0
ERVK11-1,22.0,29.0
ERVK13-1,62.0,55.0
ERVMER34-1,56.0,49.0
ERVPABLB-1,36.0,36.0
ERVS71-1,25.0,25.0
ERVV-1,35.0,36.0
ERVV-2,25.0,23.0
ERVW-1,23.0,23.0
ESAM,16.0,18.0
ESCO1,142.0,135.0
ESCO2,74.0,68.0
ESD,23.0,17.0
ESF1,64.0,72.0
ESM1,30.0,30.0
ESPL1,194.0,203.0
ESPN,70.0,71.0
ESPNL,90.0,101.0
ESR1,52.0,57.0
ESR2,54.0,57.0
ESRG,14.0,16.0
ESRP1,62.0,64.0
ESRP2,50.0,55.0
ESRRA,40.0,34.0
ESRRB,34.0,34.0
ESRRG,33.0,33.0
ESS2,52.0,51.0
ESX1,19.0,18.0
ESYT1,77.0,78.0
ESYT2,96.0,104.0
ESYT3,60.0,77.0
ETAA1,116.0,110.0
ETDB,4.0,3.0
ETDC,13.0,11.0
ETF1,55.0,60.0
ETFA,29.0,28.0
ETFB,45.0,47.0
ETFBKMT,15.0,16.0
ETFDH,97.0,88.0
ETFRF1,13.0,13.0
ETHE1,37.0,36.0
ETNK1,29.0,33.0
ETNK2,37.0,38.0
ETNPPL,51.0,64.0
ETS1,34.0,24.0
ETS2,20.0,14.0
ETV1,46.0,40.0
ETV2,16.0,18.0
ETV3,47.0,43.0
ETV3L,29.0,20.0
ETV4,26.0,24.0
ETV5,38.0,30.0
ETV6,44.0,46.0
ETV7,26.0,33.0
EURL,44.0,42.0
EVA1A,9.0,10.0
EVA1B,6.0,4.0
EVA1C,61.0,62.0
EVC,108.0,116.0
EVC2,181.0,187.0
EVI2A,7.0,6.0
EVI2B,32.0,32.0
EVI5,80.0,84.0
EVI5L,81.0,91.0
EVL,57.0,62.0
EVPL,320.0,309.0
EVPLL,33.0,29.0
EVX1,14.0,10.0
EVX2,28.0,26.0
EWSR1,27.0,27.0
EXD1,44.0,48.0
EXD2,82.0,86.0
EXD3,111.0,113.0
EXO1,81.0,90.0
EXO5,47.0,47.0
EXOC1,105.0,92.0
EXOC1L,10.0,16.0
EXOC2,119.0,130.0
EXOC3,89.0,87.0
EXOC3-AS1,14.0,17.0
EXOC3L1,36.0,37.0
EXOC3L2,70.0,60.0
EXOC3L4,66.0,72.0
EXOC4,122.0,125.0
EXOC5,96.0,111.0
EXOC6,112.0,106.0
EXOC6B,114.0,120.0
EXOC7,103.0,108.0
EXOC8,71.0,86.0
EXOG,35.0,40.0
EXOSC1,6.0,7.0
EXOSC10,96.0,103.0
EXOSC2,30.0,28.0
EXOSC3,18.0,20.0
EXOSC4,17.0,16.0
EXOSC5,13.0,13.0
EXOSC6,13.0,14.0
EXOSC7,27.0,22.0
EXOSC8,16.0,29.0
EXOSC9,46.0,43.0
EXPH5,243.0,249.0
EXT1,79.0,80.0
EXT2,77.0,77.0
EXTL1,54.0,60.0
EXTL2,28.0,26.0
EXTL3,108.0,115.0
EYA1,25.0,26.0
EYA2,33.0,36.0
EYA3,25.0,27.0
EYA4,33.0,35.0
EYS,204.0,221.0
EZH1,67.0,59.0
EZH2,102.0,105.0
EZHIP,23.0,25.0
EZR,69.0,70.0
F10,53.0,49.0
F11,65.0,65.0
F11R,25.0,30.0
F12,71.0,64.0
F13A1,75.0,70.0
F13B,68.0,71.0
F2,69.0,68.0
F231L,10.0,15.0
F2R,23.0,23.0
F2RL1,9.0,9.0
F2RL2,7.0,6.0
F2RL3,11.0,8.0
F3,31.0,35.0
F5,199.0,209.0
F7,44.0,49.0
F8,319.0,343.0
F8A1,19.0,25.0
F9,60.0,59.0
FA2H,58.0,52.0
FAAH,37.0,45.0
FAAH2,70.0,68.0
FAAP100,51.0,45.0
FAAP20,8.0,12.0
FAAP24,32.0,26.0
FABP1,19.0,20.0
FABP12,18.0,25.0
FABP2,11.0,12.0
FABP3,39.0,38.0
FABP4,13.0,12.0
FABP5,26.0,26.0
FABP5P3,29.0,26.0
FABP6,17.0,16.0
FABP7,16.0,15.0
FABP9,36.0,35.0
FADD,8.0,7.0
FADS1,32.0,41.0
FADS2,32.0,30.0
FADS2B,52.0,38.0
FADS3,30.0,31.0
FADS6,18.0,20.0
FAF1,58.0,56.0
FAF2,61.0,58.0
FAH,39.0,43.0
FAHD1,33.0,32.0
FAHD2A,14.0,12.0
FAHD2B,27.0,28.0
FAIM,19.0,19.0
FAIM2,9.0,16.0
FAM106A,2.0,3.0
FAM106C,7.0,7.0
FAM107A,20.0,15.0
FAM107B,21.0,22.0
FAM110A,27.0,28.0
FAM110B,48.0,57.0
FAM110C,18.0,21.0
FAM110D,32.0,30.0
FAM111A,68.0,65.0
FAM111B,108.0,126.0
FAM114A1,43.0,43.0
FAM114A2,60.0,62.0
FAM117A,57.0,51.0
FAM117B,76.0,82.0
FAM118A,20.0,23.0
FAM118B,29.0,27.0
FAM120A,130.0,148.0
FAM120A2P,14.0,13.0
FAM120AOS,17.0,21.0
FAM120B,83.0,88.0
FAM120C,92.0,102.0
FAM124A,24.0,27.0
FAM124B,57.0,62.0
FAM131A,13.0,15.0
FAM131B,27.0,30.0
FAM131C,16.0,17.0
FAM133A,17.0,21.0
FAM133B,7.0,6.0
FAM135A,135.0,144.0
FAM135B,149.0,144.0
FAM136A,14.0,22.0
FAM13A,112.0,112.0
FAM13B,89.0,84.0
FAM13C,53.0,50.0
FAM149A,85.0,87.0
FAM149B1,52.0,62.0
FAM151A,39.0,40.0
FAM151B,28.0,36.0
FAM153B,7.0,7.0
FAM156A,3.0,6.0
FAM157A,73.0,79.0
FAM157B,10.0,11.0
FAM157C,10.0,9.0
FAM161A,69.0,64.0
FAM161B,79.0,91.0
FAM162A,12.0,13.0
FAM162B,11.0,10.0
FAM163A,16.0,13.0
FAM163B,4.0,4.0
FAM167A,26.0,31.0
FAM167A-AS1,6.0,5.0
FAM167B,6.0,6.0
FAM168A,4.0,4.0
FAM169A,51.0,57.0
FAM169BP,20.0,21.0
FAM170A,60.0,63.0
FAM170B,11.0,12.0
FAM171A1,111.0,115.0
FAM171A2,55.0,62.0
FAM171B,73.0,89.0
FAM174A,8.0,8.0
FAM174B,10.0,16.0
FAM174C,1.0,4.0
FAM177A1,27.0,25.0
FAM177B,21.0,21.0
FAM178B,52.0,52.0
FAM180A,23.0,28.0
FAM180B,4.0,4.0
FAM181A,35.0,27.0
FAM181B,18.0,22.0
FAM184A,211.0,216.0
FAM184B,158.0,164.0
FAM185A,63.0,53.0
FAM186A,205.0,228.0
FAM186B,151.0,157.0
FAM187A,36.0,39.0
FAM187B,30.0,34.0
FAM193A,121.0,117.0
FAM193B,58.0,54.0
FAM199X,12.0,14.0
FAM200A,58.0,53.0
FAM200B,65.0,64.0
FAM200C,57.0,51.0
FAM201A,23.0,24.0
FAM204A,36.0,36.0
FAM209A,16.0,14.0
FAM209B,16.0,15.0
FAM20A,53.0,53.0
FAM20B,26.0,33.0
FAM20C,37.0,46.0
FAM210A,35.0,40.0
FAM210B,13.0,14.0
FAM215A,8.0,6.0
FAM216A,36.0,37.0
FAM216B,30.0,30.0
FAM217A,42.0,42.0
FAM217B,55.0,51.0
FAM218A,26.0,28.0
FAM219A,15.0,22.0
FAM219B,11.0,10.0
FAM220A,15.0,22.0
FAM220BP,11.0,7.0
FAM221A,33.0,41.0
FAM221B,56.0,50.0
FAM222A,39.0,39.0
FAM222B,23.0,24.0
FAM223A,17.0,15.0
FAM223B,5.0,5.0
FAM227A,69.0,66.0
FAM227B,57.0,55.0
FAM228A,24.0,30.0
FAM228B,57.0,64.0
FAM229A,15.0,18.0
FAM229B,13.0,6.0
FAM234A,42.0,55.0
FAM234B,54.0,51.0
FAM236D,2.0,2.0
FAM237A,12.0,13.0
FAM237B,22.0,29.0
FAM240A,8.0,6.0
FAM240B,5.0,4.0
FAM240C,18.0,15.0
FAM241A,33.0,30.0
FAM241B,11.0,12.0
FAM246A,6.0,7.0
FAM246B,36.0,34.0
FAM246C,14.0,14.0
FAM24A,11.0,10.0
FAM24B,4.0,3.0
FAM25A,8.0,7.0
FAM27B,10.0,10.0
FAM27D1,10.0,11.0
FAM27E3,3.0,4.0
FAM30A,21.0,23.0
FAM32A,19.0,17.0
FAM3A,26.0,28.0
FAM3B,24.0,17.0
FAM3C,10.0,11.0
FAM3D,12.0,13.0
FAM43A,22.0,28.0
FAM43B,39.0,37.0
FAM47A,105.0,98.0
FAM47B,47.0,48.0
FAM47C,129.0,146.0
FAM47DP,41.0,47.0
FAM47E,59.0,58.0
FAM50A,44.0,45.0
FAM50B,45.0,45.0
FAM53A,37.0,46.0
FAM53B,54.0,48.0
FAM53C,38.0,45.0
FAM66E,5.0,5.0
FAM72A,11.0,7.0
FAM72C,4.0,4.0
FAM72D,1.0,
FAM76A,51.0,50.0
FAM76B,44.0,46.0
FAM78A,24.0,24.0
FAM78B,20.0,16.0
FAM81A,51.0,56.0
FAM81B,77.0,84.0
FAM83A,44.0,45.0
FAM83B,125.0,126.0
FAM83C,63.0,62.0
FAM83D,67.0,61.0
FAM83E,30.0,33.0
FAM83F,27.0,30.0
FAM83G,94.0,91.0
FAM83H,141.0,150.0
FAM86B1,5.0,4.0
FAM86B2,19.0,23.0
FAM86C1P,17.0,15.0
FAM86C2P,9.0,9.0
FAM86JP,1.0,1.0
FAM87A,42.0,33.0
FAM89A,14.0,15.0
FAM89B,15.0,9.0
FAM8A1,30.0,27.0
FAM90A1,62.0,69.0
FAM90A10,10.0,12.0
FAM90A11,57.0,56.0
FAM90A12,13.0,15.0
FAM90A14,3.0,4.0
FAM90A18,2.0,2.0
FAM90A20,18.0,20.0
FAM90A22,34.0,38.0
FAM90A24,1.0,3.0
FAM90A26,28.0,33.0
FAM90A27P,28.0,36.0
FAM90A2P,27.0,24.0
FAM90A3,2.0,
FAM90A7,16.0,16.0
FAM90A8,8.0,7.0
FAM90A9,7.0,10.0
FAM91A1,73.0,82.0
FAM98A,28.0,23.0
FAM98B,37.0,40.0
FAM98C,43.0,43.0
FAM9A,30.0,32.0
FAM9B,15.0,18.0
FAM9C,28.0,25.0
FAN1,114.0,117.0
FANCA,125.0,139.0
FANCB,103.0,110.0
FANCC,34.0,41.0
FANCD2,146.0,152.0
FANCD2OS,29.0,30.0
FANCE,64.0,60.0
FANCF,39.0,35.0
FANCG,65.0,67.0
FANCI,189.0,185.0
FANCL,55.0,54.0
FANCM,171.0,176.0
FANK1,44.0,49.0
FAP,95.0,101.0
FAR1,55.0,69.0
FAR2,53.0,58.0
FARP1,122.0,108.0
FARP2,104.0,101.0
FARS2,66.0,77.0
FARSA,55.0,59.0
FARSB,56.0,45.0
FAS,39.0,40.0
FASLG,11.0,11.0
FASN,215.0,233.0
FASTK,35.0,32.0
FASTKD1,63.0,69.0
FASTKD2,118.0,119.0
FASTKD3,79.0,84.0
FASTKD5,88.0,101.0
FAT1,317.0,343.0
FAT2,318.0,338.0
FAT3,308.0,322.0
FAT4,283.0,299.0
FATE1,21.0,16.0
FAU,2.0,1.0
FAXC,30.0,33.0
FAXDC2,1.0,2.0
FBF1,146.0,159.0
FBH1,148.0,131.0
FBL,25.0,30.0
FBLIM1,41.0,46.0
FBLL1,41.0,46.0
FBLN1,36.0,34.0
FBLN2,78.0,86.0
FBLN5,19.0,17.0
FBLN7,50.0,54.0
FBN1,211.0,232.0
FBN2,212.0,214.0
FBN3,196.0,184.0
FBP1,22.0,26.0
FBP2,24.0,24.0
FBRS,29.0,33.0
FBRSL1,93.0,85.0
FBXL12,18.0,17.0
FBXL13,104.0,96.0
FBXL14,50.0,48.0
FBXL15,45.0,48.0
FBXL16,26.0,36.0
FBXL17,74.0,80.0
FBXL18,67.0,74.0
FBXL19,85.0,83.0
FBXL19-AS1,4.0,7.0
FBXL2,59.0,62.0
FBXL20,39.0,36.0
FBXL21P,34.0,38.0
FBXL22,41.0,39.0
FBXL3,51.0,43.0
FBXL4,28.0,24.0
FBXL5,66.0,61.0
FBXL6,48.0,55.0
FBXL7,45.0,44.0
FBXL8,49.0,48.0
FBXO10,110.0,99.0
FBXO11,44.0,54.0
FBXO15,53.0,43.0
FBXO16,52.0,49.0
FBXO17,29.0,28.0
FBXO2,22.0,26.0
FBXO21,40.0,40.0
FBXO22,32.0,31.0
FBXO24,72.0,78.0
FBXO25,59.0,67.0
FBXO27,36.0,34.0
FBXO28,30.0,39.0
FBXO3,49.0,53.0
FBXO30,61.0,67.0
FBXO31,59.0,66.0
FBXO32,55.0,53.0
FBXO33,26.0,28.0
FBXO34,59.0,75.0
FBXO36,17.0,17.0
FBXO38,96.0,99.0
FBXO39,44.0,49.0
FBXO4,41.0,39.0
FBXO40,121.0,115.0
FBXO41,103.0,106.0
FBXO42,68.0,69.0
FBXO43,81.0,81.0
FBXO44,16.0,18.0
FBXO45,34.0,35.0
FBXO46,67.0,63.0
FBXO47,74.0,72.0
FBXO48,14.0,11.0
FBXO5,49.0,44.0
FBXO6,26.0,32.0
FBXO7,26.0,28.0
FBXO8,20.0,26.0
FBXO9,47.0,53.0
FBXW10,151.0,145.0
FBXW10B,6.0,4.0
FBXW11,73.0,72.0
FBXW12,43.0,42.0
FBXW2,37.0,52.0
FBXW4,31.0,37.0
FBXW5,43.0,53.0
FBXW7,73.0,68.0
FBXW7-AS1,3.0,4.0
FBXW8,38.0,40.0
FBXW9,56.0,57.0
FCAMR,39.0,44.0
FCAR,23.0,29.0
FCER1A,6.0,3.0
FCER1G,7.0,8.0
FCER2,27.0,27.0
FCF1,20.0,22.0
FCGBP,166.0,186.0
FCGR1A,49.0,54.0
FCGR1BP,10.0,14.0
FCGR2A,15.0,12.0
FCGR2B,7.0,5.0
FCGR2C,2.0,
FCGR3A,7.0,7.0
FCGR3B,10.0,11.0
FCGRT,15.0,15.0
FCHO1,66.0,59.0
FCHO2,57.0,66.0
FCHSD1,55.0,58.0
FCHSD2,77.0,82.0
FCMR,33.0,29.0
FCN1,37.0,39.0
FCN2,11.0,15.0
FCN3,53.0,51.0
FCRL1,15.0,15.0
FCRL2,50.0,52.0
FCRL3,70.0,68.0
FCRL4,39.0,49.0
FCRL5,57.0,74.0
FCRL6,22.0,27.0
FCRLA,10.0,13.0
FCRLB,32.0,35.0
FCSK,61.0,56.0
FDCSP,5.0,6.0
FDFT1,62.0,58.0
FDPS,29.0,32.0
FDX1,25.0,20.0
FDX2,17.0,20.0
FDXACB1,67.0,70.0
FDXR,64.0,64.0
FECH,66.0,63.0
FEM1A,60.0,60.0
FEM1B,85.0,97.0
FEM1C,66.0,62.0
FEN1,27.0,29.0
FER,85.0,96.0
FER1L5,250.0,249.0
FER1L6,206.0,216.0
FER1L6-AS1,24.0,25.0
FER1L6-AS2,20.0,25.0
FERD3L,6.0,10.0
FERMT1,63.0,72.0
FERMT2,78.0,71.0
FERMT3,94.0,81.0
FERRY3,65.0,68.0
FES,63.0,70.0
FETUB,28.0,31.0
FEV,18.0,16.0
FEZ1,34.0,36.0
FEZ2,25.0,28.0
FEZF1,67.0,76.0
FEZF2,39.0,43.0
FFAR1,6.0,3.0
FFAR2,8.0,9.0
FFAR3,8.0,10.0
FFAR4,23.0,23.0
FGA,63.0,75.0
FGB,55.0,52.0
FGD1,96.0,106.0
FGD2,70.0,74.0
FGD3,87.0,76.0
FGD4,130.0,139.0
FGD5,133.0,119.0
FGD6,172.0,183.0
FGF1,19.0,26.0
FGF10,12.0,14.0
FGF11,12.0,19.0
FGF12,22.0,24.0
FGF13,24.0,22.0
FGF14,28.0,31.0
FGF16,19.0,12.0
FGF17,13.0,18.0
FGF18,15.0,18.0
FGF19,25.0,36.0
FGF2,29.0,23.0
FGF20,19.0,16.0
FGF21,7.0,8.0
FGF22,29.0,35.0
FGF23,29.0,27.0
FGF3,24.0,28.0
FGF4,33.0,36.0
FGF5,21.0,19.0
FGF6,22.0,25.0
FGF7,25.0,31.0
FGF8,13.0,20.0
FGF9,15.0,14.0
FGFBP1,7.0,7.0
FGFBP2,27.0,24.0
FGFBP3,9.0,13.0
FGFR1,64.0,60.0
FGFR1OP2,44.0,40.0
FGFR2,81.0,79.0
FGFR3,61.0,55.0
FGFR4,66.0,65.0
FGFRL1,39.0,37.0
FGG,62.0,69.0
FGGY,49.0,54.0
FGL1,44.0,44.0
FGL2,47.0,52.0
FGR,46.0,46.0
FH,38.0,43.0
FHAD1,206.0,208.0
FHDC1,84.0,92.0
FHIP1A,59.0,54.0
FHIP1B,66.0,76.0
FHIP2A,82.0,87.0
FHIP2B,55.0,62.0
FHIT,20.0,23.0
FHL1,49.0,53.0
FHL2,48.0,56.0
FHL3,26.0,28.0
FHL5,33.0,35.0
FHOD1,105.0,96.0
FHOD3,117.0,106.0
FIBCD1,39.0,48.0
FIBIN,30.0,31.0
FIBP,46.0,49.0
FICD,53.0,52.0
FIG4,111.0,116.0
FIGLA,17.0,22.0
FIGN,43.0,62.0
FIGNL1,83.0,78.0
FIGNL2,34.0,44.0
FILIP1,208.0,203.0
FILIP1L,159.0,153.0
FIMP,25.0,30.0
FIP1L1,41.0,43.0
FIRRM,56.0,60.0
FIS1,13.0,13.0
FITM1,8.0,7.0
FITM2,9.0,11.0
FIZ1,44.0,39.0
FJX1,41.0,36.0
FKBP10,61.0,62.0
FKBP11,12.0,17.0
FKBP14,26.0,23.0
FKBP15,102.0,107.0
FKBP1A,14.0,17.0
FKBP1B,7.0,13.0
FKBP1C,17.0,14.0
FKBP2,10.0,11.0
FKBP3,47.0,46.0
FKBP4,92.0,102.0
FKBP5,82.0,83.0
FKBP6,44.0,41.0
FKBP7,51.0,54.0
FKBP8,32.0,27.0
FKBP9,58.0,52.0
FKBP9P1,5.0,5.0
FKBPL,44.0,45.0
FKRP,54.0,58.0
FKTN,51.0,56.0
FLACC1,53.0,49.0
FLAD1,52.0,60.0
FLCN,52.0,50.0
FLG,242.0,249.0
FLG2,119.0,121.0
FLI1,44.0,51.0
FLII,129.0,139.0
FLNA,220.0,250.0
FLNB,273.0,273.0
FLNC,251.0,241.0
FLOT1,70.0,71.0
FLOT2,57.0,50.0
FLRT1,83.0,74.0
FLRT2,68.0,67.0
FLRT3,78.0,91.0
FLT1,160.0,157.0
FLT3,61.0,61.0
FLT3LG,10.0,8.0
FLT4,117.0,126.0
FLVCR1,34.0,38.0
FLVCR2,12.0,11.0
FLYWCH1,77.0,83.0
FLYWCH2,13.0,14.0
FMC1,15.0,15.0
FMN1,182.0,189.0
FMN2,89.0,88.0
FMNL1,122.0,138.0
FMNL2,106.0,114.0
FMNL3,133.0,118.0
FMO1,46.0,50.0
FMO2,66.0,81.0
FMO3,55.0,54.0
FMO4,56.0,59.0
FMO5,61.0,63.0
FMO6P,52.0,52.0
FMOD,18.0,22.0
FMR1,62.0,75.0
FMR1NB,15.0,17.0
FN1,143.0,160.0
FN3K,41.0,43.0
FN3KRP,32.0,32.0
FNBP1,71.0,74.0
FNBP1L,72.0,81.0
FNBP4,63.0,57.0
FNDC1,168.0,163.0
FNDC10,12.0,12.0
FNDC11,26.0,31.0
FNDC3A,93.0,112.0
FNDC3B,86.0,87.0
FNDC4,10.0,12.0
FNDC5,10.0,18.0
FNDC7,42.0,43.0
FNDC8,20.0,23.0
FNDC9,14.0,17.0
FNIP1,94.0,106.0
FNIP2,112.0,118.0
FNTA,39.0,38.0
FNTB,33.0,30.0
FOCAD,166.0,193.0
FOLH1,73.0,68.0
FOLH1B,18.0,17.0
FOLR1,29.0,27.0
FOLR2,28.0,32.0
FOLR3,15.0,19.0
FOS,20.0,22.0
FOSB,13.0,14.0
FOSL1,12.0,12.0
FOSL2,24.0,30.0
FOXA1,32.0,36.0
FOXA2,14.0,16.0
FOXA3,7.0,6.0
FOXB1,23.0,25.0
FOXB2,12.0,18.0
FOXC1,13.0,16.0
FOXC2,31.0,29.0
FOXD1,4.0,5.0
FOXD2,19.0,19.0
FOXD3,10.0,11.0
FOXD4,28.0,26.0
FOXD4L1,19.0,25.0
FOXD4L3,1.0,
FOXD4L4,12.0,11.0
FOXD4L5,2.0,2.0
FOXD4L6,35.0,34.0
FOXE1,28.0,28.0
FOXE3,24.0,28.0
FOXF1,12.0,13.0
FOXF2,15.0,14.0
FOXG1,31.0,32.0
FOXH1,22.0,18.0
FOXI1,18.0,15.0
FOXI2,7.0,7.0
FOXI3,26.0,28.0
FOXJ1,25.0,21.0
FOXJ2,37.0,32.0
FOXJ3,22.0,28.0
FOXK1,60.0,62.0
FOXK2,40.0,40.0
FOXL1,40.0,38.0
FOXL2,26.0,27.0
FOXL2NB,15.0,14.0
FOXL3,25.0,31.0
FOXM1,81.0,90.0
FOXN1,36.0,35.0
FOXN2,51.0,44.0
FOXN3,38.0,31.0
FOXN4,28.0,29.0
FOXO1,28.0,19.0
FOXO3,31.0,28.0
FOXO3B,18.0,18.0
FOXO4,30.0,34.0
FOXO6,10.0,13.0
FOXP1,63.0,61.0
FOXP2,27.0,31.0
FOXP3,46.0,56.0
FOXP4,50.0,60.0
FOXQ1,19.0,23.0
FOXR1,18.0,18.0
FOXR2,23.0,22.0
FOXRED1,22.0,21.0
FOXRED2,61.0,65.0
FOXS1,14.0,16.0
FP248,11.0,10.0
FPGS,55.0,58.0
FPGT,65.0,60.0
FPR1,13.0,15.0
FPR2,5.0,5.0
FPR3,12.0,11.0
FRA10AC1,45.0,56.0
FRAS1,277.0,298.0
FRAT1,18.0,12.0
FRAT2,17.0,16.0
FREM1,213.0,216.0
FREM2,235.0,249.0
FREM3,147.0,153.0
FREY1,6.0,7.0
FRG1,24.0,25.0
FRG2,19.0,19.0
FRG2B,6.0,4.0
FRG2C,16.0,16.0
FRK,40.0,47.0
FRMD1,65.0,61.0
FRMD3,75.0,68.0
FRMD4A,123.0,113.0
FRMD4B,111.0,114.0
FRMD5,78.0,78.0
FRMD6,91.0,97.0
FRMD6-AS1,64.0,64.0
FRMD7,82.0,92.0
FRMD8,48.0,55.0
FRMD8P1,31.0,36.0
FRMPD1,149.0,141.0
FRMPD2,134.0,136.0
FRMPD2B,4.0,3.0
FRMPD3,231.0,236.0
FRMPD4,150.0,164.0
FRRS1,50.0,50.0
FRRS1L,20.0,27.0
FRS2,45.0,51.0
FRS3,41.0,45.0
FRY,269.0,288.0
FRYL,278.0,289.0
FRZB,27.0,32.0
FSAF1,40.0,38.0
FSBP,28.0,29.0
FSCB,38.0,35.0
FSCN1,50.0,52.0
FSCN2,67.0,73.0
FSCN3,48.0,43.0
FSD1,40.0,50.0
FSD1L,33.0,34.0
FSD2,66.0,70.0
FSHB,16.0,16.0
FSHR,50.0,63.0
FSIP1,49.0,51.0
FSIP2,778.0,810.0
FST,25.0,25.0
FSTL1,23.0,27.0
FSTL3,15.0,16.0
FSTL4,89.0,96.0
FSTL5,106.0,93.0
FTCD,40.0,37.0
FTCDNL1,16.0,18.0
FTH1,26.0,22.0
FTH1P19,14.0,12.0
FTHL17,6.0,11.0
FTL,25.0,21.0
FTMT,23.0,32.0
FTO,54.0,46.0
FTSJ1,4.0,8.0
FTSJ3,62.0,56.0
FUBP1,65.0,73.0
FUBP3,54.0,60.0
FUCA1,46.0,52.0
FUCA2,34.0,35.0
FUNDC1,4.0,6.0
FUNDC2,18.0,22.0
FUOM,5.0,7.0
FURIN,69.0,68.0
FUS,33.0,26.0
FUT1,49.0,50.0
FUT2,22.0,27.0
FUT3,39.0,42.0
FUT4,48.0,57.0
FUT5,10.0,10.0
FUT6,32.0,28.0
FUT7,47.0,45.0
FUT8,61.0,64.0
FUT9,41.0,38.0
FUZ,15.0,21.0
FXN,24.0,28.0
FXR1,78.0,69.0
FXR2,68.0,70.0
FXYD1,3.0,8.0
FXYD2,8.0,10.0
FXYD3,6.0,5.0
FXYD4,10.0,6.0
FXYD5,8.0,5.0
FXYD6,4.0,4.0
FXYD6P3,8.0,9.0
FXYD7,7.0,5.0
FYB1,91.0,92.0
FYB2,85.0,94.0
FYCO1,219.0,237.0
FYN,50.0,62.0
FYTTD1,35.0,38.0
FZD1,26.0,25.0
FZD10,33.0,33.0
FZD2,20.0,23.0
FZD3,47.0,54.0
FZD4,15.0,13.0
FZD5,25.0,22.0
FZD6,57.0,53.0
FZD7,32.0,38.0
FZD8,26.0,33.0
FZD9,27.0,28.0
FZR1,48.0,50.0
G0S2,5.0,8.0
G2E3,88.0,91.0
G3BP1,42.0,42.0
G3BP2,35.0,42.0
G6PC1,15.0,17.0
G6PC2,9.0,17.0
G6PC3,8.0,8.0
G6PD,91.0,83.0
GAA,69.0,64.0
GAB1,77.0,71.0
GAB2,73.0,59.0
GAB3,66.0,58.0
GAB4,28.0,27.0
GABARAP,3.0,4.0
GABARAPL2,14.0,14.0
GABARAPL3,2.0,3.0
GABBR1,89.0,96.0
GABBR2,93.0,103.0
GABPA,52.0,52.0
GABPB1,24.0,19.0
GABPB2,16.0,24.0
GABRA1,26.0,24.0
GABRA2,19.0,18.0
GABRA3,50.0,50.0
GABRA4,80.0,80.0
GABRA5,20.0,24.0
GABRA6,40.0,42.0
GABRB1,48.0,42.0
GABRB2,30.0,24.0
GABRB3,24.0,27.0
GABRD,48.0,49.0
GABRE,46.0,46.0
GABRG1,27.0,33.0
GABRG2,18.0,17.0
GABRG3,36.0,36.0
GABRP,42.0,39.0
GABRQ,51.0,42.0
GABRR1,46.0,52.0
GABRR2,57.0,57.0
GABRR3,36.0,38.0
GAD1,56.0,62.0
GAD2,51.0,56.0
GADD45A,17.0,18.0
GADD45B,11.0,9.0
GADD45G,12.0,12.0
GADD45GIP1,26.0,31.0
GADL1,60.0,54.0
GAFA1,16.0,17.0
GAGE1,,1.0
GAGE10,2.0,1.0
GAGE2A,3.0,3.0
GAGE2B,3.0,5.0
GAGE5,4.0,4.0
GAGE7,8.0,8.0
GAK,145.0,138.0
GAL,12.0,12.0
GAL3ST1,43.0,47.0
GAL3ST2,53.0,61.0
GAL3ST3,38.0,46.0
GAL3ST4,66.0,61.0
GALC,54.0,56.0
GALE,24.0,30.0
GALK1,41.0,37.0
GALK2,33.0,34.0
GALM,17.0,18.0
GALNS,33.0,37.0
GALNT1,74.0,79.0
GALNT10,77.0,82.0
GALNT11,56.0,59.0
GALNT12,66.0,61.0
GALNT13,55.0,54.0
GALNT14,39.0,49.0
GALNT15,46.0,52.0
GALNT16,39.0,42.0
GALNT17,87.0,100.0
GALNT18,42.0,47.0
GALNT2,62.0,74.0
GALNT3,56.0,67.0
GALNT4,67.0,74.0
GALNT5,112.0,108.0
GALNT6,56.0,54.0
GALNT7,78.0,77.0
GALNT8,44.0,50.0
GALNT9,40.0,32.0
GALNTL5,48.0,53.0
GALNTL6,57.0,60.0
GALP,8.0,8.0
GALR1,6.0,7.0
GALR2,18.0,16.0
GALR3,18.0,23.0
GALT,33.0,40.0
GAMT,22.0,22.0
GAN,80.0,81.0
GANAB,77.0,72.0
GANC,81.0,79.0
GAP43,25.0,30.0
GAPDH,12.0,11.0
GAPDHS,34.0,26.0
GAPT,8.0,7.0
GAPVD1,128.0,133.0
GAR1,27.0,29.0
GAREM1,98.0,96.0
GAREM2,69.0,79.0
GARIN1A,5.0,4.0
GARIN1B,41.0,41.0
GARIN2,33.0,43.0
GARIN3,30.0,35.0
GARIN4,33.0,34.0
GARIN5A,17.0,20.0
GARIN5B,97.0,106.0
GARIN6,23.0,20.0
GARNL3,73.0,75.0
GARRE1,69.0,83.0
GARS1,62.0,68.0
GART,100.0,94.0
GAS1,27.0,25.0
GAS2,49.0,51.0
GAS2L1,71.0,66.0
GAS2L2,93.0,82.0
GAS2L3,97.0,97.0
GAS6,90.0,86.0
GAS7,41.0,41.0
GAS8-AS1,14.0,19.0
GASK1A,48.0,49.0
GASK1B,58.0,58.0
GAST,15.0,12.0
GATA1,18.0,16.0
GATA2,31.0,33.0
GATA3,14.0,13.0
GATA4,15.0,15.0
GATA5,19.0,23.0
GATA6,40.0,39.0
GATAD1,18.0,21.0
GATAD2A,91.0,97.0
GATAD2B,56.0,57.0
GATB,40.0,52.0
GATC,11.0,8.0
GATD1,11.0,10.0
GATD3,25.0,22.0
GATM,40.0,34.0
GBA1,49.0,56.0
GBA2,84.0,88.0
GBA3,39.0,34.0
GBE1,95.0,97.0
GBF1,191.0,187.0
GBGT1,31.0,31.0
GBP1,58.0,58.0
GBP2,46.0,42.0
GBP3,45.0,47.0
GBP4,46.0,48.0
GBP5,66.0,72.0
GBP6,80.0,75.0
GBP7,47.0,53.0
GBX1,6.0,9.0
GBX2,36.0,34.0
GC,36.0,38.0
GCA,20.0,21.0
GCAT,31.0,33.0
GCC1,139.0,126.0
GCC2,286.0,318.0
GCDH,40.0,37.0
GCFC2,92.0,95.0
GCG,36.0,36.0
GCGR,20.0,25.0
GCH1,36.0,34.0
GCHFR,3.0,4.0
GCK,71.0,66.0
GCKR,58.0,55.0
GCLC,81.0,81.0
GCLM,11.0,12.0
GCM1,25.0,27.0
GCM2,34.0,36.0
GCN1,344.0,335.0
GCNA,48.0,50.0
GCNT1,56.0,58.0
GCNT2,55.0,54.0
GCNT3,81.0,78.0
GCNT4,62.0,69.0
GCNT7,55.0,46.0
GCRG224,3.0,8.0
GCSAM,17.0,17.0
GCSAML,16.0,18.0
GCSH,17.0,22.0
GDA,47.0,46.0
GDAP1,37.0,39.0
GDAP1L1,33.0,32.0
GDAP2,43.0,42.0
GDE1,28.0,28.0
GDF1,23.0,23.0
GDF10,32.0,36.0
GDF11,40.0,45.0
GDF15,37.0,39.0
GDF2,54.0,50.0
GDF3,45.0,50.0
GDF5,49.0,51.0
GDF5-AS1,27.0,31.0
GDF6,48.0,55.0
GDF7,32.0,31.0
GDF9,44.0,58.0
GDI1,43.0,56.0
GDI2,40.0,50.0
GDNF,9.0,9.0
GDPD1,51.0,59.0
GDPD2,40.0,35.0
GDPD3,22.0,26.0
GDPD4,48.0,45.0
GDPD5,31.0,34.0
GDPGP1,31.0,29.0
GEM,29.0,28.0
GEMIN2,12.0,11.0
GEMIN4,88.0,91.0
GEMIN5,167.0,179.0
GEMIN6,21.0,21.0
GEMIN7,12.0,16.0
GEMIN8,24.0,24.0
GEN1,82.0,77.0
GET1,16.0,18.0
GET3,28.0,33.0
GET4,24.0,27.0
GFAP,78.0,85.0
GFER,20.0,21.0
GFI1,44.0,46.0
GFI1B,37.0,44.0
GFM1,89.0,92.0
GFM2,85.0,100.0
GFOD1,27.0,34.0
GFOD2,33.0,39.0
GFPT1,65.0,67.0
GFPT2,92.0,85.0
GFRA1,47.0,45.0
GFRA2,56.0,60.0
GFRA3,39.0,46.0
GFRA4,22.0,19.0
GFRAL,25.0,26.0
GFUS,53.0,55.0
GFY,42.0,38.0
GGA1,38.0,37.0
GGA2,57.0,53.0
GGA3,47.0,52.0
GGACT,12.0,13.0
GGCT,29.0,24.0
GGCX,38.0,45.0
GGH,34.0,43.0
GGN,46.0,49.0
GGNBP1,15.0,18.0
GGNBP2,72.0,79.0
GGPS1,52.0,51.0
GGT1,26.0,25.0
GGT2P,10.0,12.0
GGT3P,56.0,73.0
GGT5,53.0,58.0
GGT6,11.0,13.0
GGT7,36.0,36.0
GGTA1,4.0,3.0
GGTLC1,6.0,7.0
GGTLC2,5.0,7.0
GGTLC3,2.0,2.0
GH1,13.0,17.0
GH2,20.0,25.0
GHDC,39.0,37.0
GHITM,35.0,34.0
GHR,33.0,26.0
GHRH,9.0,10.0
GHRHR,22.0,33.0
GHRL,5.0,12.0
GHSR,17.0,15.0
GID4,16.0,18.0
GID8,24.0,31.0
GIG44,13.0,13.0
GIGYF1,80.0,82.0
GIGYF2,99.0,104.0
GIMAP1,46.0,52.0
GIMAP2,38.0,45.0
GIMAP4,22.0,20.0
GIMAP5,40.0,40.0
GIMAP6,19.0,26.0
GIMAP7,28.0,31.0
GIMAP8,117.0,118.0
GIMD1,28.0,33.0
GIN1,38.0,37.0
GINM1,57.0,52.0
GINS1,18.0,29.0
GINS2,24.0,25.0
GINS3,24.0,26.0
GINS4,34.0,40.0
GIP,18.0,21.0
GIPC1,32.0,40.0
GIPC2,27.0,36.0
GIPC3,26.0,32.0
GIPR,37.0,41.0
GIT1,80.0,80.0
GIT2,80.0,80.0
GJA1,32.0,39.0
GJA10,19.0,20.0
GJA3,27.0,29.0
GJA4,13.0,12.0
GJA5,21.0,22.0
GJA8,20.0,24.0
GJA9,47.0,40.0
GJB1,12.0,14.0
GJB2,7.0,6.0
GJB3,34.0,33.0
GJB4,28.0,27.0
GJB5,31.0,30.0
GJB6,13.0,15.0
GJB7,20.0,19.0
GJC1,31.0,32.0
GJC2,47.0,49.0
GJC3,25.0,28.0
GJD2,33.0,33.0
GJD3,9.0,14.0
GJD4,17.0,20.0
GJE1,25.0,26.0
GK,53.0,56.0
GK2,43.0,47.0
GK3,7.0,6.0
GK5,41.0,53.0
GKAP1,51.0,51.0
GKN1,14.0,17.0
GKN2,20.0,20.0
GKN3P,12.0,11.0
GLA,48.0,53.0
GLB1,44.0,50.0
GLB1L,49.0,45.0
GLB1L2,35.0,33.0
GLB1L3,69.0,66.0
GLCCI1,48.0,51.0
GLCE,74.0,73.0
GLDC,78.0,84.0
GLDN,80.0,78.0
GLE1,104.0,93.0
GLG1,167.0,179.0
GLI1,83.0,81.0
GLI2,90.0,104.0
GLI3,75.0,78.0
GLI4,51.0,48.0
GLIPR1,20.0,18.0
GLIPR1L1,21.0,23.0
GLIPR1L2,38.0,40.0
GLIPR2,14.0,21.0
GLIS1,38.0,34.0
GLIS2,24.0,32.0
GLIS3,26.0,21.0
GLMN,72.0,69.0
GLMP,8.0,11.0
GLO1,21.0,25.0
GLOD4,42.0,36.0
GLOD5,24.0,22.0
GLP1R,24.0,24.0
GLP2R,42.0,47.0
GLRA1,32.0,37.0
GLRA2,36.0,40.0
GLRA3,36.0,43.0
GLRB,49.0,50.0
GLRX,10.0,16.0
GLRX2,18.0,16.0
GLRX3,51.0,48.0
GLRX5,19.0,20.0
GLS,71.0,83.0
GLS2,87.0,81.0
GLT1D1,33.0,33.0
GLT6D1,30.0,32.0
GLT8D1,30.0,30.0
GLT8D2,21.0,24.0
GLTP,31.0,31.0
GLTPD2,28.0,29.0
GLUD1,94.0,97.0
GLUD2,52.0,55.0
GLUL,33.0,33.0
GLYAT,28.0,32.0
GLYATL1,22.0,26.0
GLYATL1B,27.0,35.0
GLYATL2,42.0,37.0
GLYATL3,26.0,37.0
GLYCTK,33.0,34.0
GLYR1,64.0,57.0
GM2A,7.0,8.0
GMCL1,38.0,30.0
GMCL2,62.0,61.0
GMDS,48.0,41.0
GMEB1,19.0,16.0
GMEB2,27.0,27.0
GMFB,20.0,16.0
GMFG,32.0,29.0
GMIP,88.0,86.0
GML,10.0,12.0
GMNC,36.0,35.0
GMNN,6.0,12.0
GMPPA,24.0,28.0
GMPPB,29.0,29.0
GMPR,23.0,31.0
GMPR2,27.0,27.0
GMPS,76.0,86.0
GNA11,33.0,26.0
GNA12,36.0,41.0
GNA13,56.0,57.0
GNA14,60.0,56.0
GNA15,55.0,45.0
GNAI1,15.0,20.0
GNAI2,34.0,37.0
GNAI3,46.0,47.0
GNAL,47.0,52.0
GNAO1,33.0,34.0
GNAQ,18.0,25.0
GNAS,160.0,161.0
GNAT1,31.0,29.0
GNAT2,18.0,20.0
GNAT3,45.0,52.0
GNAZ,32.0,31.0
GNB1,27.0,31.0
GNB1L,39.0,42.0
GNB2,19.0,18.0
GNB3,18.0,23.0
GNB4,22.0,25.0
GNB5,22.0,21.0
GNE,76.0,82.0
GNG10,9.0,12.0
GNG11,9.0,7.0
GNG12,19.0,17.0
GNG13,15.0,15.0
GNG14,9.0,7.0
GNG2,7.0,6.0
GNG3,7.0,5.0
GNG4,12.0,12.0
GNG5,3.0,3.0
GNG5B,6.0,8.0
GNG7,14.0,15.0
GNG8,3.0,2.0
GNGT1,13.0,11.0
GNGT2,9.0,9.0
GNL1,73.0,63.0
GNL2,61.0,71.0
GNL3,73.0,69.0
GNL3L,94.0,84.0
GNLY,9.0,10.0
GNMT,26.0,22.0
GNPAT,85.0,90.0
GNPDA1,27.0,37.0
GNPDA2,25.0,25.0
GNPNAT1,18.0,20.0
GNPTAB,119.0,126.0
GNPTG,29.0,28.0
GNRH1,15.0,15.0
GNRH2,4.0,5.0
GNRHR,2.0,3.0
GNRHR2,21.0,22.0
GNS,44.0,43.0
GOLGA1,152.0,147.0
GOLGA2,110.0,102.0
GOLGA2P5,6.0,12.0
GOLGA3,202.0,210.0
GOLGA4,441.0,453.0
GOLGA5,93.0,105.0
GOLGA6A,54.0,54.0
GOLGA6B,4.0,3.0
GOLGA6C,7.0,9.0
GOLGA6D,8.0,7.0
GOLGA6L10,5.0,6.0
GOLGA6L19,,1.0
GOLGA6L2,69.0,72.0
GOLGA6L22,17.0,10.0
GOLGA6L24,9.0,11.0
GOLGA6L26,2.0,3.0
GOLGA6L4,29.0,32.0
GOLGA6L6,79.0,78.0
GOLGA6L7,74.0,79.0
GOLGA6L9,52.0,57.0
GOLGA7,16.0,26.0
GOLGA7B,17.0,18.0
GOLGA8A,61.0,70.0
GOLGA8B,3.0,1.0
GOLGA8CP,6.0,6.0
GOLGA8DP,42.0,56.0
GOLGA8G,24.0,28.0
GOLGA8H,17.0,17.0
GOLGA8IP,59.0,58.0
GOLGA8J,25.0,21.0
GOLGA8K,5.0,4.0
GOLGA8M,20.0,16.0
GOLGA8O,60.0,49.0
GOLGA8Q,8.0,9.0
GOLGA8R,11.0,16.0
GOLGA8T,3.0,2.0
GOLGB1,541.0,556.0
GOLIM4,88.0,96.0
GOLM1,73.0,69.0
GOLM2,65.0,69.0
GOLPH3,38.0,35.0
GOLPH3L,24.0,27.0
GOLT1A,8.0,6.0
GOLT1B,3.0,4.0
GON4L,208.0,216.0
GON7,11.0,13.0
GOPC,59.0,63.0
GORAB,35.0,32.0
GORASP1,4.0,5.0
GORASP2,23.0,20.0
GOSR1,43.0,47.0
GOSR2,13.0,15.0
GOT1,54.0,46.0
GOT1L1,35.0,37.0
GOT2,42.0,47.0
GP1BA,44.0,40.0
GP1BB,11.0,15.0
GP2,57.0,58.0
GP5,36.0,43.0
GP6,32.0,24.0
GP9,13.0,17.0
GPA33,35.0,32.0
GPAA1,15.0,18.0
GPALPP1,27.0,25.0
GPAM,81.0,77.0
GPANK1,49.0,47.0
GPAT2,70.0,88.0
GPAT3,47.0,39.0
GPAT4,48.0,46.0
GPATCH1,105.0,100.0
GPATCH11,28.0,21.0
GPATCH2,54.0,53.0
GPATCH2L,63.0,61.0
GPATCH3,55.0,58.0
GPATCH4,63.0,66.0
GPATCH8,159.0,151.0
GPBAR1,12.0,11.0
GPBP1,63.0,64.0
GPBP1L1,60.0,48.0
GPC1,58.0,51.0
GPC2,43.0,41.0
GPC3,29.0,26.0
GPC4,53.0,53.0
GPC5,51.0,51.0
GPC6,56.0,54.0
GPCPD1,75.0,66.0
GPD1,51.0,49.0
GPD1L,40.0,47.0
GPD2,83.0,91.0
GPER1,7.0,11.0
GPHA2,7.0,8.0
GPHB5,15.0,16.0
GPHN,89.0,99.0
GPI,52.0,55.0
GPIHBP1,1.0,3.0
GPKOW,56.0,60.0
GPLD1,57.0,57.0
GPM6A,12.0,10.0
GPM6B,11.0,9.0
GPN1,25.0,26.0
GPN2,9.0,11.0
GPN3,7.0,10.0
GPNMB,32.0,34.0
GPR101,64.0,71.0
GPR107,47.0,47.0
GPR108,48.0,46.0
GPR119,4.0,6.0
GPR12,12.0,13.0
GPR132,29.0,32.0
GPR135,16.0,20.0
GPR137,33.0,34.0
GPR137B,21.0,26.0
GPR137C,16.0,23.0
GPR139,2.0,2.0
GPR141,10.0,14.0
GPR142,28.0,25.0
GPR143,20.0,26.0
GPR146,20.0,20.0
GPR148,19.0,19.0
GPR149,70.0,67.0
GPR15,15.0,13.0
GPR150,14.0,15.0
GPR151,29.0,27.0
GPR152,12.0,13.0
GPR153,17.0,16.0
GPR155,55.0,56.0
GPR156,56.0,66.0
GPR157,9.0,14.0
GPR158,100.0,105.0
GPR15LG,4.0,6.0
GPR160,8.0,7.0
GPR161,33.0,38.0
GPR162,32.0,39.0
GPR17,20.0,16.0
GPR171,11.0,11.0
GPR173,23.0,23.0
GPR174,21.0,22.0
GPR176,19.0,17.0
GPR179,237.0,249.0
GPR18,15.0,12.0
GPR180,20.0,24.0
GPR183,19.0,22.0
GPR19,32.0,36.0
GPR20,17.0,19.0
GPR21,5.0,6.0
GPR22,12.0,15.0
GPR25,7.0,8.0
GPR26,15.0,22.0
GPR27,32.0,29.0
GPR3,12.0,14.0
GPR31,10.0,13.0
GPR32,10.0,10.0
GPR32P1,12.0,13.0
GPR33,12.0,14.0
GPR34,29.0,24.0
GPR35,12.0,11.0
GPR37,46.0,47.0
GPR37L1,17.0,24.0
GPR39,7.0,10.0
GPR4,19.0,15.0
GPR42,1.0,1.0
GPR45,18.0,17.0
GPR50,39.0,43.0
GPR52,14.0,13.0
GPR55,11.0,10.0
GPR6,9.0,10.0
GPR61,21.0,18.0
GPR62,17.0,21.0
GPR63,26.0,29.0
GPR65,17.0,20.0
GPR68,16.0,17.0
GPR75,32.0,35.0
GPR78,19.0,25.0
GPR82,14.0,11.0
GPR83,23.0,20.0
GPR84,19.0,17.0
GPR85,12.0,18.0
GPR87,26.0,29.0
GPR88,6.0,4.0
GPR89A,34.0,36.0
GPRASP1,155.0,154.0
GPRASP2,62.0,68.0
GPRASP3,43.0,46.0
GPRC5A,16.0,22.0
GPRC5B,19.0,22.0
GPRC5C,25.0,20.0
GPRC5D,2.0,3.0
GPRC6A,57.0,53.0
GPRIN1,118.0,122.0
GPRIN2,28.0,41.0
GPRIN3,71.0,74.0
GPS1,38.0,49.0
GPS2,24.0,20.0
GPSM1,95.0,97.0
GPSM2,98.0,95.0
GPSM3,15.0,14.0
GPT,31.0,36.0
GPT2,44.0,42.0
GPX1,17.0,18.0
GPX2,22.0,29.0
GPX3,13.0,18.0
GPX4,25.0,29.0
GPX5,27.0,29.0
GPX6,3.0,3.0
GPX7,21.0,20.0
GPX8,31.0,36.0
GRAMD1A,69.0,62.0
GRAMD1B,70.0,83.0
GRAMD1C,93.0,93.0
GRAMD2A,51.0,59.0
GRAMD2B,61.0,66.0
GRAMD4,66.0,63.0
GRAP,29.0,27.0
GRAP2,54.0,45.0
GRAPL,4.0,5.0
GRB10,56.0,61.0
GRB14,59.0,68.0
GRB2,37.0,41.0
GRB7,70.0,74.0
GREB1,148.0,164.0
GREB1L,191.0,201.0
GREM1,23.0,26.0
GREM2,25.0,33.0
GREP1,45.0,51.0
GRHL1,52.0,61.0
GRHL2,60.0,65.0
GRHL3,80.0,66.0
GRHPR,30.0,34.0
GRIA1,85.0,88.0
GRIA2,81.0,89.0
GRIA3,71.0,76.0
GRIA4,63.0,69.0
GRID1,77.0,86.0
GRID2,78.0,74.0
GRID2IP,102.0,115.0
GRIFIN,13.0,10.0
GRIK1,84.0,92.0
GRIK2,80.0,84.0
GRIK3,113.0,124.0
GRIK4,67.0,70.0
GRIK5,100.0,109.0
GRIN1,129.0,135.0
GRIN2A,129.0,144.0
GRIN2B,145.0,159.0
GRIN2C,104.0,115.0
GRIN2D,127.0,134.0
GRIN3A,91.0,96.0
GRIN3B,87.0,94.0
GRIP1,93.0,93.0
GRIP2,103.0,109.0
GRIPAP1,111.0,119.0
GRK1,41.0,43.0
GRK2,67.0,74.0
GRK3,50.0,54.0
GRK4,71.0,69.0
GRK5,56.0,58.0
GRK6,59.0,67.0
GRK7,63.0,63.0
GRM1,110.0,114.0
GRM2,58.0,50.0
GRM3,74.0,78.0
GRM4,88.0,85.0
GRM5,115.0,109.0
GRM6,57.0,53.0
GRM7,91.0,85.0
GRM8,95.0,92.0
GRN,51.0,42.0
GRP,10.0,9.0
GRPEL1,47.0,43.0
GRPEL2,31.0,32.0
GRPR,20.0,19.0
GRSF1,57.0,57.0
GRTP1,22.0,28.0
GRWD1,46.0,48.0
GRXCR1,33.0,38.0
GRXCR2,24.0,29.0
GSAP,81.0,86.0
GSC,22.0,24.0
GSC2,14.0,17.0
GSDMA,65.0,70.0
GSDMB,67.0,69.0
GSDMC,41.0,46.0
GSDMD,25.0,25.0
GSDME,55.0,52.0
GSE1,117.0,126.0
GSG1,11.0,13.0
GSG1L,29.0,27.0
GSG1L2,16.0,21.0
GSK3A,47.0,45.0
GSK3B,49.0,53.0
GSKIP,8.0,8.0
GSN,54.0,60.0
GSN-AS1,25.0,27.0
GSPT1,55.0,58.0
GSPT2,15.0,17.0
GSR,52.0,53.0
GSS,52.0,56.0
GSTA1,15.0,15.0
GSTA2,2.0,2.0
GSTA3,13.0,11.0
GSTA4,14.0,17.0
GSTA5,5.0,5.0
GSTCD,58.0,61.0
GSTK1,32.0,28.0
GSTM1,31.0,30.0
GSTM2,19.0,25.0
GSTM3,39.0,40.0
GSTM4,19.0,22.0
GSTM5,18.0,18.0
GSTO1,32.0,31.0
GSTO2,20.0,17.0
GSTP1,16.0,20.0
GSTT1,32.0,29.0
GSTT2,2.0,2.0
GSTT2B,26.0,27.0
GSTT4,36.0,39.0
GSTZ1,24.0,17.0
GSX1,14.0,24.0
GSX2,42.0,36.0
GTF2A1,14.0,19.0
GTF2A1L,30.0,27.0
GTF2A2,1.0,1.0
GTF2B,52.0,48.0
GTF2E1,43.0,49.0
GTF2E2,47.0,40.0
GTF2F1,69.0,59.0
GTF2F2,46.0,38.0
GTF2H1,62.0,62.0
GTF2H2,40.0,44.0
GTF2H2C,3.0,4.0
GTF2H3,27.0,28.0
GTF2H4,30.0,27.0
GTF2H5,1.0,3.0
GTF2I,105.0,112.0
GTF2IRD1,107.0,112.0
GTF2IRD2,90.0,83.0
GTF2IRD2B,10.0,10.0
GTF3A,41.0,39.0
GTF3C1,194.0,202.0
GTF3C2,77.0,82.0
GTF3C3,83.0,87.0
GTF3C4,98.0,98.0
GTF3C5,71.0,73.0
GTF3C6,2.0,
GTPBP1,38.0,37.0
GTPBP10,53.0,59.0
GTPBP2,45.0,41.0
GTPBP3,29.0,28.0
GTPBP4,93.0,89.0
GTPBP6,71.0,72.0
GTPBP8,42.0,50.0
GTSCR1,3.0,4.0
GTSE1,81.0,80.0
GTSF1,31.0,27.0
GTSF1L,14.0,16.0
GUCA1A,30.0,24.0
GUCA1B,19.0,16.0
GUCA1C,32.0,35.0
GUCA2A,9.0,6.0
GUCA2B,4.0,4.0
GUCD1,17.0,22.0
GUCY1A1,84.0,100.0
GUCY1A2,76.0,75.0
GUCY1B1,86.0,87.0
GUCY1B2,71.0,65.0
GUCY2C,117.0,126.0
GUCY2D,43.0,44.0
GUCY2F,95.0,94.0
GUF1,69.0,79.0
GUK1,27.0,28.0
GULP1,48.0,44.0
GUSB,48.0,47.0
GUSBP1,13.0,15.0
GUSBP11,24.0,24.0
GVINP1,233.0,248.0
GVQW3,23.0,34.0
GXYLT1,47.0,50.0
GXYLT2,39.0,46.0
GYG1,13.0,18.0
GYG2,20.0,17.0
GYPA,13.0,15.0
GYPC,4.0,4.0
GYPE,1.0,2.0
GYS1,75.0,80.0
GYS2,65.0,65.0
GZF1,96.0,97.0
GZMA,50.0,53.0
GZMB,49.0,50.0
GZMH,28.0,29.0
GZMK,34.0,37.0
GZMM,28.0,21.0
H1-0,23.0,24.0
H1-1,3.0,5.0
H1-10,14.0,17.0
H1-10-AS1,12.0,12.0
H1-2,5.0,3.0
H1-3,5.0,4.0
H1-4,16.0,15.0
H1-5,12.0,14.0
H1-6,13.0,13.0
H1-7,35.0,38.0
H1-8,15.0,17.0
H1-9P,18.0,26.0
H2AB1,12.0,11.0
H2AC11,1.0,2.0
H2AC4,4.0,7.0
H2AL3,11.0,7.0
H2AP,9.0,9.0
H2AX,2.0,2.0
H2AZ1,5.0,5.0
H2BC1,5.0,7.0
H2BC11,5.0,6.0
H2BC12,11.0,10.0
H2BC19P,4.0,2.0
H2BC20P,9.0,5.0
H2BC26,1.0,2.0
H2BK1,8.0,10.0
H2BN1,19.0,21.0
H2BW1,19.0,19.0
H2BW2,10.0,7.0
H3-5,10.0,10.0
H3-7,8.0,10.0
H3Y1,16.0,14.0
H3Y2,,1.0
H4C1,13.0,14.0
H4C7,12.0,16.0
H6PD,95.0,99.0
HAAO,42.0,42.0
HABP2,46.0,49.0
HABP4,39.0,36.0
HACD1,5.0,9.0
HACD2,8.0,9.0
HACD3,23.0,28.0
HACD4,12.0,19.0
HACE1,84.0,96.0
HACL1,67.0,67.0
HACL2,35.0,42.0
HADH,31.0,26.0
HADHA,69.0,75.0
HADHB,61.0,67.0
HAGH,56.0,53.0
HAGHL,21.0,28.0
HAL,76.0,82.0
HAMP,11.0,10.0
HAND1,16.0,18.0
HAND2,19.0,18.0
HAO1,50.0,54.0
HAO2,45.0,39.0
HAP1,54.0,49.0
HAPLN1,45.0,43.0
HAPLN2,33.0,36.0
HAPLN3,36.0,35.0
HAPLN4,49.0,40.0
HAPSTR1,48.0,42.0
HAPSTR2,23.0,25.0
HARBI1,29.0,37.0
HARS1,61.0,60.0
HARS2,36.0,45.0
HAS1,48.0,54.0
HAS2,43.0,49.0
HAS3,41.0,43.0
HASPIN,67.0,55.0
HAT1,26.0,29.0
HAUS1,33.0,40.0
HAUS2,23.0,24.0
HAUS3,84.0,83.0
HAUS4,64.0,57.0
HAUS5,85.0,80.0
HAUS6,125.0,125.0
HAUS7,26.0,32.0
HAUS8,26.0,27.0
HAVCR1,7.0,8.0
HAVCR2,25.0,24.0
HAX1,41.0,43.0
HBA1,13.0,12.0
HBB,8.0,15.0
HBD,24.0,23.0
HBE1,26.0,28.0
HBEGF,24.0,24.0
HBG1,29.0,31.0
HBG2,5.0,8.0
HBM,3.0,5.0
HBP1,64.0,61.0
HBQ1,18.0,17.0
HBS1L,60.0,73.0
HBZ,19.0,22.0
HCAR1,8.0,10.0
HCAR2,9.0,10.0
HCAR3,22.0,27.0
HCCS,33.0,33.0
HCFC1,106.0,112.0
HCFC1R1,12.0,10.0
HCFC2,87.0,94.0
HCG22,18.0,23.0
HCK,60.0,55.0
HCLS1,33.0,33.0
HCN1,68.0,69.0
HCN2,56.0,52.0
HCN3,60.0,66.0
HCN4,50.0,47.0
HCP5,5.0,4.0
HCRT,15.0,16.0
HCRTR1,24.0,29.0
HCRTR2,29.0,22.0
HCST,9.0,8.0
HDAC1,45.0,47.0
HDAC10,37.0,50.0
HDAC11,61.0,63.0
HDAC2,40.0,38.0
HDAC3,37.0,43.0
HDAC4,93.0,96.0
HDAC5,62.0,68.0
HDAC6,25.0,26.0
HDAC7,84.0,85.0
HDAC8,27.0,31.0
HDAC9,82.0,79.0
HDC,78.0,83.0
HDDC2,31.0,29.0
HDDC3,15.0,17.0
HDGF,35.0,31.0
HDGFL1,14.0,15.0
HDGFL2,68.0,63.0
HDGFL3,15.0,17.0
HDHD2,12.0,10.0
HDHD3,32.0,32.0
HDHD5,37.0,37.0
HDLBP,168.0,174.0
HDX,81.0,77.0
HEATR1,181.0,182.0
HEATR3,49.0,42.0
HEATR4,134.0,141.0
HEATR5A,162.0,183.0
HEATR5B,163.0,189.0
HEATR6,95.0,108.0
HEATR9,72.0,80.0
HEBP1,26.0,24.0
HEBP2,23.0,31.0
HECA,45.0,36.0
HECTD1,246.0,241.0
HECTD2,89.0,90.0
HECTD3,100.0,105.0
HECTD4,362.0,341.0
HECW1,165.0,169.0
HECW2,135.0,122.0
HEG1,88.0,112.0
HELB,115.0,121.0
HELLS,101.0,95.0
HELQ,118.0,120.0
HELT,17.0,23.0
HELZ,194.0,194.0
HELZ2,322.0,326.0
HEMGN,61.0,50.0
HEMK1,37.0,32.0
HEMK2,21.0,21.0
HENMT1,41.0,43.0
HEPACAM,27.0,31.0
HEPACAM2,22.0,19.0
HEPH,103.0,103.0
HEPHL1,117.0,121.0
HEPN1,4.0,7.0
HERC1,378.0,372.0
HERC2,414.0,424.0
HERC2P3,21.0,20.0
HERC3,61.0,70.0
HERC4,101.0,101.0
HERC5,121.0,123.0
HERC6,113.0,107.0
HERPUD1,12.0,7.0
HERPUD2,21.0,21.0
HERV-K104,6.0,9.0
HERVK_113,15.0,15.0
HES1,17.0,19.0
HES2,23.0,22.0
HES3,21.0,18.0
HES4,28.0,31.0
HES5,24.0,29.0
HES6,17.0,17.0
HES7,21.0,20.0
HESX1,44.0,39.0
HEXA,56.0,54.0
HEXA-AS1,14.0,15.0
HEXB,54.0,52.0
HEXD,39.0,39.0
HEXIM1,15.0,18.0
HEXIM2,37.0,39.0
HEY1,24.0,25.0
HEY2,14.0,17.0
HEYL,28.0,29.0
HFE,16.0,17.0
HFM1,193.0,195.0
HGD,54.0,65.0
HGF,105.0,118.0
HGFAC,43.0,46.0
HGH1,41.0,42.0
HGS,47.0,50.0
HGSNAT,29.0,28.0
HHAT,20.0,19.0
HHATL,29.0,29.0
HHEX,6.0,5.0
HHIP,76.0,88.0
HHIPL1,60.0,68.0
HHIPL2,48.0,48.0
HHLA1,51.0,44.0
HHLA2,34.0,33.0
HIBADH,32.0,23.0
HIBCH,53.0,57.0
HIC1,95.0,98.0
HIC2,70.0,64.0
HID1,65.0,73.0
HIDE1,6.0,10.0
HIF1A,62.0,61.0
HIF1AN,13.0,13.0
HIF3A,39.0,41.0
HIGD1A,5.0,6.0
HIGD1B,8.0,8.0
HIGD1C,5.0,5.0
HIGD2A,2.0,3.0
HIGD2B,1.0,
HIKESHI,19.0,16.0
HILPDA,5.0,6.0
HINFP,45.0,38.0
HINT1,10.0,12.0
HINT2,18.0,20.0
HINT3,24.0,22.0
HIP1,97.0,107.0
HIP1R,128.0,117.0
HIPK1,77.0,77.0
HIPK2,72.0,67.0
HIPK3,95.0,91.0
HIPK4,73.0,73.0
HIRA,85.0,81.0
HIRIP3,84.0,92.0
HIVEP1,249.0,266.0
HIVEP2,234.0,230.0
HIVEP3,199.0,200.0
HJURP,70.0,66.0
HJV,20.0,24.0
HK1,96.0,81.0
HK2,99.0,110.0
HK3,80.0,71.0
HKDC1,106.0,116.0
HLA-A,20.0,22.0
HLA-B,30.0,38.0
HLA-C,23.0,21.0
HLA-DMA,5.0,6.0
HLA-DMB,10.0,12.0
HLA-DOA,7.0,12.0
HLA-DOB,29.0,30.0
HLA-DPA1,11.0,13.0
HLA-DPB1,19.0,22.0
HLA-DQA1,8.0,8.0
HLA-DQA2,14.0,10.0
HLA-DQB1,30.0,31.0
HLA-DQB2,18.0,15.0
HLA-DRA,8.0,6.0
HLA-DRB1,28.0,25.0
HLA-DRB3,25.0,27.0
HLA-DRB4,16.0,17.0
HLA-DRB5,17.0,16.0
HLA-E,25.0,29.0
HLA-F,27.0,30.0
HLA-G,38.0,42.0
HLA-H,31.0,35.0
HLCS,80.0,78.0
HLF,17.0,21.0
HLTF,117.0,124.0
HLX,32.0,31.0
HM13,18.0,24.0
HMBOX1,34.0,35.0
HMBS,29.0,34.0
HMCES,40.0,40.0
HMCN1,439.0,463.0
HMCN2,406.0,393.0
HMG20A,28.0,36.0
HMG20B,42.0,40.0
HMGA1,7.0,4.0
HMGA2,13.0,12.0
HMGB1,11.0,13.0
HMGB1P1,24.0,27.0
HMGB2,17.0,13.0
HMGB3,22.0,23.0
HMGB4,42.0,45.0
HMGCL,26.0,34.0
HMGCLL1,32.0,27.0
HMGCR,88.0,84.0
HMGCS1,51.0,49.0
HMGCS2,55.0,46.0
HMGN1,9.0,8.0
HMGN2,3.0,5.0
HMGN2P46,18.0,14.0
HMGN3,2.0,4.0
HMGN4,3.0,4.0
HMGN5,44.0,42.0
HMGXB3,98.0,107.0
HMGXB4,59.0,58.0
HMHB1,17.0,19.0
HMMR,124.0,121.0
HMOX1,42.0,42.0
HMOX2,30.0,37.0
HMSD,16.0,22.0
HMX1,34.0,31.0
HMX2,35.0,28.0
HMX3,33.0,35.0
HNF1A,29.0,27.0
HNF1B,19.0,18.0
HNF4A,26.0,33.0
HNF4G,31.0,36.0
HNMT,30.0,36.0
HNRNPA0,26.0,23.0
HNRNPA1,38.0,38.0
HNRNPA1L2,14.0,19.0
HNRNPA1L3,7.0,6.0
HNRNPA2B1,35.0,33.0
HNRNPA3,59.0,63.0
HNRNPAB,30.0,28.0
HNRNPC,21.0,21.0
HNRNPCL1,36.0,42.0
HNRNPCL2,7.0,10.0
HNRNPCL3,6.0,6.0
HNRNPD,40.0,39.0
HNRNPDL,20.0,18.0
HNRNPF,29.0,34.0
HNRNPH1,38.0,34.0
HNRNPH2,23.0,29.0
HNRNPH3,25.0,33.0
HNRNPK,40.0,47.0
HNRNPL,34.0,35.0
HNRNPLL,72.0,76.0
HNRNPM,92.0,91.0
HNRNPR,73.0,71.0
HNRNPU,49.0,50.0
HNRNPUL1,70.0,71.0
HNRNPUL2,74.0,76.0
HOATZ,24.0,19.0
HOGA1,31.0,28.0
HOMER1,69.0,71.0
HOMER2,40.0,42.0
HOMER3,42.0,44.0
HOMEZ,50.0,44.0
HOOK1,108.0,100.0
HOOK2,65.0,71.0
HOOK3,70.0,73.0
HOPX,8.0,11.0
HORMAD1,60.0,55.0
HORMAD2,50.0,52.0
HOXA1,15.0,12.0
HOXA10,14.0,13.0
HOXA11,24.0,26.0
HOXA13,13.0,13.0
HOXA2,12.0,17.0
HOXA3,21.0,23.0
HOXA4,22.0,30.0
HOXA5,15.0,17.0
HOXA6,20.0,20.0
HOXA7,10.0,8.0
HOXA9,11.0,11.0
HOXB-AS3,9.0,5.0
HOXB1,15.0,21.0
HOXB13,20.0,28.0
HOXB2,1.0,5.0
HOXB3,16.0,18.0
HOXB4,20.0,22.0
HOXB5,24.0,21.0
HOXB6,21.0,20.0
HOXB7,19.0,25.0
HOXB8,23.0,17.0
HOXB9,25.0,36.0
HOXC10,36.0,42.0
HOXC11,24.0,25.0
HOXC12,10.0,15.0
HOXC13,16.0,21.0
HOXC4,26.0,32.0
HOXC5,20.0,17.0
HOXC6,19.0,16.0
HOXC8,13.0,16.0
HOXC9,11.0,13.0
HOXD1,9.0,9.0
HOXD10,33.0,38.0
HOXD11,10.0,12.0
HOXD12,22.0,16.0
HOXD13,23.0,23.0
HOXD3,7.0,5.0
HOXD4,32.0,36.0
HOXD8,16.0,19.0
HOXD9,14.0,20.0
HP,51.0,62.0
HP1BP3,70.0,76.0
HPCA,18.0,16.0
HPCAL1,30.0,38.0
HPCAL4,26.0,29.0
HPD,60.0,61.0
HPDL,34.0,39.0
HPF1,39.0,34.0
HPF1L,40.0,41.0
HPGD,27.0,27.0
HPGDS,10.0,12.0
HPN,30.0,30.0
HPR,24.0,30.0
HPRT1,36.0,35.0
HPS1,61.0,69.0
HPS3,105.0,110.0
HPS4,40.0,41.0
HPS5,106.0,115.0
HPS6,55.0,59.0
HPSE,54.0,57.0
HPSE2,61.0,63.0
HPX,32.0,35.0
HR,94.0,96.0
HRAS,11.0,10.0
HRC,34.0,31.0
HRCT1,3.0,3.0
HRES1,16.0,15.0
HRG,51.0,51.0
HRH1,26.0,26.0
HRH2,4.0,4.0
HRH3,7.0,8.0
HRH4,24.0,18.0
HRK,8.0,6.0
HRNR,96.0,108.0
HROB,64.0,61.0
HRURF,6.0,5.0
HS1BP3,40.0,49.0
HS2ST1,29.0,30.0
HS3ST1,43.0,39.0
HS3ST2,48.0,51.0
HS3ST3A1,6.0,6.0
HS3ST3B1,28.0,39.0
HS3ST4,25.0,33.0
HS3ST5,56.0,62.0
HS3ST6,55.0,54.0
HS6ST1,47.0,43.0
HS6ST2,62.0,58.0
HS6ST3,32.0,42.0
HSBP1,6.0,5.0
HSBP1L1,6.0,5.0
HSCB,42.0,42.0
HSD11B1,25.0,22.0
HSD11B1L,25.0,32.0
HSD11B2,34.0,33.0
HSD17B1,32.0,32.0
HSD17B10,17.0,19.0
HSD17B11,27.0,25.0
HSD17B12,15.0,19.0
HSD17B13,45.0,49.0
HSD17B14,28.0,29.0
HSD17B2,22.0,26.0
HSD17B3,21.0,28.0
HSD17B4,75.0,74.0
HSD17B6,34.0,34.0
HSD17B7,20.0,22.0
HSD17B8,37.0,34.0
HSD3B1,33.0,34.0
HSD3B2,8.0,5.0
HSD3B7,50.0,48.0
HSD52,5.0,4.0
HSDL1,44.0,50.0
HSDL2,52.0,45.0
HSF1,55.0,65.0
HSF2,23.0,26.0
HSF2BP,45.0,47.0
HSF4,54.0,53.0
HSF5,30.0,29.0
HSFX1,18.0,15.0
HSFX3,3.0,3.0
HSFX4,35.0,37.0
HSFY1,37.0,31.0
HSH2D,41.0,40.0
HSP90AA1,96.0,107.0
HSP90AA2P,26.0,31.0
HSP90AA4P,66.0,68.0
HSP90AA5P,36.0,43.0
HSP90AB1,90.0,88.0
HSP90AB2P,23.0,28.0
HSP90AB3P,38.0,34.0
HSP90AB4P,46.0,49.0
HSP90B1,107.0,96.0
HSP90B2P,33.0,41.0
HSPA12A,64.0,70.0
HSPA12B,90.0,91.0
HSPA13,43.0,48.0
HSPA14,51.0,52.0
HSPA1A,59.0,67.0
HSPA1L,35.0,41.0
HSPA2,45.0,46.0
HSPA4,142.0,136.0
HSPA4L,110.0,103.0
HSPA5,76.0,83.0
HSPA6,64.0,63.0
HSPA7,10.0,6.0
HSPA8,48.0,57.0
HSPA9,95.0,92.0
HSPB1,37.0,39.0
HSPB2,25.0,26.0
HSPB3,27.0,24.0
HSPB6,17.0,19.0
HSPB7,9.0,8.0
HSPB8,18.0,13.0
HSPB9,13.0,17.0
HSPBAP1,55.0,42.0
HSPBP1,32.0,30.0
HSPD1,47.0,60.0
HSPE1,26.0,24.0
HSPG2,306.0,316.0
HSPH1,112.0,120.0
HTATIP2,40.0,37.0
HTATSF1,113.0,115.0
HTD2,13.0,13.0
HTN1,2.0,5.0
HTN3,5.0,6.0
HTR1A,24.0,31.0
HTR1B,8.0,9.0
HTR1D,13.0,8.0
HTR1E,16.0,21.0
HTR1F,29.0,29.0
HTR2A,27.0,28.0
HTR2B,32.0,28.0
HTR2C,28.0,25.0
HTR3A,42.0,35.0
HTR3B,24.0,23.0
HTR3C,26.0,21.0
HTR3D,19.0,18.0
HTR3E,23.0,24.0
HTR4,18.0,21.0
HTR5A,18.0,24.0
HTR6,11.0,9.0
HTR7,32.0,29.0
HTRA1,33.0,33.0
HTRA2,47.0,51.0
HTRA3,39.0,49.0
HTRA4,44.0,36.0
HTT,240.0,251.0
HUNK,74.0,79.0
HUS1,34.0,28.0
HUS1B,35.0,34.0
HUWE1,306.0,310.0
HVCN1,21.0,24.0
HYAL1,23.0,21.0
HYAL2,31.0,42.0
HYAL3,23.0,25.0
HYAL4,31.0,31.0
HYCC1,56.0,58.0
HYCC2,41.0,46.0
HYDIN,402.0,416.0
HYI,26.0,30.0
HYKK,39.0,39.0
HYLS1,39.0,35.0
HYOU1,81.0,90.0
HYPK,7.0,8.0
IAH1,19.0,19.0
IAPP,14.0,14.0
IARS1,96.0,105.0
IARS2,123.0,121.0
IBA57,19.0,18.0
IBA57-DT,4.0,4.0
IBSP,15.0,21.0
IBTK,152.0,163.0
ICA1,44.0,54.0
ICA1L,52.0,60.0
ICAM1,40.0,42.0
ICAM2,16.0,17.0
ICAM3,20.0,23.0
ICAM4,16.0,22.0
ICAM5,93.0,100.0
ICE1,224.0,222.0
ICE2,124.0,129.0
ICMT,10.0,12.0
ICOS,30.0,23.0
ICOSLG,21.0,25.0
ID1,11.0,11.0
ID2,10.0,7.0
ID2B,3.0,7.0
ID3,6.0,6.0
ID4,10.0,10.0
IDE,140.0,130.0
IDH1,57.0,58.0
IDH2,55.0,53.0
IDH3A,37.0,37.0
IDH3B,51.0,53.0
IDH3G,26.0,32.0
IDI1,27.0,23.0
IDI2,24.0,23.0
IDI2-AS1,43.0,40.0
IDNK,18.0,13.0
IDO1,55.0,52.0
IDO2,25.0,23.0
IDS,39.0,39.0
IDUA,54.0,60.0
IER2,17.0,14.0
IER3,11.0,8.0
IER3IP1,1.0,
IER5,8.0,8.0
IER5L,12.0,14.0
IFFO1,44.0,44.0
IFFO2,26.0,21.0
IFI16,98.0,93.0
IFI27,8.0,5.0
IFI27L2,3.0,3.0
IFI30,9.0,10.0
IFI35,41.0,48.0
IFI44,38.0,40.0
IFI44L,54.0,55.0
IFI6,4.0,7.0
IFIH1,118.0,119.0
IFIT1,46.0,46.0
IFIT1B,80.0,83.0
IFIT2,64.0,74.0
IFIT3,48.0,58.0
IFIT5,45.0,55.0
IFITM1,6.0,3.0
IFITM10,14.0,12.0
IFITM2,3.0,2.0
IFITM3,1.0,1.0
IFITM5,6.0,7.0
IFNA1,19.0,17.0
IFNA10,8.0,8.0
IFNA13,1.0,1.0
IFNA14,15.0,16.0
IFNA16,9.0,8.0
IFNA17,2.0,3.0
IFNA2,25.0,22.0
IFNA21,11.0,7.0
IFNA4,3.0,4.0
IFNA5,20.0,24.0
IFNA6,7.0,14.0
IFNA7,19.0,25.0
IFNA8,20.0,26.0
IFNAR1,52.0,47.0
IFNAR2,22.0,23.0
IFNB1,20.0,22.0
IFNE,32.0,33.0
IFNG,10.0,8.0
IFNGR1,30.0,30.0
IFNGR2,30.0,30.0
IFNK,27.0,33.0
IFNL1,15.0,15.0
IFNL2,5.0,7.0
IFNL3,4.0,5.0
IFNL4,23.0,22.0
IFNLR1,9.0,18.0
IFNW1,14.0,18.0
IFRD1,32.0,30.0
IFRD2,20.0,20.0
IFT122,125.0,137.0
IFT140,174.0,186.0
IFT172,188.0,196.0
IFT20,13.0,17.0
IFT22,24.0,23.0
IFT25,7.0,6.0
IFT27,23.0,19.0
IFT43,13.0,15.0
IFT46,18.0,23.0
IFT52,41.0,41.0
IFT56,52.0,48.0
IFT57,50.0,49.0
IFT70A,86.0,85.0
IFT70B,41.0,40.0
IFT74,112.0,118.0
IFT80,69.0,72.0
IFT81,136.0,143.0
IFT88,73.0,65.0
IFTAP,16.0,15.0
IGBP1,39.0,37.0
IGBP1C,36.0,41.0
IGDCC3,57.0,52.0
IGDCC4,83.0,78.0
IGF1,16.0,19.0
IGF1R,120.0,114.0
IGF2,16.0,19.0
IGF2-AS,25.0,25.0
IGF2BP1,59.0,66.0
IGF2BP2,56.0,60.0
IGF2BP2-AS1,28.0,24.0
IGF2BP3,46.0,56.0
IGF2R,226.0,227.0
IGFALS,43.0,46.0
IGFBP1,14.0,17.0
IGFBP2,21.0,19.0
IGFBP3,38.0,35.0
IGFBP4,18.0,17.0
IGFBP5,27.0,28.0
IGFBP6,20.0,23.0
IGFBP7,29.0,28.0
IGFBPL1,16.0,14.0
IGFL1,10.0,9.0
IGFL2,12.0,11.0
IGFL3,6.0,4.0
IGFL4,11.0,12.0
IGFLR1,33.0,34.0
IGFN1,144.0,127.0
IGHA1,15.0,13.0
IGHA2,8.0,7.0
IGHD,37.0,30.0
IGHE,53.0,54.0
IGHG1,37.0,41.0
IGHG2,15.0,23.0
IGHG3,18.0,26.0
IGHG4,9.0,9.0
IGHM,46.0,43.0
IGHMBP2,151.0,151.0
IGHV1-18,1.0,1.0
IGHV1-2,18.0,11.0
IGHV1-24,13.0,10.0
IGHV1-3,11.0,12.0
IGHV1-38-4,1.0,
IGHV1-45,15.0,14.0
IGHV1-46,7.0,6.0
IGHV1-58,11.0,11.0
IGHV1-69,8.0,7.0
IGHV1-69-2,9.0,11.0
IGHV1-69D,3.0,1.0
IGHV1-8,1.0,1.0
IGHV2-26,11.0,9.0
IGHV2-5,7.0,9.0
IGHV2-70,3.0,2.0
IGHV2-70D,4.0,4.0
IGHV3-11,2.0,4.0
IGHV3-13,10.0,10.0
IGHV3-15,14.0,22.0
IGHV3-16,14.0,6.0
IGHV3-20,3.0,3.0
IGHV3-21,2.0,2.0
IGHV3-23,6.0,5.0
IGHV3-30,5.0,6.0
IGHV3-33,2.0,4.0
IGHV3-35,6.0,7.0
IGHV3-38,15.0,13.0
IGHV3-38-3,14.0,13.0
IGHV3-43,9.0,9.0
IGHV3-48,1.0,1.0
IGHV3-49,13.0,17.0
IGHV3-53,4.0,2.0
IGHV3-64,11.0,11.0
IGHV3-64D,7.0,12.0
IGHV3-66,3.0,3.0
IGHV3-7,14.0,14.0
IGHV3-72,19.0,12.0
IGHV3-73,14.0,14.0
IGHV3-74,5.0,6.0
IGHV3-9,6.0,7.0
IGHV4-28,5.0,7.0
IGHV4-30-2,4.0,4.0
IGHV4-31,3.0,5.0
IGHV4-34,4.0,3.0
IGHV4-38-2,1.0,1.0
IGHV4-4,2.0,4.0
IGHV4-59,9.0,8.0
IGHV5-10-1,2.0,2.0
IGHV5-51,4.0,3.0
IGHV6-1,3.0,2.0
IGHV7-4-1,1.0,2.0
IGHV7-81,5.0,3.0
IGHV8-51-1,11.0,13.0
IGIP,3.0,4.0
IGKC,8.0,5.0
IGKV1-12,,1.0
IGKV1-16,2.0,
IGKV1-17,9.0,11.0
IGKV1-27,5.0,6.0
IGKV1-37,8.0,11.0
IGKV1-39,4.0,6.0
IGKV1-5,16.0,10.0
IGKV1-6,1.0,1.0
IGKV1-8,5.0,5.0
IGKV1-9,2.0,1.0
IGKV1D-12,1.0,1.0
IGKV1D-13,7.0,10.0
IGKV1D-16,4.0,5.0
IGKV1D-17,11.0,11.0
IGKV1D-33,6.0,5.0
IGKV1D-42,7.0,4.0
IGKV1D-43,8.0,5.0
IGKV1D-8,4.0,6.0
IGKV2-24,,1.0
IGKV2-29,6.0,9.0
IGKV2-30,4.0,3.0
IGKV2D-24,4.0,4.0
IGKV2D-26,2.0,
IGKV2D-28,3.0,5.0
IGKV2D-29,1.0,4.0
IGKV2D-30,3.0,3.0
IGKV2D-40,2.0,5.0
IGKV3-11,7.0,6.0
IGKV3-15,4.0,4.0
IGKV3-20,8.0,8.0
IGKV3-7,5.0,3.0
IGKV3D-15,8.0,9.0
IGKV3D-20,7.0,5.0
IGKV4-1,11.0,14.0
IGKV5-2,2.0,2.0
IGKV6-21,3.0,3.0
IGKV6D-21,16.0,15.0
IGKV6D-41,5.0,4.0
IGLC1,7.0,8.0
IGLC2,7.0,6.0
IGLC3,6.0,4.0
IGLC6,2.0,2.0
IGLC7,12.0,14.0
IGLL1,16.0,15.0
IGLL5,8.0,10.0
IGLON5,15.0,23.0
IGLV1-36,1.0,3.0
IGLV1-40,5.0,7.0
IGLV1-44,2.0,2.0
IGLV1-47,1.0,4.0
IGLV1-50,3.0,4.0
IGLV11-55,11.0,16.0
IGLV2-14,3.0,3.0
IGLV2-18,5.0,7.0
IGLV2-33,8.0,9.0
IGLV3-1,8.0,8.0
IGLV3-10,6.0,5.0
IGLV3-12,6.0,4.0
IGLV3-16,12.0,12.0
IGLV3-19,12.0,10.0
IGLV3-21,9.0,12.0
IGLV3-22,5.0,4.0
IGLV3-25,15.0,16.0
IGLV3-27,5.0,6.0
IGLV3-32,7.0,7.0
IGLV3-9,9.0,8.0
IGLV4-3,7.0,3.0
IGLV4-60,5.0,5.0
IGLV4-69,7.0,6.0
IGLV5-37,3.0,2.0
IGLV5-39,8.0,9.0
IGLV5-45,6.0,4.0
IGLV5-48,19.0,19.0
IGLV5-52,6.0,6.0
IGLV7-43,5.0,5.0
IGLV7-46,6.0,5.0
IGLV8-61,9.0,9.0
IGLV9-49,15.0,12.0
IGSF1,110.0,120.0
IGSF10,233.0,235.0
IGSF11,15.0,19.0
IGSF21,55.0,54.0
IGSF22,72.0,81.0
IGSF23,7.0,8.0
IGSF3,123.0,120.0
IGSF5,32.0,34.0
IGSF6,33.0,30.0
IGSF8,52.0,51.0
IGSF9,69.0,64.0
IGSF9B,84.0,85.0
IHH,45.0,43.0
IHO1,41.0,42.0
IK,33.0,40.0
IKBIP,61.0,58.0
IKBKB,86.0,102.0
IKBKE,58.0,60.0
IKBKE-AS1,36.0,36.0
IKBKG,56.0,56.0
IKZF1,58.0,60.0
IKZF2,36.0,41.0
IKZF3,62.0,63.0
IKZF4,28.0,29.0
IKZF5,13.0,14.0
IL10,9.0,9.0
IL10RA,41.0,46.0
IL10RB,23.0,17.0
IL11,22.0,28.0
IL11RA,22.0,30.0
IL12A,17.0,11.0
IL12B,26.0,30.0
IL12RB1,32.0,32.0
IL12RB2,98.0,97.0
IL13,11.0,11.0
IL13RA1,43.0,47.0
IL13RA2,15.0,19.0
IL15,6.0,7.0
IL15RA,15.0,18.0
IL16,141.0,142.0
IL17A,34.0,35.0
IL17B,22.0,24.0
IL17C,23.0,25.0
IL17D,35.0,32.0
IL17F,22.0,18.0
IL17RA,56.0,47.0
IL17RB,44.0,47.0
IL17RC,52.0,56.0
IL17RD,60.0,58.0
IL17RE,104.0,109.0
IL17REL,40.0,43.0
IL18,33.0,32.0
IL18BP,3.0,5.0
IL18R1,60.0,57.0
IL18RAP,44.0,40.0
IL19,24.0,29.0
IL1A,15.0,13.0
IL1B,16.0,16.0
IL1F10,12.0,15.0
IL1R1,71.0,81.0
IL1R2,33.0,41.0
IL1RAP,54.0,47.0
IL1RAPL1,82.0,79.0
IL1RAPL2,64.0,64.0
IL1RL1,54.0,39.0
IL1RL2,34.0,39.0
IL1RN,20.0,16.0
IL2,16.0,12.0
IL20,20.0,18.0
IL20RA,32.0,50.0
IL20RB,13.0,19.0
IL21,10.0,9.0
IL21R,24.0,26.0
IL22,21.0,25.0
IL22RA1,44.0,39.0
IL22RA2,29.0,25.0
IL23A,12.0,15.0
IL23R,46.0,52.0
IL24,11.0,15.0
IL25,21.0,18.0
IL26,13.0,11.0
IL27,5.0,4.0
IL27RA,32.0,26.0
IL2RA,14.0,20.0
IL2RB,31.0,27.0
IL2RG,28.0,31.0
IL3,8.0,8.0
IL31,20.0,19.0
IL31RA,79.0,93.0
IL32,17.0,20.0
IL33,21.0,22.0
IL34,17.0,16.0
IL36A,21.0,27.0
IL36B,22.0,26.0
IL36G,24.0,18.0
IL36RN,6.0,7.0
IL37,19.0,17.0
IL3RA,33.0,34.0
IL4,13.0,10.0
IL4I1,76.0,85.0
IL4R,35.0,35.0
IL5,6.0,7.0
IL5RA,43.0,44.0
IL6,23.0,26.0
IL6R,44.0,42.0
IL6ST,109.0,128.0
IL7,15.0,20.0
IL7R,34.0,40.0
IL9,8.0,9.0
IL9R,33.0,29.0
ILDR1,51.0,57.0
ILDR2,50.0,41.0
ILF2,23.0,20.0
ILF3,73.0,70.0
ILK,51.0,58.0
ILKAP,56.0,60.0
ILRUN,20.0,17.0
IMMP1L,8.0,9.0
IMMP2L,25.0,19.0
IMMT,90.0,88.0
IMP3,24.0,19.0
IMP4,29.0,29.0
IMPA1,40.0,32.0
IMPA2,24.0,29.0
IMPACT,52.0,49.0
IMPDH1,48.0,60.0
IMPDH2,54.0,59.0
IMPG1,63.0,70.0
IMPG2,76.0,82.0
IMUP,13.0,15.0
INA,76.0,84.0
INAFM1,6.0,6.0
INAFM2,8.0,8.0
INAVA,70.0,67.0
INCA1,23.0,30.0
INCENP,68.0,77.0
INF2,93.0,106.0
ING1,47.0,56.0
ING2,21.0,26.0
ING3,28.0,34.0
ING4,23.0,24.0
ING5,18.0,15.0
INHA,27.0,35.0
INHBA,57.0,50.0
INHBB,30.0,27.0
INHBC,21.0,19.0
INHBE,40.0,46.0
INIP,9.0,14.0
INKA1,29.0,29.0
INKA2,36.0,35.0
INMT,18.0,23.0
INO80,106.0,111.0
INO80B,13.0,19.0
INO80C,21.0,23.0
INO80D,69.0,72.0
INO80E,20.0,22.0
INPP1,29.0,26.0
INPP4A,87.0,101.0
INPP4B,132.0,141.0
INPP5A,51.0,61.0
INPP5B,116.0,126.0
INPP5D,132.0,140.0
INPP5E,37.0,46.0
INPP5F,110.0,121.0
INPP5J,100.0,94.0
INPP5K,43.0,49.0
INPPL1,108.0,107.0
INS-IGF2,8.0,5.0
INSC,59.0,58.0
INSIG1,22.0,26.0
INSIG2,20.0,24.0
INSL3,9.0,9.0
INSL4,13.0,17.0
INSL5,12.0,13.0
INSL6,21.0,27.0
INSM1,41.0,43.0
INSM2,68.0,65.0
INSR,135.0,149.0
INSRR,113.0,131.0
INSYN1,24.0,27.0
INSYN2A,36.0,33.0
INSYN2B,61.0,77.0
INTS1,215.0,229.0
INTS10,89.0,94.0
INTS11,71.0,84.0
INTS12,49.0,47.0
INTS13,87.0,85.0
INTS14,45.0,55.0
INTS15,16.0,19.0
INTS2,53.0,57.0
INTS3,114.0,107.0
INTS4,93.0,99.0
INTS5,49.0,50.0
INTS6,94.0,101.0
INTS6L,68.0,83.0
INTS7,94.0,93.0
INTS8,103.0,106.0
INTS9,56.0,63.0
INTU,103.0,110.0
INVS,115.0,125.0
IP6K1,56.0,63.0
IP6K2,81.0,93.0
IP6K3,38.0,32.0
IPCEF1,75.0,69.0
IPMK,39.0,43.0
IPO11,57.0,76.0
IPO13,62.0,65.0
IPO4,76.0,79.0
IPO5,109.0,115.0
IPO7,85.0,93.0
IPO8,112.0,108.0
IPO9,64.0,71.0
IPP,40.0,39.0
IPPK,63.0,69.0
IQANK1,75.0,73.0
IQCB1,82.0,89.0
IQCC,52.0,48.0
IQCE,101.0,108.0
IQCF1,16.0,17.0
IQCF2,7.0,10.0
IQCF3,18.0,22.0
IQCF5,28.0,24.0
IQCF6,11.0,10.0
IQCH,89.0,84.0
IQCJ,9.0,9.0
IQCJ-SCHIP1,42.0,35.0
IQCK,28.0,29.0
IQCM,61.0,65.0
IQCN,171.0,179.0
IQGAP1,183.0,173.0
IQGAP2,191.0,210.0
IQGAP3,195.0,198.0
IQSEC1,96.0,105.0
IQSEC2,140.0,152.0
IQSEC3,125.0,125.0
IQUB,103.0,102.0
IRAG1,104.0,101.0
IRAG2,72.0,74.0
IRAK1,53.0,45.0
IRAK1BP1,35.0,32.0
IRAK2,59.0,59.0
IRAK3,66.0,70.0
IRAK4,81.0,85.0
IREB2,70.0,74.0
IRF1,18.0,21.0
IRF2,18.0,16.0
IRF2BP1,62.0,68.0
IRF2BP2,66.0,69.0
IRF2BPL,68.0,70.0
IRF3,23.0,25.0
IRF4,68.0,65.0
IRF5,41.0,44.0
IRF6,34.0,39.0
IRF7,26.0,32.0
IRF8,54.0,49.0
IRF9,24.0,19.0
IRGC,29.0,28.0
IRGM,12.0,11.0
IRGQ,50.0,46.0
IRS1,111.0,101.0
IRS2,73.0,76.0
IRS4,114.0,117.0
IRX1,34.0,38.0
IRX2,29.0,33.0
IRX2-DT,15.0,16.0
IRX3,36.0,32.0
IRX4,36.0,40.0
IRX5,28.0,34.0
IRX6,37.0,40.0
ISCA1,21.0,16.0
ISCA2,10.0,14.0
ISCU,23.0,23.0
ISG15,19.0,16.0
ISG20,37.0,37.0
ISG20L2,51.0,51.0
ISL1,40.0,43.0
ISL2,21.0,23.0
ISLR,11.0,14.0
ISLR2,56.0,56.0
ISM1,25.0,33.0
ISM2,58.0,64.0
ISOC1,32.0,35.0
ISOC2,8.0,5.0
IST1,25.0,25.0
ISX,25.0,23.0
ISY1,30.0,34.0
ISYNA1,20.0,27.0
ITCH,83.0,87.0
ITFG1,17.0,15.0
ITFG2,47.0,40.0
ITGA1,105.0,105.0
ITGA10,84.0,87.0
ITGA11,109.0,117.0
ITGA2,80.0,84.0
ITGA2B,93.0,85.0
ITGA3,97.0,89.0
ITGA4,107.0,99.0
ITGA5,86.0,90.0
ITGA6,108.0,114.0
ITGA7,97.0,90.0
ITGA8,77.0,82.0
ITGA9,81.0,83.0
ITGAD,69.0,71.0
ITGAE,87.0,98.0
ITGAL,53.0,49.0
ITGAM,121.0,132.0
ITGAV,106.0,104.0
ITGAX,79.0,76.0
ITGB1,78.0,81.0
ITGB1BP1,20.0,26.0
ITGB1BP2,15.0,17.0
ITGB2,123.0,118.0
ITGB3,65.0,62.0
ITGB3BP,25.0,22.0
ITGB4,181.0,183.0
ITGB5,72.0,81.0
ITGB6,59.0,54.0
ITGB7,73.0,66.0
ITGB8,82.0,81.0
ITGBL1,51.0,60.0
ITIH1,92.0,98.0
ITIH2,111.0,98.0
ITIH3,75.0,76.0
ITIH4,84.0,85.0
ITIH5,111.0,114.0
ITIH6,106.0,119.0
ITK,76.0,71.0
ITLN1,39.0,37.0
ITLN2,30.0,26.0
ITM2A,34.0,29.0
ITM2B,30.0,38.0
ITM2C,21.0,24.0
ITPA,14.0,12.0
ITPK1,32.0,37.0
ITPKA,81.0,72.0
ITPKB,98.0,114.0
ITPKC,49.0,56.0
ITPR1,243.0,238.0
ITPR2,269.0,299.0
ITPR3,251.0,278.0
ITPRID1,74.0,66.0
ITPRID2,118.0,125.0
ITPRIP,64.0,65.0
ITPRIPL1,59.0,62.0
ITPRIPL2,90.0,82.0
ITSN1,178.0,187.0
ITSN2,149.0,170.0
IVD,47.0,47.0
IVL,89.0,88.0
IVNS1ABP,61.0,60.0
IWS1,108.0,103.0
IYD,19.0,26.0
IZUMO1,21.0,22.0
IZUMO1R,16.0,18.0
IZUMO2,29.0,32.0
IZUMO3,27.0,32.0
IZUMO4,25.0,27.0
InSet4-G,7.0,7.0
JADE1,82.0,85.0
JADE2,57.0,64.0
JADE3,74.0,77.0
JAG1,84.0,95.0
JAG2,90.0,104.0
JAGN1,12.0,13.0
JAK1,157.0,156.0
JAK2,140.0,136.0
JAK3,99.0,111.0
JAKMIP1,97.0,109.0
JAKMIP2,118.0,123.0
JAKMIP3,143.0,139.0
JAM2,23.0,22.0
JAM3,42.0,41.0
JAML,42.0,44.0
JARID2,129.0,138.0
JAZF1,14.0,16.0
JCAD,159.0,176.0
JCHAIN,19.0,22.0
JDP2,32.0,31.0
JHY,110.0,109.0
JKAMP,13.0,10.0
JMJD1C,290.0,288.0
JMJD4,37.0,45.0
JMJD6,38.0,37.0
JMJD7,28.0,29.0
JMJD8,26.0,30.0
JMY,71.0,69.0
JOSD1,30.0,33.0
JOSD2,15.0,16.0
JPH1,65.0,66.0
JPH2,43.0,47.0
JPH3,87.0,91.0
JPH4,32.0,36.0
JPT1,29.0,24.0
JPT2,40.0,39.0
JRK,76.0,80.0
JRKL,48.0,48.0
JSRP1,11.0,10.0
JTB,21.0,15.0
JUN,15.0,16.0
JUNB,30.0,33.0
JUND,12.0,16.0
JUP,80.0,77.0
KAAG1,21.0,20.0
KALRN,315.0,307.0
KANK1,131.0,139.0
KANK2,60.0,65.0
KANK3,66.0,67.0
KANK4,78.0,85.0
KANSL1,81.0,91.0
KANSL1L,137.0,132.0
KANSL2,52.0,54.0
KANSL3,83.0,88.0
KANTR,4.0,3.0
KARS1,52.0,61.0
KASH5,65.0,69.0
KAT14,81.0,78.0
KAT2A,99.0,78.0
KAT2B,75.0,87.0
KAT5,68.0,65.0
KAT6A,182.0,184.0
KAT6B,182.0,165.0
KAT7,93.0,89.0
KAT8,72.0,77.0
KATNA1,48.0,48.0
KATNAL1,60.0,60.0
KATNAL2,62.0,60.0
KATNB1,66.0,72.0
KATNBL1,26.0,31.0
KATNIP,165.0,174.0
KAZALD1,15.0,24.0
KAZN,44.0,51.0
KBTBD11,66.0,68.0
KBTBD12,44.0,48.0
KBTBD13,32.0,37.0
KBTBD2,42.0,42.0
KBTBD3,62.0,63.0
KBTBD4,53.0,56.0
KBTBD6,55.0,74.0
KBTBD7,42.0,37.0
KBTBD8,87.0,81.0
KCMF1,24.0,23.0
KCNA1,22.0,34.0
KCNA10,32.0,34.0
KCNA2,31.0,29.0
KCNA3,21.0,27.0
KCNA4,28.0,31.0
KCNA5,29.0,29.0
KCNA6,25.0,18.0
KCNA7,35.0,39.0
KCNAB1,46.0,50.0
KCNAB2,41.0,35.0
KCNAB3,30.0,30.0
KCNB1,89.0,86.0
KCNB2,88.0,69.0
KCNC1,27.0,28.0
KCNC2,38.0,37.0
KCNC3,34.0,41.0
KCNC4,47.0,46.0
KCND1,39.0,35.0
KCND2,22.0,21.0
KCND3,36.0,35.0
KCNE1,5.0,5.0
KCNE2,13.0,14.0
KCNE3,3.0,2.0
KCNE4,9.0,6.0
KCNE5,8.0,6.0
KCNF1,37.0,46.0
KCNG1,28.0,26.0
KCNG2,23.0,24.0
KCNG3,20.0,25.0
KCNG4,24.0,26.0
KCNH1,87.0,90.0
KCNH2,97.0,102.0
KCNH3,46.0,47.0
KCNH4,71.0,73.0
KCNH5,84.0,84.0
KCNH6,74.0,75.0
KCNH7,125.0,117.0
KCNH8,98.0,78.0
KCNIP1,51.0,53.0
KCNIP2,29.0,31.0
KCNIP3,33.0,32.0
KCNIP4,31.0,36.0
KCNJ1,10.0,14.0
KCNJ10,22.0,28.0
KCNJ11,26.0,24.0
KCNJ12,4.0,4.0
KCNJ13,29.0,30.0
KCNJ14,23.0,31.0
KCNJ15,24.0,23.0
KCNJ16,43.0,38.0
KCNJ18,49.0,49.0
KCNJ2,31.0,40.0
KCNJ3,31.0,35.0
KCNJ4,32.0,38.0
KCNJ5,11.0,9.0
KCNJ5-AS1,11.0,12.0
KCNJ6,23.0,23.0
KCNJ8,31.0,37.0
KCNJ9,19.0,22.0
KCNK1,16.0,17.0
KCNK10,43.0,44.0
KCNK12,48.0,34.0
KCNK13,33.0,38.0
KCNK15,10.0,12.0
KCNK16,14.0,13.0
KCNK17,20.0,15.0
KCNK18,28.0,28.0
KCNK2,37.0,41.0
KCNK3,10.0,14.0
KCNK4,20.0,23.0
KCNK5,19.0,20.0
KCNK6,11.0,14.0
KCNK7,6.0,6.0
KCNK9,29.0,31.0
KCNMA1,99.0,106.0
KCNMB1,14.0,15.0
KCNMB2,7.0,12.0
KCNMB3,22.0,29.0
KCNMB4,10.0,12.0
KCNN1,45.0,46.0
KCNN2,32.0,28.0
KCNN3,25.0,26.0
KCNN4,42.0,42.0
KCNQ1,45.0,42.0
KCNQ1DN,12.0,16.0
KCNQ2,84.0,83.0
KCNQ3,60.0,74.0
KCNQ4,35.0,40.0
KCNQ5,89.0,102.0
KCNRG,41.0,50.0
KCNS1,28.0,25.0
KCNS2,20.0,27.0
KCNS3,33.0,37.0
KCNT1,119.0,114.0
KCNT2,83.0,69.0
KCNU1,72.0,78.0
KCNV1,24.0,25.0
KCNV2,24.0,25.0
KCP,114.0,96.0
KCT2,18.0,16.0
KCTD1,18.0,16.0
KCTD10,24.0,28.0
KCTD11,24.0,32.0
KCTD12,38.0,39.0
KCTD13,33.0,31.0
KCTD14,43.0,42.0
KCTD15,34.0,36.0
KCTD16,67.0,64.0
KCTD17,34.0,29.0
KCTD18,46.0,50.0
KCTD19,88.0,85.0
KCTD2,12.0,16.0
KCTD20,37.0,39.0
KCTD21,27.0,31.0
KCTD3,75.0,79.0
KCTD4,49.0,48.0
KCTD5,31.0,30.0
KCTD6,34.0,32.0
KCTD7,22.0,15.0
KCTD8,37.0,42.0
KCTD9,34.0,34.0
KDELR1,14.0,11.0
KDELR2,14.0,15.0
KDELR3,17.0,15.0
KDF1,31.0,27.0
KDM1A,60.0,67.0
KDM1B,109.0,120.0
KDM2A,145.0,159.0
KDM2B,164.0,192.0
KDM3A,170.0,178.0
KDM3B,191.0,193.0
KDM4A,100.0,103.0
KDM4B,92.0,90.0
KDM4C,107.0,113.0
KDM4D,65.0,71.0
KDM4E,39.0,46.0
KDM4F,53.0,57.0
KDM5A,146.0,162.0
KDM5B,168.0,160.0
KDM5C,156.0,155.0
KDM5D,103.0,115.0
KDM6A,71.0,75.0
KDM6B,152.0,143.0
KDM7A,102.0,96.0
KDM8,30.0,44.0
KDR,121.0,127.0
KDSR,26.0,30.0
KEAP1,49.0,49.0
KEL,56.0,65.0
KERA,38.0,37.0
KGD4,13.0,12.0
KHDC1,11.0,6.0
KHDC1L,3.0,8.0
KHDC3L,24.0,25.0
KHDC4,43.0,48.0
KHDRBS1,15.0,17.0
KHDRBS2,46.0,45.0
KHDRBS3,28.0,24.0
KHK,24.0,24.0
KHNYN,88.0,97.0
KHSRP,69.0,67.0
KIAA0040,6.0,4.0
KIAA0087,22.0,27.0
KIAA0232,82.0,94.0
KIAA0319,61.0,58.0
KIAA0319L,67.0,68.0
KIAA0408,110.0,102.0
KIAA0513,61.0,68.0
KIAA0586,145.0,159.0
KIAA0753,141.0,147.0
KIAA0825,172.0,172.0
KIAA0930,47.0,56.0
KIAA1143,28.0,32.0
KIAA1191,30.0,39.0
KIAA1210,157.0,169.0
KIAA1217,229.0,227.0
KIAA1328,88.0,88.0
KIAA1549,121.0,123.0
KIAA1549L,97.0,115.0
KIAA1586,104.0,109.0
KIAA1614,112.0,127.0
KIAA1671,251.0,249.0
KIAA1755,110.0,122.0
KIAA1958,64.0,69.0
KIAA2012,128.0,143.0
KIAA2013,29.0,39.0
KICS2,70.0,83.0
KIDINS220,179.0,202.0
KIF11,176.0,176.0
KIF12,71.0,74.0
KIF13A,170.0,171.0
KIF13B,173.0,187.0
KIF14,206.0,200.0
KIF15,221.0,214.0
KIF16B,203.0,222.0
KIF17,125.0,131.0
KIF18A,114.0,115.0
KIF18B,89.0,87.0
KIF19,96.0,101.0
KIF1A,156.0,171.0
KIF1B,160.0,178.0
KIF1C,121.0,118.0
KIF20A,126.0,139.0
KIF20B,273.0,289.0
KIF21A,119.0,140.0
KIF21B,128.0,146.0
KIF22,76.0,91.0
KIF23,114.0,124.0
KIF24,167.0,160.0
KIF25,53.0,55.0
KIF25-AS1,42.0,35.0
KIF26A,152.0,161.0
KIF26B,179.0,188.0
KIF27,197.0,207.0
KIF28P,98.0,103.0
KIF2A,90.0,75.0
KIF2B,98.0,99.0
KIF2C,76.0,75.0
KIF3A,94.0,96.0
KIF3B,68.0,76.0
KIF3C,108.0,128.0
KIF4A,146.0,164.0
KIF4B,110.0,104.0
KIF5A,127.0,128.0
KIF5B,112.0,116.0
KIF5C,146.0,164.0
KIF6,112.0,122.0
KIF7,175.0,176.0
KIF9,80.0,80.0
KIFAP3,75.0,79.0
KIFBP,60.0,57.0
KIFC1,83.0,92.0
KIFC2,65.0,77.0
KIFC3,110.0,102.0
KIN,56.0,55.0
KIR2DL1,15.0,19.0
KIR2DL2,9.0,7.0
KIR2DL3,15.0,18.0
KIR2DL4,33.0,36.0
KIR2DL5A,44.0,38.0
KIR2DS1,8.0,8.0
KIR2DS2,6.0,6.0
KIR2DS3,9.0,9.0
KIR2DS4,12.0,12.0
KIR2DS5,17.0,16.0
KIR3DL1,39.0,39.0
KIR3DL2,33.0,33.0
KIR3DL3,26.0,31.0
KIR3DS1,21.0,20.0
KIR3DX1,41.0,43.0
KIRREL1,94.0,93.0
KIRREL2,45.0,49.0
KIRREL3,75.0,76.0
KIRREL3-AS3,14.0,16.0
KISS1,6.0,10.0
KISS1R,24.0,19.0
KIT,98.0,106.0
KITLG,17.0,16.0
KIZ,98.0,85.0
KL,76.0,80.0
KLB,93.0,99.0
KLC1,109.0,113.0
KLC2,83.0,69.0
KLC3,69.0,78.0
KLC4,87.0,90.0
KLF1,6.0,9.0
KLF10,35.0,35.0
KLF11,40.0,42.0
KLF12,14.0,18.0
KLF13,23.0,29.0
KLF14,23.0,26.0
KLF15,27.0,28.0
KLF16,21.0,20.0
KLF17,9.0,15.0
KLF18,20.0,27.0
KLF2,23.0,21.0
KLF3,27.0,28.0
KLF4,26.0,31.0
KLF5,33.0,29.0
KLF6,7.0,6.0
KLF7,21.0,23.0
KLF8,19.0,16.0
KLF9,26.0,28.0
KLHDC1,32.0,39.0
KLHDC10,37.0,42.0
KLHDC2,50.0,60.0
KLHDC3,46.0,52.0
KLHDC4,41.0,48.0
KLHDC7A,93.0,93.0
KLHDC7B,49.0,39.0
KLHDC8A,36.0,42.0
KLHDC8B,16.0,23.0
KLHDC9,38.0,46.0
KLHL1,54.0,57.0
KLHL10,87.0,82.0
KLHL11,44.0,53.0
KLHL12,68.0,61.0
KLHL13,47.0,41.0
KLHL14,53.0,50.0
KLHL15,68.0,68.0
KLHL17,47.0,49.0
KLHL18,27.0,26.0
KLHL2,73.0,76.0
KLHL20,76.0,70.0
KLHL21,46.0,45.0
KLHL22,56.0,53.0
KLHL23,46.0,51.0
KLHL24,47.0,49.0
KLHL25,61.0,73.0
KLHL26,67.0,63.0
KLHL28,36.0,40.0
KLHL29,47.0,60.0
KLHL3,58.0,55.0
KLHL30,55.0,62.0
KLHL30-AS1,12.0,10.0
KLHL31,44.0,47.0
KLHL32,59.0,53.0
KLHL33,35.0,41.0
KLHL34,59.0,73.0
KLHL35,45.0,47.0
KLHL36,63.0,61.0
KLHL38,66.0,72.0
KLHL4,60.0,74.0
KLHL40,51.0,58.0
KLHL41,57.0,62.0
KLHL42,47.0,50.0
KLHL5,59.0,64.0
KLHL6,86.0,86.0
KLHL7,81.0,76.0
KLHL8,53.0,50.0
KLHL9,69.0,62.0
KLK1,10.0,10.0
KLK10,19.0,16.0
KLK11,28.0,29.0
KLK12,23.0,24.0
KLK13,23.0,21.0
KLK14,18.0,19.0
KLK15,17.0,11.0
KLK2,30.0,31.0
KLK3,22.0,29.0
KLK4,9.0,11.0
KLK5,32.0,37.0
KLK6,33.0,36.0
KLK7,15.0,23.0
KLK8,20.0,26.0
KLK9,30.0,30.0
KLKB1,81.0,69.0
KLKP1,19.0,17.0
KLLN,27.0,25.0
KLRB1,28.0,33.0
KLRC1,38.0,40.0
KLRC2,20.0,22.0
KLRC3,13.0,19.0
KLRC4,10.0,10.0
KLRD1,12.0,16.0
KLRF1,38.0,30.0
KLRF2,14.0,16.0
KLRG1,16.0,16.0
KLRG2,36.0,33.0
KLRK1,9.0,14.0
KMO,49.0,53.0
KMT2A,281.0,315.0
KMT2B,216.0,232.0
KMT2C,384.0,392.0
KMT2D,343.0,389.0
KMT2E,152.0,163.0
KMT5A,45.0,52.0
KMT5B,99.0,93.0
KMT5C,61.0,69.0
KNCN,5.0,2.0
KNDC1,153.0,156.0
KNG1,57.0,55.0
KNL1,290.0,292.0
KNOP1,62.0,65.0
KNSTRN,49.0,43.0
KNTC1,236.0,237.0
KPLCE,15.0,19.0
KPNA1,8.0,8.0
KPNA2,48.0,45.0
KPNA3,25.0,26.0
KPNA4,14.0,16.0
KPNA5,36.0,42.0
KPNA6,21.0,22.0
KPNA7,45.0,44.0
KPNB1,68.0,74.0
KPRP,34.0,50.0
KPTN,23.0,25.0
KRABD1,11.0,11.0
KRABD2,49.0,37.0
KRABD3,80.0,96.0
KRABD4,21.0,22.0
KRABD5,6.0,10.0
KRAS,18.0,14.0
KRCC1,39.0,34.0
KREMEN1,27.0,36.0
KREMEN2,28.0,27.0
KRI1,59.0,56.0
KRIT1,70.0,72.0
KRR1,30.0,28.0
KRT1,83.0,90.0
KRT10,39.0,45.0
KRT10-AS1,4.0,6.0
KRT12,45.0,43.0
KRT13,46.0,51.0
KRT14,64.0,65.0
KRT15,45.0,49.0
KRT16,37.0,45.0
KRT17,63.0,57.0
KRT18,52.0,63.0
KRT19,52.0,53.0
KRT2,56.0,63.0
KRT20,65.0,79.0
KRT222,57.0,51.0
KRT23,60.0,58.0
KRT24,80.0,78.0
KRT25,27.0,28.0
KRT26,44.0,37.0
KRT27,47.0,37.0
KRT28,65.0,61.0
KRT3,84.0,91.0
KRT31,21.0,18.0
KRT32,50.0,51.0
KRT33A,33.0,32.0
KRT33B,36.0,42.0
KRT34,56.0,52.0
KRT35,51.0,56.0
KRT36,33.0,37.0
KRT37,41.0,44.0
KRT38,14.0,11.0
KRT39,63.0,59.0
KRT4,46.0,47.0
KRT40,31.0,28.0
KRT5,44.0,38.0
KRT6A,49.0,50.0
KRT6B,20.0,23.0
KRT6C,6.0,4.0
KRT7,91.0,82.0
KRT71,60.0,63.0
KRT72,67.0,75.0
KRT73,39.0,41.0
KRT74,48.0,53.0
KRT75,85.0,93.0
KRT76,60.0,67.0
KRT77,74.0,79.0
KRT78,61.0,54.0
KRT79,51.0,60.0
KRT8,87.0,86.0
KRT80,63.0,73.0
KRT81,2.0,5.0
KRT82,72.0,77.0
KRT83,23.0,19.0
KRT84,55.0,60.0
KRT85,48.0,43.0
KRT86,72.0,76.0
KRT87P,12.0,17.0
KRT9,63.0,64.0
KRTAP1-5,2.0,1.0
KRTAP10-10,6.0,4.0
KRTAP10-11,14.0,18.0
KRTAP10-12,6.0,7.0
KRTAP10-2,8.0,7.0
KRTAP10-3,9.0,9.0
KRTAP10-4,2.0,2.0
KRTAP10-5,14.0,13.0
KRTAP10-6,8.0,6.0
KRTAP10-7,5.0,7.0
KRTAP10-8,5.0,4.0
KRTAP10-9,12.0,10.0
KRTAP11-1,7.0,8.0
KRTAP12-1,2.0,2.0
KRTAP12-2,4.0,6.0
KRTAP12-4,2.0,4.0
KRTAP13-1,2.0,3.0
KRTAP13-2,23.0,22.0
KRTAP13-3,15.0,11.0
KRTAP13-4,15.0,20.0
KRTAP15-1,9.0,12.0
KRTAP16-1,30.0,28.0
KRTAP19-2,7.0,5.0
KRTAP19-3,1.0,1.0
KRTAP19-4,6.0,10.0
KRTAP19-5,,1.0
KRTAP19-6,12.0,9.0
KRTAP19-7,1.0,2.0
KRTAP19-8,2.0,1.0
KRTAP2-4,13.0,11.0
KRTAP20-2,8.0,8.0
KRTAP20-3,4.0,4.0
KRTAP20-4,1.0,1.0
KRTAP21-2,4.0,5.0
KRTAP21-3,1.0,2.0
KRTAP22-1,7.0,6.0
KRTAP23-1,2.0,1.0
KRTAP24-1,6.0,13.0
KRTAP25-1,6.0,6.0
KRTAP26-1,5.0,5.0
KRTAP27-1,3.0,7.0
KRTAP29-1,1.0,2.0
KRTAP3-1,,1.0
KRTAP3-2,2.0,1.0
KRTAP4-1,6.0,8.0
KRTAP4-11,21.0,24.0
KRTAP4-12,11.0,16.0
KRTAP4-16,10.0,10.0
KRTAP4-2,3.0,6.0
KRTAP4-3,7.0,4.0
KRTAP4-4,14.0,11.0
KRTAP4-5,4.0,4.0
KRTAP4-6,16.0,11.0
KRTAP4-7,9.0,11.0
KRTAP4-8,6.0,8.0
KRTAP4-9,5.0,8.0
KRTAP5-1,10.0,13.0
KRTAP5-10,2.0,2.0
KRTAP5-11,3.0,3.0
KRTAP5-2,4.0,4.0
KRTAP5-3,9.0,15.0
KRTAP5-4,3.0,3.0
KRTAP5-5,8.0,6.0
KRTAP5-6,7.0,10.0
KRTAP5-7,,1.0
KRTAP5-8,3.0,4.0
KRTAP5-9,13.0,14.0
KRTAP6-1,2.0,3.0
KRTAP6-2,1.0,1.0
KRTAP6-3,1.0,1.0
KRTAP7-1,1.0,1.0
KRTAP8-1,1.0,2.0
KRTAP9-1,5.0,5.0
KRTAP9-3,1.0,1.0
KRTAP9-6,1.0,3.0
KRTAP9-7,2.0,
KRTAP9-8,2.0,4.0
KRTAP9-9,3.0,2.0
KRTCAP2,5.0,5.0
KRTCAP3,5.0,3.0
KRTDAP,6.0,10.0
KSR1,102.0,113.0
KSR2,83.0,90.0
KTI12,49.0,48.0
KTN1,226.0,236.0
KTN1-AS1,7.0,4.0
KXD1,15.0,17.0
KY,73.0,74.0
KYAT1,34.0,40.0
KYAT3,55.0,56.0
KYNU,56.0,54.0
L1CAM,94.0,111.0
L1RE1,54.0,41.0
L1TD1,102.0,109.0
L2HGDH,49.0,51.0
L3HYPDH,27.0,22.0
L3MBTL1,51.0,57.0
L3MBTL2,31.0,30.0
L3MBTL3,110.0,104.0
L3MBTL4,67.0,58.0
LACC1,34.0,37.0
LACRT,17.0,15.0
LACTB,22.0,21.0
LACTB2,31.0,28.0
LACTBL1,38.0,44.0
LAD1,68.0,72.0
LAG3,15.0,19.0
LAGE3,15.0,14.0
LAIR1,19.0,23.0
LAIR2,14.0,20.0
LALBA,18.0,12.0
LAMA1,279.0,279.0
LAMA2,304.0,329.0
LAMA3,347.0,369.0
LAMA4,203.0,199.0
LAMA5,283.0,323.0
LAMB1,129.0,144.0
LAMB2,186.0,203.0
LAMB3,130.0,137.0
LAMB4,184.0,206.0
LAMC1,157.0,161.0
LAMC2,143.0,158.0
LAMC3,152.0,160.0
LAMP1,37.0,38.0
LAMP2,37.0,43.0
LAMP3,23.0,24.0
LAMP5,28.0,32.0
LAMTOR1,5.0,8.0
LAMTOR2,5.0,7.0
LAMTOR3,24.0,23.0
LAMTOR4,12.0,13.0
LAMTOR5,6.0,6.0
LANCL1,38.0,38.0
LANCL2,59.0,63.0
LANCL3,32.0,38.0
LAP3,85.0,85.0
LAPTM4A,6.0,8.0
LAPTM4B,5.0,4.0
LAPTM5,5.0,7.0
LARGE1,66.0,72.0
LARGE2,85.0,84.0
LARP1,97.0,110.0
LARP1B,121.0,114.0
LARP4,58.0,56.0
LARP4B,74.0,66.0
LARP6,45.0,40.0
LARP7,89.0,101.0
LARS1,144.0,162.0
LARS2,94.0,99.0
LAS1L,71.0,74.0
LAS2,60.0,58.0
LASP1,25.0,25.0
LAT,1.0,1.0
LAT2,14.0,12.0
LATS1,132.0,123.0
LATS2,107.0,113.0
LAX1,37.0,44.0
LAYN,31.0,32.0
LBH,13.0,14.0
LBHD1,11.0,12.0
LBHD2,8.0,11.0
LBP,32.0,45.0
LBR,39.0,42.0
LBX1,24.0,31.0
LBX2,12.0,17.0
LCA10,32.0,34.0
LCA5,78.0,74.0
LCA5L,80.0,82.0
LCAT,23.0,29.0
LCE1B,5.0,3.0
LCE1C,11.0,13.0
LCE1E,1.0,
LCE2A,1.0,1.0
LCE2B,5.0,4.0
LCE2D,1.0,2.0
LCE3A,3.0,1.0
LCE3B,10.0,11.0
LCE3C,8.0,7.0
LCE3D,1.0,1.0
LCE3E,2.0,1.0
LCE4A,3.0,4.0
LCE6A,1.0,
LCE7A,3.0,4.0
LCK,48.0,46.0
LCLAT1,40.0,49.0
LCMT1,26.0,29.0
LCMT2,54.0,43.0
LCN1,29.0,33.0
LCN10,37.0,43.0
LCN12,15.0,16.0
LCN15,14.0,13.0
LCN1P1,7.0,4.0
LCN2,20.0,22.0
LCN6,12.0,12.0
LCN8,27.0,25.0
LCN9,7.0,4.0
LCNL1,19.0,16.0
LCOR,40.0,50.0
LCORL,61.0,77.0
LCP1,106.0,101.0
LCP2,60.0,59.0
LCT,156.0,164.0
LCTL,62.0,53.0
LDAF1,13.0,12.0
LDAH,25.0,30.0
LDB1,43.0,45.0
LDB2,30.0,40.0
LDB3,64.0,62.0
LDHA,37.0,45.0
LDHAL6A,43.0,52.0
LDHAL6B,46.0,54.0
LDHB,45.0,47.0
LDHC,50.0,51.0
LDHD,30.0,32.0
LDLR,78.0,80.0
LDLRAD1,16.0,14.0
LDLRAD2,18.0,21.0
LDLRAD3,7.0,5.0
LDLRAD4,14.0,14.0
LDLRAP1,18.0,16.0
LDOC1,12.0,9.0
LEAP2,2.0,4.0
LECT2,1.0,1.0
LEF1,21.0,21.0
LEFTY1,16.0,15.0
LEFTY2,30.0,34.0
LEG1,30.0,26.0
LEKR1,30.0,32.0
LELP1,5.0,7.0
LEMD1,13.0,18.0
LEMD2,65.0,62.0
LEMD3,90.0,95.0
LENEP,7.0,8.0
LENG1,14.0,17.0
LENG8,89.0,94.0
LENG9,50.0,58.0
LEO1,70.0,86.0
LEP,14.0,14.0
LEPR,128.0,129.0
LEPROT,5.0,5.0
LEPROTL1,3.0,6.0
LETM1,93.0,98.0
LETM2,65.0,77.0
LETMD1,51.0,57.0
LEUTX,15.0,16.0
LFNG,60.0,58.0
LGALS1,16.0,17.0
LGALS12,17.0,19.0
LGALS13,14.0,12.0
LGALS14,13.0,15.0
LGALS16,13.0,20.0
LGALS2,14.0,14.0
LGALS3,19.0,21.0
LGALS3BP,43.0,44.0
LGALS4,41.0,37.0
LGALS7,12.0,8.0
LGALS8,31.0,37.0
LGALS9,25.0,31.0
LGALS9C,16.0,14.0
LGALSL,19.0,23.0
LGI1,82.0,91.0
LGI2,49.0,46.0
LGI3,45.0,45.0
LGI4,53.0,58.0
LGMN,43.0,44.0
LGR4,45.0,36.0
LGR5,69.0,70.0
LGR6,60.0,56.0
LGSN,42.0,42.0
LHB,15.0,15.0
LHCGR,48.0,47.0
LHFPL1,9.0,11.0
LHFPL2,13.0,12.0
LHFPL3,7.0,10.0
LHFPL4,18.0,20.0
LHFPL5,15.0,13.0
LHFPL6,4.0,5.0
LHFPL7,20.0,19.0
LHPP,13.0,21.0
LHX1,39.0,40.0
LHX2,40.0,40.0
LHX3,39.0,37.0
LHX4,32.0,35.0
LHX5,21.0,30.0
LHX6,51.0,59.0
LHX8,51.0,55.0
LHX9,32.0,28.0
LIAS,35.0,38.0
LIAT1,41.0,39.0
LIF,27.0,27.0
LIFR,114.0,124.0
LIG1,81.0,79.0
LIG3,125.0,119.0
LIG4,103.0,122.0
LILRA1,33.0,31.0
LILRA2,40.0,41.0
LILRA3,34.0,33.0
LILRA4,19.0,21.0
LILRA5,14.0,15.0
LILRA6,10.0,16.0
LILRB1,16.0,23.0
LILRB2,30.0,31.0
LILRB3,34.0,30.0
LILRB4,42.0,39.0
LILRB5,26.0,32.0
LIM2,1.0,2.0
LIMA1,101.0,106.0
LIMCH1,164.0,197.0
LIMD1,43.0,60.0
LIMD2,27.0,29.0
LIME1,18.0,19.0
LIMK1,83.0,87.0
LIMK2,66.0,66.0
LIMS1,31.0,30.0
LIMS2,16.0,20.0
LIMS4,18.0,18.0
LIN28A,32.0,37.0
LIN28B,35.0,48.0
LIN37,11.0,12.0
LIN52,9.0,10.0
LIN54,58.0,70.0
LIN7A,24.0,25.0
LIN7B,31.0,29.0
LIN7C,7.0,10.0
LIN9,49.0,51.0
LINC-PINT,8.0,6.0
LINC00052,5.0,5.0
LINC00114,7.0,9.0
LINC00158,17.0,17.0
LINC00173,11.0,14.0
LINC00208,8.0,9.0
LINC00242,18.0,18.0
LINC00269,8.0,16.0
LINC00299,4.0,6.0
LINC00301,21.0,21.0
LINC00303,18.0,18.0
LINC00304,18.0,13.0
LINC00305,1.0,1.0
LINC00308,7.0,6.0
LINC00310,2.0,4.0
LINC00311,10.0,10.0
LINC00312,7.0,5.0
LINC00313,12.0,11.0
LINC00315,2.0,5.0
LINC00322,37.0,43.0
LINC00336,10.0,14.0
LINC00469,27.0,26.0
LINC00470,2.0,3.0
LINC00471,9.0,8.0
LINC00472,16.0,21.0
LINC00473,12.0,8.0
LINC00474,8.0,8.0
LINC00477,13.0,10.0
LINC00479,4.0,2.0
LINC00482,19.0,24.0
LINC00518,8.0,8.0
LINC00523,15.0,13.0
LINC00526,16.0,23.0
LINC00528,7.0,7.0
LINC00574,5.0,8.0
LINC00587,17.0,20.0
LINC00588,17.0,18.0
LINC00596,12.0,13.0
LINC00597,5.0,4.0
LINC00612,21.0,25.0
LINC00615,21.0,17.0
LINC00696,8.0,10.0
LINC00862,7.0,9.0
LINC00869,13.0,10.0
LINC01356,21.0,15.0
LINC01387,12.0,13.0
LINC01465,19.0,15.0
LINC01545,9.0,12.0
LINC01546,6.0,7.0
LINC01547,13.0,13.0
LINC01548,15.0,11.0
LINC01551,23.0,23.0
LINC01553,22.0,24.0
LINC01554,8.0,10.0
LINC01555,4.0,3.0
LINC01556,6.0,7.0
LINC01559,20.0,18.0
LINC01560,9.0,12.0
LINC01561,7.0,7.0
LINC01565,1.0,1.0
LINC01587,9.0,7.0
LINC01590,9.0,9.0
LINC01599,21.0,22.0
LINC01600,21.0,27.0
LINC01619,9.0,11.0
LINC02693,30.0,31.0
LINC02694,21.0,30.0
LINC02872,20.0,21.0
LINC02875,22.0,13.0
LINC02877,3.0,4.0
LINC02881,22.0,21.0
LINC02898,6.0,8.0
LINC02901,15.0,17.0
LINC02902,19.0,18.0
LINC02906,8.0,14.0
LINC02908,7.0,11.0
LINC02912,11.0,10.0
LINC02913,14.0,15.0
LINC02914,9.0,9.0
LINC02915,14.0,18.0
LINC03040,11.0,9.0
LINC03041,8.0,11.0
LINC03042,32.0,39.0
LINC03043,15.0,18.0
LINC03122,20.0,24.0
LINGO1,45.0,45.0
LINGO2,41.0,52.0
LINGO3,66.0,80.0
LINGO4,34.0,32.0
LINS1,73.0,74.0
LIPA,21.0,21.0
LIPC,25.0,23.0
LIPE,110.0,104.0
LIPF,18.0,21.0
LIPG,39.0,47.0
LIPH,56.0,55.0
LIPI,54.0,51.0
LIPJ,27.0,32.0
LIPK,17.0,21.0
LIPM,25.0,23.0
LIPN,16.0,16.0
LIPT1,40.0,43.0
LIPT2,37.0,39.0
LITAFD,16.0,15.0
LIX1,16.0,16.0
LIX1L,37.0,45.0
LKAAEAR1,19.0,20.0
LLCFC1,15.0,13.0
LLGL1,82.0,83.0
LLGL2,79.0,88.0
LLPH,11.0,11.0
LMAN1,58.0,56.0
LMAN1L,24.0,24.0
LMAN2,37.0,39.0
LMAN2L,41.0,60.0
LMBR1,15.0,17.0
LMBR1L,25.0,20.0
LMBRD1,33.0,32.0
LMBRD2,29.0,36.0
LMCD1,64.0,65.0
LMF1,24.0,22.0
LMF2,33.0,37.0
LMLN,70.0,68.0
LMNA,91.0,98.0
LMNB1,82.0,94.0
LMNB2,82.0,77.0
LMNTD1,55.0,51.0
LMNTD2,57.0,53.0
LMO1,21.0,22.0
LMO2,10.0,10.0
LMO3,12.0,12.0
LMO4,22.0,16.0
LMO7,264.0,245.0
LMO7DN,1.0,2.0
LMOD1,51.0,52.0
LMOD2,87.0,86.0
LMOD3,67.0,73.0
LMTK2,91.0,88.0
LMTK3,126.0,128.0
LMX1A,23.0,27.0
LMX1B,41.0,50.0
LNP1,24.0,19.0
LNPEP,98.0,87.0
LNPK,45.0,42.0
LNX1,81.0,80.0
LNX2,34.0,41.0
LONP1,98.0,102.0
LONP2,58.0,70.0
LONRF1,102.0,100.0
LONRF2,68.0,70.0
LONRF3,91.0,80.0
LORF2,153.0,172.0
LORICRIN,5.0,2.0
LOX,23.0,32.0
LOXHD1,222.0,216.0
LOXL1,45.0,36.0
LOXL2,63.0,65.0
LOXL3,70.0,82.0
LOXL4,85.0,100.0
LPA,89.0,92.0
LPAL2,7.0,3.0
LPAR1,16.0,16.0
LPAR2,23.0,25.0
LPAR3,29.0,36.0
LPAR4,29.0,24.0
LPAR5,27.0,32.0
LPAR6,12.0,15.0
LPCAT1,41.0,47.0
LPCAT2,44.0,45.0
LPCAT3,30.0,31.0
LPCAT4,35.0,28.0
LPGAT1,37.0,31.0
LPIN1,72.0,88.0
LPIN2,87.0,92.0
LPIN3,70.0,80.0
LPL,42.0,39.0
LPO,69.0,62.0
LPP,48.0,59.0
LPXN,43.0,46.0
LRAT,19.0,20.0
LRATD1,27.0,26.0
LRATD2,49.0,50.0
LRBA,248.0,254.0
LRCH1,69.0,74.0
LRCH2,66.0,71.0
LRCH3,76.0,75.0
LRCH4,42.0,40.0
LRCOL1,10.0,7.0
LRFN1,46.0,37.0
LRFN2,53.0,65.0
LRFN3,35.0,40.0
LRFN4,47.0,52.0
LRFN5,46.0,52.0
LRG1,23.0,25.0
LRGUK,68.0,71.0
LRIF1,86.0,97.0
LRIG1,114.0,117.0
LRIG2,72.0,78.0
LRIG3,118.0,120.0
LRIT1,60.0,49.0
LRIT2,44.0,31.0
LRIT3,63.0,65.0
LRMDA,13.0,14.0
LRP1,398.0,428.0
LRP10,19.0,25.0
LRP11,51.0,54.0
LRP12,75.0,78.0
LRP1B,369.0,384.0
LRP2,347.0,370.0
LRP2BP,40.0,44.0
LRP3,52.0,50.0
LRP4,157.0,165.0
LRP5,132.0,113.0
LRP5L,38.0,35.0
LRP6,137.0,141.0
LRP8,109.0,104.0
LRPAP1,39.0,40.0
LRPPRC,193.0,205.0
LRR1,54.0,55.0
LRRC1,44.0,48.0
LRRC10,23.0,27.0
LRRC10B,34.0,44.0
LRRC14,49.0,56.0
LRRC14B,46.0,55.0
LRRC15,39.0,41.0
LRRC17,63.0,64.0
LRRC18,41.0,39.0
LRRC19,19.0,21.0
LRRC2,41.0,45.0
LRRC20,18.0,20.0
LRRC23,56.0,63.0
LRRC24,35.0,37.0
LRRC25,11.0,11.0
LRRC26,8.0,13.0
LRRC27,47.0,55.0
LRRC28,50.0,46.0
LRRC3,6.0,13.0
LRRC30,31.0,31.0
LRRC31,34.0,39.0
LRRC32,32.0,30.0
LRRC34,63.0,61.0
LRRC36,91.0,106.0
LRRC37A,6.0,9.0
LRRC37A2,107.0,106.0
LRRC37A3,22.0,23.0
LRRC37A5P,9.0,12.0
LRRC37B,77.0,80.0
LRRC38,30.0,32.0
LRRC39,46.0,54.0
LRRC3B,25.0,25.0
LRRC3C,6.0,8.0
LRRC4,23.0,26.0
LRRC40,73.0,75.0
LRRC41,51.0,47.0
LRRC42,46.0,45.0
LRRC43,43.0,41.0
LRRC45,116.0,124.0
LRRC46,20.0,19.0
LRRC47,45.0,49.0
LRRC49,64.0,78.0
LRRC4B,61.0,60.0
LRRC4C,61.0,56.0
LRRC51,20.0,22.0
LRRC52,21.0,27.0
LRRC53,180.0,175.0
LRRC55,16.0,14.0
LRRC56,53.0,56.0
LRRC57,28.0,28.0
LRRC58,19.0,20.0
LRRC59,38.0,43.0
LRRC61,20.0,27.0
LRRC63,57.0,57.0
LRRC66,49.0,52.0
LRRC69,26.0,27.0
LRRC7,158.0,158.0
LRRC70,55.0,52.0
LRRC71,60.0,63.0
LRRC72,36.0,42.0
LRRC73,8.0,8.0
LRRC74A,55.0,58.0
LRRC74B,35.0,41.0
LRRC75A,38.0,34.0
LRRC75B,18.0,17.0
LRRC8A,111.0,111.0
LRRC8B,89.0,78.0
LRRC8C,109.0,119.0
LRRC8D,104.0,120.0
LRRC8E,103.0,96.0
LRRC9,151.0,167.0
LRRCC1,123.0,120.0
LRRD1,81.0,85.0
LRRFIP1,104.0,101.0
LRRFIP2,77.0,79.0
LRRIQ1,207.0,193.0
LRRIQ3,94.0,106.0
LRRIQ4,41.0,48.0
LRRK1,172.0,181.0
LRRK2,262.0,268.0
LRRN1,54.0,60.0
LRRN2,67.0,62.0
LRRN3,61.0,55.0
LRRN4,46.0,51.0
LRRN4CL,9.0,6.0
LRRTM1,45.0,51.0
LRRTM2,34.0,38.0
LRRTM3,39.0,35.0
LRRTM4,71.0,79.0
LRSAM1,108.0,111.0
LRTM1,17.0,16.0
LRTM2,31.0,34.0
LRTM3,892.0,901.0
LRWD1,63.0,66.0
LSAMP,37.0,39.0
LSG1,62.0,69.0
LSM1,6.0,6.0
LSM10,27.0,24.0
LSM11,66.0,68.0
LSM12,8.0,9.0
LSM14A,50.0,57.0
LSM14B,43.0,48.0
LSM2,17.0,14.0
LSM3,8.0,8.0
LSM4,7.0,10.0
LSM5,1.0,1.0
LSM6,12.0,11.0
LSM7,7.0,5.0
LSM8,13.0,12.0
LSMEM1,13.0,8.0
LSMEM2,11.0,10.0
LSP1,38.0,39.0
LSR,65.0,65.0
LSS,74.0,80.0
LST1,10.0,11.0
LTA,5.0,7.0
LTA4H,54.0,73.0
LTAP1,21.0,23.0
LTB,15.0,15.0
LTB4R,13.0,11.0
LTB4R2,18.0,16.0
LTBP1,149.0,179.0
LTBP2,112.0,122.0
LTBP3,154.0,156.0
LTBP4,103.0,108.0
LTBR,23.0,25.0
LTC4S,2.0,4.0
LTF,110.0,115.0
LTK,59.0,64.0
LTN1,176.0,197.0
LTO1,13.0,18.0
LTV1,37.0,45.0
LUC7L,38.0,42.0
LUC7L2,33.0,36.0
LUC7L3,39.0,38.0
LUM,35.0,36.0
LURAP1,32.0,31.0
LURAP1L,27.0,23.0
LUZP1,145.0,154.0
LUZP2,41.0,48.0
LUZP4,38.0,44.0
LUZP6,2.0,4.0
LVRN,85.0,97.0
LXN,12.0,11.0
LY6D,13.0,13.0
LY6E,1.0,1.0
LY6G5B,14.0,12.0
LY6G5C,6.0,4.0
LY6G6C,22.0,24.0
LY6G6D,17.0,16.0
LY6G6F,16.0,19.0
LY6H,8.0,10.0
LY6K,28.0,28.0
LY6L,14.0,15.0
LY6S,6.0,7.0
LY75,133.0,142.0
LY86,1.0,3.0
LY9,65.0,57.0
LY96,12.0,15.0
LYAR,46.0,48.0
LYG1,15.0,18.0
LYG2,18.0,19.0
LYL1,33.0,32.0
LYN,59.0,60.0
LYNX1,9.0,8.0
LYPD1,14.0,11.0
LYPD2,6.0,7.0
LYPD3,30.0,28.0
LYPD4,21.0,20.0
LYPD5,14.0,14.0
LYPD6,23.0,25.0
LYPD6B,8.0,12.0
LYPD8,7.0,6.0
LYPLA1,21.0,13.0
LYPLA2,23.0,25.0
LYPLAL1,38.0,42.0
LYRM1,36.0,36.0
LYRM2,11.0,17.0
LYRM4,18.0,16.0
LYRM7,16.0,15.0
LYRM9,16.0,17.0
LYSET,6.0,3.0
LYSMD1,31.0,34.0
LYSMD2,28.0,24.0
LYSMD3,20.0,28.0
LYSMD4,17.0,16.0
LYST,318.0,332.0
LYVE1,21.0,23.0
LYZ,14.0,14.0
LYZL1,4.0,4.0
LYZL2,1.0,2.0
LYZL4,11.0,13.0
LYZL6,12.0,12.0
LZIC,30.0,28.0
LZTFL1,39.0,44.0
LZTR1,85.0,98.0
LZTS1,93.0,95.0
LZTS2,62.0,65.0
LZTS3,75.0,80.0
M1AP,23.0,33.0
M6PR,35.0,34.0
MAB21L1,60.0,60.0
MAB21L2,31.0,34.0
MAB21L3,47.0,53.0
MAB21L4,41.0,48.0
MACC1,78.0,80.0
MACF1,1059.0,1071.0
MACIR,18.0,19.0
MACO1,75.0,76.0
MACROD1,38.0,39.0
MACROD2,44.0,37.0
MACROH2A1,40.0,41.0
MACROH2A2,46.0,44.0
MAD1L1,118.0,121.0
MAD2L1,22.0,25.0
MAD2L1BP,24.0,24.0
MAD2L2,16.0,18.0
MADCAM1,22.0,19.0
MADD,132.0,136.0
MAEA,72.0,72.0
MAEL,49.0,51.0
MAF,11.0,12.0
MAF1,16.0,18.0
MAFA,9.0,10.0
MAFB,11.0,8.0
MAFF,15.0,14.0
MAFG,23.0,20.0
MAFIP,13.0,11.0
MAFK,15.0,13.0
MAG,53.0,61.0
MAGEA1,29.0,31.0
MAGEA10,19.0,19.0
MAGEA11,17.0,19.0
MAGEA12,18.0,17.0
MAGEA13P,45.0,46.0
MAGEA2,19.0,18.0
MAGEA3,18.0,23.0
MAGEA4,16.0,13.0
MAGEA6,12.0,10.0
MAGEA8,21.0,20.0
MAGEA9,16.0,16.0
MAGEB1,50.0,59.0
MAGEB10,25.0,20.0
MAGEB16,36.0,37.0
MAGEB17,44.0,48.0
MAGEB18,33.0,35.0
MAGEB2,42.0,39.0
MAGEB3,44.0,44.0
MAGEB4,34.0,33.0
MAGEB5,24.0,31.0
MAGEB6,26.0,27.0
MAGEB6B,25.0,22.0
MAGEC1,34.0,38.0
MAGEC2,15.0,19.0
MAGEC3,35.0,41.0
MAGED1,40.0,42.0
MAGED2,43.0,48.0
MAGED4,48.0,54.0
MAGEE1,91.0,102.0
MAGEE2,57.0,51.0
MAGEF1,51.0,49.0
MAGEH1,9.0,12.0
MAGEL2,93.0,84.0
MAGI1,111.0,112.0
MAGI2,120.0,125.0
MAGI3,182.0,191.0
MAGIX,38.0,35.0
MAGOH,37.0,32.0
MAGOHB,14.0,14.0
MAGT1,34.0,24.0
MAIP1,44.0,43.0
MAJIN,13.0,17.0
MAK,91.0,103.0
MAK16,39.0,42.0
MAL2,5.0,5.0
MALL,,1.0
MALRD1,121.0,118.0
MALSU1,34.0,32.0
MALT1,61.0,57.0
MAMDC2,65.0,64.0
MAMDC4,65.0,58.0
MAML1,53.0,59.0
MAML2,58.0,66.0
MAML3,52.0,52.0
MAMLD1,53.0,48.0
MAMSTR,25.0,28.0
MAN1A1,40.0,48.0
MAN1A2,53.0,54.0
MAN1B1,79.0,76.0
MAN1C1,50.0,60.0
MAN2A1,111.0,126.0
MAN2A2,148.0,151.0
MAN2B1,65.0,72.0
MAN2B2,89.0,97.0
MAN2C1,65.0,65.0
MANBA,90.0,96.0
MANBAL,1.0,3.0
MANEA,45.0,46.0
MANEAL,26.0,28.0
MANF,17.0,18.0
MANSC1,33.0,32.0
MANSC4,30.0,36.0
MAOA,56.0,60.0
MAOB,61.0,50.0
MAP10,85.0,95.0
MAP1A,212.0,220.0
MAP1B,178.0,186.0
MAP1LC3A,6.0,9.0
MAP1LC3B,11.0,9.0
MAP1LC3B2,2.0,
MAP1LC3C,5.0,6.0
MAP1S,77.0,73.0
MAP2,211.0,207.0
MAP2K1,22.0,21.0
MAP2K2,35.0,31.0
MAP2K3,42.0,43.0
MAP2K4,41.0,45.0
MAP2K5,34.0,28.0
MAP2K6,28.0,35.0
MAP2K7,45.0,44.0
MAP3K1,133.0,136.0
MAP3K10,89.0,99.0
MAP3K11,93.0,85.0
MAP3K12,41.0,46.0
MAP3K13,58.0,67.0
MAP3K14,100.0,98.0
MAP3K15,126.0,125.0
MAP3K19,164.0,188.0
MAP3K2,40.0,37.0
MAP3K20,101.0,110.0
MAP3K21,107.0,119.0
MAP3K3,81.0,80.0
MAP3K4,198.0,217.0
MAP3K5,122.0,127.0
MAP3K6,92.0,100.0
MAP3K7,58.0,68.0
MAP3K7CL,20.0,19.0
MAP3K8,45.0,46.0
MAP3K9,115.0,113.0
MAP4,108.0,100.0
MAP4K1,77.0,90.0
MAP4K2,74.0,84.0
MAP4K3,120.0,116.0
MAP4K4,114.0,127.0
MAP4K5,104.0,98.0
MAP6,127.0,119.0
MAP6D1,10.0,14.0
MAP7,73.0,80.0
MAP7D1,51.0,54.0
MAP7D2,64.0,68.0
MAP7D3,93.0,100.0
MAP9,95.0,94.0
MAPDA,48.0,47.0
MAPK1,24.0,26.0
MAPK10,20.0,19.0
MAPK11,31.0,34.0
MAPK12,42.0,41.0
MAPK13,48.0,46.0
MAPK14,39.0,33.0
MAPK15,60.0,59.0
MAPK1IP1L,4.0,4.0
MAPK3,44.0,44.0
MAPK4,53.0,65.0
MAPK6,96.0,90.0
MAPK7,40.0,46.0
MAPK8,37.0,40.0
MAPK8IP1,61.0,68.0
MAPK8IP2,71.0,73.0
MAPK8IP3,115.0,130.0
MAPK9,25.0,27.0
MAPKAP1,36.0,39.0
MAPKAPK2,47.0,45.0
MAPKAPK3,17.0,16.0
MAPKAPK5,36.0,38.0
MAPKAPK5-AS1,10.0,16.0
MAPKBP1,135.0,139.0
MAPRE1,24.0,31.0
MAPRE2,28.0,28.0
MAPRE3,14.0,13.0
MAPT,92.0,92.0
MARCHF1,37.0,32.0
MARCHF10,91.0,104.0
MARCHF11,40.0,41.0
MARCHF2,12.0,11.0
MARCHF3,17.0,13.0
MARCHF4,13.0,12.0
MARCHF5,20.0,21.0
MARCHF6,50.0,53.0
MARCHF7,81.0,77.0
MARCHF8,21.0,19.0
MARCHF9,39.0,36.0
MARCKS,31.0,29.0
MARCKSL1,11.0,12.0
MARCO,44.0,41.0
MARCOL,39.0,36.0
MARF1,188.0,192.0
MARK1,100.0,105.0
MARK2,114.0,120.0
MARK3,109.0,112.0
MARK4,94.0,112.0
MARS1,70.0,71.0
MARS2,59.0,54.0
MARVELD1,1.0,2.0
MARVELD2,57.0,56.0
MARVELD3,14.0,19.0
MAS1,10.0,7.0
MAS1L,18.0,16.0
MASP1,73.0,87.0
MASP2,49.0,53.0
MAST1,114.0,132.0
MAST2,147.0,152.0
MAST3,113.0,115.0
MAST4,312.0,319.0
MASTL,78.0,72.0
MAT1A,37.0,39.0
MAT2A,32.0,40.0
MAT2B,43.0,48.0
MATCAP1,68.0,84.0
MATCAP2,72.0,69.0
MATK,53.0,62.0
MATN1,36.0,45.0
MATN2,91.0,92.0
MATN3,37.0,52.0
MATN4,43.0,44.0
MATR3,75.0,74.0
MAU2,49.0,54.0
MAVS,32.0,32.0
MAX,17.0,17.0
MAZ,17.0,18.0
MB,5.0,8.0
MB21D2,63.0,68.0
MBD1,43.0,43.0
MBD2,29.0,34.0
MBD3,27.0,39.0
MBD3L1,17.0,20.0
MBD3L2,5.0,6.0
MBD3L4,4.0,4.0
MBD3L5,2.0,1.0
MBD4,86.0,96.0
MBD5,117.0,124.0
MBD6,20.0,21.0
MBIP,58.0,65.0
MBL2,29.0,27.0
MBLAC1,11.0,15.0
MBLAC2,28.0,31.0
MBNL1,10.0,9.0
MBNL2,23.0,23.0
MBNL3,16.0,15.0
MBOAT1,32.0,33.0
MBOAT2,40.0,46.0
MBOAT4,20.0,28.0
MBOAT7,15.0,17.0
MBP,37.0,29.0
MBTD1,44.0,59.0
MBTPS1,84.0,81.0
MBTPS2,12.0,14.0
MC1R,7.0,6.0
MC2R,10.0,13.0
MC3R,7.0,6.0
MC4R,6.0,9.0
MC5R,14.0,14.0
MCAM,63.0,70.0
MCAT,36.0,47.0
MCC,89.0,105.0
MCCC1,84.0,97.0
MCCC2,54.0,59.0
MCCD1,11.0,8.0
MCEE,22.0,23.0
MCEMP1,19.0,14.0
MCF2,83.0,109.0
MCF2L,116.0,136.0
MCF2L2,136.0,136.0
MCFD2,5.0,4.0
MCHR1,13.0,19.0
MCHR2,16.0,17.0
MCIDAS,35.0,34.0
MCL1,19.0,16.0
MCM10,113.0,114.0
MCM2,96.0,103.0
MCM3,108.0,97.0
MCM3AP,127.0,137.0
MCM4,92.0,88.0
MCM5,86.0,97.0
MCM6,134.0,136.0
MCM7,111.0,111.0
MCM8,85.0,94.0
MCM9,118.0,109.0
MCMBP,51.0,57.0
MCMDC2,89.0,94.0
MCOLN1,29.0,30.0
MCOLN2,44.0,44.0
MCOLN3,55.0,49.0
MCPH1,81.0,85.0
MCRIP1,16.0,15.0
MCRIP2,12.0,11.0
MCRS1,51.0,57.0
MCTP1,118.0,106.0
MCTP2,73.0,74.0
MCTS1,19.0,22.0
MCTS2,12.0,12.0
MCU,42.0,42.0
MCUB,44.0,50.0
MCUR1,37.0,41.0
MDC1,167.0,173.0
MDFIC,14.0,16.0
MDFIC2,7.0,10.0
MDGA1,85.0,85.0
MDGA2,104.0,105.0
MDH1,42.0,47.0
MDH1B,66.0,64.0
MDH2,46.0,47.0
MDK,12.0,12.0
MDM1,97.0,100.0
MDM2,44.0,45.0
MDM4,56.0,64.0
MDN1,586.0,598.0
MDP1,14.0,11.0
MDS2,22.0,22.0
ME1,45.0,50.0
ME2,66.0,72.0
ME3,56.0,68.0
MEA1,5.0,3.0
MEAF6,14.0,13.0
MEAK7,40.0,44.0
MECOM,118.0,125.0
MECP2,61.0,58.0
MECR,34.0,34.0
MED1,145.0,143.0
MED10,16.0,17.0
MED11,11.0,13.0
MED12,173.0,179.0
MED12L,214.0,218.0
MED13,143.0,165.0
MED13L,115.0,120.0
MED14,122.0,116.0
MED14OS,9.0,7.0
MED15,34.0,39.0
MED16,76.0,90.0
MED17,72.0,79.0
MED18,14.0,14.0
MED19,18.0,16.0
MED20,23.0,23.0
MED21,6.0,8.0
MED22,19.0,17.0
MED23,101.0,103.0
MED24,91.0,89.0
MED25,40.0,38.0
MED26,72.0,77.0
MED27,52.0,47.0
MED28,19.0,19.0
MED29,9.0,13.0
MED30,17.0,18.0
MED31,28.0,30.0
MED4,37.0,35.0
MED6,25.0,23.0
MED7,27.0,31.0
MED8,27.0,26.0
MED9,18.0,19.0
MEDAG,39.0,35.0
MEF2A,25.0,25.0
MEF2B,29.0,27.0
MEF2C,23.0,22.0
MEF2D,26.0,28.0
MEFV,88.0,87.0
MEGF10,62.0,68.0
MEGF11,38.0,47.0
MEGF6,83.0,78.0
MEGF8,132.0,144.0
MEGF9,32.0,41.0
MEI1,104.0,105.0
MEI4,29.0,21.0
MEIG1,13.0,14.0
MEIKIN,38.0,40.0
MEIOB,37.0,44.0
MEIOC,122.0,135.0
MEIOSIN,74.0,77.0
MEIS1,25.0,32.0
MEIS2,6.0,6.0
MEIS3,15.0,20.0
MEIS3P1,2.0,4.0
MEIS3P2,7.0,9.0
MELK,89.0,88.0
MELTF,85.0,91.0
MEMO1,27.0,25.0
MEN1,46.0,47.0
MENT,8.0,12.0
MEOX1,25.0,25.0
MEOX2,18.0,17.0
MEP1A,78.0,87.0
MEP1B,42.0,44.0
MEPCE,58.0,53.0
MEPE,78.0,80.0
MERTK,79.0,87.0
MESD,18.0,20.0
MESP1,16.0,24.0
MESP2,7.0,10.0
MEST,36.0,46.0
MET,132.0,129.0
METAP1,52.0,62.0
METAP1D,21.0,28.0
METAP2,51.0,60.0
METRN,38.0,33.0
METRNL,20.0,23.0
METTL1,24.0,22.0
METTL13,82.0,82.0
METTL14,34.0,38.0
METTL15,39.0,43.0
METTL15P1,7.0,10.0
METTL16,69.0,65.0
METTL17,22.0,25.0
METTL18,46.0,40.0
METTL21A,27.0,29.0
METTL21C,34.0,36.0
METTL21EP,6.0,10.0
METTL22,45.0,46.0
METTL23,25.0,26.0
METTL24,33.0,37.0
METTL25,64.0,60.0
METTL25B,47.0,47.0
METTL26,26.0,23.0
METTL27,17.0,22.0
METTL2A,11.0,11.0
METTL2B,48.0,47.0
METTL3,59.0,62.0
METTL4,83.0,78.0
METTL5,18.0,24.0
METTL6,35.0,33.0
METTL8,35.0,30.0
METTL9,16.0,19.0
MEX3A,40.0,40.0
MEX3B,32.0,28.0
MEX3C,25.0,30.0
MEX3D,21.0,19.0
MFAP1,34.0,37.0
MFAP2,12.0,12.0
MFAP3,16.0,15.0
MFAP3L,43.0,39.0
MFAP4,19.0,19.0
MFAP5,17.0,15.0
MFF,40.0,41.0
MFGE8,49.0,51.0
MFHAS1,86.0,91.0
MFI,39.0,36.0
MFN1,91.0,96.0
MFN2,81.0,97.0
MFNG,32.0,43.0
MFRP,16.0,18.0
MFSD1,20.0,21.0
MFSD11,3.0,3.0
MFSD12,7.0,4.0
MFSD2A,5.0,4.0
MFSD2B,19.0,20.0
MFSD6,48.0,52.0
MFSD6L,28.0,36.0
MFSD8,24.0,20.0
MGA,289.0,286.0
MGAM,187.0,181.0
MGAM2,117.0,123.0
MGARP,9.0,9.0
MGAT1,34.0,33.0
MGAT2,44.0,43.0
MGAT3,54.0,53.0
MGAT4A,53.0,59.0
MGAT4B,40.0,42.0
MGAT4C,66.0,69.0
MGAT4D,37.0,53.0
MGAT5,74.0,79.0
MGAT5B,93.0,98.0
MGLL,28.0,28.0
MGME1,30.0,41.0
MGMT,32.0,34.0
MGP,8.0,10.0
MGRN1,49.0,52.0
MGST1,8.0,11.0
MGST2,10.0,10.0
MGST3,5.0,7.0
MIA,18.0,14.0
MIA2,133.0,142.0
MIA3,188.0,206.0
MIB1,106.0,112.0
MIB2,88.0,106.0
MICA,36.0,38.0
MICAL1,101.0,88.0
MICAL2,257.0,270.0
MICAL3,233.0,229.0
MICALL1,90.0,88.0
MICALL2,105.0,112.0
MICB,34.0,35.0
MICOS10,3.0,3.0
MICOS13,2.0,1.0
MICU1,40.0,38.0
MICU2,38.0,33.0
MICU3,62.0,72.0
MID1,67.0,68.0
MID1IP1,16.0,13.0
MID2,73.0,73.0
MIDEAS,91.0,101.0
MIDN,22.0,24.0
MIEF1,56.0,54.0
MIEF2,27.0,29.0
MIEN1,20.0,20.0
MIER1,47.0,43.0
MIER2,26.0,33.0
MIER3,37.0,35.0
MIF,12.0,8.0
MIF4GD,46.0,43.0
MIGA1,61.0,58.0
MIGA2,68.0,72.0
MIIP,55.0,50.0
MILR1,36.0,44.0
MINAR1,78.0,77.0
MINAR2,28.0,31.0
MINDY1,38.0,31.0
MINDY2,25.0,23.0
MINDY3,29.0,26.0
MINDY4,52.0,59.0
MINDY4B,46.0,51.0
MINK1,89.0,95.0
MINPP1,34.0,39.0
MIOS,122.0,128.0
MIOX,30.0,32.0
MIP,,1.0
MIPEP,60.0,64.0
MIPOL1,65.0,71.0
MIR1-1HG,10.0,12.0
MIR155HG,5.0,1.0
MIR1915HG,10.0,10.0
MIR22HG,12.0,12.0
MIR7-3HG,9.0,12.0
MIR9-1HG,18.0,16.0
MIS12,39.0,44.0
MIS18A,30.0,35.0
MIS18BP1,150.0,160.0
MISFA,1.0,2.0
MISP,64.0,80.0
MISP3,22.0,20.0
MITD1,32.0,38.0
MITF,57.0,60.0
MIX23,18.0,19.0
MIXL1,17.0,18.0
MKI67,417.0,453.0
MKKS,33.0,39.0
MKLN1,121.0,119.0
MKNK1,59.0,60.0
MKNK2,32.0,30.0
MKRN1,55.0,52.0
MKRN2,40.0,42.0
MKRN2OS,8.0,10.0
MKRN3,46.0,40.0
MKRN4P,42.0,44.0
MKS1,66.0,66.0
MKX,45.0,57.0
MLANA,16.0,15.0
MLC1,9.0,11.0
MLDHR,2.0,2.0
MLEC,25.0,25.0
MLF1,14.0,14.0
MLF2,20.0,13.0
MLH1,85.0,86.0
MLH3,151.0,164.0
MLIP,93.0,91.0
MLKL,66.0,60.0
MLLT1,46.0,54.0
MLLT10,47.0,53.0
MLLT11,2.0,2.0
MLLT3,51.0,50.0
MLLT6,46.0,52.0
MLN,16.0,17.0
MLNR,12.0,17.0
MLPH,77.0,80.0
MLST8,16.0,15.0
MLX,19.0,21.0
MLXIP,80.0,82.0
MLXIPL,58.0,71.0
MLYCD,50.0,49.0
MMAA,60.0,56.0
MMAB,29.0,40.0
MMACHC,35.0,38.0
MMADHC,22.0,21.0
MMD,4.0,6.0
MMD2,10.0,11.0
MME,100.0,98.0
MMEL1,75.0,84.0
MMGT1,9.0,10.0
MMP1,64.0,68.0
MMP10,50.0,56.0
MMP11,37.0,32.0
MMP12,74.0,76.0
MMP13,58.0,63.0
MMP14,61.0,62.0
MMP15,55.0,60.0
MMP16,55.0,59.0
MMP17,64.0,66.0
MMP19,39.0,40.0
MMP2,54.0,56.0
MMP20,55.0,54.0
MMP21,49.0,55.0
MMP23B,20.0,22.0
MMP24,69.0,72.0
MMP24OS,1.0,2.0
MMP25,39.0,50.0
MMP26,16.0,17.0
MMP27,55.0,58.0
MMP28,38.0,46.0
MMP3,36.0,38.0
MMP7,22.0,16.0
MMP8,45.0,44.0
MMP9,102.0,104.0
MMRN1,189.0,192.0
MMRN2,121.0,125.0
MMS19,98.0,93.0
MMS22L,130.0,136.0
MMTAG2,37.0,41.0
MMUT,102.0,91.0
MN1,56.0,63.0
MNAT1,31.0,30.0
MND1,18.0,18.0
MNDA,48.0,42.0
MNS1,70.0,63.0
MNT,21.0,21.0
MNX1,25.0,25.0
MOAP1,35.0,34.0
MOB1A,2.0,4.0
MOB1B,15.0,10.0
MOB2,14.0,14.0
MOB3A,20.0,17.0
MOB3B,13.0,14.0
MOB3C,12.0,10.0
MOB4,13.0,20.0
MOBP,23.0,26.0
MOCOS,86.0,81.0
MOCS1,74.0,86.0
MOCS2,23.0,23.0
MOCS3,35.0,38.0
MOG,27.0,26.0
MOGAT1,34.0,36.0
MOGAT2,40.0,46.0
MOGAT3,23.0,21.0
MOGS,68.0,78.0
MOK,57.0,55.0
MON1A,60.0,59.0
MON1B,28.0,29.0
MON2,150.0,146.0
MORC1,118.0,116.0
MORC2,92.0,97.0
MORC3,101.0,112.0
MORC4,146.0,152.0
MORF4L1,32.0,35.0
MORF4L2,50.0,52.0
MORN1,46.0,53.0
MORN2,16.0,14.0
MORN3,18.0,24.0
MORN4,23.0,26.0
MORN5,29.0,25.0
MOS,45.0,39.0
MOSPD1,23.0,23.0
MOSPD2,50.0,49.0
MOSPD3,22.0,24.0
MOV10,116.0,127.0
MOV10L1,117.0,130.0
MOXD1,65.0,55.0
MOXD2P,32.0,28.0
MPC1,6.0,8.0
MPC1L,16.0,15.0
MPC2,5.0,5.0
MPDU1,15.0,12.0
MPDZ,161.0,183.0
MPEG1,41.0,36.0
MPG,43.0,41.0
MPHOSPH10,59.0,67.0
MPHOSPH6,20.0,23.0
MPHOSPH8,58.0,60.0
MPHOSPH9,173.0,181.0
MPI,44.0,46.0
MPIG6B,17.0,18.0
MPL,31.0,28.0
MPLKIP,9.0,7.0
MPND,54.0,61.0
MPO,80.0,74.0
MPP1,56.0,55.0
MPP2,72.0,92.0
MPP3,67.0,66.0
MPP4,73.0,70.0
MPP7,76.0,86.0
MPPE1,34.0,35.0
MPPED1,18.0,19.0
MPPED2,15.0,15.0
MPRIP,127.0,154.0
MPST,44.0,44.0
MPTX1,9.0,11.0
MPV17,3.0,3.0
MPV17L,14.0,14.0
MPV17L2,4.0,6.0
MPZ,14.0,16.0
MPZL1,34.0,28.0
MPZL2,16.0,18.0
MPZL3,23.0,17.0
MR1,25.0,21.0
MRAP,6.0,9.0
MRAP2,24.0,19.0
MRAS,33.0,37.0
MRC1,124.0,143.0
MRC2,121.0,114.0
MRE11,78.0,74.0
MREG,40.0,46.0
MRFAP1,5.0,7.0
MRFAP1L1,3.0,6.0
MRFAP1L2,12.0,14.0
MRGBP,18.0,21.0
MRGPRD,8.0,14.0
MRGPRE,11.0,12.0
MRGPRF,14.0,17.0
MRGPRG,24.0,19.0
MRGPRG-AS1,9.0,6.0
MRGPRX1,8.0,5.0
MRGPRX2,7.0,7.0
MRGPRX3,6.0,4.0
MRGPRX4,15.0,12.0
MRI1,50.0,48.0
MRLN,12.0,11.0
MRM1,32.0,31.0
MRM2,16.0,17.0
MRM3,53.0,41.0
MRNIP,31.0,22.0
MRO,62.0,56.0
MROH1,163.0,173.0
MROH2A,153.0,152.0
MROH2B,169.0,171.0
MROH5,146.0,159.0
MROH6,79.0,78.0
MROH7,90.0,103.0
MROH8,41.0,49.0
MROH9,46.0,51.0
MRPL1,36.0,35.0
MRPL10,20.0,32.0
MRPL11,21.0,30.0
MRPL12,28.0,32.0
MRPL13,42.0,44.0
MRPL14,22.0,21.0
MRPL15,29.0,34.0
MRPL16,19.0,15.0
MRPL17,32.0,29.0
MRPL18,22.0,24.0
MRPL19,50.0,41.0
MRPL2,24.0,24.0
MRPL20,29.0,32.0
MRPL21,40.0,42.0
MRPL22,42.0,36.0
MRPL23,13.0,12.0
MRPL24,34.0,30.0
MRPL27,18.0,19.0
MRPL28,18.0,19.0
MRPL3,82.0,73.0
MRPL30,23.0,23.0
MRPL32,12.0,13.0
MRPL33,13.0,14.0
MRPL34,7.0,5.0
MRPL35,37.0,36.0
MRPL36,7.0,13.0
MRPL37,30.0,34.0
MRPL38,34.0,34.0
MRPL39,60.0,57.0
MRPL4,33.0,26.0
MRPL40,33.0,35.0
MRPL41,7.0,8.0
MRPL42,24.0,27.0
MRPL43,27.0,31.0
MRPL44,41.0,41.0
MRPL45,56.0,53.0
MRPL46,30.0,34.0
MRPL47,48.0,49.0
MRPL48,7.0,7.0
MRPL49,28.0,24.0
MRPL50,26.0,30.0
MRPL51,7.0,11.0
MRPL52,10.0,11.0
MRPL53,15.0,16.0
MRPL54,3.0,4.0
MRPL55,12.0,12.0
MRPL57,7.0,9.0
MRPL58,38.0,47.0
MRPL9,24.0,22.0
MRPS10,32.0,33.0
MRPS11,22.0,19.0
MRPS12,12.0,15.0
MRPS14,18.0,23.0
MRPS15,24.0,24.0
MRPS16,8.0,5.0
MRPS17,17.0,13.0
MRPS18A,17.0,21.0
MRPS18B,27.0,28.0
MRPS18C,18.0,21.0
MRPS2,24.0,28.0
MRPS21,13.0,17.0
MRPS22,53.0,53.0
MRPS23,32.0,36.0
MRPS24,25.0,26.0
MRPS25,26.0,23.0
MRPS26,33.0,34.0
MRPS27,55.0,62.0
MRPS28,24.0,25.0
MRPS30,31.0,29.0
MRPS31,47.0,56.0
MRPS33,15.0,12.0
MRPS34,17.0,20.0
MRPS35,44.0,41.0
MRPS5,36.0,38.0
MRPS6,8.0,9.0
MRPS7,46.0,41.0
MRPS9,54.0,56.0
MRRF,16.0,14.0
MRS2,42.0,47.0
MRTFA,77.0,74.0
MRTFB,62.0,58.0
MRTO4,42.0,42.0
MS4A1,12.0,15.0
MS4A10,7.0,8.0
MS4A12,6.0,8.0
MS4A13,5.0,8.0
MS4A14,45.0,48.0
MS4A15,6.0,7.0
MS4A18,2.0,
MS4A2,12.0,15.0
MS4A4E,6.0,8.0
MS4A5,3.0,4.0
MS4A6A,4.0,3.0
MS4A6E,4.0,4.0
MS4A7,7.0,9.0
MSANTD1,18.0,17.0
MSANTD2,39.0,49.0
MSANTD3,22.0,21.0
MSANTD4,21.0,21.0
MSANTD5,13.0,22.0
MSANTD7,35.0,34.0
MSC,17.0,23.0
MSGN1,13.0,17.0
MSH2,113.0,103.0
MSH3,110.0,113.0
MSH4,134.0,131.0
MSH5,66.0,69.0
MSH6,142.0,138.0
MSI1,9.0,18.0
MSI2,21.0,22.0
MSL1,54.0,58.0
MSL2,45.0,49.0
MSL3,60.0,59.0
MSL3B,40.0,37.0
MSLN,44.0,45.0
MSLNL,55.0,64.0
MSMB,2.0,1.0
MSMO1,11.0,10.0
MSMP,13.0,12.0
MSN,38.0,42.0
MSR1,57.0,53.0
MSRA,28.0,31.0
MSRB1,23.0,21.0
MSRB2,22.0,24.0
MSRB3,26.0,26.0
MSS51,33.0,31.0
MST1,79.0,73.0
MST1L,45.0,50.0
MST1R,78.0,92.0
MSTN,45.0,46.0
MSTO1,56.0,64.0
MSX1,24.0,27.0
MSX2,21.0,21.0
MT-ATP6,5.0,5.0
MT-ATP8,7.0,3.0
MT-CO1,15.0,14.0
MT-CO2,13.0,9.0
MT-CO3,5.0,5.0
MT-CYB,9.0,14.0
MT-ND1,4.0,7.0
MT-ND2,3.0,4.0
MT-ND3,5.0,2.0
MT-ND4,21.0,18.0
MT-ND4L,1.0,
MT-ND5,17.0,21.0
MT-ND6,3.0,2.0
MT-RNR1,8.0,10.0
MT-RNR2,25.0,29.0
MT1A,5.0,6.0
MT1B,4.0,7.0
MT1DP,7.0,6.0
MT1E,,1.0
MT1F,8.0,5.0
MT1G,1.0,2.0
MT1H,3.0,3.0
MT1HL1,1.0,1.0
MT1L,6.0,4.0
MT1M,2.0,3.0
MT2A,5.0,4.0
MT3,12.0,12.0
MT4,9.0,12.0
MTA1,85.0,77.0
MTA2,89.0,105.0
MTA3,76.0,78.0
MTAP,38.0,43.0
MTARC1,29.0,26.0
MTARC2,39.0,48.0
MTBP,98.0,97.0
MTCH1,44.0,40.0
MTCH2,25.0,28.0
MTCL1,219.0,240.0
MTCL2,196.0,195.0
MTCL3,107.0,111.0
MTCP1,8.0,12.0
MTDH,80.0,79.0
MTERF1,57.0,56.0
MTERF2,39.0,52.0
MTERF3,49.0,45.0
MTERF4,56.0,59.0
MTF1,47.0,44.0
MTF2,69.0,75.0
MTFMT,69.0,71.0
MTFP1,12.0,8.0
MTFR1,37.0,38.0
MTFR1L,22.0,27.0
MTFR2,35.0,40.0
MTG1,43.0,55.0
MTG2,52.0,48.0
MTHFD1,118.0,132.0
MTHFD1L,113.0,108.0
MTHFD2,55.0,68.0
MTHFD2L,42.0,50.0
MTHFR,45.0,48.0
MTHFS,12.0,20.0
MTHFSD,33.0,31.0
MTIF2,39.0,50.0
MTIF3,37.0,36.0
MTM1,87.0,80.0
MTMR1,65.0,68.0
MTMR10,73.0,80.0
MTMR11,70.0,72.0
MTMR12,79.0,80.0
MTMR14,68.0,71.0
MTMR2,62.0,60.0
MTMR3,100.0,109.0
MTMR4,77.0,84.0
MTMR6,98.0,107.0
MTMR7,94.0,96.0
MTMR8,66.0,78.0
MTMR9,47.0,49.0
MTNAP1,86.0,82.0
MTNR1A,24.0,29.0
MTNR1B,15.0,16.0
MTO1,93.0,92.0
MTOR,258.0,287.0
MTPAP,60.0,66.0
MTPN,9.0,9.0
MTR,127.0,115.0
MTRES1,25.0,28.0
MTREX,144.0,142.0
MTRF1,53.0,49.0
MTRF1L,40.0,44.0
MTRFR,16.0,22.0
MTRNR2L1,1.0,
MTRNR2L10,7.0,7.0
MTRNR2L11,4.0,1.0
MTRNR2L13,1.0,
MTRNR2L4,,1.0
MTRNR2L5,,1.0
MTRNR2L6,1.0,2.0
MTRNR2L7,9.0,6.0
MTRNR2L9,1.0,1.0
MTRR,66.0,70.0
MTSS1,52.0,56.0
MTSS2,27.0,36.0
MTTP,68.0,77.0
MTURN,3.0,2.0
MTUS1,148.0,138.0
MTUS2,164.0,168.0
MTX1,43.0,32.0
MTX2,7.0,9.0
MTX3,31.0,32.0
MUC1,18.0,25.0
MUC12,88.0,86.0
MUC13,27.0,30.0
MUC15,30.0,26.0
MUC16,610.0,621.0
MUC17,31.0,37.0
MUC19,291.0,293.0
MUC2,150.0,146.0
MUC20,42.0,41.0
MUC21,5.0,2.0
MUC22,3.0,1.0
MUC3A,27.0,22.0
MUC3B,156.0,142.0
MUC4,102.0,103.0
MUC5AC,220.0,241.0
MUC5B,176.0,198.0
MUC6,92.0,103.0
MUC7,15.0,16.0
MUCL1,8.0,6.0
MUCL3,50.0,52.0
MUL1,37.0,38.0
MUS81,54.0,60.0
MUSK,107.0,109.0
MUSTN1,13.0,12.0
MUTYH,35.0,37.0
MVB12A,12.0,13.0
MVB12B,37.0,28.0
MVD,37.0,43.0
MVK,37.0,48.0
MVP,77.0,85.0
MX1,69.0,62.0
MX2,76.0,85.0
MXD1,29.0,26.0
MXD3,25.0,22.0
MXD4,21.0,23.0
MXI1,36.0,30.0
MXRA5,284.0,298.0
MXRA7,8.0,12.0
MXRA8,41.0,48.0
MYADM,17.0,21.0
MYADML2,12.0,13.0
MYB,63.0,53.0
MYBBP1A,140.0,119.0
MYBL1,70.0,86.0
MYBL2,75.0,77.0
MYBPC1,131.0,114.0
MYBPC2,112.0,130.0
MYBPC3,147.0,146.0
MYBPH,53.0,53.0
MYBPHL,49.0,44.0
MYC,24.0,26.0
MYCBP,18.0,18.0
MYCBP2,408.0,442.0
MYCBPAP,96.0,98.0
MYCL,29.0,33.0
MYCLP1,39.0,34.0
MYCN,26.0,34.0
MYCNOS,8.0,11.0
MYCT1,15.0,13.0
MYD88,20.0,21.0
MYDGF,21.0,20.0
MYEF2,70.0,72.0
MYEOV,36.0,37.0
MYF5,13.0,12.0
MYF6,27.0,32.0
MYG1,46.0,38.0
MYH1,235.0,236.0
MYH10,251.0,274.0
MYH11,221.0,238.0
MYH13,193.0,201.0
MYH14,209.0,192.0
MYH15,243.0,262.0
MYH16,220.0,229.0
MYH2,92.0,90.0
MYH3,302.0,312.0
MYH4,130.0,122.0
MYH6,111.0,113.0
MYH7,235.0,222.0
MYH7B,283.0,290.0
MYH8,153.0,165.0
MYH9,265.0,269.0
MYL1,28.0,37.0
MYL10,18.0,17.0
MYL11,21.0,19.0
MYL12B,23.0,21.0
MYL2,30.0,36.0
MYL3,32.0,33.0
MYL4,20.0,20.0
MYL5,19.0,16.0
MYL6,18.0,22.0
MYL6B,32.0,31.0
MYL7,17.0,15.0
MYL9,14.0,13.0
MYLIP,50.0,47.0
MYLK,239.0,218.0
MYLK2,55.0,53.0
MYLK3,103.0,93.0
MYLK4,50.0,45.0
MYMK,9.0,9.0
MYMX,11.0,15.0
MYNN,70.0,68.0
MYO10,239.0,245.0
MYO15A,341.0,345.0
MYO15B,307.0,307.0
MYO16,167.0,158.0
MYO18A,286.0,309.0
MYO18B,400.0,384.0
MYO19,89.0,91.0
MYO1A,151.0,165.0
MYO1B,174.0,168.0
MYO1C,165.0,170.0
MYO1D,168.0,172.0
MYO1E,120.0,128.0
MYO1F,98.0,110.0
MYO1G,134.0,125.0
MYO1H,117.0,128.0
MYO3A,208.0,228.0
MYO3B,139.0,145.0
MYO5A,251.0,242.0
MYO5B,227.0,221.0
MYO5C,245.0,247.0
MYO6,134.0,134.0
MYO7A,232.0,239.0
MYO7B,259.0,267.0
MYO9A,305.0,321.0
MYO9B,245.0,256.0
MYOC,47.0,54.0
MYOCD,55.0,55.0
MYOCOS,6.0,6.0
MYOD1,28.0,29.0
MYOF,275.0,287.0
MYOG,21.0,24.0
MYOM1,208.0,215.0
MYOM2,196.0,204.0
MYOM3,173.0,174.0
MYORG,61.0,61.0
MYOT,66.0,67.0
MYOZ1,30.0,30.0
MYOZ2,23.0,22.0
MYOZ3,24.0,21.0
MYPN,144.0,150.0
MYPOP,32.0,39.0
MYRF,105.0,100.0
MYRFL,69.0,69.0
MYRIP,78.0,77.0
MYSM1,91.0,88.0
MYT1,82.0,90.0
MYT1L,130.0,140.0
MYZAP,80.0,83.0
MZB1,20.0,21.0
MZF1,78.0,92.0
MZT1,9.0,8.0
MZT2A,9.0,7.0
MZT2B,8.0,7.0
N4BP1,112.0,114.0
N4BP2,150.0,140.0
N4BP2L1,27.0,22.0
N4BP2L2,59.0,62.0
N4BP3,68.0,76.0
NAA10,26.0,27.0
NAA11,13.0,18.0
NAA15,104.0,107.0
NAA16,87.0,98.0
NAA20,23.0,24.0
NAA25,103.0,107.0
NAA30,24.0,31.0
NAA35,105.0,116.0
NAA38,18.0,23.0
NAA40,25.0,24.0
NAA50,19.0,20.0
NAA60,28.0,29.0
NAA80,21.0,22.0
NAAA,32.0,33.0
NAALAD2,82.0,80.0
NAALADL1,83.0,87.0
NAALADL2,80.0,80.0
NAB1,53.0,54.0
NAB2,52.0,49.0
NABP1,17.0,17.0
NABP2,16.0,13.0
NACA,194.0,222.0
NACA2,18.0,20.0
NACA4P,13.0,10.0
NACAD,50.0,62.0
NACC1,38.0,42.0
NACC2,37.0,33.0
NADK,27.0,29.0
NADK2,46.0,55.0
NADSYN1,78.0,80.0
NAE1,60.0,63.0
NAF1,8.0,8.0
NAGA,26.0,31.0
NAGK,29.0,32.0
NAGLU,56.0,65.0
NAGPA,32.0,38.0
NAGS,55.0,61.0
NAIF1,15.0,18.0
NAIP,126.0,121.0
NALCN,128.0,125.0
NALF1,38.0,38.0
NALF2,29.0,24.0
NAMPT,55.0,68.0
NANOG,2.0,4.0
NANOGNB,15.0,18.0
NANOGP1,11.0,13.0
NANOGP8,4.0,6.0
NANOS1,28.0,28.0
NANOS2,7.0,10.0
NANOS3,24.0,29.0
NANP,29.0,33.0
NANS,28.0,31.0
NAP1L1,24.0,26.0
NAP1L2,49.0,45.0
NAP1L3,44.0,42.0
NAP1L4,34.0,34.0
NAP1L5,1.0,1.0
NAP1L6P,5.0,4.0
NAPA,63.0,62.0
NAPB,53.0,52.0
NAPEPLD,42.0,47.0
NAPG,59.0,67.0
NAPRT,28.0,32.0
NAPSA,23.0,27.0
NARF,56.0,67.0
NARS1,44.0,46.0
NARS2,46.0,43.0
NASP,62.0,76.0
NAT1,47.0,45.0
NAT10,91.0,100.0
NAT14,6.0,5.0
NAT16,24.0,28.0
NAT2,57.0,49.0
NAT8,13.0,13.0
NAT8B,23.0,29.0
NAT8L,21.0,23.0
NAT9,23.0,30.0
NATD1,33.0,27.0
NAV1,208.0,214.0
NAV2,235.0,259.0
NAV3,253.0,244.0
NAXD,30.0,33.0
NAXE,31.0,32.0
NBAS,195.0,211.0
NBDY,6.0,3.0
NBEA,250.0,229.0
NBEAL1,244.0,257.0
NBEAL2,214.0,219.0
NBEAP1,14.0,11.0
NBL1,18.0,14.0
NBN,117.0,126.0
NBPF1,98.0,106.0
NBPF10,24.0,21.0
NBPF11,6.0,5.0
NBPF12,27.0,30.0
NBPF14,29.0,32.0
NBPF15,16.0,16.0
NBPF19,7.0,14.0
NBPF20,8.0,8.0
NBPF26,34.0,33.0
NBPF3,50.0,52.0
NBPF4,,1.0
NBPF5P,1.0,2.0
NBPF6,62.0,66.0
NBPF7P,31.0,32.0
NBPF8,15.0,20.0
NBPF9,21.0,27.0
NBR1,38.0,42.0
NCALD,18.0,14.0
NCAM1,67.0,70.0
NCAM2,77.0,94.0
NCAN,67.0,64.0
NCAPD2,119.0,131.0
NCAPD3,97.0,121.0
NCAPG,73.0,81.0
NCAPG2,107.0,115.0
NCAPH,86.0,86.0
NCAPH2,47.0,55.0
NCBP1,86.0,84.0
NCBP2,17.0,23.0
NCBP2AS2,16.0,16.0
NCBP2L,17.0,20.0
NCBP3,61.0,72.0
NCCRP1,15.0,16.0
NCDN,61.0,65.0
NCEH1,39.0,45.0
NCF1,41.0,40.0
NCF1B,3.0,6.0
NCF1C,3.0,4.0
NCF2,78.0,78.0
NCF4,59.0,55.0
NCK1,58.0,51.0
NCK2,46.0,51.0
NCKAP1,128.0,130.0
NCKAP1L,113.0,126.0
NCKAP5,246.0,230.0
NCKAP5L,120.0,120.0
NCKIPSD,59.0,57.0
NCL,48.0,52.0
NCLN,51.0,54.0
NCMAP,5.0,7.0
NCOA1,118.0,121.0
NCOA2,109.0,128.0
NCOA3,133.0,144.0
NCOA4,52.0,48.0
NCOA5,58.0,55.0
NCOA6,79.0,87.0
NCOA7,113.0,120.0
NCOR1,287.0,311.0
NCOR1P1,9.0,13.0
NCOR2,288.0,298.0
NCR1,29.0,28.0
NCR2,18.0,21.0
NCR3,18.0,22.0
NCR3LG1,28.0,27.0
NCS1,13.0,14.0
NCSTN,43.0,50.0
NDC1,59.0,66.0
NDC80,86.0,90.0
NDE1,42.0,43.0
NDEL1,61.0,55.0
NDFIP1,15.0,17.0
NDFIP2,19.0,24.0
NDN,38.0,39.0
NDNF,85.0,86.0
NDOR1,32.0,37.0
NDP,20.0,23.0
NDRG1,25.0,34.0
NDRG2,28.0,25.0
NDRG3,22.0,22.0
NDRG4,26.0,22.0
NDST1,94.0,91.0
NDST2,77.0,72.0
NDST3,104.0,96.0
NDST4,72.0,73.0
NDUFA1,5.0,4.0
NDUFA10,48.0,51.0
NDUFA11,22.0,19.0
NDUFA12,12.0,14.0
NDUFA13,26.0,25.0
NDUFA2,10.0,12.0
NDUFA3,2.0,1.0
NDUFA5,20.0,19.0
NDUFA6,13.0,16.0
NDUFA7,23.0,26.0
NDUFA8,20.0,18.0
NDUFA9,56.0,52.0
NDUFAB1,8.0,9.0
NDUFAF1,41.0,40.0
NDUFAF2,35.0,28.0
NDUFAF3,32.0,28.0
NDUFAF4,27.0,36.0
NDUFAF5,30.0,35.0
NDUFAF6,37.0,36.0
NDUFAF7,65.0,57.0
NDUFAF8,12.0,10.0
NDUFB1,7.0,10.0
NDUFB10,24.0,24.0
NDUFB11,15.0,17.0
NDUFB3,17.0,15.0
NDUFB4,15.0,16.0
NDUFB5,21.0,21.0
NDUFB6,11.0,13.0
NDUFB7,12.0,11.0
NDUFB8,28.0,30.0
NDUFB9,22.0,18.0
NDUFC1,1.0,2.0
NDUFC2,16.0,19.0
NDUFC2-KCTD14,4.0,4.0
NDUFS1,71.0,80.0
NDUFS2,58.0,54.0
NDUFS3,32.0,41.0
NDUFS4,27.0,20.0
NDUFS5,13.0,14.0
NDUFS6,9.0,10.0
NDUFS7,18.0,24.0
NDUFS8,21.0,29.0
NDUFV1,45.0,47.0
NDUFV1-DT,10.0,11.0
NDUFV2,26.0,23.0
NDUFV3,14.0,10.0
NEB,1069.0,1121.0
NEBL,177.0,176.0
NECAB1,17.0,19.0
NECAB2,40.0,46.0
NECAB3,40.0,40.0
NECAP1,33.0,36.0
NECAP2,27.0,29.0
NECTIN1,49.0,51.0
NECTIN2,23.0,26.0
NECTIN3,46.0,38.0
NECTIN3-AS1,9.0,15.0
NECTIN4,51.0,50.0
NEDD1,48.0,58.0
NEDD4,124.0,130.0
NEDD4L,94.0,96.0
NEDD8,12.0,13.0
NEDD9,111.0,107.0
NEFH,94.0,88.0
NEFL,91.0,86.0
NEFM,134.0,159.0
NEGR1,24.0,22.0
NEIL1,58.0,63.0
NEIL2,48.0,52.0
NEIL3,84.0,91.0
NEK1,109.0,109.0
NEK10,122.0,140.0
NEK11,42.0,53.0
NEK2,61.0,62.0
NEK3,48.0,51.0
NEK4,87.0,87.0
NEK5,75.0,81.0
NEK6,26.0,27.0
NEK7,34.0,31.0
NEK8,49.0,48.0
NEK9,83.0,94.0
NELFA,42.0,31.0
NELFB,52.0,55.0
NELFCD,52.0,43.0
NELFE,34.0,41.0
NELL1,80.0,77.0
NELL2,96.0,102.0
NEMF,102.0,98.0
NEMP1,32.0,32.0
NEMP2,39.0,46.0
NENF,32.0,27.0
NEO1,107.0,116.0
NES,168.0,179.0
NET1,74.0,76.0
NETO1,52.0,66.0
NETO2,56.0,62.0
NEU1,25.0,28.0
NEU2,44.0,37.0
NEU3,83.0,73.0
NEU4,29.0,29.0
NEURL1,33.0,38.0
NEURL1B,46.0,57.0
NEURL2,9.0,9.0
NEURL3,40.0,39.0
NEURL4,136.0,127.0
NEUROD1,19.0,21.0
NEUROD2,36.0,41.0
NEUROD4,21.0,18.0
NEUROD6,27.0,35.0
NEUROG1,26.0,32.0
NEUROG2,21.0,26.0
NEUROG3,19.0,19.0
NEXMIF,127.0,129.0
NEXN,78.0,78.0
NEXN-AS1,15.0,17.0
NF1,221.0,240.0
NF2,91.0,97.0
NFAM1,16.0,17.0
NFASC,114.0,131.0
NFAT5,63.0,58.0
NFATC1,95.0,92.0
NFATC2,61.0,61.0
NFATC2IP,27.0,24.0
NFATC3,59.0,54.0
NFATC4,56.0,64.0
NFE2,21.0,22.0
NFE2L1,38.0,39.0
NFE2L2,27.0,23.0
NFE2L3,35.0,39.0
NFE4,11.0,11.0
NFIA,23.0,23.0
NFIB,41.0,36.0
NFIC,25.0,32.0
NFIL3,53.0,49.0
NFILZ,33.0,35.0
NFIX,23.0,23.0
NFKB1,114.0,115.0
NFKB2,98.0,94.0
NFKBIA,28.0,33.0
NFKBIB,31.0,38.0
NFKBID,15.0,17.0
NFKBIE,32.0,35.0
NFKBIL1,33.0,31.0
NFKBIZ,57.0,55.0
NFRKB,101.0,111.0
NFS1,58.0,60.0
NFU1,14.0,16.0
NFX1,171.0,174.0
NFXL1,94.0,109.0
NFYA,4.0,5.0
NFYB,5.0,6.0
NFYC,25.0,20.0
NGB,3.0,2.0
NGDN,41.0,40.0
NGEF,92.0,91.0
NGF,25.0,26.0
NGFR,11.0,15.0
NGLY1,86.0,94.0
NGRN,50.0,52.0
NHEJ1,35.0,35.0
NHERF1,51.0,47.0
NHERF2,47.0,52.0
NHERF4,53.0,63.0
NHLH1,7.0,10.0
NHLH2,4.0,3.0
NHLRC1,41.0,35.0
NHLRC2,44.0,46.0
NHLRC3,27.0,28.0
NHLRC4,4.0,3.0
NHP2,11.0,9.0
NHS,127.0,122.0
NHSL1,113.0,116.0
NHSL2,121.0,129.0
NHSL3,71.0,73.0
NIBAN1,78.0,68.0
NIBAN2,70.0,69.0
NIBAN3,50.0,50.0
NICN1,26.0,25.0
NICOL1,13.0,15.0
NID1,105.0,111.0
NID2,93.0,95.0
NIF3L1,38.0,43.0
NIFK,28.0,30.0
NIM1K,58.0,77.0
NIN,272.0,282.0
NINJ1,6.0,8.0
NINJ2,11.0,15.0
NINL,184.0,190.0
NIP7,39.0,34.0
NIPA1,15.0,9.0
NIPA2,8.0,8.0
NIPAL1,7.0,8.0
NIPAL2,16.0,16.0
NIPAL3,14.0,16.0
NIPAL4,16.0,23.0
NIPBL,244.0,257.0
NIPSNAP1,28.0,24.0
NIPSNAP2,28.0,27.0
NIPSNAP3A,28.0,30.0
NIPSNAP3B,23.0,29.0
NISCH,114.0,111.0
NIT1,34.0,40.0
NIT2,21.0,36.0
NKAIN1,6.0,5.0
NKAIN2,5.0,4.0
NKAIN3,6.0,7.0
NKAIN4,9.0,6.0
NKAP,43.0,33.0
NKAPD1,23.0,26.0
NKAPL,23.0,33.0
NKAPP1,6.0,9.0
NKD1,35.0,38.0
NKD2,42.0,48.0
NKIRAS1,26.0,24.0
NKIRAS2,21.0,21.0
NKPD1,77.0,73.0
NKRF,96.0,107.0
NKTR,146.0,148.0
NKX1-1,15.0,14.0
NKX1-2,16.0,16.0
NKX2-1,24.0,23.0
NKX2-2,26.0,23.0
NKX2-3,26.0,31.0
NKX2-4,12.0,11.0
NKX2-5,21.0,23.0
NKX2-6,24.0,25.0
NKX2-8,18.0,23.0
NKX3-1,26.0,37.0
NKX3-2,30.0,32.0
NKX6-1,29.0,23.0
NKX6-2,24.0,25.0
NKX6-3,30.0,32.0
NLE1,45.0,54.0
NLGN1,54.0,59.0
NLGN2,40.0,40.0
NLGN3,42.0,45.0
NLGN4X,39.0,41.0
NLGN4Y,11.0,14.0
NLK,62.0,69.0
NLN,89.0,93.0
NLRC3,122.0,123.0
NLRC4,111.0,117.0
NLRC5,139.0,142.0
NLRP1,152.0,161.0
NLRP10,83.0,82.0
NLRP11,91.0,86.0
NLRP12,110.0,110.0
NLRP13,91.0,94.0
NLRP14,105.0,118.0
NLRP2,123.0,115.0
NLRP2B,5.0,5.0
NLRP3,124.0,119.0
NLRP4,102.0,112.0
NLRP5,104.0,112.0
NLRP6,100.0,90.0
NLRP7,147.0,140.0
NLRP8,114.0,114.0
NLRP9,109.0,112.0
NLRX1,84.0,80.0
NMB,23.0,19.0
NMBR,17.0,25.0
NMD3,45.0,57.0
NME1,26.0,31.0
NME2,10.0,11.0
NME3,20.0,20.0
NME4,31.0,25.0
NME5,22.0,25.0
NME6,21.0,19.0
NME7,43.0,47.0
NME8,73.0,79.0
NME9,43.0,48.0
NMI,57.0,48.0
NMNAT1,46.0,43.0
NMNAT2,32.0,30.0
NMNAT3,33.0,34.0
NMRAL1,37.0,38.0
NMRK1,25.0,23.0
NMRK2,22.0,24.0
NMS,13.0,14.0
NMT1,55.0,53.0
NMT2,49.0,53.0
NMU,6.0,5.0
NMUR1,25.0,27.0
NMUR2,15.0,22.0
NNAT,11.0,8.0
NNMT,28.0,26.0
NNT,80.0,81.0
NOA1,63.0,78.0
NOB1,35.0,51.0
NOBOX,51.0,46.0
NOC2L,81.0,82.0
NOC3L,54.0,56.0
NOC4L,51.0,48.0
NOCT,72.0,64.0
NOD1,80.0,82.0
NOD2,86.0,90.0
NODAL,12.0,16.0
NOG,18.0,14.0
NOL10,85.0,95.0
NOL11,67.0,71.0
NOL12,9.0,7.0
NOL3,24.0,22.0
NOL4,86.0,85.0
NOL4L,31.0,28.0
NOL6,102.0,115.0
NOL7,22.0,24.0
NOL8,129.0,150.0
NOL9,36.0,37.0
NOLC1,69.0,66.0
NOM1,93.0,91.0
NOMO1,7.0,11.0
NOMO2,1.0,2.0
NOMO3,99.0,99.0
NONO,33.0,35.0
NOP10,11.0,13.0
NOP14,111.0,108.0
NOP16,14.0,15.0
NOP2,76.0,72.0
NOP53,11.0,8.0
NOP56,43.0,60.0
NOP58,69.0,87.0
NOP9,93.0,90.0
NOPCHAP1,23.0,27.0
NOS1,148.0,166.0
NOS1AP,65.0,71.0
NOS2,127.0,130.0
NOS3,129.0,118.0
NOSIP,39.0,36.0
NOSTRIN,85.0,82.0
NOTCH1,116.0,115.0
NOTCH2,103.0,118.0
NOTCH2NLA,5.0,4.0
NOTCH2NLB,14.0,16.0
NOTCH2NLC,4.0,4.0
NOTCH2NLR,15.0,17.0
NOTCH3,110.0,131.0
NOTCH4,105.0,100.0
NOTO,8.0,10.0
NOTUM,21.0,29.0
NOVA1,53.0,46.0
NOVA2,36.0,31.0
NOX1,45.0,54.0
NOX3,42.0,46.0
NOX4,60.0,57.0
NOX5,88.0,96.0
NOXA1,43.0,40.0
NOXO1,51.0,47.0
NOXRED1,44.0,44.0
NPAP1,64.0,65.0
NPAS1,32.0,34.0
NPAS2,58.0,63.0
NPAS3,66.0,70.0
NPAS4,28.0,29.0
NPAT,104.0,107.0
NPB,16.0,16.0
NPBWR1,8.0,7.0
NPBWR2,2.0,4.0
NPC1,54.0,59.0
NPC1L1,68.0,74.0
NPC2,12.0,16.0
NPDC1,29.0,30.0
NPEPL1,37.0,38.0
NPEPPS,101.0,106.0
NPEPPSL1,15.0,22.0
NPFF,9.0,8.0
NPFFR1,6.0,6.0
NPFFR2,27.0,30.0
NPHP1,68.0,65.0
NPHP3,155.0,160.0
NPHP4,97.0,104.0
NPHS1,104.0,107.0
NPHS2,52.0,53.0
NPIPA1,28.0,35.0
NPIPA2,14.0,14.0
NPIPA5,1.0,
NPIPA7,5.0,4.0
NPIPB11,22.0,25.0
NPIPB13,12.0,16.0
NPIPB15,29.0,31.0
NPIPB2,25.0,28.0
NPIPB3,64.0,76.0
NPIPB6,23.0,24.0
NPIPB7,4.0,5.0
NPIPB8,11.0,5.0
NPIPB9,1.0,3.0
NPL,23.0,25.0
NPLOC4,66.0,66.0
NPM1,17.0,19.0
NPM2,11.0,12.0
NPM3,10.0,12.0
NPNT,79.0,67.0
NPPA,6.0,9.0
NPPB,7.0,8.0
NPPC,15.0,15.0
NPR1,113.0,115.0
NPR2,101.0,109.0
NPR3,32.0,34.0
NPRL2,31.0,33.0
NPRL3,52.0,51.0
NPS,3.0,3.0
NPSR1,14.0,18.0
NPTN,43.0,47.0
NPTX1,33.0,40.0
NPTX2,65.0,63.0
NPTXR,32.0,29.0
NPVF,8.0,9.0
NPW,15.0,21.0
NPY,9.0,9.0
NPY1R,18.0,15.0
NPY2R,2.0,5.0
NPY4R,16.0,13.0
NPY5R,28.0,30.0
NPY6R,12.0,17.0
NQO1,19.0,14.0
NQO2,31.0,31.0
NR0B1,45.0,44.0
NR0B2,13.0,16.0
NR1D1,46.0,54.0
NR1D2,56.0,54.0
NR1H2,60.0,63.0
NR1H3,48.0,49.0
NR1H4,52.0,61.0
NR1I2,47.0,53.0
NR1I3,25.0,25.0
NR2C1,45.0,58.0
NR2C2,78.0,78.0
NR2C2AP,9.0,8.0
NR2E1,40.0,34.0
NR2E3,60.0,51.0
NR2F1,33.0,32.0
NR2F2,12.0,11.0
NR2F6,46.0,41.0
NR3C1,72.0,72.0
NR3C2,91.0,80.0
NR4A1,57.0,43.0
NR4A2,28.0,34.0
NR4A3,30.0,28.0
NR5A1,35.0,33.0
NR5A2,33.0,35.0
NR6A1,56.0,52.0
NRAC,19.0,17.0
NRAP,280.0,285.0
NRARP,7.0,6.0
NRAS,24.0,36.0
NRBF2,41.0,35.0
NRBP1,18.0,21.0
NRBP2,62.0,64.0
NRCAM,102.0,110.0
NRDC,103.0,113.0
NRDE2,116.0,122.0
NREP,3.0,1.0
NRF1,12.0,12.0
NRG1,48.0,46.0
NRG2,82.0,87.0
NRG3,42.0,43.0
NRG4,6.0,6.0
NRGN,6.0,5.0
NRIP1,154.0,164.0
NRIP2,17.0,16.0
NRIP3,31.0,34.0
NRK,129.0,128.0
NRL,7.0,8.0
NRM,15.0,16.0
NRN1,5.0,3.0
NRN1L,9.0,12.0
NRP1,81.0,92.0
NRP2,103.0,112.0
NRROS,66.0,60.0
NRSN1,14.0,12.0
NRSN2,7.0,7.0
NRTN,10.0,7.0
NRXN1,156.0,150.0
NRXN2,143.0,155.0
NRXN3,146.0,162.0
NSA2,27.0,29.0
NSD1,302.0,331.0
NSD2,152.0,168.0
NSD3,167.0,169.0
NSDHL,57.0,56.0
NSF,102.0,109.0
NSFL1C,42.0,49.0
NSG1,16.0,15.0
NSG2,15.0,19.0
NSL1,23.0,22.0
NSMAF,67.0,67.0
NSMCE1,38.0,37.0
NSMCE2,22.0,23.0
NSMCE3,46.0,49.0
NSMCE4A,42.0,57.0
NSMF,66.0,65.0
NSRP1,56.0,64.0
NSUN2,105.0,97.0
NSUN3,46.0,51.0
NSUN4,22.0,25.0
NSUN5,46.0,47.0
NSUN5P1,6.0,5.0
NSUN5P2,44.0,53.0
NSUN6,60.0,66.0
NSUN7,94.0,94.0
NT5C,25.0,16.0
NT5C1A,42.0,44.0
NT5C1B,58.0,59.0
NT5C2,63.0,59.0
NT5C3A,41.0,44.0
NT5C3B,30.0,33.0
NT5DC1,47.0,51.0
NT5DC2,68.0,60.0
NT5DC3,58.0,65.0
NT5DC4,39.0,32.0
NT5E,49.0,43.0
NT5M,29.0,27.0
NTAN1,25.0,34.0
NTAQ1,9.0,10.0
NTF3,38.0,50.0
NTF4,22.0,22.0
NTHL1,26.0,30.0
NTM,18.0,16.0
NTM-AS1,14.0,16.0
NTMT1,22.0,20.0
NTMT2,19.0,18.0
NTN1,54.0,55.0
NTN3,62.0,76.0
NTN4,46.0,48.0
NTN5,41.0,39.0
NTNG1,36.0,37.0
NTNG2,64.0,62.0
NTPCR,23.0,28.0
NTRK1,62.0,60.0
NTRK2,53.0,55.0
NTRK3,61.0,73.0
NTS,5.0,10.0
NTSR1,17.0,16.0
NTSR2,23.0,21.0
NUAK1,74.0,75.0
NUAK2,69.0,69.0
NUB1,76.0,78.0
NUBP1,18.0,17.0
NUBP2,19.0,25.0
NUBPL,24.0,24.0
NUCB1,78.0,89.0
NUCB2,38.0,41.0
NUCKS1,15.0,18.0
NUDC,53.0,56.0
NUDCD1,65.0,69.0
NUDCD2,12.0,9.0
NUDCD3,35.0,41.0
NUDT1,10.0,13.0
NUDT10,16.0,11.0
NUDT11,3.0,4.0
NUDT12,76.0,70.0
NUDT13,31.0,36.0
NUDT14,27.0,33.0
NUDT15,19.0,26.0
NUDT16,26.0,26.0
NUDT16L1,30.0,32.0
NUDT17,23.0,34.0
NUDT18,37.0,37.0
NUDT19,30.0,36.0
NUDT2,18.0,24.0
NUDT21,18.0,25.0
NUDT22,21.0,15.0
NUDT3,27.0,30.0
NUDT4,11.0,8.0
NUDT5,34.0,34.0
NUDT6,26.0,27.0
NUDT7,26.0,29.0
NUDT8,20.0,23.0
NUDT9,39.0,40.0
NUF2,72.0,68.0
NUFIP1,37.0,52.0
NUFIP2,67.0,75.0
NUGGC,84.0,89.0
NUMA1,292.0,323.0
NUMB,57.0,60.0
NUMBL,66.0,71.0
NUP107,87.0,106.0
NUP133,98.0,104.0
NUP153,102.0,111.0
NUP155,92.0,105.0
NUP160,107.0,108.0
NUP188,162.0,174.0
NUP205,155.0,157.0
NUP210,92.0,107.0
NUP210L,177.0,187.0
NUP214,106.0,95.0
NUP35,24.0,31.0
NUP37,27.0,30.0
NUP42,37.0,37.0
NUP43,9.0,13.0
NUP50,63.0,67.0
NUP54,65.0,63.0
NUP58,29.0,30.0
NUP62,23.0,29.0
NUP62CL,5.0,4.0
NUP85,48.0,56.0
NUP88,72.0,75.0
NUP93,102.0,103.0
NUP98,162.0,161.0
NUPR1,5.0,5.0
NUPR2,,1.0
NUS1,27.0,22.0
NUSAP1,75.0,65.0
NUTF2,2.0,1.0
NUTM1,51.0,48.0
NUTM2A,11.0,19.0
NUTM2B,46.0,43.0
NUTM2D,6.0,8.0
NUTM2E,11.0,9.0
NUTM2F,67.0,76.0
NUTM2G,4.0,7.0
NVL,96.0,98.0
NWD1,162.0,176.0
NWD2,174.0,187.0
NXF1,64.0,61.0
NXF2,68.0,79.0
NXF3,50.0,48.0
NXF5,18.0,21.0
NXN,34.0,43.0
NXNL1,19.0,17.0
NXNL2,29.0,28.0
NXPE1,69.0,73.0
NXPE2,83.0,74.0
NXPE3,34.0,35.0
NXPE4,77.0,83.0
NXPH1,25.0,26.0
NXPH2,22.0,22.0
NXPH3,17.0,25.0
NXPH4,16.0,18.0
NXT1,5.0,8.0
NXT2,9.0,10.0
NYAP1,92.0,105.0
NYAP2,45.0,49.0
NYNRIN,174.0,193.0
NYX,29.0,35.0
OAF,17.0,19.0
OARD1,26.0,32.0
OAS1,38.0,35.0
OAS2,64.0,74.0
OAS3,93.0,89.0
OASL,39.0,39.0
OAT,62.0,62.0
OAZ1,31.0,36.0
OAZ2,25.0,32.0
OAZ3,18.0,20.0
OBI1,78.0,86.0
OBP2A,5.0,7.0
OBP2B,14.0,15.0
OBSCN,659.0,645.0
OBSCN-AS1,22.0,18.0
OBSL1,180.0,194.0
OC90,28.0,31.0
OCA2,62.0,75.0
OCC1,6.0,6.0
OCEL1,14.0,16.0
OCIAD1,21.0,19.0
OCIAD2,24.0,18.0
OCLN,30.0,30.0
OCM,22.0,21.0
OCM2,3.0,2.0
OCR1,9.0,12.0
OCRL,111.0,113.0
OCSTAMP,56.0,60.0
ODAD1,78.0,74.0
ODAD2,94.0,85.0
ODAD3,70.0,80.0
ODAD4,85.0,79.0
ODAM,4.0,6.0
ODAPH,12.0,10.0
ODC1,25.0,31.0
ODF1,17.0,16.0
ODF2,119.0,129.0
ODF2L,110.0,108.0
ODF4,36.0,36.0
ODR4,35.0,34.0
OFCC1,21.0,25.0
OFD1,141.0,145.0
OGA,84.0,78.0
OGDH,88.0,91.0
OGDHL,101.0,90.0
OGFOD1,50.0,57.0
OGFOD2,20.0,24.0
OGFOD3,29.0,26.0
OGFR,49.0,58.0
OGFRL1,72.0,80.0
OGG1,37.0,40.0
OGN,38.0,37.0
OGT,94.0,84.0
OIP5,18.0,22.0
OIT3,72.0,78.0
OLA1,62.0,60.0
OLAH,24.0,26.0
OLFM1,53.0,60.0
OLFM2,30.0,29.0
OLFM3,28.0,27.0
OLFM4,45.0,38.0
OLFML1,42.0,45.0
OLFML2A,36.0,38.0
OLFML2B,52.0,62.0
OLFML3,25.0,30.0
OLIG1,27.0,27.0
OLIG2,26.0,28.0
OLIG3,27.0,24.0
OLR1,13.0,12.0
OMA1,88.0,83.0
OMD,24.0,29.0
OMG,33.0,40.0
OMP,20.0,15.0
ONECUT1,17.0,19.0
ONECUT2,20.0,16.0
ONECUT3,10.0,16.0
OOEP,13.0,13.0
OOSP1,6.0,5.0
OOSP2,17.0,20.0
OOSP3,2.0,4.0
OOSP4A,7.0,5.0
OOSP4B,21.0,22.0
OPA1,156.0,156.0
OPA3,18.0,17.0
OPALIN,15.0,14.0
OPCML,32.0,40.0
OPHN1,118.0,124.0
OPLAH,103.0,113.0
OPN1LW,21.0,25.0
OPN1SW,25.0,26.0
OPN3,28.0,25.0
OPN4,22.0,16.0
OPN5,29.0,33.0
OPRD1,5.0,6.0
OPRK1,7.0,8.0
OPRL1,7.0,7.0
OPRM1,3.0,6.0
OPRPN,11.0,14.0
OPTC,20.0,28.0
OPTN,74.0,64.0
OR10A2,3.0,5.0
OR10A3,5.0,9.0
OR10A4,7.0,9.0
OR10A5,6.0,9.0
OR10A6,2.0,5.0
OR10A7,11.0,12.0
OR10AC1,6.0,11.0
OR10AD1,6.0,7.0
OR10AG1,9.0,9.0
OR10C1,12.0,12.0
OR10D3,14.0,17.0
OR10D4P,6.0,5.0
OR10G2,6.0,6.0
OR10G3,11.0,11.0
OR10G4,5.0,5.0
OR10G6,6.0,7.0
OR10G7,2.0,2.0
OR10G8,6.0,5.0
OR10G9,2.0,2.0
OR10H1,3.0,5.0
OR10H2,13.0,10.0
OR10H3,5.0,4.0
OR10H4,3.0,2.0
OR10H5,13.0,14.0
OR10J1,11.0,11.0
OR10J3,22.0,16.0
OR10J4,7.0,9.0
OR10J5,17.0,13.0
OR10J6P,8.0,10.0
OR10K1,11.0,10.0
OR10K2,4.0,4.0
OR10P1,11.0,13.0
OR10Q1,3.0,2.0
OR10R2,13.0,12.0
OR10S1,5.0,7.0
OR10T2,14.0,12.0
OR10W1,,2.0
OR10X1,6.0,5.0
OR10Z1,5.0,7.0
OR11A1,4.0,5.0
OR11G2,3.0,3.0
OR11H1,1.0,2.0
OR11H12,9.0,11.0
OR11H4,21.0,21.0
OR11H6,6.0,4.0
OR11H7,5.0,5.0
OR11L1,9.0,15.0
OR12D1,8.0,10.0
OR12D2,7.0,5.0
OR12D3,12.0,14.0
OR13A1,18.0,17.0
OR13C2,1.0,
OR13C3,14.0,12.0
OR13C4,5.0,7.0
OR13C5,13.0,15.0
OR13C6P,3.0,3.0
OR13C7,10.0,14.0
OR13C8,19.0,23.0
OR13C9,17.0,13.0
OR13D1,2.0,2.0
OR13F1,17.0,18.0
OR13G1,12.0,17.0
OR13H1,3.0,5.0
OR13J1,25.0,25.0
OR14A16,11.0,11.0
OR14A2,9.0,9.0
OR14C36,16.0,15.0
OR14I1,,2.0
OR14J1,21.0,16.0
OR14K1,5.0,10.0
OR14L1,12.0,10.0
OR1A1,4.0,6.0
OR1A2,10.0,16.0
OR1B1,6.0,7.0
OR1C1,3.0,3.0
OR1D2,6.0,7.0
OR1D4,5.0,6.0
OR1D5,1.0,1.0
OR1E1,2.0,1.0
OR1E2,3.0,3.0
OR1E3,6.0,5.0
OR1F12P,5.0,7.0
OR1F2P,8.0,11.0
OR1G1,,1.0
OR1I1,12.0,5.0
OR1J1,7.0,7.0
OR1J2,6.0,5.0
OR1J4,4.0,2.0
OR1K1,3.0,
OR1L1,14.0,19.0
OR1L3,10.0,13.0
OR1L4,6.0,8.0
OR1L6,16.0,19.0
OR1L8,19.0,24.0
OR1M1,9.0,7.0
OR1N1,1.0,3.0
OR1N2,8.0,11.0
OR1P1,9.0,12.0
OR1Q1,8.0,12.0
OR1R1,3.0,4.0
OR1S1,3.0,4.0
OR1S2,1.0,4.0
OR2A1,15.0,19.0
OR2A12,10.0,11.0
OR2A14,15.0,13.0
OR2A2,15.0,18.0
OR2A25,13.0,16.0
OR2A4,22.0,23.0
OR2A5,13.0,13.0
OR2A7,2.0,1.0
OR2AE1,11.0,12.0
OR2AG1,4.0,5.0
OR2AG2,9.0,12.0
OR2AJ1,17.0,18.0
OR2AK2,13.0,15.0
OR2AP1,8.0,4.0
OR2AT4,6.0,2.0
OR2B11,9.0,11.0
OR2B2,16.0,15.0
OR2B3,16.0,26.0
OR2B6,10.0,8.0
OR2B8,11.0,11.0
OR2C1,6.0,5.0
OR2C3,11.0,12.0
OR2D2,3.0,5.0
OR2D3,19.0,23.0
OR2F1,5.0,10.0
OR2F2,4.0,5.0
OR2G2,11.0,12.0
OR2G3,12.0,13.0
OR2G6,14.0,13.0
OR2H2,11.0,14.0
OR2I1,11.0,10.0
OR2J1,9.0,8.0
OR2J2,13.0,12.0
OR2J3,7.0,6.0
OR2K2,4.0,5.0
OR2L13,29.0,32.0
OR2L2,20.0,12.0
OR2L3,17.0,14.0
OR2L5,15.0,16.0
OR2L8,4.0,5.0
OR2M2,17.0,16.0
OR2M3,9.0,7.0
OR2M4,10.0,6.0
OR2M5,6.0,9.0
OR2M7,1.0,1.0
OR2S2,13.0,11.0
OR2T1,12.0,11.0
OR2T10,10.0,13.0
OR2T11,9.0,7.0
OR2T12,15.0,13.0
OR2T2,9.0,10.0
OR2T29,5.0,4.0
OR2T33,8.0,7.0
OR2T34,8.0,8.0
OR2T4,3.0,6.0
OR2T5,11.0,9.0
OR2T6,18.0,20.0
OR2T7,26.0,30.0
OR2T8,15.0,15.0
OR2V1,6.0,8.0
OR2V2,11.0,12.0
OR2W1,11.0,9.0
OR2W3,10.0,7.0
OR2W5P,18.0,17.0
OR2Y1,11.0,7.0
OR2Z1,9.0,11.0
OR3A1,13.0,18.0
OR3A2,3.0,3.0
OR3A3,12.0,13.0
OR3A4P,7.0,7.0
OR4A15,17.0,17.0
OR4A16,12.0,12.0
OR4A47,8.0,8.0
OR4A4P,1.0,1.0
OR4A5,8.0,10.0
OR4A8,11.0,15.0
OR4B1,6.0,5.0
OR4C11,13.0,12.0
OR4C12,10.0,8.0
OR4C13,7.0,7.0
OR4C15,9.0,5.0
OR4C16,9.0,10.0
OR4C3,9.0,10.0
OR4C45,3.0,3.0
OR4C46,7.0,6.0
OR4C5,13.0,15.0
OR4C6,10.0,10.0
OR4D1,5.0,5.0
OR4D10,12.0,13.0
OR4D11,12.0,14.0
OR4D2,13.0,13.0
OR4D5,13.0,15.0
OR4D6,13.0,14.0
OR4D9,5.0,5.0
OR4E1,6.0,4.0
OR4E2,13.0,15.0
OR4F15,3.0,3.0
OR4F17,7.0,7.0
OR4F21,4.0,5.0
OR4F6,10.0,14.0
OR4K1,3.0,5.0
OR4K13,13.0,17.0
OR4K14,15.0,10.0
OR4K15,11.0,7.0
OR4K17,4.0,4.0
OR4K2,4.0,4.0
OR4K3,1.0,
OR4K5,14.0,13.0
OR4L1,1.0,1.0
OR4M1,13.0,14.0
OR4M2,2.0,4.0
OR4M2B,1.0,2.0
OR4N2,9.0,10.0
OR4N4,10.0,12.0
OR4N4C,2.0,2.0
OR4N5,9.0,8.0
OR4P4,13.0,6.0
OR4Q2,9.0,8.0
OR4Q3,13.0,14.0
OR4S1,10.0,11.0
OR4S2,24.0,23.0
OR4X1,10.0,11.0
OR4X2,7.0,8.0
OR51A2,1.0,1.0
OR51A4,8.0,14.0
OR51A7,23.0,17.0
OR51B2,17.0,17.0
OR51B4,13.0,14.0
OR51B5,10.0,10.0
OR51B6,20.0,27.0
OR51C1,24.0,21.0
OR51D1,16.0,12.0
OR51E1,11.0,11.0
OR51E2,13.0,11.0
OR51F1,8.0,10.0
OR51F2,15.0,18.0
OR51G1,15.0,18.0
OR51G2,15.0,15.0
OR51H1,9.0,5.0
OR51I1,11.0,14.0
OR51I2,4.0,6.0
OR51J1,8.0,6.0
OR51L1,3.0,2.0
OR51M1,15.0,9.0
OR51Q1,16.0,22.0
OR51S1,3.0,4.0
OR51T1,9.0,8.0
OR51V1,10.0,12.0
OR52A1,11.0,12.0
OR52A4P,18.0,16.0
OR52A5,7.0,8.0
OR52B2,9.0,6.0
OR52B4,5.0,8.0
OR52B6,11.0,11.0
OR52D1,17.0,16.0
OR52E1,10.0,12.0
OR52E2,4.0,3.0
OR52E4,9.0,9.0
OR52E5,11.0,10.0
OR52E6,7.0,10.0
OR52E8,10.0,9.0
OR52H1,6.0,9.0
OR52I1,3.0,1.0
OR52I2,1.0,1.0
OR52J3,7.0,11.0
OR52K1,10.0,11.0
OR52K2,11.0,17.0
OR52L1,5.0,5.0
OR52L2P,16.0,14.0
OR52M1,11.0,13.0
OR52N1,10.0,8.0
OR52N2,9.0,8.0
OR52N4,10.0,14.0
OR52N5,13.0,9.0
OR52P1,11.0,14.0
OR52R1,21.0,24.0
OR52W1,9.0,11.0
OR52Z1P,12.0,14.0
OR56A1,8.0,8.0
OR56A3,11.0,10.0
OR56A4,7.0,5.0
OR56A5,15.0,17.0
OR56B1,18.0,15.0
OR56B2,14.0,18.0
OR56B4,19.0,17.0
OR5A1,7.0,10.0
OR5A2,8.0,16.0
OR5AC1,3.0,2.0
OR5AC2,5.0,5.0
OR5AK2,5.0,4.0
OR5AK3P,,1.0
OR5AL1,16.0,15.0
OR5AN1,6.0,5.0
OR5AP2,16.0,20.0
OR5AR1,6.0,9.0
OR5AS1,5.0,5.0
OR5AU1,21.0,21.0
OR5B12,6.0,5.0
OR5B17,17.0,21.0
OR5B2,5.0,6.0
OR5B21,6.0,7.0
OR5B3,8.0,6.0
OR5BS1,1.0,4.0
OR5C1,19.0,15.0
OR5D13,4.0,6.0
OR5D14,9.0,8.0
OR5D16,6.0,5.0
OR5D18,5.0,3.0
OR5D3,5.0,8.0
OR5F1,14.0,16.0
OR5G3,13.0,11.0
OR5H15,4.0,4.0
OR5H2,4.0,4.0
OR5H6,5.0,8.0
OR5H8,7.0,5.0
OR5I1,15.0,10.0
OR5J2,7.0,7.0
OR5K1,17.0,20.0
OR5K2,5.0,6.0
OR5K3,21.0,22.0
OR5K4,23.0,21.0
OR5L1,4.0,4.0
OR5L2,6.0,10.0
OR5M1,3.0,4.0
OR5M10,1.0,1.0
OR5M11,8.0,13.0
OR5M3,13.0,13.0
OR5M8,9.0,9.0
OR5M9,11.0,9.0
OR5P2,7.0,4.0
OR5P3,12.0,13.0
OR5T1,5.0,6.0
OR5T2,4.0,3.0
OR5T3,9.0,10.0
OR5V1,11.0,13.0
OR5W2,2.0,1.0
OR6A2,13.0,12.0
OR6B1,12.0,15.0
OR6B2,6.0,6.0
OR6B3,3.0,5.0
OR6C1,7.0,8.0
OR6C2,2.0,2.0
OR6C3,1.0,2.0
OR6C4,10.0,13.0
OR6C6,12.0,7.0
OR6C65,2.0,2.0
OR6C68,16.0,15.0
OR6C70,4.0,6.0
OR6C74,7.0,13.0
OR6C75,9.0,12.0
OR6C76,1.0,3.0
OR6F1,3.0,6.0
OR6J1,6.0,9.0
OR6K2,2.0,2.0
OR6K3,11.0,13.0
OR6K6,7.0,8.0
OR6M1,11.0,15.0
OR6N1,8.0,8.0
OR6N2,5.0,5.0
OR6P1,3.0,3.0
OR6Q1,13.0,11.0
OR6S1,5.0,6.0
OR6T1,10.0,14.0
OR6V1,5.0,3.0
OR6X1,3.0,5.0
OR6Y1,11.0,10.0
OR7A17,3.0,3.0
OR7A2P,3.0,2.0
OR7A5,3.0,5.0
OR7C1,5.0,6.0
OR7C2,5.0,7.0
OR7D2,4.0,5.0
OR7D4,15.0,12.0
OR7E24,4.0,10.0
OR7G1,4.0,7.0
OR7G2,5.0,6.0
OR7G3,6.0,6.0
OR8A1,11.0,14.0
OR8B12,4.0,5.0
OR8B2,3.0,5.0
OR8B3,6.0,9.0
OR8B4,1.0,1.0
OR8B8,1.0,3.0
OR8D1,5.0,8.0
OR8D2,3.0,2.0
OR8D4,11.0,13.0
OR8G1,13.0,12.0
OR8G2P,6.0,6.0
OR8G3,3.0,5.0
OR8G5,7.0,10.0
OR8H1,5.0,5.0
OR8H2,8.0,5.0
OR8H3,4.0,4.0
OR8I2,3.0,4.0
OR8J1,1.0,
OR8J2,6.0,7.0
OR8J3,6.0,5.0
OR8K1,6.0,6.0
OR8K3,10.0,14.0
OR8K5,15.0,18.0
OR8S1,10.0,12.0
OR8U3,10.0,12.0
OR8U8,6.0,5.0
OR8U9,4.0,4.0
OR9A1P,22.0,22.0
OR9A2,8.0,10.0
OR9A4,4.0,4.0
OR9G1,13.0,11.0
OR9G4,13.0,12.0
OR9G9,3.0,5.0
OR9H1,4.0,4.0
OR9I1,10.0,11.0
OR9K2,12.0,12.0
OR9Q1,,1.0
OR9Q2,5.0,8.0
ORAI1,11.0,12.0
ORAI2,5.0,5.0
ORAI3,15.0,17.0
ORC1,88.0,88.0
ORC2,39.0,47.0
ORC3,101.0,101.0
ORC4,53.0,56.0
ORC5,56.0,68.0
ORC6,16.0,21.0
ORM1,37.0,31.0
ORM2,20.0,17.0
ORMDL1,10.0,10.0
ORMDL2,19.0,18.0
ORMDL3,19.0,15.0
OS9,40.0,43.0
OSBP,80.0,80.0
OSBP2,103.0,91.0
OSBPL10,89.0,91.0
OSBPL11,96.0,91.0
OSBPL1A,105.0,98.0
OSBPL2,40.0,43.0
OSBPL3,79.0,84.0
OSBPL5,133.0,138.0
OSBPL6,115.0,107.0
OSBPL7,111.0,114.0
OSBPL8,133.0,148.0
OSBPL9,55.0,57.0
OSCAR,15.0,18.0
OSCP1,67.0,72.0
OSER1,33.0,31.0
OSGEP,44.0,48.0
OSGEPL1,33.0,35.0
OSGIN1,35.0,29.0
OSGIN2,48.0,52.0
OSM,25.0,19.0
OSMR,80.0,74.0
OSR1,13.0,12.0
OSR2,24.0,24.0
OSTC,8.0,7.0
OSTF1,25.0,21.0
OSTM1,25.0,22.0
OSTN,10.0,8.0
OTC,40.0,42.0
OTOA,99.0,94.0
OTOF,191.0,207.0
OTOG,180.0,180.0
OTOGL,181.0,191.0
OTOL1,30.0,41.0
OTOP1,27.0,32.0
OTOP2,15.0,18.0
OTOP3,20.0,27.0
OTOR,4.0,6.0
OTOS,1.0,1.0
OTP,23.0,22.0
OTUB1,35.0,35.0
OTUB2,19.0,24.0
OTUD1,43.0,52.0
OTUD3,43.0,45.0
OTUD4,97.0,106.0
OTUD5,68.0,59.0
OTUD6A,29.0,35.0
OTUD6B,42.0,32.0
OTUD7A,133.0,140.0
OTUD7B,99.0,97.0
OTULIN,29.0,41.0
OTULINL,21.0,23.0
OTX1,18.0,22.0
OTX2,13.0,16.0
OVCA2,17.0,11.0
OVCH1,113.0,102.0
OVCH2,36.0,43.0
OVGP1,61.0,77.0
OVOL1,12.0,13.0
OVOL2,27.0,28.0
OVOL3,32.0,32.0
OVOS1,72.0,70.0
OXA1L,25.0,31.0
OXCT1,43.0,53.0
OXCT2,33.0,37.0
OXER1,11.0,10.0
OXGR1,7.0,8.0
OXLD1,17.0,11.0
OXNAD1,51.0,54.0
OXR1,90.0,111.0
OXSM,21.0,25.0
OXSR1,45.0,41.0
OXT,7.0,7.0
OXTR,15.0,16.0
P12LL,68.0,71.0
P2RX1,38.0,44.0
P2RX2,26.0,27.0
P2RX3,62.0,71.0
P2RX4,21.0,24.0
P2RX5,31.0,41.0
P2RX6,46.0,45.0
P2RX7,87.0,89.0
P2RY1,27.0,19.0
P2RY10,18.0,19.0
P2RY11,24.0,32.0
P2RY12,11.0,14.0
P2RY13,19.0,19.0
P2RY14,16.0,15.0
P2RY2,25.0,28.0
P2RY4,12.0,13.0
P2RY6,14.0,14.0
P2RY8,11.0,12.0
P3H1,83.0,76.0
P3H2,56.0,49.0
P3H3,60.0,58.0
P3H4,66.0,62.0
P3R3URF,4.0,3.0
P4HA1,74.0,78.0
P4HA2,72.0,69.0
P4HA3,86.0,82.0
P4HB,73.0,87.0
P4HTM,38.0,31.0
PA2G4,49.0,48.0
PAAF1,49.0,46.0
PAAT,60.0,62.0
PABIR1,33.0,34.0
PABIR2,8.0,14.0
PABIR3,19.0,18.0
PABPC1,95.0,95.0
PABPC1L,66.0,66.0
PABPC1L2A,19.0,24.0
PABPC3,47.0,51.0
PABPC4,55.0,54.0
PABPC4L,36.0,39.0
PABPC5,47.0,56.0
PABPN1,17.0,23.0
PABPN1L,30.0,27.0
PACC1,28.0,31.0
PACRG,27.0,28.0
PACRGL,26.0,24.0
PACS1,94.0,104.0
PACS2,66.0,71.0
PACSIN1,53.0,54.0
PACSIN2,57.0,63.0
PACSIN3,43.0,45.0
PADI1,62.0,63.0
PADI2,46.0,58.0
PADI3,70.0,85.0
PADI4,38.0,28.0
PADI6,43.0,45.0
PAEP,23.0,18.0
PAF1,60.0,59.0
PAFAH1B1,42.0,42.0
PAFAH1B2,12.0,13.0
PAFAH1B3,29.0,27.0
PAFAH2,42.0,40.0
PAG1,32.0,39.0
PAGE1,13.0,11.0
PAGE2B,3.0,1.0
PAGE3,2.0,1.0
PAGE4,10.0,8.0
PAGE5,14.0,15.0
PAGR1,19.0,22.0
PAH,62.0,54.0
PAICS,59.0,54.0
PAIP1,50.0,41.0
PAIP2,7.0,6.0
PAIP2B,4.0,5.0
PAK1,44.0,47.0
PAK1IP1,58.0,53.0
PAK2,56.0,59.0
PAK3,60.0,60.0
PAK4,43.0,52.0
PAK5,80.0,76.0
PAK6,73.0,71.0
PAK6-AS1,13.0,13.0
PALB2,95.0,104.0
PALD1,94.0,86.0
PALLD,132.0,134.0
PALM,35.0,42.0
PALM2AKAP2,101.0,112.0
PALM3,70.0,69.0
PALMD,46.0,44.0
PALS1,56.0,52.0
PALS2,65.0,70.0
PAM,65.0,67.0
PAM16,18.0,23.0
PAMR1,85.0,80.0
PAN2,90.0,87.0
PAN3,81.0,96.0
PANK1,61.0,62.0
PANK2,64.0,67.0
PANK3,22.0,18.0
PANK4,136.0,137.0
PANO1,24.0,26.0
PANX1,29.0,24.0
PANX2,68.0,74.0
PANX3,23.0,28.0
PAOX,22.0,29.0
PAPLN,94.0,98.0
PAPOLA,96.0,99.0
PAPOLB,46.0,53.0
PAPOLG,81.0,70.0
PAPPA,99.0,112.0
PAPPA-AS1,6.0,5.0
PAPPA2,116.0,113.0
PAPSS1,63.0,51.0
PAPSS2,68.0,70.0
PAQR3,12.0,9.0
PAQR4,13.0,13.0
PAQR5,12.0,9.0
PAQR6,17.0,12.0
PAQR7,14.0,12.0
PAQR8,22.0,16.0
PAQR9,27.0,24.0
PARD3,172.0,189.0
PARD3B,195.0,205.0
PARD6A,26.0,34.0
PARD6B,26.0,29.0
PARD6G,25.0,27.0
PARG,129.0,132.0
PARK7,14.0,19.0
PARL,32.0,31.0
PARM1,7.0,9.0
PARN,82.0,85.0
PARP1,148.0,158.0
PARP10,55.0,60.0
PARP11,22.0,27.0
PARP12,60.0,71.0
PARP14,232.0,230.0
PARP15,53.0,58.0
PARP16,34.0,35.0
PARP2,54.0,51.0
PARP3,65.0,56.0
PARP4,183.0,183.0
PARP6,46.0,56.0
PARP8,62.0,62.0
PARP9,98.0,94.0
PARPBP,67.0,66.0
PARS2,36.0,41.0
PARVA,29.0,15.0
PARVB,53.0,44.0
PARVG,58.0,54.0
PASD1,56.0,50.0
PASK,78.0,84.0
PATE1,23.0,21.0
PATE2,13.0,12.0
PATE3,13.0,16.0
PATE4,8.0,6.0
PATJ,149.0,165.0
PATL1,67.0,79.0
PATL2,36.0,39.0
PATZ1,84.0,75.0
PAWR,21.0,21.0
PAX1,35.0,38.0
PAX2,10.0,14.0
PAX3,31.0,28.0
PAX4,22.0,21.0
PAX5,37.0,35.0
PAX6,45.0,44.0
PAX7,37.0,37.0
PAX8,21.0,22.0
PAX9,15.0,24.0
PAXBP1,87.0,86.0
PAXIP1,81.0,84.0
PAXX,18.0,26.0
PBDC1,32.0,28.0
PBK,27.0,28.0
PBLD,22.0,20.0
PBRM1,219.0,223.0
PBX1,27.0,22.0
PBX2,23.0,22.0
PBX3,15.0,15.0
PBX4,37.0,45.0
PBXIP1,67.0,74.0
PC,112.0,107.0
PCARE,173.0,166.0
PCBD1,18.0,14.0
PCBD2,22.0,29.0
PCBP1,18.0,23.0
PCBP2,25.0,28.0
PCBP3,29.0,30.0
PCBP4,23.0,28.0
PCCA,102.0,103.0
PCCB,50.0,55.0
PCDH1,74.0,83.0
PCDH10,64.0,61.0
PCDH11X,84.0,71.0
PCDH11Y,34.0,40.0
PCDH12,82.0,80.0
PCDH15,156.0,155.0
PCDH17,101.0,109.0
PCDH18,73.0,80.0
PCDH19,94.0,94.0
PCDH20,55.0,52.0
PCDH7,83.0,86.0
PCDH8,75.0,71.0
PCDH9,94.0,93.0
PCDHA1,50.0,47.0
PCDHA10,36.0,32.0
PCDHA11,53.0,47.0
PCDHA12,32.0,29.0
PCDHA13,30.0,34.0
PCDHA2,35.0,39.0
PCDHA3,36.0,31.0
PCDHA4,44.0,52.0
PCDHA5,50.0,50.0
PCDHA6,46.0,49.0
PCDHA7,63.0,69.0
PCDHA8,35.0,28.0
PCDHA9,26.0,24.0
PCDHAC1,59.0,64.0
PCDHAC2,45.0,47.0
PCDHB1,60.0,73.0
PCDHB10,20.0,18.0
PCDHB11,22.0,25.0
PCDHB12,30.0,27.0
PCDHB13,27.0,25.0
PCDHB14,52.0,50.0
PCDHB15,34.0,35.0
PCDHB16,56.0,59.0
PCDHB18P,42.0,53.0
PCDHB2,30.0,28.0
PCDHB3,27.0,30.0
PCDHB4,30.0,36.0
PCDHB5,25.0,25.0
PCDHB6,43.0,48.0
PCDHB7,30.0,34.0
PCDHB8,34.0,30.0
PCDHB9,40.0,33.0
PCDHGA1,29.0,27.0
PCDHGA10,39.0,48.0
PCDHGA11,43.0,37.0
PCDHGA12,59.0,64.0
PCDHGA2,48.0,54.0
PCDHGA3,43.0,36.0
PCDHGA4,54.0,51.0
PCDHGA5,52.0,60.0
PCDHGA6,52.0,53.0
PCDHGA7,56.0,63.0
PCDHGA8,53.0,56.0
PCDHGA9,82.0,83.0
PCDHGB1,15.0,19.0
PCDHGB2,23.0,29.0
PCDHGB3,51.0,64.0
PCDHGB4,34.0,37.0
PCDHGB5,32.0,30.0
PCDHGB6,55.0,60.0
PCDHGB7,64.0,55.0
PCDHGC3,70.0,72.0
PCDHGC4,71.0,73.0
PCDHGC5,36.0,35.0
PCED1A,29.0,27.0
PCED1B,37.0,39.0
PCF11,148.0,173.0
PCGF1,29.0,30.0
PCGF2,14.0,19.0
PCGF3,16.0,11.0
PCGF5,28.0,27.0
PCGF6,35.0,30.0
PCID2,58.0,67.0
PCIF1,85.0,84.0
PCK1,86.0,86.0
PCK2,80.0,90.0
PCLAF,13.0,13.0
PCLO,550.0,587.0
PCM1,182.0,203.0
PCMT1,26.0,24.0
PCMTD1,42.0,45.0
PCMTD2,41.0,44.0
PCNA,30.0,33.0
PCNP,23.0,22.0
PCNT,464.0,477.0
PCNX1,188.0,187.0
PCNX2,159.0,177.0
PCNX3,163.0,155.0
PCNX4,87.0,91.0
PCOLCE,32.0,37.0
PCOLCE2,57.0,45.0
PCOTH,7.0,6.0
PCP2,10.0,11.0
PCP4,4.0,4.0
PCP4L1,9.0,4.0
PCSK1,61.0,60.0
PCSK1N,38.0,32.0
PCSK2,67.0,65.0
PCSK4,68.0,64.0
PCSK5,135.0,149.0
PCSK6,74.0,82.0
PCSK7,61.0,57.0
PCSK9,51.0,44.0
PCTP,13.0,14.0
PCYOX1,44.0,48.0
PCYOX1L,32.0,34.0
PCYT1A,30.0,26.0
PCYT1B,26.0,32.0
PCYT2,52.0,59.0
PDAP1,20.0,24.0
PDC,30.0,32.0
PDCD1,22.0,28.0
PDCD10,39.0,41.0
PDCD11,216.0,237.0
PDCD1LG2,12.0,15.0
PDCD2,35.0,30.0
PDCD2L,15.0,19.0
PDCD4,32.0,39.0
PDCD5,22.0,19.0
PDCD6,12.0,15.0
PDCD6IP,92.0,92.0
PDCD7,43.0,45.0
PDCL,26.0,25.0
PDCL2,23.0,22.0
PDCL3,20.0,23.0
PDE10A,103.0,100.0
PDE11A,106.0,114.0
PDE12,54.0,52.0
PDE1A,52.0,51.0
PDE1B,53.0,55.0
PDE1C,66.0,78.0
PDE2A,71.0,86.0
PDE3A,76.0,80.0
PDE3B,72.0,74.0
PDE4A,91.0,92.0
PDE4B,77.0,62.0
PDE4C,83.0,80.0
PDE4D,79.0,82.0
PDE4DIP,297.0,310.0
PDE5A,114.0,109.0
PDE6A,114.0,120.0
PDE6B,75.0,75.0
PDE6C,143.0,148.0
PDE6D,11.0,14.0
PDE6H,3.0,5.0
PDE7A,70.0,63.0
PDE7B,55.0,57.0
PDE8A,92.0,94.0
PDE8B,92.0,94.0
PDE9A,54.0,55.0
PDF,34.0,38.0
PDGFA,5.0,5.0
PDGFB,15.0,14.0
PDGFC,33.0,41.0
PDGFD,39.0,49.0
PDGFRA,87.0,76.0
PDGFRB,59.0,69.0
PDGFRL,45.0,46.0
PDHA1,33.0,41.0
PDHA2,22.0,23.0
PDHB,17.0,21.0
PDHX,57.0,61.0
PDIA2,43.0,47.0
PDIA3,51.0,51.0
PDIA4,85.0,83.0
PDIA5,68.0,76.0
PDIA6,32.0,28.0
PDIK1L,52.0,53.0
PDILT,73.0,75.0
PDK1,49.0,47.0
PDK2,37.0,35.0
PDK3,42.0,42.0
PDK4,33.0,32.0
PDLIM1,52.0,68.0
PDLIM2,51.0,47.0
PDLIM3,51.0,59.0
PDLIM4,51.0,50.0
PDLIM5,63.0,65.0
PDLIM7,45.0,48.0
PDP1,63.0,76.0
PDP2,40.0,44.0
PDPK1,70.0,74.0
PDPK2P,4.0,9.0
PDPN,3.0,4.0
PDPR,85.0,73.0
PDRG1,9.0,7.0
PDS5A,149.0,151.0
PDS5B,145.0,151.0
PDSS1,29.0,35.0
PDSS2,51.0,50.0
PDX1,22.0,18.0
PDXDC1,91.0,92.0
PDXDC2P,22.0,15.0
PDXK,8.0,9.0
PDXP,32.0,36.0
PDYN,27.0,21.0
PDZD11,16.0,19.0
PDZD2,306.0,332.0
PDZD4,71.0,70.0
PDZD7,98.0,107.0
PDZD8,113.0,116.0
PDZD9,23.0,23.0
PDZK1,58.0,66.0
PDZK1IP1,6.0,7.0
PDZK1P1,14.0,17.0
PDZRN3,137.0,134.0
PDZRN4,110.0,112.0
PEA15,22.0,26.0
PEAK1,184.0,198.0
PEAK3,31.0,34.0
PEAR1,54.0,58.0
PEBP1,21.0,21.0
PEBP4,16.0,18.0
PECAM1,86.0,95.0
PECR,25.0,31.0
PEDS1,12.0,16.0
PEF1,8.0,7.0
PEG10,46.0,48.0
PEG3,158.0,164.0
PELI1,33.0,33.0
PELI2,51.0,51.0
PELI3,41.0,40.0
PELO,44.0,46.0
PELP1,57.0,51.0
PEMT,2.0,3.0
PENK,38.0,36.0
PEPD,30.0,38.0
PER1,81.0,82.0
PER2,105.0,96.0
PER3,109.0,103.0
PERCC1,22.0,31.0
PERM1,40.0,38.0
PERP,4.0,5.0
PES1,55.0,53.0
PET100,4.0,5.0
PET117,3.0,3.0
PEX1,126.0,127.0
PEX10,39.0,38.0
PEX11A,24.0,36.0
PEX11B,26.0,29.0
PEX11G,20.0,25.0
PEX12,28.0,30.0
PEX13,34.0,33.0
PEX14,36.0,33.0
PEX16,27.0,26.0
PEX19,29.0,28.0
PEX2,41.0,37.0
PEX26,31.0,33.0
PEX3,38.0,43.0
PEX5,58.0,68.0
PEX5L,65.0,66.0
PEX6,74.0,67.0
PEX7,26.0,30.0
PF4,12.0,15.0
PF4V1,2.0,3.0
PFAS,91.0,104.0
PFDN1,17.0,17.0
PFDN2,23.0,23.0
PFDN4,12.0,13.0
PFDN5,21.0,21.0
PFDN6,25.0,18.0
PFKFB1,64.0,68.0
PFKFB2,100.0,101.0
PFKFB3,73.0,80.0
PFKFB4,53.0,61.0
PFKL,65.0,66.0
PFKM,55.0,49.0
PFKP,42.0,47.0
PFN1,20.0,21.0
PFN2,18.0,16.0
PFN3,13.0,11.0
PFN4,19.0,10.0
PGA4,12.0,12.0
PGAM1,11.0,15.0
PGAM2,43.0,46.0
PGAM4,15.0,16.0
PGAM5,52.0,52.0
PGAP1,84.0,76.0
PGAP2,6.0,6.0
PGAP3,9.0,10.0
PGAP4,31.0,35.0
PGAP6,44.0,45.0
PGBD1,65.0,65.0
PGBD2,36.0,38.0
PGBD4,48.0,57.0
PGBD5,37.0,34.0
PGC,1.0,
PGCKA1,10.0,13.0
PGD,50.0,50.0
PGF,14.0,20.0
PGGHG,41.0,42.0
PGGT1B,39.0,49.0
PGK1,70.0,74.0
PGK2,34.0,37.0
PGLS,19.0,23.0
PGLYRP1,21.0,17.0
PGLYRP2,40.0,39.0
PGLYRP3,9.0,11.0
PGLYRP4,24.0,22.0
PGM1,74.0,83.0
PGM2,79.0,87.0
PGM2L1,80.0,79.0
PGM3,52.0,63.0
PGM5,71.0,78.0
PGP,38.0,45.0
PGPEP1,6.0,7.0
PGPEP1L,30.0,28.0
PGR,65.0,70.0
PGRMC1,19.0,18.0
PGRMC2,21.0,20.0
PGS1,40.0,44.0
PHACTR1,69.0,64.0
PHACTR2,48.0,46.0
PHACTR3,62.0,65.0
PHACTR4,65.0,60.0
PHAF1,32.0,32.0
PHAX,47.0,53.0
PHB1,39.0,40.0
PHB2,59.0,49.0
PHC1,27.0,31.0
PHC2,46.0,39.0
PHC3,30.0,32.0
PHETA1,18.0,20.0
PHETA2,40.0,37.0
PHEX,118.0,106.0
PHF1,44.0,47.0
PHF10,46.0,51.0
PHF11,36.0,43.0
PHF12,75.0,69.0
PHF13,12.0,14.0
PHF14,87.0,82.0
PHF19,72.0,68.0
PHF2,117.0,119.0
PHF20,91.0,99.0
PHF20L1,120.0,114.0
PHF21A,93.0,106.0
PHF21B,63.0,61.0
PHF23,28.0,26.0
PHF24,47.0,42.0
PHF3,195.0,202.0
PHF5A,16.0,12.0
PHF6,53.0,55.0
PHF7,34.0,37.0
PHF8,75.0,82.0
PHGDH,55.0,49.0
PHIP,203.0,205.0
PHKA1,126.0,128.0
PHKA2,105.0,101.0
PHKB,125.0,133.0
PHKG1,34.0,38.0
PHKG2,48.0,57.0
PHLDA1,32.0,30.0
PHLDA2,19.0,17.0
PHLDA3,25.0,22.0
PHLDB1,139.0,145.0
PHLDB2,173.0,160.0
PHLDB3,59.0,61.0
PHLPP1,173.0,179.0
PHLPP2,112.0,99.0
PHOSPHO1,23.0,29.0
PHOSPHO2,15.0,17.0
PHOX2A,27.0,29.0
PHOX2B,1.0,2.0
PHPT1,14.0,11.0
PHRF1,106.0,112.0
PHTF1,54.0,54.0
PHTF2,57.0,53.0
PHYH,56.0,50.0
PHYHD1,22.0,22.0
PHYHIP,11.0,12.0
PHYHIPL,32.0,30.0
PHYKPL,62.0,65.0
PI15,18.0,21.0
PI16,20.0,24.0
PI3,14.0,14.0
PI4K2A,82.0,82.0
PI4K2B,63.0,74.0
PI4KA,244.0,271.0
PI4KAP1,5.0,4.0
PI4KAP2,15.0,18.0
PI4KB,69.0,70.0
PIANP,8.0,5.0
PIAS1,62.0,67.0
PIAS2,50.0,50.0
PIAS3,51.0,50.0
PIAS4,62.0,64.0
PIBF1,149.0,154.0
PICALM,41.0,46.0
PICK1,46.0,42.0
PID1,25.0,24.0
PIDD1,75.0,75.0
PIERCE1,29.0,36.0
PIERCE2,18.0,16.0
PIEZO1,179.0,183.0
PIEZO2,223.0,238.0
PIF1,83.0,88.0
PIGA,36.0,35.0
PIGB,44.0,45.0
PIGBOS1,2.0,4.0
PIGC,21.0,23.0
PIGG,71.0,73.0
PIGH,39.0,34.0
PIGK,41.0,46.0
PIGL,12.0,14.0
PIGM,23.0,28.0
PIGN,65.0,75.0
PIGO,82.0,96.0
PIGP,6.0,7.0
PIGQ,38.0,34.0
PIGR,52.0,48.0
PIGS,36.0,30.0
PIGT,57.0,52.0
PIGU,31.0,21.0
PIGV,13.0,11.0
PIGW,24.0,26.0
PIGX,19.0,19.0
PIGZ,14.0,13.0
PIH1D1,37.0,47.0
PIH1D2,42.0,40.0
PIK3AP1,68.0,81.0
PIK3C2A,190.0,188.0
PIK3C2B,152.0,154.0
PIK3C2G,135.0,140.0
PIK3C3,95.0,93.0
PIK3CA,150.0,161.0
PIK3CB,129.0,131.0
PIK3CD,121.0,112.0
PIK3CD-AS1,16.0,19.0
PIK3CG,153.0,167.0
PIK3IP1,10.0,11.0
PIK3R1,77.0,79.0
PIK3R2,96.0,102.0
PIK3R3,52.0,51.0
PIK3R4,137.0,135.0
PIK3R5,69.0,77.0
PIK3R6,58.0,59.0
PIKFYVE,247.0,254.0
PILRA,42.0,41.0
PILRB,15.0,22.0
PIM1,46.0,50.0
PIM2,28.0,24.0
PIM3,26.0,40.0
PIMREG,40.0,41.0
PIN1,23.0,24.0
PIN1P1,11.0,7.0
PIN4,6.0,8.0
PINK1,63.0,61.0
PINLYP,14.0,13.0
PINX1,40.0,40.0
PIP,11.0,11.0
PIP4K2A,35.0,34.0
PIP4K2B,33.0,34.0
PIP4K2C,29.0,29.0
PIP4P1,25.0,30.0
PIP4P2,27.0,28.0
PIP5K1A,65.0,68.0
PIP5K1B,47.0,44.0
PIP5K1C,51.0,51.0
PIP5KL1,25.0,31.0
PIPOX,54.0,51.0
PIPSL,47.0,43.0
PIR,26.0,37.0
PIRT,14.0,13.0
PISD,70.0,76.0
PITHD1,45.0,44.0
PITPNA,49.0,45.0
PITPNB,58.0,58.0
PITPNC1,37.0,31.0
PITPNM1,98.0,110.0
PITPNM2,129.0,118.0
PITPNM3,70.0,82.0
PITRM1,117.0,126.0
PITX1,16.0,14.0
PITX2,6.0,9.0
PITX3,23.0,19.0
PIWIL1,119.0,114.0
PIWIL2,182.0,187.0
PIWIL3,147.0,141.0
PIWIL4,84.0,111.0
PJA1,48.0,54.0
PJA2,39.0,45.0
PJVK,59.0,56.0
PKD1,229.0,236.0
PKD1L1,170.0,189.0
PKD1L1-AS1,17.0,18.0
PKD1L2,120.0,123.0
PKD1L3,145.0,158.0
PKD2,90.0,97.0
PKD2L1,62.0,48.0
PKD2L2,31.0,32.0
PKDCC,35.0,31.0
PKDREJ,187.0,205.0
PKHD1,240.0,250.0
PKHD1L1,268.0,291.0
PKIA,4.0,5.0
PKIB,7.0,4.0
PKIG,3.0,4.0
PKLR,68.0,71.0
PKM,72.0,69.0
PKMYT1,37.0,38.0
PKN1,83.0,82.0
PKN2,93.0,109.0
PKN3,113.0,96.0
PKNOX1,20.0,34.0
PKNOX2,15.0,19.0
PKP1,107.0,102.0
PKP2,90.0,91.0
PKP3,90.0,97.0
PKP4,164.0,177.0
PLA1A,26.0,27.0
PLA2G10,13.0,14.0
PLA2G12A,19.0,18.0
PLA2G12B,21.0,18.0
PLA2G15,30.0,35.0
PLA2G1B,10.0,10.0
PLA2G2A,25.0,27.0
PLA2G2C,10.0,10.0
PLA2G2D,13.0,12.0
PLA2G2E,26.0,19.0
PLA2G2F,9.0,8.0
PLA2G3,43.0,47.0
PLA2G4A,59.0,60.0
PLA2G4B,78.0,83.0
PLA2G4C,40.0,44.0
PLA2G4D,42.0,40.0
PLA2G4E,46.0,48.0
PLA2G4F,72.0,83.0
PLA2G5,13.0,13.0
PLA2G6,97.0,89.0
PLA2G7,55.0,73.0
PLA2R1,125.0,137.0
PLAA,76.0,81.0
PLAAT1,18.0,20.0
PLAAT2,13.0,13.0
PLAAT3,17.0,17.0
PLAAT4,17.0,23.0
PLAAT5,42.0,36.0
PLAC1,12.0,15.0
PLAC8L1,11.0,9.0
PLAC9,19.0,19.0
PLAG1,23.0,28.0
PLAGL1,31.0,37.0
PLAGL2,39.0,39.0
PLAT,56.0,58.0
PLAU,50.0,54.0
PLAUR,21.0,24.0
PLB1,119.0,111.0
PLBD1,42.0,48.0
PLBD2,51.0,58.0
PLCB1,146.0,163.0
PLCB2,132.0,138.0
PLCB3,134.0,139.0
PLCB4,137.0,146.0
PLCD1,60.0,58.0
PLCD3,66.0,76.0
PLCD4,63.0,62.0
PLCE1,220.0,239.0
PLCG1,104.0,107.0
PLCG2,168.0,162.0
PLCH1,169.0,177.0
PLCH2,117.0,119.0
PLCL1,113.0,114.0
PLCL2,105.0,103.0
PLCXD1,42.0,37.0
PLCXD2,35.0,39.0
PLCXD3,15.0,18.0
PLCZ1,33.0,30.0
PLD1,117.0,130.0
PLD2,97.0,100.0
PLD3,31.0,28.0
PLD4,27.0,30.0
PLD5,77.0,78.0
PLD6,19.0,24.0
PLEC,646.0,657.0
PLEK,35.0,33.0
PLEK2,44.0,37.0
PLEKHA1,51.0,50.0
PLEKHA2,57.0,54.0
PLEKHA3,20.0,23.0
PLEKHA4,104.0,102.0
PLEKHA5,139.0,136.0
PLEKHA6,118.0,119.0
PLEKHA7,150.0,141.0
PLEKHA8,54.0,63.0
PLEKHA8P1,16.0,17.0
PLEKHB1,11.0,10.0
PLEKHB2,12.0,11.0
PLEKHD1,71.0,71.0
PLEKHF1,32.0,33.0
PLEKHF2,37.0,49.0
PLEKHG1,177.0,179.0
PLEKHG2,110.0,121.0
PLEKHG3,111.0,100.0
PLEKHG4,123.0,112.0
PLEKHG4B,182.0,188.0
PLEKHG5,79.0,78.0
PLEKHG6,76.0,91.0
PLEKHG7,70.0,82.0
PLEKHH1,138.0,149.0
PLEKHH2,174.0,166.0
PLEKHH3,73.0,77.0
PLEKHJ1,19.0,18.0
PLEKHM1,83.0,91.0
PLEKHM2,75.0,83.0
PLEKHM3,93.0,91.0
PLEKHN1,49.0,52.0
PLEKHO1,28.0,29.0
PLEKHO2,47.0,47.0
PLEKHS1,49.0,52.0
PLET1,10.0,13.0
PLG,87.0,97.0
PLGLA,5.0,5.0
PLGLB1,4.0,5.0
PLGRKT,23.0,27.0
PLIN1,55.0,58.0
PLIN2,62.0,65.0
PLIN3,39.0,38.0
PLIN4,151.0,156.0
PLIN5,48.0,57.0
PLK1,59.0,71.0
PLK2,80.0,89.0
PLK3,56.0,59.0
PLK4,106.0,111.0
PLK5,14.0,11.0
PLLP,2.0,2.0
PLN,4.0,4.0
PLOD1,88.0,73.0
PLOD2,85.0,87.0
PLOD3,69.0,77.0
PLP1,14.0,19.0
PLP2,11.0,12.0
PLPBP,27.0,29.0
PLPP1,15.0,19.0
PLPP2,17.0,23.0
PLPP3,25.0,23.0
PLPP4,14.0,15.0
PLPP5,11.0,9.0
PLPP6,24.0,23.0
PLPP7,15.0,23.0
PLPPR1,7.0,5.0
PLPPR2,6.0,7.0
PLPPR3,40.0,45.0
PLPPR4,74.0,86.0
PLPPR5,3.0,3.0
PLRG1,50.0,55.0
PLS1,88.0,88.0
PLS3,72.0,78.0
PLSCR1,5.0,5.0
PLSCR2,30.0,31.0
PLSCR3,5.0,11.0
PLSCR4,20.0,20.0
PLSCR5,7.0,11.0
PLTP,39.0,38.0
PLVAP,69.0,74.0
PLXDC1,37.0,35.0
PLXDC2,50.0,43.0
PLXNA1,143.0,157.0
PLXNA2,217.0,216.0
PLXNA3,153.0,172.0
PLXNA4,164.0,187.0
PLXNB1,117.0,117.0
PLXNB2,164.0,191.0
PLXNB3,136.0,130.0
PLXNC1,144.0,147.0
PLXND1,166.0,178.0
PM20D1,53.0,63.0
PM20D2,44.0,38.0
PMAIP1,7.0,7.0
PMCH,17.0,23.0
PMCHL1,13.0,11.0
PMCHL2,3.0,3.0
PMEL,25.0,21.0
PMEPA1,6.0,9.0
PMF1,35.0,40.0
PMFBP1,195.0,204.0
PMIS2,1.0,1.0
PML,120.0,125.0
PMM1,35.0,29.0
PMM2,29.0,44.0
PMP2,12.0,15.0
PMPCA,70.0,74.0
PMPCB,54.0,57.0
PMS1,116.0,119.0
PMS2,80.0,83.0
PMS2CL,5.0,8.0
PMS2P1,25.0,25.0
PMS2P11,19.0,17.0
PMS2P2,23.0,24.0
PMS2P3,9.0,12.0
PMS2P5,11.0,11.0
PMVK,39.0,40.0
PNAS-138,4.0,8.0
PNCK,36.0,33.0
PNISR,44.0,48.0
PNKD,25.0,23.0
PNKP,62.0,73.0
PNLDC1,69.0,71.0
PNLIP,32.0,41.0
PNLIPRP1,41.0,46.0
PNLIPRP2,38.0,42.0
PNLIPRP3,71.0,66.0
PNMA1,39.0,41.0
PNMA2,31.0,30.0
PNMA3,58.0,63.0
PNMA5,45.0,38.0
PNMA6A,40.0,37.0
PNMA6E,31.0,33.0
PNMA6F,36.0,31.0
PNMA8A,34.0,35.0
PNMA8B,32.0,26.0
PNMA8C,35.0,35.0
PNMT,21.0,23.0
PNN,100.0,108.0
PNO1,32.0,30.0
PNOC,11.0,16.0
PNP,44.0,50.0
PNPLA1,27.0,33.0
PNPLA2,33.0,34.0
PNPLA3,51.0,48.0
PNPLA4,23.0,25.0
PNPLA5,41.0,41.0
PNPLA6,113.0,115.0
PNPLA7,133.0,141.0
PNPLA8,107.0,108.0
PNPO,43.0,39.0
PNPT1,88.0,79.0
PNRC1,43.0,44.0
PNRC2,28.0,29.0
POC1A,51.0,50.0
POC1B,43.0,49.0
POC5,67.0,69.0
PODN,69.0,74.0
PODNL1,38.0,43.0
PODXL,38.0,35.0
PODXL2,23.0,23.0
POF1B,66.0,61.0
POFUT1,41.0,48.0
POFUT2,48.0,60.0
POFUT3,45.0,52.0
POFUT4,47.0,54.0
POGK,36.0,40.0
POGLUT1,41.0,36.0
POGLUT2,69.0,65.0
POGLUT3,49.0,53.0
POGZ,87.0,87.0
POLA1,130.0,134.0
POLA2,49.0,43.0
POLB,40.0,38.0
POLD1,118.0,119.0
POLD2,52.0,44.0
POLD3,61.0,64.0
POLD4,16.0,18.0
POLDIP2,63.0,58.0
POLDIP3,42.0,42.0
POLE,188.0,204.0
POLE2,41.0,56.0
POLE3,26.0,22.0
POLE4,5.0,5.0
POLG,137.0,151.0
POLG2,55.0,50.0
POLGARF,18.0,15.0
POLH,75.0,89.0
POLI,55.0,68.0
POLK,102.0,105.0
POLL,54.0,57.0
POLM,51.0,54.0
POLN,101.0,98.0
POLQ,303.0,300.0
POLR1A,168.0,167.0
POLR1B,145.0,141.0
POLR1C,37.0,23.0
POLR1D,22.0,27.0
POLR1E,39.0,44.0
POLR1F,30.0,31.0
POLR1G,36.0,33.0
POLR1H,5.0,4.0
POLR2A,195.0,215.0
POLR2B,139.0,135.0
POLR2C,19.0,23.0
POLR2D,10.0,14.0
POLR2E,19.0,22.0
POLR2F,4.0,4.0
POLR2G,15.0,19.0
POLR2H,20.0,22.0
POLR2I,14.0,16.0
POLR2J,20.0,21.0
POLR2J2,3.0,6.0
POLR2J3,3.0,2.0
POLR2K,7.0,6.0
POLR2L,3.0,4.0
POLR2M,63.0,56.0
POLR3A,195.0,210.0
POLR3B,125.0,129.0
POLR3C,64.0,61.0
POLR3D,54.0,63.0
POLR3E,108.0,105.0
POLR3F,35.0,39.0
POLR3G,21.0,20.0
POLR3GL,11.0,11.0
POLR3H,20.0,20.0
POLR3K,12.0,15.0
POLRMT,142.0,155.0
POM121,23.0,30.0
POM121B,14.0,11.0
POM121C,64.0,61.0
POM121L12,28.0,32.0
POM121L1P,60.0,60.0
POM121L2,47.0,50.0
POMC,16.0,18.0
POMGNT1,43.0,44.0
POMGNT2,56.0,48.0
POMK,15.0,21.0
POMP,15.0,16.0
POMT1,50.0,58.0
POMT2,80.0,77.0
POMZP3,12.0,14.0
PON1,27.0,28.0
PON2,19.0,24.0
PON3,37.0,49.0
POP1,107.0,110.0
POP4,22.0,23.0
POP5,24.0,19.0
POP7,17.0,16.0
POPDC1,40.0,39.0
POPDC1-AS1,23.0,24.0
POPDC2,21.0,25.0
POPDC3,22.0,28.0
POR,94.0,101.0
PORCN,7.0,8.0
POSTN,61.0,62.0
POT1,71.0,68.0
POTEA,50.0,50.0
POTEB,15.0,15.0
POTEB3,71.0,81.0
POTEC,15.0,16.0
POTED,39.0,30.0
POTEE,28.0,28.0
POTEF,102.0,107.0
POTEG,7.0,10.0
POTEH,32.0,30.0
POTEI,27.0,30.0
POTEJ,12.0,10.0
POTEKP,21.0,24.0
POU1F1,21.0,24.0
POU2AF1,8.0,9.0
POU2AF2,12.0,12.0
POU2AF3,5.0,3.0
POU2F1,15.0,16.0
POU2F2,37.0,32.0
POU2F3,35.0,33.0
POU3F1,15.0,18.0
POU3F2,7.0,9.0
POU3F3,11.0,12.0
POU3F4,14.0,17.0
POU4F1,25.0,29.0
POU4F2,28.0,23.0
POU4F3,28.0,26.0
POU5F1,22.0,24.0
POU5F1B,10.0,11.0
POU5F2,35.0,45.0
POU6F1,24.0,24.0
POU6F2,20.0,26.0
PP2D1,69.0,78.0
PP632,,2.0
PP6455,7.0,10.0
PPA1,29.0,31.0
PPA2,51.0,53.0
PPAN,48.0,48.0
PPARA,51.0,55.0
PPARD,57.0,60.0
PPARG,70.0,69.0
PPARGC1A,61.0,70.0
PPARGC1B,88.0,86.0
PPAT,47.0,42.0
PPBP,19.0,24.0
PPCDC,18.0,13.0
PPCS,37.0,43.0
PPDPF,13.0,12.0
PPDPFL,14.0,14.0
PPEF1,82.0,94.0
PPEF2,78.0,95.0
PPFIA1,122.0,118.0
PPFIA2,105.0,126.0
PPFIA3,132.0,143.0
PPFIA4,115.0,105.0
PPFIBP1,119.0,121.0
PPFIBP2,116.0,123.0
PPHLN1,33.0,37.0
PPIA,21.0,20.0
PPIAL4A,1.0,
PPIAL4D,1.0,2.0
PPIAL4E,9.0,8.0
PPIAL4G,8.0,9.0
PPIAL4H,19.0,13.0
PPIB,31.0,24.0
PPIC,17.0,17.0
PPID,62.0,60.0
PPIE,37.0,52.0
PPIF,24.0,23.0
PPIG,58.0,58.0
PPIH,24.0,23.0
PPIL1,22.0,23.0
PPIL2,77.0,67.0
PPIL3,19.0,28.0
PPIL4,45.0,49.0
PPIL6,32.0,42.0
PPIP5K1,111.0,101.0
PPIP5K2,154.0,142.0
PPL,239.0,259.0
PPM1A,43.0,39.0
PPM1B,61.0,66.0
PPM1D,75.0,80.0
PPM1E,55.0,72.0
PPM1F,50.0,47.0
PPM1G,42.0,39.0
PPM1H,57.0,66.0
PPM1J,60.0,58.0
PPM1K,46.0,41.0
PPM1L,43.0,47.0
PPM1M,41.0,42.0
PPM1N,44.0,45.0
PPME1,35.0,42.0
PPOX,54.0,62.0
PPP1CA,16.0,15.0
PPP1CB,22.0,27.0
PPP1CC,50.0,51.0
PPP1R10,64.0,78.0
PPP1R11,10.0,6.0
PPP1R12A,78.0,77.0
PPP1R12B,106.0,107.0
PPP1R12C,73.0,85.0
PPP1R13B,92.0,93.0
PPP1R13L,88.0,88.0
PPP1R14A,10.0,13.0
PPP1R14B,9.0,13.0
PPP1R14C,6.0,9.0
PPP1R14D,6.0,7.0
PPP1R15A,62.0,70.0
PPP1R15B,41.0,38.0
PPP1R16A,35.0,35.0
PPP1R16B,55.0,51.0
PPP1R17,47.0,44.0
PPP1R18,38.0,44.0
PPP1R1A,12.0,12.0
PPP1R1B,16.0,23.0
PPP1R1C,16.0,15.0
PPP1R2,19.0,16.0
PPP1R21,106.0,110.0
PPP1R26,128.0,128.0
PPP1R27,12.0,16.0
PPP1R2B,14.0,14.0
PPP1R2C,19.0,21.0
PPP1R2P1,18.0,13.0
PPP1R35,14.0,16.0
PPP1R36,48.0,62.0
PPP1R37,64.0,55.0
PPP1R3A,131.0,135.0
PPP1R3B,23.0,28.0
PPP1R3C,16.0,17.0
PPP1R3D,21.0,22.0
PPP1R3E,38.0,31.0
PPP1R3F,44.0,44.0
PPP1R3G,23.0,24.0
PPP1R42,28.0,29.0
PPP1R7,40.0,41.0
PPP1R8,36.0,31.0
PPP1R9A,108.0,115.0
PPP1R9B,57.0,72.0
PPP2CA,4.0,6.0
PPP2CB,26.0,24.0
PPP2R1A,49.0,48.0
PPP2R1B,44.0,51.0
PPP2R2A,55.0,54.0
PPP2R2B,24.0,31.0
PPP2R2C,31.0,40.0
PPP2R2D,20.0,20.0
PPP2R3A,94.0,102.0
PPP2R3B,33.0,33.0
PPP2R3C,66.0,61.0
PPP2R5A,50.0,45.0
PPP2R5B,51.0,54.0
PPP2R5C,39.0,33.0
PPP2R5D,34.0,49.0
PPP2R5E,36.0,41.0
PPP3CA,26.0,28.0
PPP3CB,41.0,38.0
PPP3CC,34.0,36.0
PPP3R1,16.0,14.0
PPP3R2,16.0,15.0
PPP4C,32.0,31.0
PPP4R1,89.0,87.0
PPP4R1L,38.0,41.0
PPP4R2,30.0,30.0
PPP4R3A,56.0,55.0
PPP4R3B,95.0,88.0
PPP4R3C,67.0,84.0
PPP4R4,92.0,89.0
PPP5C,50.0,51.0
PPP6C,22.0,20.0
PPP6R1,46.0,53.0
PPP6R2,105.0,109.0
PPP6R3,114.0,119.0
PPRC1,120.0,129.0
PPT1,36.0,31.0
PPT2,23.0,18.0
PPTC7,26.0,30.0
PPWD1,68.0,71.0
PPY,4.0,6.0
PPY2P,,2.0
PQBP1,17.0,21.0
PRAC1,13.0,10.0
PRAC2,11.0,14.0
PRADC1,10.0,13.0
PRAF2,6.0,8.0
PRAG1,128.0,134.0
PRAM1,66.0,63.0
PRAME,28.0,36.0
PRAMEF1,36.0,35.0
PRAMEF10,44.0,46.0
PRAMEF11,1.0,2.0
PRAMEF12,48.0,53.0
PRAMEF13,19.0,18.0
PRAMEF14,23.0,23.0
PRAMEF17,46.0,49.0
PRAMEF18,8.0,8.0
PRAMEF19,28.0,27.0
PRAMEF2,47.0,60.0
PRAMEF20,38.0,33.0
PRAMEF22,35.0,41.0
PRAMEF25,13.0,9.0
PRAMEF27,6.0,6.0
PRAMEF33,5.0,6.0
PRAMEF4,16.0,17.0
PRAMEF6,4.0,8.0
PRAMEF8,42.0,43.0
PRAMEF9,27.0,26.0
PRAP1,12.0,10.0
PRB1,10.0,12.0
PRB2,29.0,30.0
PRB3,39.0,38.0
PRB4,46.0,47.0
PRC1,75.0,66.0
PRCC,34.0,30.0
PRCD,7.0,7.0
PRCP,30.0,28.0
PRDM1,98.0,99.0
PRDM10,70.0,73.0
PRDM10-DT,20.0,27.0
PRDM11,57.0,57.0
PRDM12,30.0,43.0
PRDM13,62.0,68.0
PRDM14,69.0,59.0
PRDM15,128.0,141.0
PRDM16,101.0,109.0
PRDM2,166.0,170.0
PRDM4,26.0,25.0
PRDM5,69.0,77.0
PRDM6,48.0,46.0
PRDM7,33.0,43.0
PRDM8,65.0,74.0
PRDM9,84.0,88.0
PRDX1,31.0,42.0
PRDX2,18.0,20.0
PRDX3,31.0,27.0
PRDX4,32.0,32.0
PRDX5,28.0,27.0
PRDX6,43.0,39.0
PREB,52.0,59.0
PRELID1,16.0,19.0
PRELID2,29.0,26.0
PRELID3A,19.0,18.0
PRELID3B,25.0,27.0
PRELP,56.0,52.0
PREP,84.0,69.0
PREPL,80.0,90.0
PREX1,147.0,157.0
PREX2,190.0,197.0
PRF1,47.0,48.0
PRG2,29.0,31.0
PRG3,13.0,13.0
PRG4,193.0,196.0
PRH1,8.0,9.0
PRICKLE1,64.0,73.0
PRICKLE2,61.0,64.0
PRICKLE3,41.0,48.0
PRICKLE4,45.0,45.0
PRIM1,63.0,72.0
PRIM2,58.0,61.0
PRIMA1,5.0,4.0
PRIMPOL,61.0,64.0
PRKAA1,56.0,56.0
PRKAA2,46.0,50.0
PRKAB1,21.0,26.0
PRKAB2,27.0,28.0
PRKACA,25.0,29.0
PRKACB,13.0,18.0
PRKACG,28.0,19.0
PRKAG1,74.0,74.0
PRKAG2,54.0,69.0
PRKAG3,57.0,63.0
PRKAR1A,43.0,46.0
PRKAR1B,28.0,26.0
PRKAR2A,56.0,52.0
PRKAR2B,36.0,33.0
PRKCA,31.0,26.0
PRKCB,72.0,73.0
PRKCD,66.0,78.0
PRKCE,98.0,98.0
PRKCG,84.0,94.0
PRKCH,74.0,78.0
PRKCI,37.0,44.0
PRKCQ,90.0,92.0
PRKCSH,38.0,37.0
PRKCZ,30.0,29.0
PRKD1,53.0,54.0
PRKD2,58.0,66.0
PRKD3,85.0,82.0
PRKDC,460.0,471.0
PRKG1,88.0,80.0
PRKG2,82.0,77.0
PRKN,42.0,44.0
PRKRA,32.0,41.0
PRKRIP1,28.0,25.0
PRKX,28.0,29.0
PRKY,8.0,10.0
PRL,15.0,15.0
PRLH,8.0,8.0
PRLHR,8.0,12.0
PRLR,59.0,69.0
PRM3,10.0,9.0
PRMT1,45.0,40.0
PRMT2,28.0,28.0
PRMT3,43.0,51.0
PRMT5,53.0,45.0
PRMT6,23.0,26.0
PRMT7,48.0,53.0
PRMT8,56.0,55.0
PRMT9,78.0,76.0
PRND,21.0,28.0
PRNP,39.0,42.0
PRNT,5.0,6.0
PRO0255,7.0,9.0
PRO0461,5.0,3.0
PRO0628,10.0,13.0
PRO1716,3.0,3.0
PRO1854,15.0,16.0
PRO1933,13.0,14.0
PRO2289,2.0,5.0
PRO2829,2.0,1.0
PRO3102,2.0,4.0
PROB1,55.0,69.0
PROC,35.0,37.0
PROCA1,33.0,38.0
PROCR,13.0,12.0
PRODH,70.0,70.0
PRODH2,26.0,34.0
PROK1,7.0,9.0
PROK2,6.0,8.0
PROKR1,14.0,8.0
PROKR2,23.0,21.0
PROM1,63.0,70.0
PROM2,66.0,73.0
PROP1,11.0,11.0
PRORP,57.0,69.0
PRORSD1P,23.0,23.0
PRORY,14.0,16.0
PROS1,66.0,79.0
PROSER1,37.0,38.0
PROSER2,43.0,54.0
PROSER3,26.0,27.0
PROX1,83.0,86.0
PROX2,60.0,60.0
PROZ,40.0,42.0
PRP4K,82.0,102.0
PRPF18,31.0,34.0
PRPF19,34.0,38.0
PRPF3,86.0,101.0
PRPF31,39.0,40.0
PRPF38A,27.0,32.0
PRPF38B,31.0,28.0
PRPF39,66.0,77.0
PRPF4,71.0,71.0
PRPF40A,102.0,101.0
PRPF40B,86.0,79.0
PRPF6,122.0,149.0
PRPF8,243.0,258.0
PRPH,69.0,80.0
PRPH2,14.0,15.0
PRPS1,10.0,10.0
PRPS1L1,25.0,21.0
PRPS2,26.0,27.0
PRPSAP1,48.0,54.0
PRPSAP2,48.0,50.0
PRR11,41.0,43.0
PRR12,108.0,102.0
PRR13,2.0,1.0
PRR14,75.0,70.0
PRR14L,262.0,279.0
PRR15,15.0,13.0
PRR15L,17.0,19.0
PRR16,33.0,29.0
PRR18,20.0,25.0
PRR19,14.0,15.0
PRR20C,3.0,4.0
PRR20G,16.0,17.0
PRR22,13.0,16.0
PRR23A,3.0,4.0
PRR23B,7.0,7.0
PRR23C,9.0,7.0
PRR23D1,13.0,14.0
PRR23E,7.0,7.0
PRR27,14.0,10.0
PRR29,4.0,4.0
PRR3,9.0,16.0
PRR30,55.0,47.0
PRR32,16.0,22.0
PRR33,35.0,28.0
PRR34,12.0,13.0
PRR35,67.0,73.0
PRR36,52.0,53.0
PRR4,11.0,11.0
PRR5,34.0,32.0
PRR5L,25.0,25.0
PRR7,31.0,33.0
PRR9,23.0,19.0
PRRC1,20.0,24.0
PRRC2A,228.0,231.0
PRRC2B,223.0,230.0
PRRC2C,254.0,271.0
PRRG1,22.0,22.0
PRRG2,13.0,15.0
PRRG3,16.0,19.0
PRRG4,12.0,16.0
PRRT1,12.0,12.0
PRRT1B,23.0,22.0
PRRT2,23.0,29.0
PRRT3,53.0,51.0
PRRT4,33.0,40.0
PRRX1,17.0,23.0
PRRX2,23.0,22.0
PRSS1,9.0,10.0
PRSS12,79.0,80.0
PRSS16,34.0,29.0
PRSS2,11.0,8.0
PRSS21,33.0,31.0
PRSS22,28.0,32.0
PRSS23,44.0,37.0
PRSS27,19.0,21.0
PRSS29P,33.0,31.0
PRSS3,35.0,32.0
PRSS33,18.0,25.0
PRSS35,26.0,20.0
PRSS36,33.0,35.0
PRSS37,15.0,25.0
PRSS38,14.0,19.0
PRSS3P2,1.0,
PRSS41,35.0,34.0
PRSS42P,23.0,18.0
PRSS45P,15.0,15.0
PRSS46P,22.0,24.0
PRSS47P,36.0,42.0
PRSS48,24.0,26.0
PRSS50,41.0,36.0
PRSS51,20.0,21.0
PRSS53,14.0,16.0
PRSS54,18.0,21.0
PRSS55,27.0,32.0
PRSS56,42.0,48.0
PRSS57,22.0,25.0
PRSS58,13.0,13.0
PRSS8,8.0,9.0
PRTFDC1,12.0,9.0
PRTG,86.0,86.0
PRTN3,18.0,22.0
PRUNE1,57.0,54.0
PRUNE2,189.0,189.0
PRX,126.0,146.0
PRXL2A,28.0,30.0
PRXL2B,24.0,23.0
PRXL2C,6.0,10.0
PRY,16.0,19.0
PSAP,37.0,32.0
PSAPL1,31.0,35.0
PSAT1,37.0,36.0
PSCA,4.0,6.0
PSD,82.0,80.0
PSD2,84.0,98.0
PSD3,105.0,103.0
PSD4,69.0,71.0
PSEN1,8.0,14.0
PSEN2,15.0,12.0
PSG1,61.0,55.0
PSG11,27.0,23.0
PSG2,9.0,8.0
PSG3,26.0,24.0
PSG4,43.0,47.0
PSG5,30.0,26.0
PSG6,23.0,19.0
PSG7,19.0,19.0
PSG8,28.0,28.0
PSG9,33.0,33.0
PSIP1,77.0,85.0
PSKH1,51.0,53.0
PSKH2,41.0,39.0
PSMA1,25.0,28.0
PSMA2,18.0,14.0
PSMA3,34.0,33.0
PSMA4,18.0,21.0
PSMA5,20.0,21.0
PSMA6,37.0,39.0
PSMA7,40.0,42.0
PSMA8,20.0,19.0
PSMB1,43.0,39.0
PSMB10,26.0,29.0
PSMB11,35.0,33.0
PSMB2,23.0,22.0
PSMB3,18.0,26.0
PSMB4,21.0,27.0
PSMB5,27.0,38.0
PSMB6,12.0,14.0
PSMB7,35.0,33.0
PSMB8,38.0,36.0
PSMB9,16.0,18.0
PSMC1,56.0,56.0
PSMC2,65.0,72.0
PSMC3,36.0,43.0
PSMC3IP,30.0,30.0
PSMC4,37.0,39.0
PSMC5,55.0,62.0
PSMC6,42.0,43.0
PSMD1,93.0,86.0
PSMD10,23.0,20.0
PSMD11,73.0,75.0
PSMD12,65.0,78.0
PSMD13,59.0,61.0
PSMD14,37.0,40.0
PSMD2,95.0,99.0
PSMD3,64.0,73.0
PSMD4,22.0,28.0
PSMD5,63.0,74.0
PSMD6,64.0,60.0
PSMD7,35.0,34.0
PSMD8,28.0,35.0
PSMD9,15.0,16.0
PSME1,28.0,32.0
PSME2,46.0,48.0
PSME3,33.0,39.0
PSME3IP1,39.0,35.0
PSME4,178.0,188.0
PSMF1,14.0,15.0
PSMG1,40.0,41.0
PSMG2,28.0,29.0
PSMG3,14.0,13.0
PSMG3-AS1,35.0,39.0
PSMG4,17.0,19.0
PSORS1C1,7.0,12.0
PSORS1C2,14.0,17.0
PSPC1,23.0,27.0
PSPH,38.0,35.0
PSPHP1,1.0,
PSPN,5.0,8.0
PSRC1,49.0,51.0
PSTK,39.0,35.0
PSTPIP1,44.0,53.0
PSTPIP2,45.0,40.0
PTAFR,11.0,9.0
PTAR1,49.0,53.0
PTBP1,14.0,21.0
PTBP2,25.0,35.0
PTBP3,31.0,36.0
PTCD1,116.0,119.0
PTCD2,41.0,36.0
PTCD3,64.0,74.0
PTCH1,138.0,134.0
PTCH2,67.0,72.0
PTCHD1,88.0,83.0
PTCHD3,60.0,61.0
PTCHD4,74.0,70.0
PTCRA,16.0,14.0
PTDSS1,28.0,36.0
PTDSS2,32.0,31.0
PTEN,49.0,53.0
PTER,61.0,55.0
PTF1A,24.0,20.0
PTGDR,14.0,15.0
PTGDR2,26.0,21.0
PTGDS,10.0,8.0
PTGER1,11.0,9.0
PTGER2,4.0,3.0
PTGER3,24.0,24.0
PTGER4,22.0,30.0
PTGES,10.0,11.0
PTGES2,49.0,50.0
PTGES3,14.0,14.0
PTGES3L,17.0,16.0
PTGFR,12.0,13.0
PTGFRN,99.0,103.0
PTGIR,5.0,6.0
PTGIS,47.0,56.0
PTGR1,50.0,55.0
PTGR2,24.0,27.0
PTGR3,38.0,42.0
PTGS1,31.0,29.0
PTGS2,51.0,47.0
PTH,23.0,23.0
PTH1R,42.0,47.0
PTH2,7.0,8.0
PTH2R,31.0,39.0
PTHLH,17.0,16.0
PTK2,124.0,130.0
PTK2B,159.0,164.0
PTK6,64.0,64.0
PTK7,124.0,138.0
PTMA,8.0,10.0
PTMS,3.0,5.0
PTN,11.0,10.0
PTOV1,27.0,33.0
PTP4A1,13.0,15.0
PTP4A2,26.0,30.0
PTP4A3,19.0,27.0
PTPA,38.0,42.0
PTPDC1,104.0,99.0
PTPMT1,26.0,36.0
PTPN1,60.0,59.0
PTPN11,76.0,83.0
PTPN12,82.0,84.0
PTPN13,298.0,302.0
PTPN14,115.0,125.0
PTPN18,35.0,43.0
PTPN2,36.0,40.0
PTPN20,56.0,55.0
PTPN21,120.0,124.0
PTPN22,63.0,62.0
PTPN23,156.0,153.0
PTPN3,117.0,122.0
PTPN4,85.0,90.0
PTPN5,35.0,38.0
PTPN6,70.0,83.0
PTPN7,42.0,50.0
PTPN9,82.0,84.0
PTPRA,82.0,93.0
PTPRB,228.0,241.0
PTPRC,149.0,139.0
PTPRCAP,4.0,6.0
PTPRD,141.0,154.0
PTPRE,81.0,87.0
PTPRF,179.0,181.0
PTPRG,109.0,124.0
PTPRH,65.0,57.0
PTPRJ,99.0,89.0
PTPRK,118.0,129.0
PTPRM,142.0,130.0
PTPRN,71.0,77.0
PTPRN2,87.0,113.0
PTPRO,64.0,67.0
PTPRQ,165.0,169.0
PTPRR,53.0,60.0
PTPRS,154.0,166.0
PTPRT,148.0,148.0
PTPRU,123.0,117.0
PTPRZ1,146.0,146.0
PTRH1,24.0,29.0
PTRH2,21.0,21.0
PTRHD1,6.0,5.0
PTS,7.0,8.0
PTTG1,14.0,14.0
PTTG1IP,2.0,2.0
PTTG1IP2,9.0,7.0
PTTG2,9.0,9.0
PTTG3P,14.0,14.0
PTX3,47.0,38.0
PTX4,27.0,30.0
PUDP,24.0,23.0
PUF60,51.0,52.0
PUM1,84.0,88.0
PUM2,75.0,79.0
PUM3,68.0,65.0
PURA,12.0,11.0
PURB,15.0,16.0
PURG,36.0,39.0
PUS1,66.0,67.0
PUS10,72.0,88.0
PUS3,61.0,56.0
PUS7,96.0,95.0
PUS7L,109.0,108.0
PUSL1,28.0,34.0
PVALB,14.0,15.0
PVALEF,26.0,27.0
PVR,26.0,27.0
PVRIG,7.0,17.0
PWP1,38.0,34.0
PWP2,60.0,60.0
PWWP2A,44.0,45.0
PWWP2B,61.0,54.0
PWWP3A,64.0,67.0
PWWP3B,58.0,57.0
PWWP4,195.0,208.0
PXDC1,32.0,25.0
PXDN,148.0,174.0
PXDNL,142.0,170.0
PXK,51.0,46.0
PXMP2,9.0,9.0
PXMP4,17.0,15.0
PXN,65.0,73.0
PXT1,24.0,28.0
PXYLP1,30.0,29.0
PYCARD,12.0,17.0
PYCARD-AS1,10.0,11.0
PYCR1,53.0,52.0
PYCR2,26.0,28.0
PYCR3,30.0,29.0
PYDC1,9.0,12.0
PYDC2,11.0,14.0
PYDC5,14.0,13.0
PYGB,108.0,111.0
PYGL,106.0,119.0
PYGM,89.0,85.0
PYGO1,19.0,24.0
PYGO2,19.0,21.0
PYHIN1,69.0,65.0
PYM1,16.0,21.0
PYROXD1,31.0,36.0
PYROXD2,41.0,48.0
PYURF,3.0,1.0
PYY,10.0,11.0
PYY2,4.0,2.0
PYY3,,2.0
PZP,104.0,107.0
QARS1,111.0,115.0
QDPR,12.0,19.0
QKI,36.0,43.0
QNG1,58.0,57.0
QPCT,26.0,24.0
QPCTL,17.0,28.0
QPRT,17.0,23.0
QRFP,11.0,15.0
QRFPR,37.0,35.0
QRICH1,38.0,36.0
QRICH2,185.0,190.0
QRSL1,29.0,31.0
QSER1,106.0,99.0
QSOX1,98.0,96.0
QSOX2,85.0,74.0
QTGAL,35.0,44.0
QTMAN,41.0,44.0
QTRT1,29.0,30.0
QTRT2,24.0,33.0
R3HCC1,48.0,43.0
R3HCC1L,51.0,55.0
R3HDM1,72.0,77.0
R3HDM2,50.0,49.0
R3HDM4,21.0,17.0
R3HDML,24.0,27.0
RAB10,30.0,27.0
RAB11A,43.0,46.0
RAB11B,7.0,6.0
RAB11FIP1,86.0,96.0
RAB11FIP2,54.0,53.0
RAB11FIP3,47.0,50.0
RAB11FIP4,78.0,72.0
RAB11FIP5,93.0,81.0
RAB12,32.0,33.0
RAB13,18.0,19.0
RAB14,34.0,41.0
RAB15,28.0,33.0
RAB17,36.0,35.0
RAB18,44.0,42.0
RAB19,46.0,45.0
RAB1A,14.0,17.0
RAB1B,7.0,4.0
RAB1C,17.0,18.0
RAB20,39.0,39.0
RAB21,34.0,34.0
RAB22A,19.0,17.0
RAB23,53.0,45.0
RAB24,15.0,20.0
RAB25,47.0,44.0
RAB26,33.0,32.0
RAB27A,31.0,35.0
RAB27B,33.0,32.0
RAB28,32.0,30.0
RAB29,22.0,25.0
RAB2A,40.0,38.0
RAB2B,21.0,24.0
RAB30,26.0,30.0
RAB31,23.0,25.0
RAB32,39.0,38.0
RAB33A,48.0,52.0
RAB33B,28.0,28.0
RAB34,62.0,55.0
RAB35,33.0,36.0
RAB36,40.0,37.0
RAB37,28.0,29.0
RAB38,39.0,41.0
RAB39A,44.0,43.0
RAB39B,34.0,34.0
RAB3A,24.0,23.0
RAB3B,17.0,19.0
RAB3C,16.0,14.0
RAB3D,26.0,31.0
RAB3GAP1,106.0,121.0
RAB3GAP2,109.0,111.0
RAB3IL1,21.0,23.0
RAB3IP,31.0,33.0
RAB40A,10.0,8.0
RAB40AL,41.0,36.0
RAB40B,26.0,24.0
RAB40C,23.0,23.0
RAB41,22.0,18.0
RAB42,34.0,35.0
RAB43,28.0,30.0
RAB44,80.0,82.0
RAB4A,46.0,44.0
RAB4B,41.0,44.0
RAB5A,27.0,32.0
RAB5B,19.0,20.0
RAB5C,18.0,20.0
RAB5IF,5.0,2.0
RAB6A,34.0,37.0
RAB6B,13.0,22.0
RAB6C,32.0,26.0
RAB6D,2.0,2.0
RAB7A,33.0,35.0
RAB7B,23.0,22.0
RAB8A,21.0,20.0
RAB8B,15.0,12.0
RAB9A,31.0,26.0
RAB9B,14.0,14.0
RABAC1,5.0,4.0
RABEP1,136.0,156.0
RABEP2,66.0,74.0
RABEPK,41.0,40.0
RABGAP1,164.0,184.0
RABGAP1L,155.0,164.0
RABGEF1,64.0,66.0
RABGGTA,72.0,69.0
RABGGTB,25.0,22.0
RABIF,13.0,10.0
RABL2A,1.0,1.0
RABL2B,28.0,29.0
RABL3,17.0,23.0
RABL6,68.0,68.0
RAC1,11.0,12.0
RAC2,26.0,26.0
RAC3,14.0,13.0
RACGAP1,60.0,61.0
RACK1,39.0,38.0
RAD1,21.0,21.0
RAD17,60.0,60.0
RAD18,67.0,66.0
RAD21,51.0,50.0
RAD21L1,43.0,40.0
RAD23A,25.0,29.0
RAD23B,20.0,22.0
RAD50,172.0,183.0
RAD51,38.0,48.0
RAD51AP1,24.0,31.0
RAD51AP2,141.0,141.0
RAD51B,18.0,23.0
RAD51C,37.0,39.0
RAD51D,26.0,27.0
RAD52,43.0,42.0
RAD54B,117.0,128.0
RAD54L,101.0,88.0
RAD54L2,128.0,131.0
RAD9A,17.0,20.0
RAD9B,34.0,36.0
RADIL,89.0,82.0
RADX,77.0,74.0
RAE1,22.0,27.0
RAET1E,13.0,13.0
RAET1G,27.0,31.0
RAET1L,24.0,26.0
RAF1,68.0,62.0
RAG1,127.0,134.0
RAG2,48.0,46.0
RAI1,151.0,157.0
RAI14,131.0,140.0
RAI2,21.0,18.0
RALA,21.0,18.0
RALB,12.0,14.0
RALBP1,77.0,78.0
RALGAPA1,184.0,191.0
RALGAPA2,198.0,207.0
RALGAPB,146.0,136.0
RALGDS,43.0,42.0
RALGPS1,48.0,57.0
RALGPS2,63.0,62.0
RALY,41.0,38.0
RALYL,31.0,24.0
RAMAC,23.0,20.0
RAMP1,3.0,2.0
RAMP2,6.0,5.0
RAMP3,11.0,9.0
RAN,31.0,32.0
RANBP1,21.0,15.0
RANBP10,52.0,53.0
RANBP17,86.0,104.0
RANBP2,388.0,369.0
RANBP3,79.0,71.0
RANBP3L,59.0,60.0
RANBP6,120.0,114.0
RANBP9,46.0,43.0
RANGAP1,58.0,64.0
RANGRF,9.0,5.0
RAP1A,5.0,9.0
RAP1B,14.0,15.0
RAP1GAP,64.0,65.0
RAP1GAP2,66.0,66.0
RAP1GDS1,57.0,53.0
RAP2A,9.0,9.0
RAP2B,8.0,13.0
RAP2C,10.0,13.0
RAPGEF1,89.0,114.0
RAPGEF2,121.0,121.0
RAPGEF3,100.0,100.0
RAPGEF4,113.0,119.0
RAPGEF5,58.0,60.0
RAPGEF6,163.0,158.0
RAPGEFL1,64.0,66.0
RAPH1,97.0,100.0
RAPSN,59.0,60.0
RARA,42.0,41.0
RARB,22.0,18.0
RARG,34.0,38.0
RARRES1,35.0,36.0
RARRES2,5.0,7.0
RARS1,84.0,92.0
RARS2,78.0,85.0
RASA1,96.0,95.0
RASA2,102.0,111.0
RASA3,117.0,113.0
RASA4,83.0,87.0
RASA4B,5.0,7.0
RASAL1,90.0,95.0
RASAL2,150.0,149.0
RASAL2-AS1,9.0,10.0
RASAL3,106.0,127.0
RASD1,39.0,38.0
RASD2,44.0,46.0
RASEF,116.0,123.0
RASGEF1A,31.0,31.0
RASGEF1B,48.0,49.0
RASGEF1C,44.0,64.0
RASGRF1,117.0,135.0
RASGRF2,118.0,115.0
RASGRP1,73.0,83.0
RASGRP2,63.0,73.0
RASGRP3,65.0,69.0
RASGRP4,63.0,71.0
RASIP1,90.0,91.0
RASL10A,15.0,14.0
RASL10B,12.0,13.0
RASL11A,14.0,13.0
RASL11B,18.0,18.0
RASL12,21.0,23.0
RASSF1,32.0,30.0
RASSF10,39.0,34.0
RASSF2,43.0,42.0
RASSF3,22.0,21.0
RASSF4,43.0,45.0
RASSF5,42.0,46.0
RASSF6,52.0,54.0
RASSF7,48.0,53.0
RASSF8,56.0,59.0
RASSF9,22.0,23.0
RAVER1,54.0,54.0
RAVER2,59.0,60.0
RAX,33.0,27.0
RAX2,21.0,21.0
RB1,89.0,88.0
RB1CC1,203.0,234.0
RBAK,106.0,104.0
RBAKDN,6.0,6.0
RBBP4,35.0,31.0
RBBP5,57.0,73.0
RBBP6,158.0,152.0
RBBP7,28.0,28.0
RBBP8,119.0,120.0
RBBP8NL,68.0,75.0
RBBP9,21.0,21.0
RBCK1,93.0,98.0
RBFA,24.0,30.0
RBFOX1,5.0,3.0
RBFOX2,26.0,23.0
RBFOX3,3.0,5.0
RBIS,16.0,13.0
RBKS,14.0,23.0
RBL1,109.0,120.0
RBL2,122.0,113.0
RBM10,96.0,96.0
RBM11,21.0,26.0
RBM12,72.0,71.0
RBM12B,147.0,166.0
RBM12B-AS1,9.0,9.0
RBM14,44.0,38.0
RBM15,99.0,106.0
RBM15B,64.0,74.0
RBM17,48.0,55.0
RBM18,21.0,22.0
RBM19,102.0,132.0
RBM20,100.0,98.0
RBM22,41.0,46.0
RBM23,39.0,30.0
RBM24,18.0,19.0
RBM25,68.0,70.0
RBM26,76.0,83.0
RBM27,98.0,106.0
RBM28,86.0,91.0
RBM3,8.0,11.0
RBM33,67.0,76.0
RBM34,67.0,71.0
RBM38,11.0,6.0
RBM39,61.0,74.0
RBM4,9.0,7.0
RBM41,57.0,62.0
RBM42,28.0,27.0
RBM43,72.0,76.0
RBM44,154.0,162.0
RBM45,61.0,67.0
RBM46,78.0,79.0
RBM47,59.0,59.0
RBM48,22.0,24.0
RBM4B,57.0,60.0
RBM5,66.0,70.0
RBM6,137.0,139.0
RBM7,27.0,29.0
RBM8A,9.0,8.0
RBMS1,29.0,29.0
RBMS2,19.0,14.0
RBMS3,16.0,20.0
RBMX,53.0,42.0
RBMX2,36.0,38.0
RBMXL1,13.0,14.0
RBMXL2,25.0,27.0
RBMXL3,138.0,142.0
RBMY1A1,8.0,11.0
RBMY1B,47.0,51.0
RBMY1C,6.0,5.0
RBMY1E,2.0,2.0
RBMY1F,2.0,3.0
RBP1,25.0,25.0
RBP2,13.0,19.0
RBP3,74.0,89.0
RBP4,18.0,20.0
RBP5,22.0,23.0
RBP7,32.0,31.0
RBPJ,45.0,50.0
RBPJL,46.0,49.0
RBPMS,17.0,20.0
RBPMS2,28.0,34.0
RBSN,104.0,112.0
RBX1,12.0,14.0
RC3H1,97.0,106.0
RC3H2,89.0,97.0
RCAN1,26.0,29.0
RCAN2,8.0,2.0
RCAN3,11.0,12.0
RCBTB1,10.0,14.0
RCBTB2,32.0,32.0
RCC1,38.0,41.0
RCC1L,36.0,30.0
RCC2,69.0,72.0
RCCD1,37.0,50.0
RCE1,6.0,9.0
RCHY1,34.0,41.0
RCL1,34.0,36.0
RCN1,33.0,32.0
RCN2,11.0,15.0
RCN3,27.0,20.0
RCOR1,35.0,34.0
RCOR2,74.0,84.0
RCOR3,62.0,59.0
RCSD1,47.0,55.0
RCVRN,37.0,36.0
RD3,36.0,35.0
RD3L,31.0,30.0
RDH10,36.0,42.0
RDH11,26.0,26.0
RDH12,33.0,35.0
RDH13,36.0,34.0
RDH14,37.0,39.0
RDH16,27.0,30.0
RDH5,36.0,35.0
RDH8,19.0,18.0
RDM1,32.0,34.0
RDUR,4.0,6.0
RDX,43.0,44.0
REC114,15.0,15.0
REC8,58.0,56.0
RECK,100.0,99.0
RECQL,77.0,80.0
RECQL4,106.0,116.0
RECQL5,113.0,121.0
REDIC1,73.0,65.0
REELD1,50.0,44.0
REEP1,16.0,13.0
REEP2,28.0,21.0
REEP3,22.0,19.0
REEP4,18.0,17.0
REEP5,25.0,26.0
REEP6,13.0,11.0
REG1A,12.0,11.0
REG1B,4.0,5.0
REG3A,23.0,24.0
REG3G,15.0,18.0
REG4,26.0,29.0
REL,66.0,67.0
RELA,39.0,43.0
RELB,40.0,57.0
RELCH,117.0,122.0
RELL1,5.0,10.0
RELL2,17.0,16.0
RELN,192.0,194.0
RELT,28.0,29.0
REM1,38.0,39.0
REM2,27.0,28.0
REN,29.0,27.0
RENBP,36.0,37.0
REP15,26.0,26.0
REPIN1,51.0,44.0
REPS1,99.0,96.0
REPS2,65.0,67.0
RER1,10.0,8.0
RERE,100.0,117.0
RERG,14.0,20.0
RERGL,25.0,22.0
RESF1,172.0,167.0
RESP18,11.0,11.0
REST,82.0,94.0
RET,110.0,131.0
RETN,6.0,7.0
RETNLB,5.0,5.0
RETREG1,20.0,24.0
RETREG2,12.0,13.0
RETREG3,17.0,18.0
RETSAT,53.0,55.0
REV1,160.0,179.0
REV3L,309.0,322.0
REX1BD,40.0,28.0
REXO1,103.0,113.0
REXO1L1P,77.0,88.0
REXO2,25.0,30.0
REXO4,59.0,60.0
REXO5,70.0,78.0
RFC1,124.0,141.0
RFC2,42.0,44.0
RFC3,44.0,43.0
RFC4,40.0,40.0
RFC5,66.0,65.0
RFESD,30.0,27.0
RFFL,17.0,14.0
RFK,15.0,12.0
RFLNA,18.0,21.0
RFLNB,23.0,24.0
RFNG,29.0,28.0
RFPL1,20.0,25.0
RFPL2,26.0,17.0
RFPL3,19.0,17.0
RFPL3S,18.0,14.0
RFPL4A,23.0,24.0
RFPL4AL1,5.0,5.0
RFPL4B,15.0,15.0
RFT1,20.0,20.0
RFTN1,46.0,51.0
RFTN2,45.0,41.0
RFWD3,72.0,67.0
RFX1,63.0,58.0
RFX2,47.0,40.0
RFX3,16.0,15.0
RFX4,78.0,79.0
RFX5,87.0,88.0
RFX6,71.0,71.0
RFX7,109.0,116.0
RFX8,63.0,64.0
RFXANK,9.0,9.0
RFXAP,7.0,11.0
RGCC,9.0,8.0
RGL1,49.0,54.0
RGL2,72.0,72.0
RGL3,60.0,62.0
RGL4,21.0,26.0
RGMA,30.0,31.0
RGMB,19.0,20.0
RGN,33.0,35.0
RGP1,31.0,32.0
RGPD1,86.0,88.0
RGPD2,5.0,4.0
RGPD3,54.0,56.0
RGPD4,26.0,32.0
RGPD5,107.0,109.0
RGPD8,15.0,14.0
RGR,5.0,7.0
RGS1,20.0,24.0
RGS10,23.0,26.0
RGS11,48.0,60.0
RGS12,154.0,146.0
RGS13,17.0,19.0
RGS14,52.0,62.0
RGS16,43.0,42.0
RGS17,24.0,23.0
RGS18,30.0,30.0
RGS19,14.0,16.0
RGS2,31.0,34.0
RGS20,50.0,55.0
RGS21,23.0,17.0
RGS22,154.0,152.0
RGS3,152.0,158.0
RGS4,31.0,28.0
RGS5,39.0,48.0
RGS6,41.0,49.0
RGS7,34.0,35.0
RGS7BP,8.0,8.0
RGS8,30.0,36.0
RGS9,96.0,96.0
RGS9BP,32.0,32.0
RGSL1,140.0,146.0
RHAG,6.0,4.0
RHBDD1,14.0,18.0
RHBDD2,9.0,9.0
RHBDD3,12.0,8.0
RHBDF1,49.0,46.0
RHBDF2,79.0,83.0
RHBDL1,14.0,21.0
RHBDL2,15.0,14.0
RHBDL3,38.0,31.0
RHBG,10.0,13.0
RHCE,7.0,9.0
RHCG,17.0,17.0
RHD,1.0,1.0
RHEB,7.0,7.0
RHEBL1,22.0,19.0
RHEX,12.0,14.0
RHNO1,16.0,18.0
RHO,13.0,17.0
RHOA,8.0,9.0
RHOB,15.0,16.0
RHOBTB1,91.0,91.0
RHOBTB2,65.0,61.0
RHOBTB3,76.0,85.0
RHOC,18.0,19.0
RHOD,22.0,18.0
RHOF,23.0,22.0
RHOG,22.0,20.0
RHOH,31.0,32.0
RHOJ,22.0,23.0
RHOQ,24.0,28.0
RHOT1,44.0,52.0
RHOT2,43.0,57.0
RHOU,23.0,26.0
RHOV,27.0,31.0
RHOXF1,21.0,21.0
RHOXF2,8.0,9.0
RHPN1,92.0,91.0
RHPN1-AS1,7.0,9.0
RHPN2,60.0,59.0
RHPN2P1,25.0,30.0
RIBC1,31.0,35.0
RIBC2,76.0,74.0
RIC1,125.0,117.0
RIC3,37.0,45.0
RIC8A,63.0,64.0
RIC8B,51.0,59.0
RICTOR,186.0,175.0
RIDA,8.0,8.0
RIF1,224.0,242.0
RIG,10.0,8.0
RIGI,131.0,130.0
RIIAD1,17.0,18.0
RILP,57.0,61.0
RILPL1,50.0,54.0
RILPL2,25.0,31.0
RIMBP2,88.0,90.0
RIMBP3,169.0,165.0
RIMBP3C,18.0,17.0
RIMKLA,40.0,43.0
RIMKLB,27.0,26.0
RIMOC1,22.0,26.0
RIMS1,180.0,188.0
RIMS2,148.0,160.0
RIMS3,21.0,29.0
RIMS4,14.0,17.0
RIN1,59.0,64.0
RIN2,77.0,86.0
RIN3,84.0,83.0
RING1,45.0,37.0
RINL,52.0,48.0
RINT1,42.0,52.0
RIOK1,58.0,58.0
RIOK2,56.0,65.0
RIOK3,63.0,58.0
RIOX1,65.0,56.0
RIOX2,45.0,46.0
RIPK1,76.0,89.0
RIPK2,69.0,68.0
RIPK3,65.0,69.0
RIPK4,82.0,73.0
RIPOR1,98.0,99.0
RIPOR2,88.0,105.0
RIPOR3,85.0,89.0
RIPPLY1,5.0,4.0
RIPPLY2,8.0,10.0
RIPPLY3,16.0,21.0
RIT1,26.0,28.0
RIT2,9.0,15.0
RITA1,28.0,34.0
RLBP1,37.0,33.0
RLF,199.0,212.0
RLIG1,41.0,42.0
RLIM,56.0,63.0
RLN1,14.0,9.0
RLN2,37.0,39.0
RLN3,11.0,12.0
RMC1,54.0,59.0
RMDN1,26.0,38.0
RMDN2,38.0,41.0
RMDN3,61.0,62.0
RMI1,60.0,74.0
RMI2,14.0,18.0
RMND1,56.0,56.0
RMND5A,61.0,62.0
RMND5B,65.0,67.0
RMP24,21.0,17.0
RMP64,60.0,65.0
RNASE1,13.0,14.0
RNASE10,13.0,18.0
RNASE11,25.0,25.0
RNASE12,16.0,18.0
RNASE13,16.0,14.0
RNASE2,6.0,7.0
RNASE3,15.0,14.0
RNASE4,15.0,9.0
RNASE6,12.0,10.0
RNASE7,14.0,18.0
RNASE8,17.0,20.0
RNASE9,14.0,15.0
RNASEH1,31.0,34.0
RNASEH2A,25.0,26.0
RNASEH2B,35.0,30.0
RNASEH2C,23.0,22.0
RNASEK,6.0,7.0
RNASEL,90.0,97.0
RNASET2,35.0,41.0
RND1,24.0,24.0
RND2,16.0,19.0
RND3,18.0,15.0
RNF10,68.0,67.0
RNF103,38.0,45.0
RNF11,14.0,16.0
RNF111,78.0,78.0
RNF112,98.0,104.0
RNF113A,34.0,34.0
RNF113B,32.0,27.0
RNF114,17.0,20.0
RNF115,26.0,23.0
RNF121,21.0,14.0
RNF122,20.0,13.0
RNF123,118.0,125.0
RNF125,28.0,29.0
RNF126,12.0,11.0
RNF128,26.0,27.0
RNF13,23.0,27.0
RNF130,44.0,36.0
RNF133,23.0,35.0
RNF135,31.0,33.0
RNF138,9.0,13.0
RNF139,37.0,32.0
RNF14,46.0,48.0
RNF141,16.0,21.0
RNF144A,23.0,28.0
RNF144B,20.0,20.0
RNF145,41.0,45.0
RNF146,43.0,34.0
RNF148,30.0,35.0
RNF149,38.0,43.0
RNF150,23.0,21.0
RNF151,16.0,15.0
RNF152,12.0,9.0
RNF157,51.0,40.0
RNF166,16.0,16.0
RNF167,11.0,13.0
RNF168,67.0,71.0
RNF169,108.0,105.0
RNF17,183.0,191.0
RNF170,18.0,18.0
RNF175,21.0,20.0
RNF180,60.0,60.0
RNF181,23.0,19.0
RNF182,14.0,13.0
RNF183,4.0,5.0
RNF185,9.0,10.0
RNF186,5.0,6.0
RNF187,23.0,22.0
RNF19A,65.0,78.0
RNF19B,60.0,56.0
RNF2,30.0,25.0
RNF20,125.0,125.0
RNF207,75.0,74.0
RNF208,9.0,15.0
RNF212,49.0,57.0
RNF212B,51.0,54.0
RNF213,623.0,679.0
RNF214,57.0,76.0
RNF215,31.0,28.0
RNF216,79.0,96.0
RNF216P1,5.0,7.0
RNF217,28.0,29.0
RNF220,64.0,64.0
RNF222,30.0,27.0
RNF223,13.0,15.0
RNF224,21.0,23.0
RNF225,20.0,20.0
RNF227,13.0,10.0
RNF228,31.0,41.0
RNF24,14.0,13.0
RNF25,44.0,44.0
RNF26,32.0,29.0
RNF31,107.0,113.0
RNF32,29.0,27.0
RNF32-DT,8.0,8.0
RNF34,17.0,20.0
RNF38,27.0,24.0
RNF39,31.0,29.0
RNF4,10.0,14.0
RNF40,125.0,132.0
RNF41,26.0,28.0
RNF43,30.0,35.0
RNF44,18.0,17.0
RNF5,15.0,14.0
RNF6,102.0,110.0
RNF7,9.0,10.0
RNF8,63.0,62.0
RNFT1,37.0,35.0
RNFT2,34.0,32.0
RNGTT,78.0,83.0
RNH1,32.0,27.0
RNLS,34.0,32.0
RNMT,55.0,56.0
RNPC3,92.0,96.0
RNPEP,72.0,64.0
RNPEPL1,49.0,45.0
RNPS1,21.0,17.0
RO60,73.0,72.0
ROBO1,115.0,110.0
ROBO2,114.0,117.0
ROBO3,68.0,78.0
ROBO4,97.0,109.0
ROCK1,199.0,203.0
ROCK2,202.0,208.0
ROGDI,41.0,38.0
ROM1,20.0,16.0
ROMO1,5.0,7.0
ROPN1,13.0,16.0
ROPN1B,22.0,29.0
ROPN1L,33.0,34.0
ROR1,63.0,63.0
ROR2,55.0,59.0
RORA,68.0,74.0
RORB,47.0,52.0
RORC,69.0,72.0
ROS1,148.0,149.0
RP1,205.0,195.0
RP1L1,153.0,147.0
RP2,21.0,21.0
RP9,32.0,31.0
RPA1,67.0,83.0
RPA2,18.0,19.0
RPA3,17.0,20.0
RPA4,22.0,25.0
RPAIN,,1.0
RPAP1,106.0,113.0
RPAP2,66.0,68.0
RPAP3,78.0,77.0
RPE,13.0,17.0
RPE65,45.0,42.0
RPEL1,15.0,16.0
RPF1,28.0,25.0
RPF2,43.0,42.0
RPGR,89.0,107.0
RPGRIP1,121.0,115.0
RPGRIP1L,187.0,202.0
RPH3A,103.0,111.0
RPH3AL,30.0,31.0
RPIA,19.0,24.0
RPL10,15.0,16.0
RPL10A,27.0,27.0
RPL10L,14.0,16.0
RPL11,12.0,8.0
RPL12,17.0,28.0
RPL13,20.0,17.0
RPL13A,26.0,26.0
RPL13AP3,9.0,11.0
RPL14,23.0,24.0
RPL15,21.0,23.0
RPL17,26.0,31.0
RPL18,13.0,12.0
RPL18A,19.0,21.0
RPL19,11.0,10.0
RPL21,4.0,7.0
RPL22,6.0,7.0
RPL22L1,8.0,10.0
RPL23,13.0,12.0
RPL23A,18.0,17.0
RPL24,21.0,18.0
RPL26,6.0,5.0
RPL26L1,7.0,8.0
RPL27,23.0,22.0
RPL27A,24.0,26.0
RPL28,27.0,26.0
RPL29,4.0,4.0
RPL3,31.0,31.0
RPL30,24.0,23.0
RPL31,11.0,10.0
RPL32,11.0,11.0
RPL34,11.0,7.0
RPL35,6.0,5.0
RPL35A,13.0,11.0
RPL36,49.0,48.0
RPL36A,11.0,14.0
RPL37,4.0,3.0
RPL37A,2.0,2.0
RPL37AP8,10.0,9.0
RPL38,9.0,7.0
RPL39L,5.0,6.0
RPL3L,41.0,38.0
RPL4,38.0,40.0
RPL5,38.0,38.0
RPL6,23.0,26.0
RPL7,26.0,34.0
RPL7A,31.0,26.0
RPL7L1,37.0,38.0
RPL8,21.0,29.0
RPL9,34.0,29.0
RPLP0,28.0,30.0
RPLP0P6,7.0,8.0
RPLP1,,1.0
RPLP2,13.0,10.0
RPN1,75.0,87.0
RPN2,32.0,39.0
RPP14,11.0,9.0
RPP21,18.0,17.0
RPP25,14.0,16.0
RPP25L,9.0,9.0
RPP30,43.0,51.0
RPP38,37.0,36.0
RPP38-DT,19.0,16.0
RPP40,34.0,25.0
RPRD1A,38.0,31.0
RPRD1B,32.0,30.0
RPRD2,104.0,105.0
RPRM,9.0,7.0
RPRML,7.0,9.0
RPS10,16.0,19.0
RPS10P5,15.0,15.0
RPS11,21.0,19.0
RPS12,18.0,22.0
RPS13,21.0,16.0
RPS14,7.0,12.0
RPS15,10.0,9.0
RPS15A,22.0,20.0
RPS16,21.0,25.0
RPS17,7.0,7.0
RPS18,26.0,30.0
RPS19,22.0,21.0
RPS19BP1,17.0,16.0
RPS2,28.0,26.0
RPS20,8.0,7.0
RPS21,16.0,19.0
RPS23,2.0,3.0
RPS24,9.0,8.0
RPS25,15.0,12.0
RPS26,4.0,6.0
RPS26P11,8.0,8.0
RPS27,8.0,11.0
RPS27A,18.0,14.0
RPS27L,4.0,6.0
RPS28,16.0,17.0
RPS29,5.0,7.0
RPS3,33.0,31.0
RPS3A,25.0,29.0
RPS4X,27.0,29.0
RPS4Y1,8.0,11.0
RPS4Y2,17.0,16.0
RPS5,17.0,17.0
RPS6,14.0,15.0
RPS6KA1,88.0,103.0
RPS6KA2,77.0,94.0
RPS6KA3,103.0,102.0
RPS6KA4,45.0,55.0
RPS6KA5,80.0,78.0
RPS6KA6,89.0,101.0
RPS6KB1,60.0,52.0
RPS6KB2,28.0,31.0
RPS6KC1,128.0,126.0
RPS6KL1,60.0,53.0
RPS7,13.0,14.0
RPS8,18.0,17.0
RPS9,18.0,19.0
RPSA,3.0,3.0
RPSA2,36.0,41.0
RPTN,61.0,63.0
RPTOR,117.0,112.0
RPUSD1,30.0,36.0
RPUSD2,91.0,74.0
RPUSD3,40.0,37.0
RPUSD4,53.0,42.0
RRAD,25.0,28.0
RRAGA,5.0,4.0
RRAGB,30.0,36.0
RRAGC,54.0,59.0
RRAGD,22.0,25.0
RRAS,32.0,33.0
RRAS2,28.0,29.0
RRBP1,177.0,194.0
RREB1,161.0,170.0
RRH,7.0,14.0
RRM1,66.0,72.0
RRM2,45.0,46.0
RRM2B,32.0,38.0
RRN3,72.0,74.0
RRN3P1,6.0,9.0
RRN3P2,22.0,27.0
RRP1,26.0,30.0
RRP12,82.0,84.0
RRP15,27.0,29.0
RRP1B,75.0,72.0
RRP36,33.0,39.0
RRP7A,15.0,11.0
RRP7BP,8.0,11.0
RRP8,50.0,45.0
RRP9,41.0,45.0
RRS1,33.0,35.0
RS1,24.0,24.0
RSAD1,49.0,51.0
RSAD2,38.0,37.0
RSBN1,98.0,108.0
RSBN1L,91.0,86.0
RSC1A1,35.0,41.0
RSF1,128.0,120.0
RSKR,42.0,48.0
RSL1D1,58.0,61.0
RSL24D1,10.0,12.0
RSPH1,42.0,43.0
RSPH10B,6.0,8.0
RSPH10B2,101.0,100.0
RSPH14,53.0,59.0
RSPH3,69.0,65.0
RSPH4A,51.0,52.0
RSPH6A,42.0,43.0
RSPH9,39.0,44.0
RSPO1,25.0,24.0
RSPO2,37.0,34.0
RSPO3,11.0,12.0
RSPO4,20.0,23.0
RSPRY1,43.0,47.0
RSRC1,31.0,29.0
RSRC2,40.0,43.0
RSRP1,21.0,21.0
RSU1,26.0,24.0
RTBDN,6.0,5.0
RTCA,45.0,40.0
RTCB,52.0,53.0
RTEL1,148.0,161.0
RTF1,74.0,90.0
RTF2,52.0,50.0
RTKN,51.0,54.0
RTKN2,80.0,82.0
RTL1,143.0,150.0
RTL10,25.0,22.0
RTL3,27.0,26.0
RTL4,26.0,25.0
RTL5,33.0,38.0
RTL6,30.0,26.0
RTL8A,3.0,2.0
RTL8B,6.0,7.0
RTL8C,20.0,23.0
RTL9,102.0,109.0
RTN1,61.0,65.0
RTN2,41.0,46.0
RTN3,100.0,97.0
RTN4,86.0,91.0
RTN4IP1,47.0,46.0
RTN4R,52.0,47.0
RTN4RL1,46.0,42.0
RTN4RL2,38.0,44.0
RTP1,27.0,23.0
RTP2,26.0,18.0
RTP3,27.0,33.0
RTP4,10.0,11.0
RTP5,41.0,37.0
RTRAF,43.0,46.0
RTTN,211.0,233.0
RUBCN,80.0,82.0
RUBCNL,43.0,47.0
RUFY1,106.0,106.0
RUFY2,86.0,97.0
RUFY3,55.0,56.0
RUFY4,57.0,52.0
RUNDC1,51.0,49.0
RUNDC3A,36.0,37.0
RUNDC3B,31.0,36.0
RUNX1,13.0,19.0
RUNX1T1,55.0,61.0
RUNX2,22.0,21.0
RUNX3,16.0,19.0
RUSC1,60.0,70.0
RUSC1-AS1,22.0,24.0
RUSC2,93.0,95.0
RUSF1,38.0,38.0
RUVBL1,45.0,52.0
RUVBL2,71.0,54.0
RWDD1,18.0,20.0
RWDD2A,46.0,47.0
RWDD2B,33.0,29.0
RWDD3,23.0,22.0
RWDD4,13.0,8.0
RXFP1,76.0,71.0
RXFP2,63.0,71.0
RXFP3,19.0,20.0
RXFP4,11.0,13.0
RXRA,59.0,71.0
RXRB,30.0,31.0
RXRG,38.0,34.0
RXYLT1,32.0,34.0
RYBP,17.0,21.0
RYK,56.0,60.0
RYR1,460.0,462.0
RYR2,477.0,486.0
RYR3,463.0,475.0
S100A1,3.0,6.0
S100A10,14.0,16.0
S100A11,9.0,6.0
S100A12,9.0,13.0
S100A13,16.0,18.0
S100A14,23.0,23.0
S100A16,14.0,19.0
S100A2,13.0,10.0
S100A3,12.0,17.0
S100A4,22.0,15.0
S100A5,11.0,17.0
S100A6,13.0,16.0
S100A7,17.0,23.0
S100A7A,3.0,4.0
S100A7L2,19.0,18.0
S100A8,14.0,14.0
S100A9,19.0,20.0
S100B,15.0,13.0
S100G,3.0,2.0
S100P,9.0,9.0
S100PBP,51.0,62.0
S100Z,23.0,27.0
S1PR1,24.0,22.0
S1PR2,26.0,26.0
S1PR3,33.0,30.0
S1PR4,25.0,26.0
S1PR5,21.0,27.0
SAA1,9.0,13.0
SAA2,14.0,17.0
SAA4,14.0,21.0
SAAL1,26.0,25.0
SAC3D1,40.0,45.0
SACM1L,90.0,95.0
SACS,586.0,602.0
SAE1,37.0,37.0
SAFB,47.0,54.0
SAFB2,86.0,73.0
SAG,28.0,28.0
SAGE1,45.0,51.0
SAGE2P,56.0,50.0
SALL1,89.0,91.0
SALL2,39.0,35.0
SALL3,88.0,97.0
SALL4,92.0,97.0
SAMD1,48.0,44.0
SAMD10,36.0,39.0
SAMD11,65.0,52.0
SAMD12,32.0,32.0
SAMD13,18.0,24.0
SAMD14,35.0,37.0
SAMD15,93.0,86.0
SAMD3,65.0,52.0
SAMD4A,62.0,66.0
SAMD4B,48.0,39.0
SAMD5,15.0,20.0
SAMD7,28.0,32.0
SAMD8,25.0,23.0
SAMD9,165.0,172.0
SAMD9L,199.0,219.0
SAMHD1,107.0,102.0
SAMM50,58.0,62.0
SAMSN1,60.0,54.0
SAMTOR,17.0,22.0
SANBR,73.0,74.0
SAP130,78.0,103.0
SAP18,14.0,13.0
SAP25,17.0,15.0
SAP30,24.0,27.0
SAP30BP,39.0,40.0
SAP30L,18.0,17.0
SAPCD1,12.0,16.0
SAPCD2,52.0,58.0
SAR1A,13.0,23.0
SAR1B,7.0,9.0
SARAF,29.0,37.0
SARDH,120.0,121.0
SARG,68.0,81.0
SARM1,117.0,133.0
SARNP,24.0,26.0
SARS1,57.0,60.0
SARS2,64.0,69.0
SART1,91.0,84.0
SART3,97.0,97.0
SASH1,126.0,135.0
SASH3,23.0,29.0
SASS6,129.0,125.0
SAT1,25.0,24.0
SAT2,21.0,18.0
SATB1,57.0,68.0
SATB2,63.0,58.0
SATL1,43.0,42.0
SAV1,57.0,49.0
SAXO1,58.0,58.0
SAXO2,53.0,58.0
SAXO3,75.0,71.0
SAXO4,48.0,46.0
SAXO5,93.0,93.0
SAYSD1,4.0,5.0
SBDS,38.0,36.0
SBF1,173.0,166.0
SBF2,187.0,182.0
SBK1,36.0,32.0
SBK2,16.0,16.0
SBK3,27.0,33.0
SBNO1,139.0,135.0
SBNO2,95.0,108.0
SBSN,45.0,51.0
SBSPON,18.0,16.0
SC5D,4.0,5.0
SCAF1,86.0,81.0
SCAF11,126.0,130.0
SCAF4,51.0,54.0
SCAF8,73.0,80.0
SCAI,51.0,65.0
SCAMP1,19.0,20.0
SCAMP2,3.0,7.0
SCAMP3,6.0,9.0
SCAMP4,13.0,12.0
SCAMP5,5.0,5.0
SCAND1,7.0,10.0
SCAND2P,32.0,30.0
SCAND3,153.0,159.0
SCAP,75.0,84.0
SCAPER,171.0,163.0
SCARA3,57.0,58.0
SCARA5,51.0,51.0
SCARB1,30.0,39.0
SCARB2,53.0,53.0
SCARF1,82.0,80.0
SCARF2,62.0,74.0
SCART1,97.0,103.0
SCCPDH,24.0,24.0
SCD,20.0,23.0
SCD5,31.0,28.0
SCEL,93.0,105.0
SCFD1,54.0,69.0
SCFD2,59.0,57.0
SCG2,85.0,97.0
SCG3,45.0,49.0
SCG5,13.0,17.0
SCGB1A1,3.0,6.0
SCGB1C1,4.0,7.0
SCGB1C2,4.0,2.0
SCGB1D1,8.0,9.0
SCGB1D2,17.0,13.0
SCGB1D4,12.0,5.0
SCGB2A1,9.0,7.0
SCGB2A2,1.0,1.0
SCGB2B2,4.0,6.0
SCGB3A1,1.0,4.0
SCGB3A2,10.0,11.0
SCGN,35.0,42.0
SCHIP1,6.0,8.0
SCIN,69.0,68.0
SCLT1,126.0,137.0
SCLY,48.0,45.0
SCMH1,70.0,77.0
SCML1,29.0,22.0
SCML2,95.0,89.0
SCML4,46.0,43.0
SCN10A,121.0,124.0
SCN11A,120.0,117.0
SCN1A,124.0,133.0
SCN1B,10.0,9.0
SCN2A,87.0,94.0
SCN2B,18.0,21.0
SCN3A,76.0,70.0
SCN3B,9.0,13.0
SCN4A,101.0,103.0
SCN4B,17.0,18.0
SCN5A,112.0,111.0
SCN7A,100.0,106.0
SCN8A,90.0,98.0
SCN9A,127.0,112.0
SCNM1,28.0,31.0
SCNN1A,70.0,75.0
SCNN1B,36.0,35.0
SCNN1D,79.0,83.0
SCNN1G,39.0,43.0
SCO1,16.0,21.0
SCO2,28.0,27.0
SCOC,7.0,8.0
SCP2,46.0,50.0
SCP2D1,9.0,9.0
SCP2D1-AS1,24.0,26.0
SCPEP1,41.0,37.0
SCRG1,2.0,2.0
SCRIB,148.0,158.0
SCRN1,35.0,38.0
SCRN2,30.0,31.0
SCRN3,57.0,53.0
SCRT1,46.0,52.0
SCRT2,21.0,29.0
SCT,7.0,8.0
SCTR,28.0,39.0
SCUBE1,86.0,95.0
SCUBE2,96.0,101.0
SCUBE3,135.0,132.0
SCX,18.0,18.0
SCYGR1,6.0,6.0
SCYGR10,4.0,6.0
SCYGR4,7.0,6.0
SCYGR5,1.0,3.0
SCYGR6,7.0,5.0
SCYGR7,2.0,3.0
SCYGR8,3.0,2.0
SCYGR9,4.0,1.0
SCYL1,74.0,74.0
SCYL2,72.0,77.0
SCYL3,68.0,70.0
SDAD1,75.0,74.0
SDC1,11.0,8.0
SDC2,14.0,14.0
SDC3,23.0,19.0
SDC4,17.0,16.0
SDCBP,22.0,25.0
SDCBP2,20.0,17.0
SDCCAG8,107.0,109.0
SDE2,55.0,51.0
SDF2,24.0,19.0
SDF2L1,12.0,16.0
SDF4,39.0,39.0
SDHA,72.0,76.0
SDHAF1,8.0,9.0
SDHAF2,19.0,23.0
SDHAF3,12.0,13.0
SDHAF4,7.0,4.0
SDHB,47.0,47.0
SDHC,12.0,9.0
SDHD,15.0,12.0
SDIM1,9.0,13.0
SDK1,145.0,143.0
SDK2,202.0,214.0
SDR16C5,44.0,40.0
SDR39U1,23.0,28.0
SDR42E1,56.0,52.0
SDR42E2,39.0,37.0
SDR9C7,42.0,52.0
SDS,7.0,5.0
SDSL,31.0,34.0
SEBOX,17.0,19.0
SEC11A,21.0,22.0
SEC11B,11.0,14.0
SEC11C,32.0,32.0
SEC13,29.0,25.0
SEC14L1,46.0,50.0
SEC14L2,44.0,42.0
SEC14L3,30.0,34.0
SEC14L4,44.0,37.0
SEC14L5,62.0,51.0
SEC14L6,26.0,28.0
SEC16A,167.0,160.0
SEC16B,84.0,92.0
SEC22A,21.0,24.0
SEC22B,24.0,22.0
SEC22C,13.0,15.0
SEC23A,65.0,74.0
SEC23B,90.0,80.0
SEC23IP,75.0,71.0
SEC24A,52.0,56.0
SEC24B,58.0,55.0
SEC24C,51.0,59.0
SEC24D,78.0,76.0
SEC31A,88.0,107.0
SEC31B,101.0,104.0
SEC61A1,17.0,18.0
SEC61A2,9.0,7.0
SEC61B,10.0,7.0
SEC61G,6.0,7.0
SEC62,28.0,29.0
SEC63,99.0,105.0
SECISBP2,94.0,94.0
SECISBP2L,52.0,62.0
SECTM1,23.0,19.0
SEH1L,34.0,38.0
SEL1L,60.0,58.0
SEL1L2,95.0,96.0
SEL1L3,81.0,79.0
SELE,40.0,41.0
SELENBP1,59.0,69.0
SELENOF,11.0,14.0
SELENOH,16.0,21.0
SELENOI,4.0,11.0
SELENOK,8.0,9.0
SELENOM,16.0,16.0
SELENON,31.0,30.0
SELENOO,58.0,57.0
SELENOP,29.0,28.0
SELENOS,29.0,30.0
SELENOT,25.0,33.0
SELENOV,31.0,30.0
SELENOW,4.0,5.0
SELL,30.0,18.0
SELP,56.0,60.0
SELPLG,7.0,8.0
SEM1,9.0,11.0
SEMA3A,75.0,83.0
SEMA3B,87.0,93.0
SEMA3C,98.0,102.0
SEMA3D,82.0,87.0
SEMA3E,98.0,100.0
SEMA3F,78.0,71.0
SEMA3G,67.0,70.0
SEMA4A,43.0,49.0
SEMA4B,60.0,55.0
SEMA4C,68.0,59.0
SEMA4D,83.0,86.0
SEMA4F,50.0,60.0
SEMA4G,75.0,71.0
SEMA5A,47.0,58.0
SEMA5B,56.0,55.0
SEMA6A,104.0,116.0
SEMA6B,49.0,61.0
SEMA6C,58.0,56.0
SEMA6D,116.0,107.0
SEMA7A,85.0,86.0
SEMG1,67.0,64.0
SEMG2,91.0,92.0
SENP1,77.0,90.0
SENP2,71.0,75.0
SENP3,52.0,44.0
SENP5,100.0,109.0
SENP6,146.0,145.0
SENP7,94.0,100.0
SENP8,9.0,8.0
SEPHS1,32.0,34.0
SEPHS2,32.0,27.0
SEPSECS,41.0,42.0
SEPTIN1,37.0,46.0
SEPTIN10,41.0,49.0
SEPTIN11,40.0,35.0
SEPTIN12,33.0,35.0
SEPTIN14,42.0,50.0
SEPTIN14P20,8.0,7.0
SEPTIN2,24.0,28.0
SEPTIN3,52.0,46.0
SEPTIN4,119.0,135.0
SEPTIN5,39.0,41.0
SEPTIN6,62.0,70.0
SEPTIN7,65.0,63.0
SEPTIN8,47.0,59.0
SEPTIN9,95.0,109.0
SERAC1,90.0,113.0
SERBP1,61.0,63.0
SERF1A,7.0,7.0
SERF2,2.0,2.0
SERGEF,41.0,34.0
SERHL,6.0,11.0
SERHL2,28.0,24.0
SERINC1,23.0,20.0
SERINC2,8.0,6.0
SERINC3,23.0,26.0
SERINC4,13.0,22.0
SERINC5,23.0,27.0
SERP2,3.0,3.0
SERPINA1,46.0,48.0
SERPINA10,35.0,43.0
SERPINA11,30.0,39.0
SERPINA12,51.0,54.0
SERPINA13P,39.0,42.0
SERPINA2,76.0,74.0
SERPINA3,43.0,35.0
SERPINA4,42.0,39.0
SERPINA5,62.0,64.0
SERPINA6,25.0,31.0
SERPINA7,41.0,47.0
SERPINA9,35.0,45.0
SERPINB1,53.0,54.0
SERPINB10,44.0,42.0
SERPINB11,38.0,37.0
SERPINB12,39.0,39.0
SERPINB13,43.0,43.0
SERPINB2,43.0,41.0
SERPINB3,55.0,55.0
SERPINB4,17.0,22.0
SERPINB5,48.0,50.0
SERPINB6,61.0,61.0
SERPINB7,62.0,63.0
SERPINB8,58.0,55.0
SERPINB9,60.0,63.0
SERPINC1,42.0,48.0
SERPIND1,47.0,51.0
SERPINE1,42.0,36.0
SERPINE2,42.0,40.0
SERPINE3,31.0,32.0
SERPINF1,49.0,56.0
SERPINF2,32.0,36.0
SERPING1,42.0,45.0
SERPINH1,49.0,61.0
SERPINI1,38.0,45.0
SERPINI2,40.0,37.0
SERTAD1,9.0,8.0
SERTAD2,22.0,28.0
SERTAD3,5.0,3.0
SERTAD4,33.0,35.0
SERTAD4-AS1,16.0,22.0
SERTM2,7.0,7.0
SESN1,46.0,52.0
SESN2,45.0,46.0
SESN3,49.0,54.0
SESTD1,59.0,61.0
SET,16.0,19.0
SETBP1,138.0,137.0
SETD1A,124.0,126.0
SETD1B,133.0,142.0
SETD2,233.0,234.0
SETD3,60.0,73.0
SETD4,43.0,53.0
SETD5,144.0,151.0
SETD6,34.0,47.0
SETD7,27.0,28.0
SETD9,37.0,37.0
SETDB1,126.0,126.0
SETDB2,84.0,88.0
SETMAR,68.0,71.0
SETSIP,24.0,28.0
SETX,282.0,258.0
SEZ6,67.0,59.0
SEZ6L,30.0,26.0
SEZ6L2,23.0,30.0
SF1,46.0,59.0
SF3A1,89.0,85.0
SF3A2,34.0,40.0
SF3A3,56.0,55.0
SF3B1,124.0,138.0
SF3B2,101.0,102.0
SF3B3,92.0,94.0
SF3B4,22.0,20.0
SF3B5,11.0,14.0
SF3B6,16.0,22.0
SFI1,162.0,146.0
SFMBT1,103.0,97.0
SFMBT2,72.0,75.0
SFN,38.0,42.0
SFPQ,53.0,56.0
SFR1,25.0,26.0
SFRP1,31.0,29.0
SFRP2,9.0,16.0
SFRP4,25.0,26.0
SFRP5,28.0,28.0
SFSWAP,59.0,69.0
SFT2D1,1.0,
SFT2D2,2.0,2.0
SFT2D3,17.0,18.0
SFTA2,8.0,6.0
SFTA3,6.0,5.0
SFTPA1,1.0,
SFTPA2,10.0,7.0
SFTPB,27.0,29.0
SFTPC,9.0,9.0
SFTPD,31.0,30.0
SFXN1,40.0,34.0
SFXN2,29.0,40.0
SFXN3,26.0,25.0
SFXN4,31.0,29.0
SFXN5,36.0,33.0
SGCA,26.0,33.0
SGCB,44.0,51.0
SGCD,38.0,40.0
SGCE,53.0,49.0
SGCG,26.0,25.0
SGCZ,40.0,33.0
SGF29,33.0,34.0
SGIP1,89.0,89.0
SGK1,47.0,43.0
SGK2,26.0,25.0
SGK3,58.0,65.0
SGMS1,28.0,26.0
SGMS2,19.0,24.0
SGO1,57.0,58.0
SGO2,154.0,168.0
SGPL1,40.0,48.0
SGPP1,20.0,22.0
SGPP2,20.0,21.0
SGSH,41.0,40.0
SGSM1,84.0,89.0
SGSM2,114.0,103.0
SGSM3,93.0,101.0
SGTA,32.0,27.0
SGTB,26.0,29.0
SH2B1,51.0,60.0
SH2B2,49.0,50.0
SH2B3,65.0,66.0
SH2D1A,6.0,6.0
SH2D1B,13.0,13.0
SH2D2A,25.0,23.0
SH2D3A,54.0,40.0
SH2D3C,111.0,108.0
SH2D4A,50.0,61.0
SH2D4B,34.0,38.0
SH2D5,29.0,32.0
SH2D6,35.0,39.0
SH2D7,30.0,30.0
SH3BGR,15.0,12.0
SH3BGRL,17.0,17.0
SH3BGRL2,17.0,15.0
SH3BGRL3,7.0,6.0
SH3BP1,6.0,6.0
SH3BP2,66.0,79.0
SH3BP4,105.0,112.0
SH3BP5,40.0,35.0
SH3BP5L,77.0,89.0
SH3D19,97.0,105.0
SH3D21,85.0,91.0
SH3GL1,27.0,26.0
SH3GL2,29.0,25.0
SH3GL3,28.0,32.0
SH3GLB1,36.0,31.0
SH3GLB2,55.0,62.0
SH3KBP1,69.0,68.0
SH3PXD2A,117.0,120.0
SH3PXD2B,96.0,97.0
SH3RF1,70.0,81.0
SH3RF2,58.0,65.0
SH3RF3,73.0,76.0
SH3TC1,76.0,88.0
SH3TC2,109.0,113.0
SH3YL1,35.0,42.0
SHANK1,150.0,160.0
SHANK2,173.0,170.0
SHANK2-AS3,5.0,7.0
SHANK3,182.0,176.0
SHARPIN,26.0,28.0
SHB,61.0,64.0
SHBG,39.0,29.0
SHC1,35.0,36.0
SHC2,29.0,41.0
SHC3,59.0,61.0
SHC4,44.0,50.0
SHCBP1,54.0,65.0
SHCBP1L,52.0,52.0
SHD,28.0,39.0
SHE,54.0,56.0
SHF,26.0,27.0
SHFL,37.0,36.0
SHH,33.0,39.0
SHISA2,18.0,19.0
SHISA3,12.0,17.0
SHISA4,5.0,4.0
SHISA6,40.0,40.0
SHISA7,41.0,57.0
SHISA8,22.0,17.0
SHISA9,48.0,52.0
SHISAL1,5.0,6.0
SHISAL2A,6.0,5.0
SHISAL2B,14.0,15.0
SHKBP1,57.0,52.0
SHLD1,12.0,11.0
SHLD2,71.0,75.0
SHLD3,46.0,49.0
SHMOS,9.0,11.0
SHMT1,47.0,59.0
SHMT2,54.0,58.0
SHOC1,139.0,129.0
SHOC2,20.0,24.0
SHOX,36.0,32.0
SHOX2,18.0,13.0
SHPK,35.0,38.0
SHPRH,171.0,160.0
SHQ1,39.0,43.0
SHROOM1,50.0,44.0
SHROOM2,210.0,216.0
SHROOM3,221.0,230.0
SHROOM4,137.0,143.0
SHTN1,87.0,95.0
SI,131.0,138.0
SIAE,54.0,49.0
SIAH1,32.0,27.0
SIAH2,36.0,29.0
SIAH3,3.0,3.0
SIDT1,29.0,28.0
SIDT2,25.0,29.0
SIGIRR,42.0,46.0
SIGLEC1,126.0,132.0
SIGLEC10,45.0,44.0
SIGLEC11,37.0,37.0
SIGLEC12,43.0,38.0
SIGLEC14,14.0,14.0
SIGLEC15,46.0,45.0
SIGLEC16,31.0,29.0
SIGLEC5,53.0,57.0
SIGLEC6,21.0,25.0
SIGLEC7,25.0,30.0
SIGLEC8,60.0,63.0
SIGLEC9,20.0,22.0
SIGLECL1,25.0,31.0
SIGMAR1,19.0,20.0
SIK1,43.0,44.0
SIK2,90.0,99.0
SIK3,113.0,120.0
SIKE1,45.0,43.0
SIL1,32.0,28.0
SIM1,78.0,81.0
SIM2,42.0,49.0
SIMC1,99.0,110.0
SIN3A,102.0,109.0
SIN3B,143.0,142.0
SINHCAF,17.0,16.0
SIPA1,83.0,96.0
SIPA1L1,204.0,224.0
SIPA1L2,177.0,190.0
SIPA1L3,208.0,229.0
SIRPA,38.0,47.0
SIRPB1,45.0,45.0
SIRPB2,26.0,33.0
SIRPD,21.0,21.0
SIRPG,34.0,34.0
SIRT1,70.0,76.0
SIRT2,42.0,38.0
SIRT3,36.0,32.0
SIRT4,33.0,39.0
SIRT5,27.0,34.0
SIRT6,60.0,60.0
SIRT7,36.0,43.0
SIT1,18.0,18.0
SIVA1,19.0,13.0
SIX1,28.0,30.0
SIX2,28.0,32.0
SIX3,22.0,22.0
SIX4,34.0,39.0
SIX5,23.0,23.0
SIX6,16.0,17.0
SIX6OS1,101.0,105.0
SKA1,61.0,55.0
SKA2,26.0,19.0
SKA3,44.0,53.0
SKAP1,42.0,45.0
SKAP2,45.0,51.0
SKI,71.0,71.0
SKIC2,141.0,141.0
SKIC3,193.0,208.0
SKIC8,11.0,12.0
SKIDA1,97.0,97.0
SKIL,89.0,84.0
SKOR1,97.0,104.0
SKOR2,48.0,53.0
SKP1,16.0,17.0
SKP2,28.0,29.0
SLA,23.0,21.0
SLA2,21.0,31.0
SLAIN1,59.0,47.0
SLAIN2,84.0,87.0
SLAMF1,44.0,44.0
SLAMF6,17.0,18.0
SLAMF7,36.0,37.0
SLAMF8,13.0,11.0
SLAMF9,8.0,10.0
SLBP,24.0,25.0
SLC10A1,13.0,10.0
SLC10A2,11.0,11.0
SLC10A3,20.0,16.0
SLC10A4,9.0,7.0
SLC10A5,33.0,30.0
SLC10A6,,2.0
SLC10A7,10.0,10.0
SLC11A1,16.0,19.0
SLC11A2,5.0,7.0
SLC12A1,82.0,83.0
SLC12A2,97.0,100.0
SLC12A3,91.0,89.0
SLC12A4,48.0,52.0
SLC12A5,60.0,62.0
SLC12A6,80.0,71.0
SLC12A7,60.0,65.0
SLC12A8,26.0,28.0
SLC12A9,53.0,62.0
SLC13A1,9.0,11.0
SLC13A2,25.0,24.0
SLC13A3,22.0,21.0
SLC13A4,15.0,17.0
SLC13A5,19.0,24.0
SLC14A1,31.0,26.0
SLC14A2,47.0,51.0
SLC15A1,29.0,34.0
SLC15A2,44.0,37.0
SLC15A3,23.0,22.0
SLC15A4,41.0,32.0
SLC15A5,30.0,26.0
SLC16A1,19.0,27.0
SLC16A10,13.0,18.0
SLC16A11,5.0,7.0
SLC16A12,24.0,22.0
SLC16A13,8.0,10.0
SLC16A14,7.0,9.0
SLC16A2,7.0,10.0
SLC16A3,17.0,21.0
SLC16A4,12.0,13.0
SLC16A5,35.0,33.0
SLC16A6,27.0,33.0
SLC16A7,19.0,20.0
SLC16A8,6.0,9.0
SLC16A9,43.0,43.0
SLC17A1,5.0,6.0
SLC17A2,17.0,17.0
SLC17A3,14.0,14.0
SLC17A4,8.0,9.0
SLC17A5,17.0,18.0
SLC17A6,34.0,36.0
SLC17A7,32.0,35.0
SLC17A8,28.0,31.0
SLC17A9,10.0,11.0
SLC18A1,10.0,8.0
SLC18A2,25.0,19.0
SLC18A3,26.0,31.0
SLC18B1,15.0,14.0
SLC19A1,29.0,32.0
SLC19A2,12.0,11.0
SLC19A3,7.0,7.0
SLC19A4P,5.0,4.0
SLC1A1,21.0,17.0
SLC1A2,31.0,33.0
SLC1A3,21.0,19.0
SLC1A4,30.0,24.0
SLC1A5,29.0,28.0
SLC1A6,29.0,27.0
SLC1A7,12.0,17.0
SLC20A1,43.0,35.0
SLC20A2,37.0,39.0
SLC22A1,18.0,18.0
SLC22A10,28.0,31.0
SLC22A11,30.0,35.0
SLC22A12,15.0,11.0
SLC22A13,34.0,30.0
SLC22A14,40.0,43.0
SLC22A15,22.0,23.0
SLC22A16,25.0,30.0
SLC22A17,22.0,18.0
SLC22A2,23.0,23.0
SLC22A20P,25.0,28.0
SLC22A23,34.0,33.0
SLC22A24,21.0,18.0
SLC22A25,23.0,27.0
SLC22A3,16.0,18.0
SLC22A31,23.0,23.0
SLC22A4,4.0,3.0
SLC22A5,18.0,15.0
SLC22A6,24.0,24.0
SLC22A7,26.0,25.0
SLC22A8,15.0,19.0
SLC22A9,15.0,20.0
SLC23A1,34.0,32.0
SLC23A2,25.0,20.0
SLC23A3,10.0,15.0
SLC24A1,90.0,87.0
SLC24A2,23.0,29.0
SLC24A3,19.0,25.0
SLC24A4,18.0,20.0
SLC24A5,5.0,5.0
SLC25A1,37.0,38.0
SLC25A10,28.0,24.0
SLC25A11,39.0,34.0
SLC25A12,73.0,67.0
SLC25A13,57.0,45.0
SLC25A14,23.0,21.0
SLC25A15,29.0,36.0
SLC25A16,33.0,35.0
SLC25A17,31.0,33.0
SLC25A18,25.0,27.0
SLC25A19,20.0,23.0
SLC25A2,18.0,24.0
SLC25A20,25.0,27.0
SLC25A21,42.0,37.0
SLC25A22,42.0,41.0
SLC25A23,25.0,28.0
SLC25A24,36.0,44.0
SLC25A25,40.0,44.0
SLC25A26,3.0,3.0
SLC25A27,38.0,37.0
SLC25A28,24.0,31.0
SLC25A29,19.0,26.0
SLC25A3,33.0,32.0
SLC25A30,8.0,5.0
SLC25A31,30.0,27.0
SLC25A32,31.0,33.0
SLC25A33,34.0,30.0
SLC25A34,25.0,31.0
SLC25A35,30.0,30.0
SLC25A36,21.0,16.0
SLC25A37,24.0,25.0
SLC25A38,31.0,45.0
SLC25A39,40.0,35.0
SLC25A4,36.0,33.0
SLC25A40,24.0,26.0
SLC25A41,24.0,21.0
SLC25A42,35.0,30.0
SLC25A43,15.0,11.0
SLC25A44,41.0,39.0
SLC25A45,30.0,27.0
SLC25A46,29.0,27.0
SLC25A47,31.0,38.0
SLC25A48,25.0,24.0
SLC25A5,24.0,24.0
SLC25A51,20.0,20.0
SLC25A52,6.0,7.0
SLC25A53,30.0,35.0
SLC25A6,19.0,21.0
SLC26A1,35.0,37.0
SLC26A10P,24.0,28.0
SLC26A11,31.0,38.0
SLC26A2,45.0,46.0
SLC26A3,68.0,61.0
SLC26A4,30.0,45.0
SLC26A5,40.0,47.0
SLC26A6,32.0,35.0
SLC26A7,23.0,26.0
SLC26A8,53.0,65.0
SLC26A9,32.0,37.0
SLC27A1,51.0,51.0
SLC27A2,52.0,55.0
SLC27A3,40.0,50.0
SLC27A4,61.0,60.0
SLC27A5,51.0,55.0
SLC27A6,67.0,66.0
SLC28A1,17.0,17.0
SLC28A2,24.0,27.0
SLC28A3,43.0,49.0
SLC29A1,31.0,33.0
SLC29A2,20.0,18.0
SLC29A3,12.0,15.0
SLC29A4,14.0,14.0
SLC2A1,14.0,12.0
SLC2A10,30.0,33.0
SLC2A11,12.0,12.0
SLC2A12,37.0,34.0
SLC2A13,35.0,45.0
SLC2A14,13.0,15.0
SLC2A2,9.0,10.0
SLC2A3,20.0,19.0
SLC2A4,17.0,20.0
SLC2A4RG,29.0,33.0
SLC2A5,24.0,19.0
SLC2A6,18.0,19.0
SLC2A7,29.0,26.0
SLC2A8,4.0,5.0
SLC2A9,23.0,18.0
SLC30A1,45.0,45.0
SLC30A10,31.0,33.0
SLC30A2,17.0,14.0
SLC30A3,15.0,22.0
SLC30A4,18.0,25.0
SLC30A5,49.0,56.0
SLC30A6,26.0,24.0
SLC30A7,15.0,14.0
SLC30A8,16.0,16.0
SLC30A9,44.0,48.0
SLC31A1,4.0,5.0
SLC32A1,24.0,33.0
SLC33A1,28.0,41.0
SLC33A2,13.0,14.0
SLC34A1,29.0,31.0
SLC34A2,38.0,33.0
SLC34A3,23.0,23.0
SLC35A1,14.0,16.0
SLC35A2,9.0,13.0
SLC35A3,14.0,17.0
SLC35A4,22.0,27.0
SLC35A5,36.0,38.0
SLC35B1,10.0,11.0
SLC35B2,37.0,35.0
SLC35B3,33.0,41.0
SLC35B4,4.0,7.0
SLC35C1,19.0,15.0
SLC35D1,7.0,5.0
SLC35D2,23.0,27.0
SLC35D3,20.0,25.0
SLC35D4,8.0,4.0
SLC35E1,39.0,41.0
SLC35E2A,22.0,14.0
SLC35E2B,34.0,34.0
SLC35E3,2.0,4.0
SLC35E4,15.0,15.0
SLC35F1,3.0,5.0
SLC35F2,4.0,3.0
SLC35F3,20.0,21.0
SLC35F4,35.0,39.0
SLC35F5,27.0,35.0
SLC35F6,11.0,7.0
SLC35G1,7.0,7.0
SLC35G2,8.0,7.0
SLC35G3,4.0,6.0
SLC35G5,4.0,3.0
SLC35G6,5.0,6.0
SLC35H1,28.0,24.0
SLC36A1,6.0,3.0
SLC36A2,26.0,29.0
SLC36A3,6.0,7.0
SLC36A4,20.0,18.0
SLC37A1,13.0,23.0
SLC37A2,19.0,14.0
SLC37A3,5.0,8.0
SLC37A4,14.0,15.0
SLC38A1,25.0,25.0
SLC38A10,125.0,130.0
SLC38A11,17.0,14.0
SLC38A12,19.0,28.0
SLC38A2,11.0,9.0
SLC38A3,13.0,15.0
SLC38A4,17.0,15.0
SLC38A5,27.0,23.0
SLC38A6,18.0,20.0
SLC38A7,21.0,28.0
SLC38A8,7.0,6.0
SLC38A9,24.0,22.0
SLC39A1,10.0,10.0
SLC39A10,52.0,55.0
SLC39A11,20.0,19.0
SLC39A12,42.0,45.0
SLC39A13,15.0,14.0
SLC39A14,24.0,19.0
SLC39A2,6.0,5.0
SLC39A3,6.0,6.0
SLC39A4,16.0,16.0
SLC39A5,3.0,2.0
SLC39A6,23.0,33.0
SLC39A7,4.0,4.0
SLC39A8,13.0,18.0
SLC39A9,17.0,15.0
SLC3A1,60.0,58.0
SLC3A2,53.0,55.0
SLC40A1,23.0,22.0
SLC41A1,19.0,16.0
SLC41A2,21.0,24.0
SLC41A3,15.0,19.0
SLC43A1,21.0,24.0
SLC43A2,14.0,17.0
SLC43A3,18.0,18.0
SLC44A1,61.0,51.0
SLC44A2,50.0,54.0
SLC44A3,42.0,43.0
SLC44A4,35.0,41.0
SLC44A5,54.0,52.0
SLC45A1,24.0,29.0
SLC45A2,30.0,30.0
SLC45A3,11.0,9.0
SLC45A4,33.0,38.0
SLC46A1,16.0,17.0
SLC46A2,28.0,22.0
SLC46A3,5.0,7.0
SLC47A1,15.0,19.0
SLC47A2,11.0,11.0
SLC48A1,1.0,1.0
SLC49A3,22.0,22.0
SLC49A4,9.0,12.0
SLC4A1,39.0,40.0
SLC4A10,57.0,67.0
SLC4A11,54.0,47.0
SLC4A1AP,72.0,73.0
SLC4A2,75.0,86.0
SLC4A3,52.0,47.0
SLC4A4,59.0,61.0
SLC4A5,58.0,53.0
SLC4A7,91.0,89.0
SLC4A8,69.0,78.0
SLC4A9,47.0,56.0
SLC50A1,2.0,1.0
SLC51A,24.0,22.0
SLC51B,11.0,14.0
SLC52A1,2.0,3.0
SLC52A2,3.0,4.0
SLC52A3,9.0,7.0
SLC5A1,41.0,45.0
SLC5A10,29.0,31.0
SLC5A11,21.0,23.0
SLC5A12,27.0,22.0
SLC5A2,20.0,17.0
SLC5A3,38.0,33.0
SLC5A4,28.0,28.0
SLC5A5,28.0,33.0
SLC5A6,32.0,35.0
SLC5A7,25.0,23.0
SLC5A8,10.0,13.0
SLC5A9,38.0,45.0
SLC60A1,13.0,15.0
SLC60A2,3.0,3.0
SLC61A1,18.0,21.0
SLC66A1,4.0,6.0
SLC66A1LP,1.0,2.0
SLC66A2,13.0,10.0
SLC66A3,5.0,10.0
SLC67A1,10.0,8.0
SLC67A1-AS,22.0,17.0
SLC67A2,25.0,27.0
SLC68A1,20.0,19.0
SLC6A1,16.0,17.0
SLC6A11,29.0,25.0
SLC6A12,26.0,31.0
SLC6A13,32.0,33.0
SLC6A14,49.0,42.0
SLC6A15,52.0,42.0
SLC6A16,22.0,28.0
SLC6A17,46.0,57.0
SLC6A18,31.0,26.0
SLC6A19,14.0,14.0
SLC6A2,19.0,28.0
SLC6A20,20.0,21.0
SLC6A3,28.0,34.0
SLC6A4,18.0,24.0
SLC6A5,36.0,37.0
SLC6A6,28.0,24.0
SLC6A7,29.0,27.0
SLC6A8,25.0,24.0
SLC6A9,30.0,33.0
SLC71A1,10.0,8.0
SLC71A2,19.0,27.0
SLC71A3P,3.0,4.0
SLC75A1,39.0,33.0
SLC7A1,11.0,10.0
SLC7A10,9.0,9.0
SLC7A11,29.0,31.0
SLC7A13,11.0,9.0
SLC7A14,37.0,34.0
SLC7A2,36.0,38.0
SLC7A3,9.0,12.0
SLC7A4,20.0,21.0
SLC7A5,10.0,7.0
SLC7A5P1,6.0,8.0
SLC7A5P2,1.0,2.0
SLC7A6,14.0,16.0
SLC7A6OS,13.0,10.0
SLC7A7,3.0,2.0
SLC7A8,17.0,21.0
SLC7A9,14.0,11.0
SLC8A1,56.0,60.0
SLC8A2,70.0,64.0
SLC8A3,52.0,52.0
SLC8B1,11.0,12.0
SLC9A1,72.0,61.0
SLC9A2,64.0,65.0
SLC9A3,59.0,55.0
SLC9A4,52.0,56.0
SLC9A5,56.0,44.0
SLC9A6,42.0,52.0
SLC9A7,38.0,40.0
SLC9A8,36.0,37.0
SLC9A9,41.0,39.0
SLC9B1,30.0,27.0
SLC9B1P1,2.0,3.0
SLC9B2,41.0,43.0
SLC9C1,93.0,98.0
SLC9C2,84.0,99.0
SLC9D1,49.0,47.0
SLCO1A2,25.0,32.0
SLCO1B1,61.0,65.0
SLCO1B3,42.0,37.0
SLCO1B3-SLCO1B7,43.0,44.0
SLCO1B7,3.0,2.0
SLCO1C1,37.0,43.0
SLCO2A1,37.0,43.0
SLCO2B1,41.0,43.0
SLCO3A1,23.0,17.0
SLCO4A1,23.0,25.0
SLCO4C1,41.0,43.0
SLCO5A1,39.0,51.0
SLCO6A1,52.0,64.0
SLF1,104.0,128.0
SLF2,126.0,146.0
SLFN11,66.0,64.0
SLFN12,75.0,76.0
SLFN12L,65.0,68.0
SLFN13,81.0,86.0
SLFN14,100.0,104.0
SLFN5,58.0,60.0
SLFNL1,22.0,23.0
SLIRP,20.0,23.0
SLIRP-OT1,3.0,4.0
SLIT1,104.0,105.0
SLIT2,133.0,131.0
SLIT3,145.0,165.0
SLITRK1,52.0,54.0
SLITRK2,72.0,79.0
SLITRK3,95.0,102.0
SLITRK4,75.0,79.0
SLITRK5,70.0,80.0
SLITRK6,84.0,87.0
SLK,133.0,144.0
SLMAP,142.0,155.0
SLPI,13.0,16.0
SLTM,93.0,96.0
SLU7,75.0,74.0
SLURP1,5.0,6.0
SLURP2,5.0,3.0
SLX1A,12.0,10.0
SLX4,157.0,136.0
SLX4IP,57.0,57.0
SLX9,30.0,22.0
SMAD1,19.0,23.0
SMAD2,20.0,16.0
SMAD3,32.0,41.0
SMAD4,34.0,36.0
SMAD5,19.0,18.0
SMAD5-AS1,14.0,9.0
SMAD6,44.0,48.0
SMAD7,55.0,58.0
SMAD9,37.0,44.0
SMAGP,5.0,3.0
SMAP,3.0,3.0
SMAP1,26.0,27.0
SMAP2,20.0,26.0
SMARCA1,102.0,107.0
SMARCA2,147.0,152.0
SMARCA4,141.0,134.0
SMARCA5,143.0,159.0
SMARCAD1,76.0,72.0
SMARCAL1,97.0,104.0
SMARCB1,37.0,43.0
SMARCC1,103.0,107.0
SMARCC2,132.0,126.0
SMARCD1,44.0,41.0
SMARCD2,57.0,54.0
SMARCD3,49.0,53.0
SMARCE1,49.0,50.0
SMC1A,173.0,181.0
SMC1B,158.0,164.0
SMC2,169.0,167.0
SMC3,182.0,193.0
SMC4,176.0,185.0
SMC5,125.0,134.0
SMC6,128.0,122.0
SMCHD1,261.0,291.0
SMCO1,29.0,39.0
SMCO2,34.0,43.0
SMCO3,28.0,27.0
SMCP,23.0,22.0
SMCR5,8.0,10.0
SMCR8,108.0,99.0
SMDT1,9.0,9.0
SMG1,367.0,375.0
SMG1L,20.0,20.0
SMG5,90.0,81.0
SMG6,132.0,150.0
SMG7,112.0,109.0
SMG8,102.0,109.0
SMG9,45.0,43.0
SMIM1,11.0,9.0
SMIM10,3.0,8.0
SMIM10L1,5.0,6.0
SMIM10L2A,4.0,3.0
SMIM10L3,6.0,9.0
SMIM11,8.0,7.0
SMIM12,12.0,10.0
SMIM14,6.0,6.0
SMIM15,3.0,3.0
SMIM17,9.0,9.0
SMIM19,8.0,7.0
SMIM2,17.0,14.0
SMIM20,6.0,6.0
SMIM21,15.0,18.0
SMIM22,6.0,7.0
SMIM23,14.0,11.0
SMIM24,8.0,7.0
SMIM26,21.0,24.0
SMIM28,7.0,4.0
SMIM3,3.0,4.0
SMIM32,8.0,9.0
SMIM33,6.0,8.0
SMIM34,6.0,9.0
SMIM35,1.0,1.0
SMIM36,10.0,14.0
SMIM38,1.0,
SMIM39,4.0,2.0
SMIM40,1.0,2.0
SMIM41,4.0,5.0
SMIM42,4.0,4.0
SMIM43,4.0,5.0
SMIM44,5.0,5.0
SMIM45,4.0,3.0
SMIM48,5.0,8.0
SMIM5,6.0,7.0
SMIM7,6.0,4.0
SMIM8,10.0,9.0
SMIM9,8.0,9.0
SMLR1,7.0,8.0
SMN1,15.0,17.0
SMNDC1,18.0,17.0
SMO,39.0,41.0
SMOC1,43.0,45.0
SMOC2,33.0,42.0
SMOX,51.0,48.0
SMPD1,44.0,38.0
SMPD2,30.0,35.0
SMPD3,50.0,50.0
SMPD4,93.0,102.0
SMPDL3A,25.0,28.0
SMPDL3B,26.0,25.0
SMPX,6.0,4.0
SMR3A,3.0,2.0
SMR3B,2.0,2.0
SMS,30.0,26.0
SMTN,93.0,90.0
SMTNL1,45.0,32.0
SMTNL2,32.0,28.0
SMU1,64.0,55.0
SMUG1,13.0,15.0
SMURF1,105.0,118.0
SMURF2,131.0,127.0
SMYD1,47.0,50.0
SMYD2,39.0,34.0
SMYD3,32.0,33.0
SMYD4,88.0,86.0
SMYD5,38.0,40.0
SNAI1,22.0,25.0
SNAI2,32.0,39.0
SNAI3,35.0,38.0
SNAP23,33.0,34.0
SNAP25,40.0,38.0
SNAP29,46.0,52.0
SNAP47,72.0,67.0
SNAP91,38.0,44.0
SNAPC1,54.0,51.0
SNAPC2,17.0,14.0
SNAPC3,54.0,55.0
SNAPC4,150.0,151.0
SNAPC5,10.0,11.0
SNAPIN,30.0,25.0
SNCA,13.0,11.0
SNCAIP,85.0,87.0
SNCB,15.0,16.0
SNCG,19.0,19.0
SND1,134.0,135.0
SND1-IT1,5.0,4.0
SNED1,115.0,121.0
SNF8,23.0,22.0
SNG2L,4.0,5.0
SNHG12,2.0,1.0
SNHG28,16.0,15.0
SNIP1,46.0,38.0
SNN,7.0,6.0
SNPH,45.0,45.0
SNRK,73.0,90.0
SNRNP200,296.0,318.0
SNRNP25,11.0,9.0
SNRNP27,11.0,10.0
SNRNP35,33.0,24.0
SNRNP40,29.0,36.0
SNRNP48,42.0,34.0
SNRNP70,29.0,37.0
SNRPA,21.0,24.0
SNRPA1,21.0,17.0
SNRPB,31.0,23.0
SNRPB2,30.0,27.0
SNRPC,6.0,5.0
SNRPD1,13.0,14.0
SNRPD2,13.0,14.0
SNRPD3,19.0,24.0
SNRPE,13.0,12.0
SNRPF,10.0,10.0
SNRPG,7.0,8.0
SNRPGP15,1.0,2.0
SNRPN,11.0,16.0
SNTA1,41.0,40.0
SNTB1,55.0,66.0
SNTB2,57.0,60.0
SNTG1,31.0,33.0
SNTG2,52.0,59.0
SNTN,18.0,18.0
SNU13,21.0,25.0
SNUPN,36.0,33.0
SNURF,17.0,15.0
SNURFL,24.0,26.0
SNW1,33.0,42.0
SNX1,68.0,78.0
SNX10,17.0,22.0
SNX11,29.0,29.0
SNX12,21.0,26.0
SNX13,104.0,108.0
SNX14,104.0,123.0
SNX15,50.0,46.0
SNX16,34.0,36.0
SNX17,31.0,41.0
SNX18,43.0,41.0
SNX19,71.0,67.0
SNX2,80.0,73.0
SNX20,62.0,62.0
SNX21,41.0,37.0
SNX22,21.0,23.0
SNX24,19.0,20.0
SNX25,101.0,101.0
SNX27,56.0,62.0
SNX29,79.0,83.0
SNX29P2,17.0,16.0
SNX3,21.0,21.0
SNX30,69.0,70.0
SNX31,58.0,59.0
SNX32,52.0,51.0
SNX33,45.0,45.0
SNX4,80.0,91.0
SNX5,63.0,62.0
SNX6,60.0,69.0
SNX7,50.0,61.0
SNX8,60.0,69.0
SNX9,48.0,49.0
SOAT1,49.0,45.0
SOAT2,40.0,37.0
SOBP,58.0,64.0
SOCS1,37.0,51.0
SOCS2,31.0,27.0
SOCS3,34.0,47.0
SOCS4,38.0,39.0
SOCS5,57.0,63.0
SOCS6,44.0,38.0
SOCS7,53.0,51.0
SOD1,11.0,7.0
SOD2,24.0,27.0
SOD3,10.0,12.0
SOHLH1,25.0,26.0
SOHLH2,39.0,47.0
SON,174.0,183.0
SORBS1,122.0,127.0
SORBS2,120.0,118.0
SORBS3,105.0,105.0
SORCS1,85.0,88.0
SORCS2,81.0,92.0
SORCS3,73.0,75.0
SORD,37.0,36.0
SORL1,254.0,275.0
SORT1,53.0,51.0
SOS1,171.0,192.0
SOS2,134.0,140.0
SOST,22.0,29.0
SOSTDC1,18.0,18.0
SOWAHA,42.0,45.0
SOWAHB,101.0,97.0
SOWAHC,58.0,59.0
SOWAHD,44.0,46.0
SOX1,11.0,9.0
SOX10,7.0,11.0
SOX11,20.0,17.0
SOX12,23.0,25.0
SOX13,65.0,78.0
SOX14,9.0,13.0
SOX15,20.0,22.0
SOX17,21.0,19.0
SOX18,23.0,31.0
SOX2,13.0,16.0
SOX21,9.0,9.0
SOX3,17.0,18.0
SOX30,60.0,71.0
SOX4,15.0,15.0
SOX5,98.0,95.0
SOX6,83.0,86.0
SOX7,14.0,13.0
SOX8,21.0,14.0
SOX9,31.0,33.0
SP1,32.0,28.0
SP100,71.0,75.0
SP110,90.0,86.0
SP140,81.0,83.0
SP140L,42.0,48.0
SP2,16.0,22.0
SP3,23.0,25.0
SP4,22.0,30.0
SP5,17.0,17.0
SP6,29.0,41.0
SP7,43.0,48.0
SP8,12.0,13.0
SP9,19.0,20.0
SPA17,31.0,28.0
SPAAR,7.0,7.0
SPACA1,20.0,16.0
SPACA3,17.0,15.0
SPACA4,5.0,5.0
SPACA5,17.0,17.0
SPACA6,29.0,35.0
SPACA7,2.0,2.0
SPACA9,27.0,27.0
SPACDR,26.0,29.0
SPADH,3.0,8.0
SPAG1,130.0,143.0
SPAG11A,12.0,16.0
SPAG11B,22.0,17.0
SPAG16,50.0,51.0
SPAG17,207.0,214.0
SPAG4,63.0,59.0
SPAG5,120.0,124.0
SPAG6,32.0,30.0
SPAG7,41.0,40.0
SPAG8,48.0,46.0
SPAG9,147.0,149.0
SPAM1,32.0,34.0
SPANXA1,,2.0
SPANXA2-OT1,19.0,21.0
SPANXB1,6.0,8.0
SPANXD,4.0,3.0
SPANXN1,10.0,11.0
SPANXN2,21.0,19.0
SPANXN3,11.0,15.0
SPANXN4,12.0,12.0
SPANXN5,16.0,15.0
SPARC,20.0,24.0
SPARCL1,82.0,83.0
SPART,74.0,80.0
SPART-AS1,5.0,6.0
SPAST,62.0,69.0
SPATA1,51.0,50.0
SPATA12,10.0,15.0
SPATA13,72.0,71.0
SPATA16,47.0,57.0
SPATA17,45.0,61.0
SPATA18,45.0,47.0
SPATA19,16.0,15.0
SPATA2,65.0,68.0
SPATA20,90.0,91.0
SPATA21,47.0,44.0
SPATA22,41.0,38.0
SPATA24,36.0,38.0
SPATA25,13.0,13.0
SPATA2L,47.0,51.0
SPATA3,20.0,19.0
SPATA31A1,130.0,135.0
SPATA31A3,9.0,11.0
SPATA31A5,1.0,2.0
SPATA31A6,26.0,24.0
SPATA31A7,29.0,31.0
SPATA31C1,147.0,141.0
SPATA31C2,32.0,35.0
SPATA31D1,113.0,134.0
SPATA31D3,56.0,67.0
SPATA31D4,2.0,5.0
SPATA31E1,108.0,107.0
SPATA31F1,68.0,75.0
SPATA31F2P,7.0,5.0
SPATA31F3,28.0,29.0
SPATA31G1,91.0,100.0
SPATA31H1,192.0,201.0
SPATA31J1,28.0,34.0
SPATA32,22.0,27.0
SPATA33,26.0,29.0
SPATA4,43.0,43.0
SPATA45,12.0,15.0
SPATA46,14.0,20.0
SPATA6,61.0,74.0
SPATA6L,33.0,39.0
SPATA7,60.0,63.0
SPATA8,11.0,8.0
SPATA9,29.0,33.0
SPATC1,37.0,35.0
SPATC1L,42.0,48.0
SPATS1,54.0,50.0
SPATS2,60.0,60.0
SPATS2L,79.0,82.0
SPC24,20.0,24.0
SPC25,35.0,42.0
SPCS1,5.0,6.0
SPCS2,19.0,18.0
SPCS3,8.0,6.0
SPDEF,21.0,19.0
SPDL1,77.0,80.0
SPDL3,12.0,11.0
SPDYA,35.0,30.0
SPDYC,28.0,34.0
SPDYE1,23.0,20.0
SPDYE12,9.0,9.0
SPDYE13,28.0,25.0
SPDYE16,1.0,1.0
SPDYE21,23.0,24.0
SPDYE2B,11.0,11.0
SPDYE3,10.0,14.0
SPDYE4,30.0,30.0
SPDYE5,11.0,13.0
SPDYE6,2.0,3.0
SPDYE7P,6.0,5.0
SPECC1,144.0,137.0
SPECC1L,135.0,128.0
SPEF1,15.0,14.0
SPEF2,182.0,198.0
SPEG,346.0,367.0
SPEGNB,20.0,23.0
SPEM1,26.0,27.0
SPEM2,22.0,30.0
SPEM3,120.0,117.0
SPEN,461.0,463.0
SPESP1,24.0,21.0
SPG11,260.0,284.0
SPG21,44.0,49.0
SPG7,73.0,72.0
SPHK1,14.0,15.0
SPHK2,49.0,62.0
SPHKAP,166.0,164.0
SPI1,14.0,17.0
SPIB,9.0,9.0
SPIC,17.0,19.0
SPICE1,90.0,93.0
SPIDR,77.0,76.0
SPIN1,34.0,26.0
SPIN2A,2.0,5.0
SPIN2B,35.0,38.0
SPIN3,32.0,31.0
SPIN4,14.0,17.0
SPINDOC,28.0,27.0
SPINK1,4.0,4.0
SPINK13,1.0,
SPINK2,7.0,7.0
SPINK4,1.0,
SPINK5,136.0,135.0
SPINK6,6.0,3.0
SPINK7,12.0,7.0
SPINK8,10.0,8.0
SPINK9,10.0,12.0
SPINT1,58.0,58.0
SPINT2,30.0,32.0
SPINT3,9.0,11.0
SPINT4,15.0,17.0
SPIRE1,47.0,50.0
SPIRE2,52.0,54.0
SPMAP1,14.0,23.0
SPMAP2,59.0,58.0
SPMAP2L,61.0,71.0
SPMIP1,14.0,13.0
SPMIP10,14.0,16.0
SPMIP11,25.0,23.0
SPMIP2,41.0,45.0
SPMIP3,11.0,12.0
SPMIP4,93.0,84.0
SPMIP5,39.0,34.0
SPMIP6,55.0,58.0
SPMIP7,52.0,56.0
SPMIP8,47.0,51.0
SPMIP9,20.0,30.0
SPN,14.0,15.0
SPNS1,22.0,20.0
SPNS2,14.0,21.0
SPNS3,15.0,11.0
SPO11,40.0,42.0
SPO16,13.0,17.0
SPOCD1,87.0,95.0
SPOCK1,62.0,62.0
SPOCK2,32.0,33.0
SPOCK3,63.0,53.0
SPON1,67.0,67.0
SPON2,23.0,27.0
SPOP,54.0,50.0
SPOPL,36.0,37.0
SPOUT1,34.0,32.0
SPP1,29.0,35.0
SPP2,11.0,8.0
SPPL2A,21.0,21.0
SPPL2B,41.0,49.0
SPPL2C,37.0,36.0
SPPL3,17.0,24.0
SPR,30.0,24.0
SPRED1,46.0,51.0
SPRED2,36.0,43.0
SPRED3,35.0,35.0
SPRING1,32.0,31.0
SPRN,5.0,6.0
SPRR1A,7.0,10.0
SPRR1B,7.0,9.0
SPRR2A,28.0,25.0
SPRR2D,3.0,5.0
SPRR2E,3.0,2.0
SPRR2F,11.0,12.0
SPRR2G,2.0,
SPRR3,23.0,21.0
SPRR4,16.0,15.0
SPRR5,8.0,4.0
SPRTN,71.0,68.0
SPRY1,33.0,34.0
SPRY2,33.0,35.0
SPRY3,17.0,19.0
SPRY4,23.0,22.0
SPRYD3,40.0,39.0
SPRYD4,42.0,40.0
SPRYD7,26.0,24.0
SPSB1,31.0,30.0
SPSB2,22.0,26.0
SPSB3,37.0,40.0
SPSB4,19.0,24.0
SPTA1,303.0,326.0
SPTAN1,405.0,442.0
SPTB,313.0,313.0
SPTBN1,310.0,296.0
SPTBN2,297.0,324.0
SPTBN4,324.0,318.0
SPTBN5,453.0,449.0
SPTLC1,34.0,40.0
SPTLC2,59.0,71.0
SPTLC3,37.0,36.0
SPTSSB,5.0,5.0
SPTY2D1,88.0,89.0
SPX,11.0,8.0
SPZ1,45.0,50.0
SQLE,50.0,51.0
SQOR,74.0,69.0
SQSTM1,32.0,35.0
SRA1,31.0,33.0
SRARP,15.0,15.0
SRBD1,146.0,149.0
SRC,40.0,39.0
SRCAP,224.0,218.0
SRCIN1,174.0,171.0
SRD5A1,15.0,12.0
SRD5A2,6.0,8.0
SRD5A3,8.0,8.0
SREBF1,50.0,59.0
SREBF2,91.0,92.0
SREK1,27.0,27.0
SREK1IP1,13.0,15.0
SRF,11.0,14.0
SRFBP1,75.0,63.0
SRGAP1,118.0,138.0
SRGAP2,143.0,148.0
SRGAP2B,4.0,4.0
SRGAP2C,9.0,12.0
SRGAP3,167.0,194.0
SRGN,3.0,4.0
SRI,25.0,23.0
SRL,50.0,56.0
SRM,21.0,24.0
SRMS,49.0,55.0
SRP14,11.0,13.0
SRP19,21.0,20.0
SRP54,64.0,70.0
SRP68,74.0,76.0
SRP72,83.0,83.0
SRP9,13.0,12.0
SRPK1,78.0,70.0
SRPK2,90.0,95.0
SRPK3,73.0,58.0
SRPRA,64.0,77.0
SRPRB,46.0,41.0
SRPX,69.0,71.0
SRPX2,54.0,46.0
SRR,22.0,19.0
SRRD,29.0,28.0
SRRM1,53.0,54.0
SRRM2,175.0,180.0
SRRM3,25.0,27.0
SRRM4,29.0,30.0
SRRM5,26.0,32.0
SRRT,70.0,86.0
SRSF1,31.0,26.0
SRSF10,17.0,17.0
SRSF11,24.0,28.0
SRSF12,11.0,17.0
SRSF2,14.0,18.0
SRSF3,15.0,17.0
SRSF4,36.0,40.0
SRSF5,16.0,16.0
SRSF6,25.0,30.0
SRSF7,18.0,20.0
SRSF8,23.0,30.0
SRSF9,35.0,39.0
SRSP,10.0,11.0
SRXN1,26.0,29.0
SRY,30.0,31.0
SS18,6.0,7.0
SS18L1,13.0,14.0
SS18L2,19.0,26.0
SSB,99.0,85.0
SSBP1,26.0,23.0
SSBP2,6.0,9.0
SSBP3,20.0,23.0
SSBP3-AS1,14.0,15.0
SSBP4,11.0,11.0
SSC4D,46.0,51.0
SSC5D,80.0,80.0
SSH1,108.0,120.0
SSH2,128.0,130.0
SSH3,64.0,72.0
SSMEM1,19.0,22.0
SSNA1,16.0,19.0
SSPN,16.0,19.0
SSPOP,247.0,251.0
SSR1,5.0,5.0
SSR2,2.0,3.0
SSR3,5.0,2.0
SSR4,12.0,9.0
SSRP1,77.0,73.0
SST,5.0,7.0
SSTR1,7.0,7.0
SSTR2,14.0,18.0
SSTR3,18.0,16.0
SSTR4,6.0,5.0
SSTR5,15.0,16.0
SSU72,29.0,26.0
SSU72L2,22.0,24.0
SSU72L3,6.0,7.0
SSU72L6,12.0,17.0
SSUH2,54.0,45.0
SSX1,26.0,27.0
SSX2,11.0,11.0
SSX2IP,63.0,68.0
SSX3,17.0,21.0
SSX4,20.0,19.0
SSX5,28.0,21.0
SSX6P,13.0,9.0
SSX7,11.0,10.0
SSX8P,24.0,23.0
SSX9P,12.0,13.0
ST13,18.0,14.0
ST13P4,13.0,14.0
ST13P5,14.0,15.0
ST14,88.0,94.0
ST18,155.0,147.0
ST20,10.0,9.0
ST20-AS1,13.0,14.0
ST3GAL1,40.0,34.0
ST3GAL2,19.0,29.0
ST3GAL3,46.0,43.0
ST3GAL4,54.0,58.0
ST3GAL5,50.0,52.0
ST3GAL6,59.0,66.0
ST6GAL1,41.0,35.0
ST6GAL2,69.0,79.0
ST6GALNAC1,56.0,62.0
ST6GALNAC2,33.0,30.0
ST6GALNAC3,30.0,34.0
ST6GALNAC4,21.0,20.0
ST6GALNAC5,30.0,28.0
ST6GALNAC6,25.0,27.0
ST7,70.0,64.0
ST7L,27.0,33.0
ST8SIA1,30.0,30.0
ST8SIA2,42.0,44.0
ST8SIA3,48.0,49.0
ST8SIA4,49.0,46.0
ST8SIA5,46.0,44.0
ST8SIA6,55.0,54.0
STAB1,211.0,215.0
STAB2,161.0,172.0
STAC,28.0,28.0
STAC2,83.0,72.0
STAC3,56.0,54.0
STAG1,78.0,86.0
STAG2,96.0,107.0
STAG3,75.0,75.0
STAG3L1,16.0,14.0
STAG3L3,7.0,10.0
STAG3L4,14.0,14.0
STAM,19.0,25.0
STAM2,42.0,42.0
STAMBP,38.0,44.0
STAMBPL1,51.0,44.0
STAP1,34.0,37.0
STAP2,41.0,47.0
STAR,46.0,50.0
STARD10,35.0,44.0
STARD13,107.0,105.0
STARD3,36.0,45.0
STARD3NL,16.0,15.0
STARD4,25.0,33.0
STARD5,19.0,18.0
STARD6,28.0,28.0
STARD7,57.0,59.0
STARD8,75.0,80.0
STARD9,431.0,444.0
STAT1,89.0,91.0
STAT2,79.0,82.0
STAT3,79.0,83.0
STAT4,73.0,77.0
STAT5A,86.0,81.0
STAT5B,24.0,21.0
STAT6,57.0,63.0
STATH,1.0,1.0
STAU1,76.0,76.0
STAU2,78.0,78.0
STBD1,47.0,40.0
STC1,16.0,17.0
STC2,14.0,19.0
STEAP1,15.0,20.0
STEAP1B,1.0,2.0
STEAP2,38.0,45.0
STEAP3,47.0,42.0
STEAP4,34.0,48.0
STEEP1,19.0,17.0
STH,3.0,3.0
STIL,91.0,84.0
STIM1,73.0,84.0
STIM2,83.0,89.0
STIMATE,9.0,13.0
STING1,25.0,24.0
STIP1,73.0,73.0
STK10,88.0,95.0
STK11,24.0,21.0
STK11IP,92.0,94.0
STK16,36.0,41.0
STK17A,18.0,15.0
STK17B,17.0,19.0
STK24,53.0,58.0
STK25,49.0,43.0
STK26,44.0,48.0
STK3,62.0,63.0
STK31,103.0,102.0
STK32A,26.0,26.0
STK32B,36.0,41.0
STK32C,37.0,38.0
STK33,61.0,61.0
STK35,64.0,73.0
STK36,88.0,89.0
STK38,68.0,72.0
STK38L,65.0,71.0
STK39,28.0,25.0
STK4,60.0,58.0
STK40,53.0,47.0
STKLD1,52.0,58.0
STMN1,26.0,27.0
STMN2,37.0,39.0
STMN3,21.0,20.0
STMN4,26.0,24.0
STMND1,47.0,40.0
STN1,53.0,56.0
STOM,26.0,24.0
STOML1,21.0,25.0
STOML2,33.0,38.0
STOML3,24.0,23.0
STON1,94.0,94.0
STON2,73.0,75.0
STOX1,81.0,79.0
STOX2,101.0,104.0
STPG1,36.0,41.0
STPG2,89.0,85.0
STPG3,31.0,27.0
STPG4,24.0,21.0
STRA6,36.0,43.0
STRA8,23.0,23.0
STRADA,41.0,45.0
STRADB,28.0,27.0
STRAP,53.0,47.0
STRBP,80.0,71.0
STRC,105.0,91.0
STRCP1,1.0,3.0
STRIP1,82.0,72.0
STRIP2,94.0,93.0
STRN,59.0,60.0
STRN3,69.0,74.0
STRN4,46.0,37.0
STS,45.0,47.0
STT3A,68.0,63.0
STT3B,46.0,43.0
STUB1,49.0,48.0
STUM,14.0,14.0
STX10,25.0,28.0
STX11,35.0,32.0
STX12,34.0,34.0
STX16,18.0,21.0
STX17,7.0,4.0
STX18,26.0,30.0
STX19,31.0,28.0
STX1A,31.0,34.0
STX1B,32.0,40.0
STX2,27.0,28.0
STX3,27.0,23.0
STX4,49.0,46.0
STX5,47.0,56.0
STX6,32.0,36.0
STX7,25.0,23.0
STX8,28.0,23.0
STXBP1,75.0,69.0
STXBP2,63.0,64.0
STXBP3,65.0,71.0
STXBP4,75.0,87.0
STXBP5,99.0,102.0
STXBP5L,72.0,80.0
STXBP6,25.0,34.0
STYK1,48.0,44.0
STYX,33.0,35.0
STYXL1,39.0,38.0
STYXL2,82.0,92.0
SUB1,24.0,26.0
SUCLA2,40.0,48.0
SUCLG1,21.0,23.0
SUCLG2,60.0,59.0
SUCNR1,26.0,25.0
SUCO,110.0,120.0
SUDS3,39.0,35.0
SUFU,36.0,46.0
SUGCT,26.0,26.0
SUGP1,88.0,89.0
SUGP2,94.0,100.0
SUGT1,63.0,72.0
SULF1,68.0,73.0
SULF2,70.0,74.0
SULT1A1,29.0,37.0
SULT1A2,24.0,31.0
SULT1A3,59.0,57.0
SULT1B1,51.0,53.0
SULT1C2,37.0,42.0
SULT1C3,42.0,36.0
SULT1C4,43.0,46.0
SULT1E1,59.0,56.0
SULT2A1,47.0,41.0
SULT2B1,43.0,47.0
SULT4A1,46.0,47.0
SULT6B1,48.0,39.0
SUMF1,19.0,22.0
SUMF2,38.0,39.0
SUMO1,12.0,12.0
SUMO1P1,5.0,8.0
SUMO2,7.0,6.0
SUMO3,9.0,7.0
SUMO4,7.0,7.0
SUN1,82.0,79.0
SUN2,59.0,70.0
SUN3,32.0,35.0
SUN5,49.0,48.0
SUOX,34.0,37.0
SUPT16H,116.0,108.0
SUPT20H,51.0,53.0
SUPT20HL1,39.0,44.0
SUPT20HL2,66.0,78.0
SUPT3H,22.0,23.0
SUPT4H1,6.0,7.0
SUPT5H,104.0,104.0
SUPT6H,205.0,218.0
SUPT7L,36.0,31.0
SUPV3L1,93.0,85.0
SURF1,24.0,32.0
SURF2,23.0,22.0
SURF4,12.0,12.0
SURF6,27.0,24.0
SUSD1,56.0,62.0
SUSD2,28.0,32.0
SUSD3,19.0,21.0
SUSD4,19.0,21.0
SUSD5,61.0,62.0
SUSD6,14.0,10.0
SUV39H1,53.0,46.0
SUV39H2,41.0,46.0
SUZ12,75.0,77.0
SV2A,54.0,53.0
SV2B,31.0,31.0
SV2C,23.0,27.0
SVBP,2.0,1.0
SVEP1,250.0,258.0
SVIL,289.0,289.0
SVIP,5.0,8.0
SVOP,21.0,27.0
SVOPL,14.0,21.0
SWAP70,95.0,106.0
SWI5,14.0,15.0
SWSAP1,14.0,16.0
SWT1,93.0,96.0
SYAP1,32.0,36.0
SYBU,46.0,47.0
SYCE1,69.0,65.0
SYCE1L,48.0,50.0
SYCE2,27.0,32.0
SYCE3,24.0,23.0
SYCN,3.0,4.0
SYCP1,169.0,176.0
SYCP2,178.0,187.0
SYCP2L,95.0,91.0
SYCP3,34.0,38.0
SYDE1,80.0,82.0
SYDE2,134.0,149.0
SYF2,18.0,23.0
SYK,77.0,86.0
SYMPK,112.0,109.0
SYN1,67.0,63.0
SYN2,33.0,39.0
SYN3,70.0,68.0
SYNC,71.0,72.0
SYNCRIP,48.0,48.0
SYNDIG1,24.0,27.0
SYNDIG1L,9.0,10.0
SYNE1,1143.0,1230.0
SYNE2,957.0,981.0
SYNE3,138.0,150.0
SYNE4,26.0,32.0
SYNGAP1,133.0,126.0
SYNGR1,12.0,9.0
SYNGR2,14.0,16.0
SYNGR3,9.0,8.0
SYNGR4,11.0,9.0
SYNJ1,171.0,193.0
SYNJ2,155.0,176.0
SYNJ2BP,14.0,14.0
SYNM,147.0,149.0
SYNPO,98.0,100.0
SYNPO2,109.0,118.0
SYNPO2L,80.0,77.0
SYNPR,16.0,17.0
SYNRG,126.0,133.0
SYP,13.0,13.0
SYPL1,11.0,10.0
SYPL2,14.0,19.0
SYS1,7.0,7.0
SYT1,31.0,41.0
SYT10,54.0,52.0
SYT11,39.0,45.0
SYT12,38.0,36.0
SYT13,7.0,7.0
SYT14,49.0,41.0
SYT14P1,13.0,21.0
SYT15,26.0,27.0
SYT15B,18.0,20.0
SYT16,43.0,44.0
SYT17,43.0,49.0
SYT2,35.0,32.0
SYT3,34.0,37.0
SYT4,33.0,41.0
SYT5,50.0,55.0
SYT6,44.0,47.0
SYT7,36.0,36.0
SYT8,15.0,21.0
SYT9,35.0,45.0
SYTL1,54.0,47.0
SYTL2,139.0,120.0
SYTL3,108.0,109.0
SYTL4,91.0,93.0
SYTL5,105.0,97.0
SYVN1,39.0,40.0
SZRD1,18.0,18.0
SZT2,277.0,269.0
TA6P,5.0,2.0
TAAR1,25.0,27.0
TAAR2,14.0,14.0
TAAR3P,18.0,21.0
TAAR5,20.0,17.0
TAAR6,6.0,11.0
TAAR8,3.0,5.0
TAAR9,9.0,7.0
TAB1,34.0,36.0
TAB2,63.0,60.0
TAB3,74.0,70.0
TAC1,16.0,14.0
TAC3,17.0,21.0
TAC4,5.0,5.0
TACC1,87.0,90.0
TACC2,228.0,240.0
TACC3,69.0,68.0
TACO1,46.0,54.0
TACR1,26.0,27.0
TACR2,25.0,26.0
TACR3,18.0,19.0
TACSTD2,24.0,36.0
TADA1,32.0,35.0
TADA2A,65.0,73.0
TADA2B,33.0,32.0
TADA3,37.0,37.0
TAF1,119.0,116.0
TAF10,6.0,5.0
TAF11,8.0,10.0
TAF11L11,11.0,14.0
TAF11L12,15.0,10.0
TAF11L13,8.0,6.0
TAF11L14,10.0,10.0
TAF11L2,10.0,13.0
TAF11L3,3.0,2.0
TAF11L5,12.0,14.0
TAF11L9,2.0,3.0
TAF12,11.0,11.0
TAF13,13.0,10.0
TAF15,33.0,27.0
TAF1A,71.0,71.0
TAF1B,49.0,49.0
TAF1C,63.0,56.0
TAF1D,34.0,34.0
TAF1L,57.0,64.0
TAF2,130.0,136.0
TAF3,55.0,66.0
TAF4,92.0,95.0
TAF4B,68.0,67.0
TAF5,84.0,89.0
TAF5L,55.0,60.0
TAF6,73.0,82.0
TAF6L,50.0,54.0
TAF7,34.0,38.0
TAF7L,45.0,45.0
TAF8,26.0,27.0
TAF9,28.0,26.0
TAF9B,24.0,20.0
TAFA1,4.0,7.0
TAFA2,6.0,5.0
TAFA3,9.0,11.0
TAFA4,13.0,18.0
TAFA5,4.0,4.0
TAFAZZIN,31.0,35.0
TAGAP,68.0,70.0
TAGLN,27.0,28.0
TAGLN2,21.0,26.0
TAGLN3,22.0,25.0
TAL1,24.0,30.0
TAL2,1.0,2.0
TALDO1,42.0,45.0
TAMALIN,40.0,48.0
TAMM41,41.0,36.0
TANC1,244.0,241.0
TANC2,173.0,198.0
TANGO2,33.0,37.0
TANGO6,94.0,90.0
TANK,56.0,65.0
TAOK1,139.0,140.0
TAOK2,111.0,115.0
TAOK3,91.0,101.0
TAP1,46.0,48.0
TAP2,47.0,56.0
TAPBP,16.0,21.0
TAPBPL,37.0,31.0
TAPT1,45.0,56.0
TARBP1,131.0,138.0
TARBP2,43.0,37.0
TARDBP,26.0,22.0
TARM1,35.0,43.0
TARS1,86.0,94.0
TARS2,93.0,93.0
TARS3,107.0,103.0
TAS1R1,76.0,73.0
TAS1R2,28.0,24.0
TAS1R3,41.0,45.0
TAS2R1,10.0,9.0
TAS2R10,22.0,19.0
TAS2R13,4.0,2.0
TAS2R14,19.0,21.0
TAS2R16,,1.0
TAS2R19,10.0,12.0
TAS2R2,12.0,12.0
TAS2R20,2.0,5.0
TAS2R3,20.0,21.0
TAS2R30,2.0,2.0
TAS2R31,7.0,6.0
TAS2R33,12.0,16.0
TAS2R36,6.0,5.0
TAS2R38,20.0,21.0
TAS2R39,15.0,13.0
TAS2R4,13.0,19.0
TAS2R40,18.0,20.0
TAS2R41,15.0,19.0
TAS2R42,16.0,16.0
TAS2R43,11.0,14.0
TAS2R45,7.0,6.0
TAS2R46,7.0,8.0
TAS2R5,1.0,3.0
TAS2R50,14.0,14.0
TAS2R60,34.0,38.0
TAS2R7,8.0,12.0
TAS2R8,7.0,8.0
TAS2R9,14.0,18.0
TASL,15.0,12.0
TASOR,186.0,205.0
TASOR2,276.0,294.0
TASP1,43.0,46.0
TAT,53.0,51.0
TATDN1,52.0,46.0
TATDN2,100.0,98.0
TATDN3,38.0,39.0
TAX1BP1,92.0,92.0
TAX1BP3,11.0,11.0
TBATA,30.0,32.0
TBC1D1,132.0,151.0
TBC1D10A,47.0,48.0
TBC1D10B,42.0,49.0
TBC1D10C,29.0,40.0
TBC1D12,84.0,90.0
TBC1D13,58.0,57.0
TBC1D14,61.0,62.0
TBC1D15,93.0,101.0
TBC1D16,67.0,69.0
TBC1D17,40.0,47.0
TBC1D19,37.0,44.0
TBC1D2,115.0,131.0
TBC1D20,41.0,38.0
TBC1D21,26.0,40.0
TBC1D22A,52.0,61.0
TBC1D22B,49.0,53.0
TBC1D23,41.0,39.0
TBC1D24,53.0,57.0
TBC1D25,54.0,56.0
TBC1D26,19.0,24.0
TBC1D28,9.0,15.0
TBC1D29P,21.0,25.0
TBC1D2B,148.0,126.0
TBC1D3,29.0,26.0
TBC1D30,86.0,88.0
TBC1D31,134.0,144.0
TBC1D32,101.0,108.0
TBC1D3B,1.0,1.0
TBC1D3F,2.0,3.0
TBC1D3G,1.0,1.0
TBC1D3L,1.0,2.0
TBC1D4,132.0,155.0
TBC1D5,65.0,76.0
TBC1D7,33.0,36.0
TBC1D8,132.0,138.0
TBC1D8B,87.0,100.0
TBC1D9,134.0,158.0
TBC1D9B,124.0,130.0
TBCA,16.0,16.0
TBCB,44.0,46.0
TBCC,44.0,42.0
TBCCD1,51.0,58.0
TBCD,112.0,101.0
TBCE,83.0,85.0
TBCEL,46.0,59.0
TBCK,75.0,71.0
TBK1,89.0,92.0
TBKBP1,66.0,62.0
TBL1X,53.0,49.0
TBL1XR1,42.0,41.0
TBL1Y,39.0,43.0
TBL2,31.0,37.0
TBL3,94.0,96.0
TBP,17.0,18.0
TBPL1,24.0,21.0
TBPL2,13.0,15.0
TBR1,61.0,60.0
TBRG1,29.0,19.0
TBRG4,61.0,64.0
TBX1,52.0,61.0
TBX10,23.0,25.0
TBX15,32.0,36.0
TBX18,56.0,54.0
TBX19,20.0,16.0
TBX2,64.0,63.0
TBX20,54.0,66.0
TBX21,44.0,38.0
TBX22,43.0,45.0
TBX3,54.0,58.0
TBX4,48.0,45.0
TBX5,32.0,31.0
TBX6,28.0,28.0
TBXA2R,12.0,13.0
TBXAS1,57.0,58.0
TBXT,36.0,34.0
TC2N,44.0,56.0
TCAF1,55.0,74.0
TCAF2,59.0,66.0
TCAIM,62.0,68.0
TCAP,34.0,35.0
TCEA1,41.0,40.0
TCEA2,27.0,25.0
TCEA3,43.0,43.0
TCEAL1,21.0,21.0
TCEAL2,28.0,31.0
TCEAL4,31.0,38.0
TCEAL5,12.0,15.0
TCEAL6,37.0,38.0
TCEAL7,13.0,12.0
TCEAL8,20.0,18.0
TCEAL9,15.0,19.0
TCEANC,50.0,48.0
TCEANC2,25.0,26.0
TCERG1,79.0,89.0
TCERG1L,41.0,49.0
TCF12,42.0,41.0
TCF15,34.0,38.0
TCF19,36.0,38.0
TCF20,235.0,230.0
TCF21,21.0,18.0
TCF23,27.0,28.0
TCF24,36.0,34.0
TCF25,77.0,82.0
TCF3,28.0,32.0
TCF4,32.0,39.0
TCF7,21.0,22.0
TCF7L1,17.0,19.0
TCF7L2,23.0,23.0
TCFL5,24.0,23.0
TCHH,194.0,231.0
TCHHL1,96.0,105.0
TCHP,83.0,99.0
TCIM,15.0,11.0
TCIRG1,73.0,73.0
TCL1A,12.0,14.0
TCL1B,10.0,10.0
TCN1,20.0,26.0
TCN2,29.0,29.0
TCOF1,137.0,141.0
TCP1,65.0,64.0
TCP10L,28.0,29.0
TCP11,54.0,52.0
TCP11L1,54.0,60.0
TCP11L2,43.0,54.0
TCP11X1,51.0,50.0
TCTA,5.0,7.0
TCTN1,33.0,28.0
TCTN2,31.0,44.0
TCTN3,54.0,53.0
TDG,10.0,8.0
TDH,20.0,20.0
TDO2,63.0,69.0
TDP1,63.0,64.0
TDP2,36.0,40.0
TDRD1,151.0,145.0
TDRD10,58.0,59.0
TDRD12,151.0,155.0
TDRD15,197.0,214.0
TDRD3,101.0,100.0
TDRD5,120.0,125.0
TDRD6,219.0,229.0
TDRD7,122.0,126.0
TDRD9,155.0,156.0
TDRG1,7.0,5.0
TDRKH,43.0,47.0
TDRP,15.0,17.0
TEAD1,17.0,24.0
TEAD2,6.0,7.0
TEAD3,25.0,27.0
TEAD4,18.0,23.0
TEC,90.0,84.0
TECPR1,82.0,93.0
TECPR2,97.0,115.0
TECR,34.0,28.0
TECRL,27.0,32.0
TECTA,163.0,173.0
TECTB,39.0,39.0
TEDC1,50.0,47.0
TEDC2,42.0,40.0
TEDDM1,16.0,17.0
TEF,18.0,15.0
TEFM,56.0,59.0
TEK,80.0,78.0
TEKT1,69.0,67.0
TEKT2,63.0,57.0
TEKT3,86.0,76.0
TEKT4,73.0,81.0
TEKT5,81.0,87.0
TEKTIP1,17.0,17.0
TEKTL1,101.0,91.0
TELO2,95.0,93.0
TEN1,9.0,10.0
TENM1,238.0,208.0
TENM2,214.0,228.0
TENM3,204.0,209.0
TENM4,245.0,236.0
TENT2,54.0,57.0
TENT4A,62.0,60.0
TENT4B,58.0,64.0
TENT5A,32.0,32.0
TENT5B,24.0,29.0
TENT5C,35.0,29.0
TENT5D,31.0,30.0
TEP1,249.0,282.0
TEPSIN,31.0,32.0
TERB1,72.0,71.0
TERB2,31.0,31.0
TERF1,58.0,59.0
TERF2,42.0,49.0
TERF2IP,52.0,57.0
TERT,141.0,147.0
TES,56.0,62.0
TESC,43.0,33.0
TESK1,41.0,45.0
TESK2,41.0,43.0
TESMIN,32.0,42.0
TESPA1,47.0,59.0
TET1,215.0,234.0
TET2,224.0,217.0
TET3,119.0,104.0
TEX10,79.0,87.0
TEX101,11.0,10.0
TEX11,100.0,113.0
TEX12,13.0,14.0
TEX13A,35.0,35.0
TEX13B,25.0,23.0
TEX13C,104.0,106.0
TEX13D,67.0,66.0
TEX14,146.0,142.0
TEX15,256.0,253.0
TEX2,82.0,82.0
TEX22,13.0,11.0
TEX26,17.0,23.0
TEX261,6.0,6.0
TEX264,40.0,36.0
TEX28,43.0,44.0
TEX29,14.0,17.0
TEX30,19.0,20.0
TEX35,34.0,37.0
TEX36,25.0,22.0
TEX38,16.0,15.0
TEX44,17.0,21.0
TEX46,7.0,9.0
TEX47,22.0,18.0
TEX48,22.0,23.0
TEX50,9.0,10.0
TEX51,13.0,15.0
TEX52,21.0,21.0
TEX53,11.0,9.0
TEX54,9.0,11.0
TEX55,77.0,66.0
TEX9,58.0,49.0
TF,89.0,106.0
TFAM,45.0,49.0
TFAP2A,26.0,27.0
TFAP2B,29.0,32.0
TFAP2C,21.0,23.0
TFAP2D,42.0,41.0
TFAP2E,28.0,30.0
TFAP4,39.0,34.0
TFB1M,41.0,42.0
TFB2M,68.0,63.0
TFCP2,34.0,32.0
TFCP2L1,31.0,38.0
TFDP1,30.0,33.0
TFDP2,21.0,29.0
TFDP3,35.0,44.0
TFE3,37.0,46.0
TFEB,23.0,25.0
TFEC,16.0,18.0
TFF1,2.0,3.0
TFF2,7.0,11.0
TFF3,6.0,8.0
TFG,22.0,18.0
TFIP11,92.0,95.0
TFPI,38.0,32.0
TFPI2,20.0,20.0
TFPT,11.0,12.0
TFR2,70.0,68.0
TFRC,93.0,91.0
TG,195.0,199.0
TGDS,30.0,35.0
TGFA,9.0,10.0
TGFB1,54.0,55.0
TGFB1I1,46.0,46.0
TGFB2,48.0,44.0
TGFB3,43.0,49.0
TGFBI,42.0,48.0
TGFBR1,50.0,50.0
TGFBR2,70.0,65.0
TGFBR3,73.0,63.0
TGFBR3L,17.0,23.0
TGFBRAP1,103.0,93.0
TGIF1,31.0,38.0
TGIF2,3.0,11.0
TGIF2LX,13.0,17.0
TGIF2LY,38.0,35.0
TGM1,74.0,82.0
TGM2,84.0,86.0
TGM3,63.0,68.0
TGM4,81.0,85.0
TGM5,59.0,63.0
TGM6,80.0,88.0
TGM7,83.0,89.0
TGOLN2,51.0,54.0
TGS1,70.0,77.0
TH,44.0,46.0
THADA,149.0,176.0
THAP1,24.0,31.0
THAP10,23.0,20.0
THAP11,28.0,29.0
THAP12,86.0,85.0
THAP2,40.0,36.0
THAP3,21.0,26.0
THAP4,42.0,34.0
THAP5,39.0,38.0
THAP6,33.0,31.0
THAP7,35.0,28.0
THAP8,32.0,33.0
THAP9,124.0,120.0
THBD,16.0,18.0
THBS1,112.0,111.0
THBS2,85.0,102.0
THBS3,70.0,79.0
THBS4,73.0,68.0
THEM4,33.0,40.0
THEM5,17.0,13.0
THEM6,26.0,26.0
THEMIS,78.0,82.0
THEMIS2,58.0,50.0
THG1L,27.0,23.0
THNSL1,69.0,76.0
THNSL2,55.0,59.0
THOC1,104.0,109.0
THOC2,134.0,134.0
THOC3,41.0,38.0
THOC5,54.0,73.0
THOC6,32.0,45.0
THOC7,34.0,39.0
THOP1,81.0,79.0
THPO,28.0,31.0
THRA,61.0,63.0
THRAP3,78.0,81.0
THRB,51.0,52.0
THRSP,11.0,11.0
THSD1,75.0,78.0
THSD4,142.0,154.0
THSD7A,134.0,147.0
THSD7B,127.0,125.0
THSD8,7.0,10.0
THTPA,42.0,47.0
THUMPD1,35.0,31.0
THUMPD2,59.0,66.0
THUMPD3,61.0,60.0
THY1,16.0,18.0
THYN1,40.0,40.0
TIA1,24.0,26.0
TIAL1,30.0,28.0
TIAM1,167.0,176.0
TIAM2,183.0,177.0
TICAM1,42.0,32.0
TICAM2,28.0,29.0
TICRR,197.0,228.0
TIE1,88.0,92.0
TIFA,24.0,23.0
TIFAB,14.0,15.0
TIGAR,20.0,21.0
TIGD1,67.0,74.0
TIGD2,57.0,64.0
TIGD3,43.0,48.0
TIGD4,69.0,71.0
TIGD5,61.0,55.0
TIGD6,40.0,51.0
TIGD7,74.0,70.0
TIGIT,13.0,16.0
TIMD4,37.0,34.0
TIMELESS,133.0,136.0
TIMM10,10.0,10.0
TIMM10B,31.0,37.0
TIMM13,18.0,19.0
TIMM17A,,1.0
TIMM17B,7.0,6.0
TIMM21,46.0,44.0
TIMM22,9.0,11.0
TIMM23,7.0,9.0
TIMM23B,,2.0
TIMM29,28.0,28.0
TIMM44,75.0,77.0
TIMM50,38.0,40.0
TIMM8A,11.0,10.0
TIMM8B,24.0,23.0
TIMM9,34.0,29.0
TIMMDC1,37.0,36.0
TIMP1,16.0,19.0
TIMP2,14.0,19.0
TIMP3,34.0,36.0
TIMP4,23.0,23.0
TINAG,54.0,62.0
TINAGL1,40.0,47.0
TINCR,13.0,13.0
TINF2,47.0,51.0
TIPARP,66.0,64.0
TIPIN,24.0,24.0
TIPRL,31.0,41.0
TIRAP,9.0,8.0
TJAP1,70.0,71.0
TJP1,223.0,229.0
TJP2,137.0,129.0
TJP3,82.0,82.0
TK1,42.0,42.0
TK2,33.0,27.0
TKFC,26.0,35.0
TKT,46.0,40.0
TKTL1,72.0,76.0
TKTL2,42.0,39.0
TLCD1,12.0,11.0
TLCD2,11.0,8.0
TLCD3A,14.0,15.0
TLCD3B,24.0,26.0
TLCD4,9.0,9.0
TLCD5,3.0,4.0
TLDC2,18.0,16.0
TLE1,63.0,62.0
TLE2,40.0,34.0
TLE3,48.0,46.0
TLE4,29.0,21.0
TLE5,23.0,25.0
TLE6,41.0,49.0
TLE7,25.0,24.0
TLK1,61.0,65.0
TLK2,97.0,95.0
TLL1,120.0,118.0
TLL2,89.0,89.0
TLN1,253.0,264.0
TLN2,241.0,242.0
TLNRD1,39.0,33.0
TLR1,82.0,87.0
TLR10,68.0,64.0
TLR2,84.0,86.0
TLR3,77.0,78.0
TLR4,67.0,71.0
TLR5,75.0,87.0
TLR6,94.0,94.0
TLR7,107.0,112.0
TLR8,116.0,112.0
TLR9,90.0,86.0
TLX1,6.0,8.0
TLX1NB,1.0,1.0
TLX2,2.0,5.0
TLX3,11.0,14.0
TM2D1,15.0,14.0
TM2D3,25.0,30.0
TM4SF18,4.0,5.0
TM4SF19,5.0,7.0
TM4SF20,3.0,2.0
TM4SF4,4.0,1.0
TM4SF5,8.0,8.0
TM6SF1,10.0,10.0
TM6SF2,5.0,4.0
TM7SF2,18.0,22.0
TM7SF3,19.0,18.0
TM9SF1,41.0,38.0
TM9SF2,45.0,49.0
TM9SF3,33.0,39.0
TM9SF4,43.0,39.0
TMA16,18.0,17.0
TMBIM1,5.0,5.0
TMBIM4,2.0,3.0
TMBIM6,10.0,10.0
TMC1,47.0,55.0
TMC2,54.0,59.0
TMC3,86.0,95.0
TMC4,54.0,53.0
TMC5,93.0,84.0
TMC6,55.0,60.0
TMC7,49.0,54.0
TMC8,61.0,63.0
TMCC1,62.0,60.0
TMCC2,57.0,59.0
TMCC3,68.0,74.0
TMCO1,14.0,14.0
TMCO2,16.0,16.0
TMCO4,36.0,36.0
TMCO5A,67.0,67.0
TMCO5B,46.0,50.0
TMCO6,26.0,21.0
TMDD1,20.0,18.0
TMED1,17.0,14.0
TMED10,22.0,21.0
TMED2,18.0,20.0
TMED3,14.0,19.0
TMED4,26.0,24.0
TMED5,22.0,22.0
TMED6,17.0,23.0
TMED7,12.0,16.0
TMED8,23.0,25.0
TMED9,33.0,33.0
TMEFF1,32.0,32.0
TMEFF2,36.0,35.0
TMEM100,8.0,7.0
TMEM101,12.0,11.0
TMEM102,38.0,38.0
TMEM105,3.0,5.0
TMEM106A,21.0,27.0
TMEM106B,25.0,25.0
TMEM106C,15.0,12.0
TMEM107,2.0,4.0
TMEM108,17.0,19.0
TMEM109,16.0,14.0
TMEM11,4.0,7.0
TMEM114,13.0,11.0
TMEM115,15.0,15.0
TMEM116,12.0,11.0
TMEM117,29.0,29.0
TMEM119,11.0,12.0
TMEM120A,24.0,24.0
TMEM120B,15.0,21.0
TMEM121,22.0,24.0
TMEM121B,22.0,20.0
TMEM123,4.0,2.0
TMEM125,12.0,12.0
TMEM126A,17.0,23.0
TMEM126B,33.0,31.0
TMEM127,9.0,9.0
TMEM128,8.0,7.0
TMEM129,22.0,19.0
TMEM130,21.0,17.0
TMEM131,143.0,150.0
TMEM131L,122.0,129.0
TMEM132A,75.0,70.0
TMEM132B,88.0,88.0
TMEM132C,80.0,88.0
TMEM132D,93.0,100.0
TMEM132E,86.0,87.0
TMEM132E-DT,18.0,16.0
TMEM134,11.0,11.0
TMEM135,48.0,57.0
TMEM138,11.0,8.0
TMEM139,4.0,3.0
TMEM141,8.0,10.0
TMEM143,35.0,39.0
TMEM144,1.0,
TMEM145,29.0,28.0
TMEM147,6.0,3.0
TMEM14A,5.0,6.0
TMEM14B,3.0,4.0
TMEM14C,3.0,5.0
TMEM14EP,11.0,15.0
TMEM150A,3.0,4.0
TMEM150B,4.0,4.0
TMEM150C,1.0,3.0
TMEM151A,55.0,58.0
TMEM151B,47.0,47.0
TMEM154,14.0,11.0
TMEM156,28.0,22.0
TMEM158,9.0,10.0
TMEM160,5.0,7.0
TMEM161A,29.0,31.0
TMEM161B,36.0,38.0
TMEM163,16.0,13.0
TMEM164,10.0,9.0
TMEM165,16.0,19.0
TMEM167A,2.0,2.0
TMEM167B,6.0,4.0
TMEM168,52.0,45.0
TMEM169,32.0,35.0
TMEM17,15.0,10.0
TMEM170A,,3.0
TMEM170B,1.0,2.0
TMEM171,15.0,18.0
TMEM174,8.0,5.0
TMEM175,20.0,23.0
TMEM176A,15.0,16.0
TMEM176B,14.0,22.0
TMEM177,12.0,16.0
TMEM178A,14.0,18.0
TMEM178B,18.0,18.0
TMEM179,11.0,11.0
TMEM179B,8.0,7.0
TMEM18,5.0,4.0
TMEM181,40.0,37.0
TMEM182,10.0,7.0
TMEM183A,45.0,50.0
TMEM183BP,2.0,3.0
TMEM184A,24.0,27.0
TMEM184B,27.0,27.0
TMEM184C,26.0,22.0
TMEM185A,22.0,20.0
TMEM185B,19.0,18.0
TMEM186,17.0,17.0
TMEM187,9.0,9.0
TMEM19,5.0,8.0
TMEM190,24.0,26.0
TMEM191A,8.0,8.0
TMEM191B,15.0,14.0
TMEM191C,25.0,22.0
TMEM192,19.0,21.0
TMEM196,4.0,2.0
TMEM198,7.0,9.0
TMEM200A,40.0,40.0
TMEM200B,24.0,32.0
TMEM200C,40.0,57.0
TMEM201,40.0,44.0
TMEM202,31.0,31.0
TMEM203,6.0,6.0
TMEM204,15.0,7.0
TMEM205,24.0,21.0
TMEM208,2.0,2.0
TMEM209,58.0,61.0
TMEM212,1.0,4.0
TMEM214,57.0,69.0
TMEM215,9.0,9.0
TMEM217,10.0,8.0
TMEM217B,11.0,14.0
TMEM218,5.0,8.0
TMEM219,17.0,24.0
TMEM220,9.0,6.0
TMEM221,15.0,17.0
TMEM222,12.0,8.0
TMEM223,26.0,31.0
TMEM225,9.0,12.0
TMEM225B,5.0,10.0
TMEM229A,27.0,29.0
TMEM229B,9.0,10.0
TMEM230,9.0,10.0
TMEM231,17.0,22.0
TMEM232,48.0,41.0
TMEM233,14.0,17.0
TMEM234,14.0,15.0
TMEM236,10.0,7.0
TMEM237,16.0,19.0
TMEM238,4.0,6.0
TMEM238L,9.0,8.0
TMEM239,8.0,4.0
TMEM240,9.0,9.0
TMEM242,7.0,7.0
TMEM243,4.0,3.0
TMEM244,2.0,2.0
TMEM245,45.0,38.0
TMEM247,30.0,28.0
TMEM248,28.0,28.0
TMEM25,20.0,23.0
TMEM250,8.0,9.0
TMEM252,8.0,6.0
TMEM254,4.0,4.0
TMEM255A,14.0,14.0
TMEM255B,1.0,2.0
TMEM256,2.0,3.0
TMEM259,34.0,31.0
TMEM26,20.0,24.0
TMEM260,64.0,73.0
TMEM263,14.0,13.0
TMEM265,3.0,1.0
TMEM266,35.0,33.0
TMEM267,4.0,7.0
TMEM268,15.0,20.0
TMEM269,13.0,15.0
TMEM270,14.0,12.0
TMEM271,5.0,5.0
TMEM272,5.0,5.0
TMEM273,6.0,7.0
TMEM275,15.0,15.0
TMEM276,5.0,5.0
TMEM278,3.0,3.0
TMEM30A,10.0,19.0
TMEM30B,29.0,32.0
TMEM30CP,13.0,14.0
TMEM31,10.0,10.0
TMEM33,25.0,25.0
TMEM35A,19.0,17.0
TMEM35B,7.0,6.0
TMEM37,11.0,9.0
TMEM38A,19.0,12.0
TMEM38B,32.0,30.0
TMEM39A,28.0,35.0
TMEM39B,32.0,32.0
TMEM40,27.0,22.0
TMEM41A,15.0,15.0
TMEM41B,18.0,17.0
TMEM43,36.0,42.0
TMEM44,23.0,26.0
TMEM45A,17.0,20.0
TMEM45B,9.0,12.0
TMEM47,3.0,5.0
TMEM50A,15.0,8.0
TMEM50B,7.0,6.0
TMEM51,9.0,12.0
TMEM52B,10.0,10.0
TMEM53,21.0,24.0
TMEM54,18.0,15.0
TMEM59,28.0,27.0
TMEM59L,10.0,12.0
TMEM60,5.0,2.0
TMEM61,12.0,7.0
TMEM62,67.0,68.0
TMEM63A,47.0,57.0
TMEM63B,66.0,65.0
TMEM63C,75.0,74.0
TMEM64,26.0,32.0
TMEM65,23.0,18.0
TMEM67,63.0,63.0
TMEM68,43.0,44.0
TMEM69,18.0,21.0
TMEM70,37.0,33.0
TMEM71,18.0,16.0
TMEM72,3.0,2.0
TMEM74,33.0,35.0
TMEM74B,31.0,27.0
TMEM78,4.0,6.0
TMEM79,32.0,29.0
TMEM80,3.0,3.0
TMEM81,18.0,22.0
TMEM82,24.0,26.0
TMEM86A,5.0,5.0
TMEM87A,38.0,32.0
TMEM87B,54.0,51.0
TMEM88,11.0,14.0
TMEM89,8.0,9.0
TMEM8B,17.0,12.0
TMEM9,19.0,18.0
TMEM91,12.0,7.0
TMEM92,10.0,11.0
TMEM94,89.0,89.0
TMEM95,29.0,26.0
TMEM97,9.0,7.0
TMEM98,25.0,30.0
TMEM9B,18.0,16.0
TMF1,146.0,155.0
TMIE,13.0,11.0
TMIGD1,45.0,40.0
TMIGD2,16.0,16.0
TMIGD3,21.0,23.0
TMLHE,64.0,65.0
TMOD1,26.0,26.0
TMOD2,33.0,36.0
TMOD3,32.0,35.0
TMOD4,18.0,13.0
TMPO,107.0,109.0
TMPPE,26.0,28.0
TMPRSS11A,35.0,27.0
TMPRSS11B,30.0,35.0
TMPRSS11D,21.0,18.0
TMPRSS11E,36.0,33.0
TMPRSS11F,32.0,37.0
TMPRSS12,29.0,30.0
TMPRSS13,76.0,77.0
TMPRSS15,64.0,64.0
TMPRSS2,16.0,18.0
TMPRSS3,34.0,30.0
TMPRSS4,32.0,35.0
TMPRSS5,40.0,53.0
TMPRSS6,65.0,77.0
TMPRSS7,105.0,108.0
TMPRSS9,93.0,83.0
TMSB10,9.0,9.0
TMSB4X,4.0,3.0
TMSB4Y,3.0,3.0
TMT1A,38.0,34.0
TMT1B,19.0,20.0
TMTC1,70.0,74.0
TMTC2,63.0,68.0
TMTC3,83.0,93.0
TMTC4,63.0,62.0
TMUB1,3.0,4.0
TMUB2,18.0,18.0
TMX1,28.0,31.0
TMX2,53.0,50.0
TMX3,31.0,37.0
TMX4,27.0,29.0
TNC,157.0,182.0
TNF,19.0,24.0
TNFAIP1,42.0,46.0
TNFAIP2,78.0,81.0
TNFAIP3,86.0,96.0
TNFAIP6,46.0,44.0
TNFAIP8,14.0,20.0
TNFAIP8L1,17.0,23.0
TNFAIP8L2,14.0,11.0
TNFAIP8L3,28.0,26.0
TNFRSF10A,24.0,29.0
TNFRSF10B,45.0,49.0
TNFRSF10C,16.0,16.0
TNFRSF10D,30.0,33.0
TNFRSF11A,73.0,59.0
TNFRSF11B,51.0,53.0
TNFRSF12A,15.0,15.0
TNFRSF13B,40.0,40.0
TNFRSF13C,9.0,8.0
TNFRSF14,23.0,22.0
TNFRSF17,13.0,10.0
TNFRSF18,23.0,21.0
TNFRSF19,15.0,13.0
TNFRSF1A,39.0,41.0
TNFRSF1B,31.0,27.0
TNFRSF21,71.0,84.0
TNFRSF25,25.0,26.0
TNFRSF4,23.0,21.0
TNFRSF6B,26.0,21.0
TNFRSF8,68.0,62.0
TNFRSF9,15.0,17.0
TNFSF10,25.0,25.0
TNFSF11,33.0,35.0
TNFSF12,24.0,27.0
TNFSF13,24.0,31.0
TNFSF13B,8.0,11.0
TNFSF14,19.0,16.0
TNFSF15,22.0,19.0
TNFSF18,15.0,16.0
TNFSF4,18.0,20.0
TNFSF8,11.0,11.0
TNFSF9,17.0,16.0
TNIK,112.0,101.0
TNIP1,59.0,62.0
TNIP2,57.0,65.0
TNIP3,29.0,28.0
TNK1,94.0,92.0
TNK2,81.0,88.0
TNKS,145.0,146.0
TNKS1BP1,149.0,148.0
TNKS2,147.0,144.0
TNMD,38.0,37.0
TNN,148.0,171.0
TNNC1,20.0,19.0
TNNC2,24.0,26.0
TNNI1,19.0,19.0
TNNI2,17.0,16.0
TNNI3,29.0,28.0
TNNI3K,87.0,90.0
TNNT1,52.0,56.0
TNNT2,41.0,41.0
TNNT3,20.0,31.0
TNP2,16.0,20.0
TNPO1,63.0,63.0
TNPO2,67.0,79.0
TNPO3,65.0,70.0
TNR,73.0,70.0
TNRC18,247.0,235.0
TNRC6A,139.0,144.0
TNRC6B,178.0,175.0
TNRC6C,103.0,108.0
TNS1,163.0,181.0
TNS2,143.0,156.0
TNS3,109.0,97.0
TNS4,80.0,83.0
TNXA,7.0,9.0
TNXB,295.0,309.0
TOB1,21.0,15.0
TOB2,20.0,14.0
TOE1,30.0,32.0
TOGARAM1,176.0,175.0
TOGARAM2,151.0,148.0
TOLLIP,20.0,16.0
TOM1,30.0,32.0
TOM1L1,19.0,19.0
TOM1L2,31.0,28.0
TOMM20,5.0,4.0
TOMM20L,15.0,19.0
TOMM22,14.0,21.0
TOMM34,42.0,40.0
TOMM40,15.0,19.0
TOMM40L,38.0,37.0
TOMM5,8.0,7.0
TOMM6,1.0,2.0
TOMM7,5.0,6.0
TOMM70,61.0,66.0
TOMT,17.0,17.0
TONSL,105.0,105.0
TOP1,103.0,104.0
TOP1MT,58.0,64.0
TOP2A,164.0,188.0
TOP2B,179.0,178.0
TOP3A,80.0,87.0
TOP3B,116.0,106.0
TOP6BL,33.0,36.0
TOPAZ1,213.0,212.0
TOPBP1,174.0,188.0
TOPORS,103.0,120.0
TOR1A,61.0,68.0
TOR1AIP1,69.0,78.0
TOR1AIP2,61.0,57.0
TOR1B,57.0,53.0
TOR2A,44.0,48.0
TOR3A,59.0,57.0
TOR4A,42.0,39.0
TOX,15.0,13.0
TOX2,26.0,26.0
TOX3,24.0,26.0
TOX4,23.0,22.0
TP53,46.0,46.0
TP53AIP1,12.0,12.0
TP53BP1,169.0,169.0
TP53BP2,98.0,92.0
TP53I11,19.0,19.0
TP53I13,18.0,21.0
TP53I3,30.0,30.0
TP53INP1,1.0,1.0
TP53INP2,4.0,5.0
TP53RK,18.0,18.0
TP53TG3,17.0,12.0
TP53TG5,22.0,23.0
TP63,43.0,45.0
TP73,36.0,33.0
TPBG,38.0,30.0
TPBGL,31.0,33.0
TPCN1,50.0,40.0
TPCN2,35.0,27.0
TPD52,20.0,25.0
TPD52L1,31.0,29.0
TPD52L2,37.0,37.0
TPD52L3,24.0,24.0
TPGS1,35.0,42.0
TPGS2,37.0,32.0
TPH1,45.0,45.0
TPH2,70.0,68.0
TPI1,37.0,37.0
TPK1,15.0,16.0
TPM1,29.0,25.0
TPM2,40.0,47.0
TPM3,44.0,43.0
TPM4,29.0,29.0
TPMT,34.0,33.0
TPO,103.0,114.0
TPP1,21.0,22.0
TPP2,151.0,142.0
TPPP,14.0,18.0
TPPP2,21.0,19.0
TPPP3,34.0,30.0
TPR,286.0,301.0
TPRA1,11.0,9.0
TPRG1,25.0,21.0
TPRG1L,29.0,30.0
TPRKB,20.0,17.0
TPRN,57.0,56.0
TPRX1,15.0,16.0
TPRX2,35.0,37.0
TPRXL,18.0,21.0
TPSB2,21.0,23.0
TPSG1,22.0,21.0
TPST1,52.0,47.0
TPST2,26.0,30.0
TPT1,24.0,27.0
TPT1L,3.0,4.0
TPT1P8,10.0,11.0
TPTE,71.0,72.0
TPTE2,52.0,46.0
TPTE2P1,7.0,5.0
TPX2,132.0,129.0
TRA,13.0,15.0
TRA2A,39.0,31.0
TRA2B,24.0,23.0
TRABD,45.0,50.0
TRABD2A,57.0,56.0
TRABD2B,33.0,35.0
TRAC,17.0,17.0
TRADD,35.0,35.0
TRAF1,59.0,63.0
TRAF2,77.0,72.0
TRAF3,100.0,110.0
TRAF3IP1,57.0,66.0
TRAF3IP2,63.0,66.0
TRAF3IP3,81.0,74.0
TRAF4,58.0,67.0
TRAF5,71.0,78.0
TRAF6,69.0,65.0
TRAF7,77.0,75.0
TRAFD1,75.0,85.0
TRAIP,46.0,52.0
TRAJ3,1.0,1.0
TRAJ31,3.0,2.0
TRAJ42,3.0,3.0
TRAK1,108.0,107.0
TRAK2,96.0,103.0
TRAM1,6.0,7.0
TRAM1L1,5.0,4.0
TRAM2,14.0,23.0
TRANK1,351.0,347.0
TRAP1,94.0,107.0
TRAPPC1,27.0,32.0
TRAPPC10,118.0,113.0
TRAPPC11,99.0,110.0
TRAPPC12,47.0,42.0
TRAPPC13,31.0,34.0
TRAPPC14,65.0,71.0
TRAPPC2,11.0,13.0
TRAPPC2L,26.0,28.0
TRAPPC3,19.0,18.0
TRAPPC3L,28.0,28.0
TRAPPC4,34.0,32.0
TRAPPC5,25.0,22.0
TRAPPC6A,12.0,20.0
TRAPPC6B,32.0,33.0
TRAPPC8,166.0,167.0
TRAPPC9,115.0,108.0
TRARG1,11.0,16.0
TRAT1,9.0,12.0
TRAV1-1,2.0,2.0
TRAV1-2,6.0,5.0
TRAV10,12.0,11.0
TRAV12-1,5.0,7.0
TRAV12-2,17.0,15.0
TRAV12-3,5.0,2.0
TRAV13-1,13.0,13.0
TRAV13-2,3.0,5.0
TRAV14DV4,2.0,1.0
TRAV16,8.0,6.0
TRAV17,14.0,15.0
TRAV18,12.0,13.0
TRAV19,11.0,9.0
TRAV2,3.0,4.0
TRAV20,6.0,6.0
TRAV21,4.0,4.0
TRAV22,7.0,8.0
TRAV23DV6,8.0,11.0
TRAV24,8.0,10.0
TRAV25,7.0,6.0
TRAV26-1,14.0,9.0
TRAV26-2,13.0,18.0
TRAV27,7.0,6.0
TRAV29DV5,,2.0
TRAV3,11.0,10.0
TRAV30,1.0,3.0
TRAV34,15.0,19.0
TRAV35,6.0,8.0
TRAV36DV7,,4.0
TRAV39,13.0,13.0
TRAV4,5.0,
TRAV40,9.0,11.0
TRAV41,3.0,3.0
TRAV5,5.0,5.0
TRAV6,16.0,17.0
TRAV7,11.0,11.0
TRAV8-1,4.0,4.0
TRAV8-2,12.0,18.0
TRAV8-3,9.0,9.0
TRAV8-4,1.0,3.0
TRAV8-6,1.0,3.0
TRAV9-1,5.0,4.0
TRAV9-2,1.0,1.0
TRB,13.0,14.0
TRBC1,22.0,25.0
TRBC2,4.0,3.0
TRBJ1-1,1.0,
TRBJ1-2,1.0,4.0
TRBJ1-4,1.0,1.0
TRBJ1-5,,2.0
TRBJ1-6,,1.0
TRBJ2-1,,1.0
TRBJ2-2,3.0,3.0
TRBJ2-3,1.0,1.0
TRBJ2-4,4.0,2.0
TRBJ2-5,2.0,3.0
TRBJ2-6,3.0,3.0
TRBJ2-7,2.0,3.0
TRBV10-1,19.0,20.0
TRBV10-2,14.0,11.0
TRBV10-3,9.0,12.0
TRBV11-1,2.0,1.0
TRBV11-2,4.0,4.0
TRBV11-3,4.0,2.0
TRBV12-3,26.0,32.0
TRBV12-4,7.0,7.0
TRBV12-5,20.0,20.0
TRBV13,6.0,6.0
TRBV14,19.0,26.0
TRBV16,20.0,16.0
TRBV17,23.0,28.0
TRBV18,18.0,13.0
TRBV19,9.0,8.0
TRBV2,4.0,6.0
TRBV20-1,12.0,11.0
TRBV23-1,11.0,14.0
TRBV24-1,14.0,16.0
TRBV27,5.0,7.0
TRBV28,6.0,8.0
TRBV3-1,24.0,22.0
TRBV4-1,6.0,5.0
TRBV4-2,9.0,14.0
TRBV4-3,7.0,7.0
TRBV5-1,6.0,5.0
TRBV5-5,2.0,4.0
TRBV6-1,2.0,5.0
TRBV6-2,4.0,6.0
TRBV6-4,18.0,17.0
TRBV6-5,4.0,4.0
TRBV6-6,4.0,5.0
TRBV6-7,4.0,6.0
TRBV6-8,12.0,10.0
TRBV6-9,17.0,16.0
TRBV7-1,6.0,9.0
TRBV7-2,8.0,5.0
TRBV7-3,15.0,16.0
TRBV7-4,17.0,15.0
TRBV7-6,4.0,3.0
TRBV7-7,10.0,13.0
TRBV7-8,4.0,4.0
TRBV7-9,7.0,7.0
TRBV9,2.0,1.0
TRDC,26.0,23.0
TRDMT1,44.0,46.0
TRDN,57.0,51.0
TRDV1,7.0,4.0
TRDV2,18.0,13.0
TRDV3,8.0,6.0
TREH,39.0,38.0
TREM1,17.0,20.0
TREM2,6.0,9.0
TREML1,7.0,8.0
TREML2,34.0,39.0
TREML4,20.0,24.0
TRERF1,57.0,64.0
TREX1,15.0,15.0
TREX2,27.0,32.0
TRGC1,13.0,11.0
TRGC2,33.0,34.0
TRGV1,7.0,9.0
TRGV10,24.0,23.0
TRGV11,19.0,18.0
TRGV2,13.0,12.0
TRGV3,13.0,14.0
TRGV4,2.0,2.0
TRGV5,11.0,8.0
TRGV8,14.0,20.0
TRGV9,5.0,5.0
TRH,16.0,17.0
TRHDE,98.0,117.0
TRHR,19.0,22.0
TRIAP1,17.0,14.0
TRIB1,34.0,37.0
TRIB2,40.0,33.0
TRIB3,25.0,25.0
TRIL,69.0,68.0
TRIM10,39.0,37.0
TRIM11,55.0,45.0
TRIM13,44.0,35.0
TRIM14,53.0,65.0
TRIM15,32.0,42.0
TRIM16,68.0,72.0
TRIM16L,27.0,24.0
TRIM17,54.0,58.0
TRIM2,81.0,65.0
TRIM21,63.0,72.0
TRIM22,50.0,50.0
TRIM23,62.0,55.0
TRIM24,127.0,131.0
TRIM25,60.0,63.0
TRIM26,65.0,68.0
TRIM27,58.0,64.0
TRIM28,60.0,63.0
TRIM29,87.0,80.0
TRIM3,85.0,94.0
TRIM31,58.0,54.0
TRIM32,58.0,70.0
TRIM33,108.0,123.0
TRIM34,43.0,45.0
TRIM35,55.0,62.0
TRIM36,74.0,93.0
TRIM37,83.0,75.0
TRIM38,52.0,53.0
TRIM39,70.0,74.0
TRIM4,62.0,54.0
TRIM40,18.0,24.0
TRIM41,59.0,68.0
TRIM42,75.0,76.0
TRIM43,55.0,45.0
TRIM43B,8.0,7.0
TRIM44,16.0,15.0
TRIM45,95.0,98.0
TRIM46,78.0,74.0
TRIM47,37.0,32.0
TRIM48,35.0,34.0
TRIM49,42.0,48.0
TRIM49B,34.0,41.0
TRIM49C,7.0,6.0
TRIM49D1,34.0,34.0
TRIM5,45.0,48.0
TRIM50,65.0,74.0
TRIM51,39.0,44.0
TRIM51G,49.0,54.0
TRIM52,30.0,29.0
TRIM54,35.0,40.0
TRIM55,47.0,55.0
TRIM56,112.0,119.0
TRIM58,62.0,57.0
TRIM59,31.0,25.0
TRIM6,41.0,42.0
TRIM60,64.0,60.0
TRIM61,36.0,40.0
TRIM62,49.0,50.0
TRIM63,45.0,45.0
TRIM64,30.0,39.0
TRIM64B,15.0,13.0
TRIM64C,31.0,33.0
TRIM65,52.0,56.0
TRIM66,115.0,110.0
TRIM67,73.0,80.0
TRIM68,50.0,51.0
TRIM69,47.0,47.0
TRIM7,68.0,74.0
TRIM71,74.0,74.0
TRIM72,51.0,51.0
TRIM73,5.0,4.0
TRIM74,20.0,25.0
TRIM75,74.0,64.0
TRIM77,48.0,56.0
TRIM8,52.0,53.0
TRIM9,52.0,54.0
TRIML1,43.0,52.0
TRIML2,42.0,47.0
TRIO,251.0,262.0
TRIOBP,294.0,285.0
TRIP10,75.0,77.0
TRIP11,314.0,315.0
TRIP12,196.0,206.0
TRIP13,50.0,56.0
TRIP4,54.0,62.0
TRIP6,55.0,63.0
TRIQK,2.0,2.0
TRIR,25.0,24.0
TRIT1,58.0,64.0
TRMO,53.0,57.0
TRMT1,99.0,95.0
TRMT10A,44.0,49.0
TRMT10B,15.0,16.0
TRMT10C,80.0,86.0
TRMT11,42.0,43.0
TRMT112,10.0,16.0
TRMT13,76.0,69.0
TRMT1L,79.0,78.0
TRMT2A,70.0,59.0
TRMT2B,71.0,65.0
TRMT44,54.0,59.0
TRMT5,71.0,77.0
TRMT6,72.0,68.0
TRMT61A,22.0,27.0
TRMT61B,43.0,37.0
TRMT9B,39.0,57.0
TRMU,51.0,60.0
TRNAU1AP,12.0,14.0
TRNP1,17.0,15.0
TRNT1,46.0,50.0
TRO,44.0,48.0
TROAP,71.0,71.0
TRPA1,119.0,119.0
TRPC1,83.0,94.0
TRPC3,77.0,73.0
TRPC4,117.0,113.0
TRPC4AP,80.0,78.0
TRPC5,55.0,64.0
TRPC5OS,2.0,3.0
TRPC6,86.0,81.0
TRPC7,79.0,87.0
TRPM1,193.0,199.0
TRPM2,148.0,157.0
TRPM3,169.0,185.0
TRPM4,87.0,86.0
TRPM5,112.0,103.0
TRPM6,237.0,256.0
TRPM7,198.0,207.0
TRPM8,82.0,82.0
TRPS1,149.0,151.0
TRPT1,19.0,17.0
TRPV1,79.0,83.0
TRPV2,56.0,61.0
TRPV3,65.0,60.0
TRPV4,66.0,69.0
TRPV5,56.0,56.0
TRPV6,52.0,52.0
TRRAP,415.0,426.0
TRUB1,43.0,54.0
TRUB2,48.0,45.0
TSACC,6.0,7.0
TSBP1,60.0,71.0
TSC1,101.0,109.0
TSC2,169.0,177.0
TSC22D1,19.0,15.0
TSC22D2,16.0,19.0
TSC22D3,18.0,18.0
TSC22D4,40.0,40.0
TSEN15,6.0,8.0
TSEN2,69.0,71.0
TSEN34,23.0,21.0
TSEN54,53.0,56.0
TSFM,28.0,29.0
TSG101,21.0,27.0
TSGA10,143.0,144.0
TSGA10IP,62.0,51.0
TSGA13,33.0,38.0
TSHB,7.0,6.0
TSHR,54.0,66.0
TSHZ1,99.0,102.0
TSHZ2,117.0,115.0
TSHZ3,100.0,108.0
TSKS,76.0,89.0
TSKU,19.0,25.0
TSLP,14.0,14.0
TSN,32.0,33.0
TSNARE1,48.0,50.0
TSNAX,30.0,36.0
TSNAXIP1,122.0,116.0
TSPAN1,9.0,9.0
TSPAN10,23.0,19.0
TSPAN11,14.0,20.0
TSPAN12,21.0,22.0
TSPAN13,9.0,8.0
TSPAN14,19.0,21.0
TSPAN15,24.0,22.0
TSPAN16,26.0,24.0
TSPAN17,16.0,17.0
TSPAN18,8.0,8.0
TSPAN19,26.0,22.0
TSPAN2,11.0,14.0
TSPAN3,15.0,16.0
TSPAN31,10.0,10.0
TSPAN32,17.0,18.0
TSPAN33,16.0,18.0
TSPAN4,5.0,5.0
TSPAN5,17.0,17.0
TSPAN6,34.0,48.0
TSPAN7,1.0,1.0
TSPAN8,5.0,3.0
TSPAN9,5.0,4.0
TSPEAR,62.0,61.0
TSPO,7.0,11.0
TSPO2,9.0,10.0
TSPOAP1,153.0,141.0
TSPY1,12.0,17.0
TSPY2,1.0,2.0
TSPY26P,38.0,41.0
TSPY8,11.0,10.0
TSPYL1,29.0,31.0
TSPYL2,38.0,35.0
TSPYL4,30.0,33.0
TSPYL5,23.0,25.0
TSPYL6,57.0,53.0
TSR1,80.0,79.0
TSR2,4.0,7.0
TSR3,12.0,18.0
TSSC4,22.0,20.0
TSSK1B,60.0,56.0
TSSK2,38.0,36.0
TSSK3,30.0,32.0
TSSK4,52.0,65.0
TSSK6,28.0,30.0
TST,62.0,57.0
TSTD1,23.0,24.0
TSTD2,47.0,50.0
TSTD3,16.0,17.0
TTBK1,108.0,112.0
TTBK2,122.0,128.0
TTC1,31.0,33.0
TTC12,82.0,95.0
TTC13,80.0,71.0
TTC14,125.0,124.0
TTC16,82.0,87.0
TTC17,110.0,111.0
TTC19,42.0,39.0
TTC21A,149.0,174.0
TTC21B,166.0,156.0
TTC22,70.0,77.0
TTC23,56.0,65.0
TTC23L,33.0,36.0
TTC24,63.0,73.0
TTC27,69.0,73.0
TTC28,270.0,240.0
TTC29,49.0,48.0
TTC3,222.0,223.0
TTC31,61.0,65.0
TTC32,10.0,12.0
TTC33,25.0,21.0
TTC34,46.0,44.0
TTC36,12.0,13.0
TTC38,40.0,47.0
TTC39A,59.0,65.0
TTC39B,64.0,63.0
TTC39C,58.0,60.0
TTC4,29.0,25.0
TTC41P,155.0,163.0
TTC5,81.0,86.0
TTC6,79.0,81.0
TTC7A,87.0,89.0
TTC7B,91.0,93.0
TTC8,35.0,44.0
TTC9,24.0,25.0
TTC9B,20.0,28.0
TTC9C,19.0,24.0
TTF1,86.0,92.0
TTF2,160.0,146.0
TTI1,72.0,73.0
TTI2,36.0,36.0
TTK,113.0,103.0
TTL,53.0,52.0
TTLL1,45.0,57.0
TTLL10,53.0,47.0
TTLL11,81.0,84.0
TTLL12,68.0,66.0
TTLL13,122.0,132.0
TTLL2,67.0,75.0
TTLL3,68.0,79.0
TTLL4,97.0,91.0
TTLL5,124.0,131.0
TTLL6,87.0,109.0
TTLL7,127.0,117.0
TTLL8,115.0,120.0
TTLL9,54.0,71.0
TTMP,12.0,14.0
TTN,3882.0,3989.0
TTPA,20.0,21.0
TTPAL,43.0,47.0
TTR,12.0,12.0
TTTY10,7.0,11.0
TTTY12,5.0,7.0
TTYH1,27.0,21.0
TTYH2,15.0,15.0
TTYH3,39.0,35.0
TUB,62.0,61.0
TUBA1B,15.0,13.0
TUBA1C,7.0,6.0
TUBA3C,41.0,37.0
TUBA3E,11.0,13.0
TUBA4A,17.0,15.0
TUBA4B,33.0,33.0
TUBA8,18.0,19.0
TUBAL3,43.0,54.0
TUBB,19.0,21.0
TUBB1,22.0,23.0
TUBB2A,10.0,14.0
TUBB2B,3.0,4.0
TUBB3,15.0,20.0
TUBB4A,27.0,28.0
TUBB4B,6.0,6.0
TUBB6,18.0,21.0
TUBB8,15.0,13.0
TUBB8B,35.0,35.0
TUBD1,75.0,77.0
TUBE1,33.0,40.0
TUBG1,37.0,43.0
TUBG2,9.0,11.0
TUBGCP2,141.0,147.0
TUBGCP3,98.0,92.0
TUBGCP4,81.0,74.0
TUBGCP5,110.0,110.0
TUBGCP6,161.0,155.0
TUFM,65.0,68.0
TUFT1,68.0,80.0
TUG1,6.0,3.0
TULP1,58.0,58.0
TULP2,61.0,63.0
TULP3,33.0,38.0
TULP4,119.0,113.0
TUNAR,3.0,3.0
TUSC1,16.0,21.0
TUSC2,6.0,2.0
TUSC3,13.0,16.0
TUT1,77.0,82.0
TUT4,204.0,202.0
TUT7,163.0,176.0
TVP23A,12.0,20.0
TVP23B,20.0,19.0
TVP23C,9.0,9.0
TWF1,49.0,47.0
TWF2,40.0,41.0
TWIST1,21.0,16.0
TWIST2,4.0,8.0
TWNK,61.0,60.0
TWSG1,14.0,17.0
TXK,80.0,68.0
TXLNA,68.0,64.0
TXLNB,74.0,71.0
TXLNG,66.0,59.0
TXLNGY,24.0,26.0
TXN,10.0,13.0
TXN2,14.0,13.0
TXNDC11,68.0,75.0
TXNDC12,11.0,10.0
TXNDC15,27.0,29.0
TXNDC16,53.0,59.0
TXNDC17,22.0,24.0
TXNDC2,98.0,109.0
TXNDC5,57.0,64.0
TXNDC8,9.0,10.0
TXNDC9,21.0,22.0
TXNIP,50.0,53.0
TXNL1,32.0,28.0
TXNL4A,20.0,17.0
TXNL4B,22.0,22.0
TXNRD1,58.0,66.0
TXNRD2,50.0,50.0
TXNRD3,46.0,51.0
TYK2,98.0,106.0
TYMP,25.0,30.0
TYMS,32.0,36.0
TYMSOS,8.0,9.0
TYR,45.0,44.0
TYRO3,60.0,52.0
TYROBP,6.0,6.0
TYRP1,22.0,24.0
TYSND1,37.0,29.0
TYW1,45.0,42.0
TYW1B,60.0,60.0
TYW2,56.0,57.0
TYW3,21.0,19.0
TYW5,42.0,51.0
U2AF1,39.0,30.0
U2AF1L4,27.0,27.0
U2AF2,42.0,38.0
U2SURP,83.0,82.0
UACA,203.0,190.0
UAP1,52.0,50.0
UAP1L1,51.0,50.0
UBA1,69.0,76.0
UBA2,43.0,43.0
UBA3,41.0,40.0
UBA5,32.0,35.0
UBA52,2.0,3.0
UBA6,127.0,125.0
UBA7,60.0,73.0
UBAC1,45.0,57.0
UBAC2,28.0,32.0
UBALD1,6.0,4.0
UBALD2,6.0,6.0
UBAP1,39.0,47.0
UBAP1L,30.0,23.0
UBAP2,36.0,33.0
UBAP2L,63.0,64.0
UBASH3A,92.0,88.0
UBASH3B,58.0,74.0
UBB,23.0,24.0
UBD,8.0,8.0
UBE2A,7.0,8.0
UBE2B,3.0,3.0
UBE2C,23.0,26.0
UBE2D1,10.0,9.0
UBE2D2,5.0,4.0
UBE2D3,8.0,9.0
UBE2D4,7.0,4.0
UBE2DNL,3.0,4.0
UBE2E1,15.0,16.0
UBE2E2,10.0,6.0
UBE2E3,7.0,7.0
UBE2F,11.0,9.0
UBE2G1,8.0,9.0
UBE2G2,10.0,10.0
UBE2H,10.0,7.0
UBE2I,13.0,12.0
UBE2J1,39.0,31.0
UBE2J2,26.0,20.0
UBE2K,28.0,32.0
UBE2L3,11.0,11.0
UBE2L5,3.0,6.0
UBE2L6,14.0,18.0
UBE2M,18.0,18.0
UBE2N,4.0,6.0
UBE2NL,13.0,14.0
UBE2O,123.0,123.0
UBE2Q1,28.0,31.0
UBE2Q2,36.0,39.0
UBE2QL1,18.0,24.0
UBE2R2,28.0,30.0
UBE2S,27.0,27.0
UBE2T,22.0,24.0
UBE2U,24.0,21.0
UBE2V1,24.0,20.0
UBE2V2,18.0,14.0
UBE2W,3.0,6.0
UBE2Z,31.0,35.0
UBE3A,108.0,114.0
UBE3B,96.0,101.0
UBE3C,104.0,120.0
UBE3D,47.0,41.0
UBE4A,101.0,93.0
UBE4B,128.0,135.0
UBFD1,32.0,37.0
UBIAD1,23.0,24.0
UBIML,4.0,5.0
UBL3,19.0,22.0
UBL4A,14.0,19.0
UBL4B,17.0,22.0
UBL5,8.0,9.0
UBL7,25.0,23.0
UBLCP1,23.0,28.0
UBN1,97.0,110.0
UBN2,137.0,137.0
UBOX5,78.0,84.0
UBP1,35.0,31.0
UBQLN1,19.0,19.0
UBQLN2,31.0,40.0
UBQLN3,41.0,43.0
UBQLN4,33.0,34.0
UBQLNL,27.0,28.0
UBR1,199.0,203.0
UBR2,168.0,172.0
UBR3,123.0,129.0
UBR4,455.0,475.0
UBR5,236.0,237.0
UBR7,40.0,41.0
UBTD1,26.0,22.0
UBTD2,10.0,8.0
UBTF,84.0,95.0
UBTFL1,33.0,27.0
UBTFL6,31.0,30.0
UBXN1,31.0,32.0
UBXN10,22.0,22.0
UBXN11,22.0,30.0
UBXN2A,32.0,32.0
UBXN2B,28.0,26.0
UBXN4,15.0,22.0
UBXN6,31.0,32.0
UBXN7,48.0,55.0
UBXN8,22.0,22.0
UCHL1,35.0,33.0
UCHL3,25.0,25.0
UCHL5,44.0,43.0
UCK1,23.0,23.0
UCK2,44.0,43.0
UCKL1,61.0,66.0
UCMA,16.0,15.0
UCN,8.0,6.0
UCN2,14.0,15.0
UCN3,20.0,21.0
UCP1,24.0,29.0
UCP2,36.0,35.0
UCP3,39.0,34.0
UEVLD,63.0,68.0
UFC1,17.0,18.0
UFD1,22.0,26.0
UFL1,111.0,115.0
UFSP1,14.0,13.0
UFSP2,45.0,45.0
UGCG,25.0,28.0
UGDH,55.0,57.0
UGGT1,114.0,109.0
UGGT2,171.0,182.0
UGP2,74.0,69.0
UGT1A1,19.0,16.0
UGT1A10,11.0,10.0
UGT1A3,16.0,22.0
UGT1A4,21.0,19.0
UGT1A5,13.0,20.0
UGT1A6,35.0,24.0
UGT1A7,14.0,21.0
UGT1A8,11.0,12.0
UGT1A9,35.0,42.0
UGT2A1,54.0,62.0
UGT2A2,31.0,33.0
UGT2A3,47.0,43.0
UGT2B10,18.0,19.0
UGT2B11,18.0,22.0
UGT2B15,20.0,21.0
UGT2B17,58.0,58.0
UGT2B28,39.0,42.0
UGT2B4,36.0,35.0
UGT2B7,33.0,25.0
UGT3A1,33.0,40.0
UGT3A2,68.0,59.0
UGT8,65.0,62.0
UHMK1,48.0,56.0
UHRF1,108.0,108.0
UHRF2,68.0,79.0
UIMC1,65.0,74.0
ULBP1,18.0,20.0
ULBP2,16.0,18.0
ULBP3,27.0,27.0
ULK1,88.0,84.0
ULK2,106.0,98.0
ULK3,75.0,72.0
ULK4,109.0,113.0
UMAD1,3.0,2.0
UMOD,53.0,59.0
UMODL1,79.0,86.0
UMODL1-AS1,20.0,15.0
UMPS,51.0,62.0
UNC119,23.0,25.0
UNC119B,38.0,39.0
UNC13A,131.0,132.0
UNC13B,170.0,160.0
UNC13C,226.0,256.0
UNC13D,83.0,86.0
UNC45A,106.0,108.0
UNC45B,156.0,155.0
UNC50,3.0,5.0
UNC5A,79.0,76.0
UNC5B,76.0,72.0
UNC5C,95.0,101.0
UNC5CL,34.0,36.0
UNC5D,67.0,64.0
UNC79,232.0,249.0
UNC80,331.0,322.0
UNC93A,4.0,5.0
UNC93B1,16.0,21.0
UNCX,18.0,19.0
UNG,40.0,41.0
UNK,65.0,73.0
UNKL,58.0,64.0
UNQ5815/PRO19632,5.0,6.0
UNQ5830/PRO19650/PRO19816,7.0,6.0
UNQ6126/PRO20091,6.0,7.0
UNQ6190/PRO20217,13.0,18.0
UNQ6493/PRO21345,5.0,4.0
UNQ6494/PRO21346,12.0,12.0
UNQ9165/PRO28630,10.0,10.0
UNQ9370/PRO34162,9.0,12.0
UPB1,47.0,40.0
UPF1,113.0,127.0
UPF2,131.0,137.0
UPF3A,54.0,50.0
UPF3B,50.0,48.0
UPK1A,11.0,12.0
UPK1B,9.0,10.0
UPK2,9.0,12.0
UPK3A,14.0,14.0
UPK3B,7.0,5.0
UPK3BL1,16.0,13.0
UPP1,54.0,53.0
UPP2,41.0,45.0
UPRT,28.0,26.0
UQCC1,38.0,45.0
UQCC2,22.0,24.0
UQCC3,8.0,7.0
UQCC4,22.0,20.0
UQCC5,7.0,10.0
UQCC6,17.0,17.0
UQCR10,5.0,7.0
UQCR11,1.0,1.0
UQCRB,20.0,16.0
UQCRC1,42.0,44.0
UQCRC2,42.0,55.0
UQCRFS1,21.0,24.0
UQCRFS1P1,10.0,14.0
UQCRH,5.0,6.0
UQCRHL,6.0,7.0
UQCRQ,17.0,17.0
URAD,29.0,28.0
URB1,180.0,180.0
URB1-AS1,6.0,5.0
URB2,146.0,150.0
URGCP,92.0,83.0
URI1,57.0,51.0
URM1,10.0,10.0
UROC1,44.0,48.0
UROD,15.0,15.0
UROS,33.0,20.0
USB1,14.0,15.0
USE1,29.0,31.0
USF1,21.0,20.0
USF2,27.0,24.0
USF3,119.0,131.0
USH1C,64.0,73.0
USH1G,18.0,22.0
USH2A,385.0,422.0
USHBP1,47.0,57.0
USO1,99.0,84.0
USP1,122.0,120.0
USP10,64.0,64.0
USP11,97.0,82.0
USP12,21.0,27.0
USP13,57.0,58.0
USP14,36.0,30.0
USP15,117.0,130.0
USP16,68.0,78.0
USP17L1,7.0,7.0
USP17L10,25.0,25.0
USP17L12,3.0,5.0
USP17L13,14.0,19.0
USP17L15,8.0,9.0
USP17L2,35.0,40.0
USP17L23,7.0,4.0
USP17L24,52.0,55.0
USP17L3,20.0,28.0
USP17L4,11.0,9.0
USP17L7,45.0,47.0
USP17L8,10.0,12.0
USP18,29.0,36.0
USP19,111.0,123.0
USP2,76.0,68.0
USP20,85.0,86.0
USP21,62.0,70.0
USP22,16.0,14.0
USP24,246.0,257.0
USP25,159.0,154.0
USP26,130.0,139.0
USP27X,42.0,39.0
USP28,109.0,116.0
USP29,119.0,125.0
USP3,61.0,66.0
USP30,57.0,57.0
USP31,156.0,162.0
USP32,106.0,111.0
USP33,77.0,79.0
USP34,334.0,372.0
USP35,126.0,118.0
USP36,145.0,140.0
USP37,119.0,135.0
USP38,101.0,104.0
USP39,70.0,68.0
USP4,100.0,111.0
USP40,120.0,126.0
USP42,90.0,86.0
USP43,104.0,110.0
USP44,58.0,62.0
USP45,74.0,79.0
USP46,23.0,24.0
USP47,153.0,143.0
USP48,117.0,137.0
USP49,88.0,81.0
USP5,70.0,65.0
USP50,12.0,13.0
USP51,51.0,48.0
USP53,114.0,97.0
USP54,195.0,214.0
USP6,106.0,116.0
USP6NL,108.0,107.0
USP7,130.0,142.0
USP8,106.0,96.0
USP9X,154.0,153.0
USP9Y,246.0,278.0
USPL1,79.0,73.0
UST,51.0,56.0
UTF1,33.0,31.0
UTP11,27.0,30.0
UTP14A,64.0,59.0
UTP14C,99.0,95.0
UTP15,57.0,56.0
UTP18,53.0,59.0
UTP20,320.0,335.0
UTP23,28.0,31.0
UTP25,103.0,102.0
UTP3,40.0,48.0
UTP4,52.0,59.0
UTP6,105.0,102.0
UTRN,437.0,474.0
UTS2,14.0,23.0
UTS2B,24.0,20.0
UTS2R,16.0,14.0
UTY,124.0,127.0
UVRAG,77.0,82.0
UVSSA,108.0,94.0
UXS1,32.0,36.0
UXT,20.0,18.0
VAC14,82.0,80.0
VAMP1,4.0,3.0
VAMP2,8.0,11.0
VAMP3,2.0,5.0
VAMP4,13.0,13.0
VAMP5,16.0,18.0
VAMP7,12.0,19.0
VAMP8,21.0,24.0
VANGL1,59.0,53.0
VANGL2,66.0,69.0
VAPA,21.0,24.0
VAPB,36.0,27.0
VARS1,121.0,125.0
VARS2,93.0,98.0
VASH1,31.0,33.0
VASH2,29.0,28.0
VASN,31.0,32.0
VASP,52.0,49.0
VAT1,38.0,38.0
VAT1L,45.0,43.0
VAV1,112.0,116.0
VAV2,87.0,93.0
VAV3,117.0,118.0
VAX1,25.0,26.0
VAX2,9.0,3.0
VBP1,27.0,23.0
VBPC1,7.0,8.0
VCAM1,99.0,106.0
VCAN,233.0,230.0
VCF1,12.0,8.0
VCF2,5.0,6.0
VCL,154.0,175.0
VCP,89.0,87.0
VCPIP1,158.0,163.0
VCPKMT,21.0,23.0
VCX,3.0,2.0
VDAC1,38.0,35.0
VDAC2,23.0,34.0
VDAC3,28.0,32.0
VDR,53.0,62.0
VEGFA,35.0,32.0
VEGFB,7.0,9.0
VEGFC,52.0,50.0
VEGFD,51.0,45.0
VENTX,21.0,24.0
VENTXP1,2.0,2.0
VEPH1,98.0,108.0
VEZF1,45.0,51.0
VEZT,68.0,65.0
VGF,80.0,93.0
VGLL1,17.0,19.0
VGLL2,19.0,15.0
VGLL3,8.0,14.0
VGLL4,45.0,45.0
VHL,15.0,13.0
VHLL,15.0,10.0
VIL1,89.0,91.0
VILL,88.0,94.0
VIM,61.0,64.0
VIP,17.0,19.0
VIPAS39,63.0,62.0
VIPR1,20.0,20.0
VIPR2,22.0,26.0
VIRMA,137.0,144.0
VIT,102.0,94.0
VKORC1,6.0,9.0
VKORC1L1,15.0,9.0
VLDLR,94.0,108.0
VMA12,19.0,22.0
VMA21,10.0,10.0
VMA22,11.0,13.0
VMAC,21.0,25.0
VMO1,24.0,23.0
VMP1,20.0,20.0
VN1R1,21.0,20.0
VN1R17P,2.0,1.0
VN1R2,16.0,17.0
VN1R3,15.0,14.0
VN1R4,24.0,26.0
VN1R5,12.0,10.0
VNN1,43.0,43.0
VNN2,37.0,36.0
VOPP1,12.0,12.0
VPREB1,5.0,3.0
VPREB3,3.0,3.0
VPS11,85.0,88.0
VPS13A,307.0,318.0
VPS13B,384.0,397.0
VPS13C,344.0,369.0
VPS13D,452.0,482.0
VPS16,99.0,108.0
VPS18,74.0,83.0
VPS25,33.0,41.0
VPS26A,35.0,34.0
VPS26B,45.0,44.0
VPS26C,20.0,20.0
VPS28,35.0,35.0
VPS29,17.0,15.0
VPS33A,57.0,57.0
VPS33B,82.0,85.0
VPS35,77.0,86.0
VPS35L,129.0,141.0
VPS36,58.0,65.0
VPS37A,27.0,32.0
VPS37B,14.0,14.0
VPS37C,24.0,17.0
VPS37D,19.0,16.0
VPS39,100.0,103.0
VPS41,106.0,119.0
VPS45,78.0,83.0
VPS4A,53.0,49.0
VPS4B,59.0,59.0
VPS50,115.0,116.0
VPS51,70.0,70.0
VPS52,57.0,63.0
VPS53,80.0,77.0
VPS54,107.0,126.0
VPS72,22.0,20.0
VPS8,200.0,200.0
VPS9D1,63.0,66.0
VRK1,33.0,38.0
VRK2,33.0,33.0
VRK3,51.0,53.0
VRTN,62.0,69.0
VSIG1,12.0,13.0
VSIG10,16.0,16.0
VSIG10L,75.0,76.0
VSIG10L2,36.0,39.0
VSIG2,24.0,16.0
VSIG4,46.0,45.0
VSIG8,18.0,22.0
VSIR,14.0,21.0
VSNL1,30.0,21.0
VSTM1,25.0,15.0
VSTM2A,27.0,28.0
VSTM2B,27.0,30.0
VSTM2L,15.0,14.0
VSTM4,34.0,37.0
VSTM5,8.0,8.0
VSX1,44.0,47.0
VSX2,35.0,34.0
VTA1,19.0,16.0
VTCN1,23.0,22.0
VTI1A,5.0,7.0
VTI1B,29.0,35.0
VTN,36.0,31.0
VWA1,28.0,31.0
VWA2,69.0,61.0
VWA3A,141.0,143.0
VWA3B,146.0,136.0
VWA5A,61.0,66.0
VWA5B1,102.0,106.0
VWA5B2,63.0,67.0
VWA7,35.0,42.0
VWA8,250.0,267.0
VWC2,23.0,22.0
VWC2L,11.0,14.0
VWCE,56.0,55.0
VWDE,109.0,121.0
VWF,233.0,259.0
VXN,12.0,12.0
WAC,46.0,52.0
WAPL,134.0,135.0
WARS1,43.0,50.0
WARS2,25.0,33.0
WAS,30.0,29.0
WASF1,38.0,46.0
WASF2,25.0,26.0
WASF3,42.0,40.0
WASH3P,13.0,15.0
WASH4P,18.0,17.0
WASH6P,5.0,3.0
WASHC1,47.0,45.0
WASHC2A,109.0,112.0
WASHC2C,21.0,22.0
WASHC3,15.0,16.0
WASHC4,128.0,123.0
WASHC5,144.0,135.0
WASL,52.0,57.0
WBP1,7.0,5.0
WBP11,58.0,47.0
WBP1L,18.0,22.0
WBP2,20.0,17.0
WBP2NL,13.0,16.0
WBP4,30.0,37.0
WDCP,61.0,68.0
WDFY1,38.0,42.0
WDFY2,42.0,50.0
WDFY3,309.0,332.0
WDFY4,268.0,272.0
WDHD1,144.0,170.0
WDPCP,78.0,82.0
WDR1,60.0,61.0
WDR11,96.0,102.0
WDR12,32.0,41.0
WDR13,56.0,58.0
WDR17,106.0,120.0
WDR18,34.0,33.0
WDR19,199.0,202.0
WDR20,26.0,38.0
WDR24,70.0,79.0
WDR25,60.0,68.0
WDR26,79.0,80.0
WDR27,46.0,45.0
WDR3,87.0,92.0
WDR31,49.0,48.0
WDR33,104.0,109.0
WDR35,172.0,176.0
WDR36,85.0,82.0
WDR37,44.0,44.0
WDR38,28.0,28.0
WDR4,30.0,26.0
WDR41,47.0,45.0
WDR43,65.0,70.0
WDR44,119.0,120.0
WDR45,42.0,30.0
WDR45B,43.0,53.0
WDR46,40.0,47.0
WDR47,100.0,109.0
WDR48,78.0,75.0
WDR5,33.0,32.0
WDR53,17.0,20.0
WDR54,19.0,25.0
WDR55,30.0,34.0
WDR59,105.0,115.0
WDR5B,23.0,23.0
WDR6,65.0,69.0
WDR62,171.0,183.0
WDR64,140.0,131.0
WDR7,139.0,152.0
WDR70,76.0,78.0
WDR72,104.0,104.0
WDR73,22.0,23.0
WDR74,57.0,63.0
WDR75,97.0,112.0
WDR76,93.0,103.0
WDR77,20.0,22.0
WDR81,150.0,146.0
WDR82,33.0,34.0
WDR83,39.0,43.0
WDR83OS,5.0,8.0
WDR86,56.0,46.0
WDR87,308.0,324.0
WDR88,45.0,47.0
WDR89,33.0,29.0
WDR90,121.0,123.0
WDR91,59.0,68.0
WDR93,47.0,43.0
WDR97,108.0,121.0
WDSUB1,32.0,34.0
WDTC1,60.0,66.0
WEE1,58.0,50.0
WEE2,70.0,66.0
WFDC1,24.0,19.0
WFDC10A,10.0,10.0
WFDC10B,10.0,10.0
WFDC11,10.0,8.0
WFDC12,20.0,24.0
WFDC13,6.0,4.0
WFDC2,5.0,4.0
WFDC3,37.0,38.0
WFDC5,19.0,17.0
WFDC6,5.0,8.0
WFDC8,43.0,40.0
WFDC9,6.0,8.0
WFIKKN1,45.0,43.0
WFIKKN2,38.0,30.0
WFS1,81.0,79.0
WHAMM,57.0,70.0
WHAMMP3,15.0,10.0
WHR1,24.0,25.0
WHRN,75.0,93.0
WIF1,31.0,41.0
WIPF1,39.0,47.0
WIPF2,62.0,64.0
WIPF3,40.0,40.0
WIPI1,33.0,31.0
WIPI2,38.0,42.0
WIZ,147.0,156.0
WLS,32.0,28.0
WNK1,88.0,98.0
WNK2,149.0,165.0
WNK3,140.0,153.0
WNK4,85.0,89.0
WNT1,48.0,43.0
WNT10A,27.0,21.0
WNT10B,44.0,49.0
WNT11,38.0,37.0
WNT16,31.0,35.0
WNT2,37.0,35.0
WNT2B,43.0,47.0
WNT3,34.0,41.0
WNT3A,13.0,16.0
WNT4,42.0,37.0
WNT5A,55.0,48.0
WNT5B,32.0,26.0
WNT6,28.0,28.0
WNT7A,50.0,48.0
WNT7B,53.0,61.0
WNT8A,34.0,33.0
WNT8B,33.0,32.0
WNT9A,28.0,36.0
WNT9B,31.0,33.0
WRAP53,24.0,23.0
WRAP73,41.0,44.0
WRN,195.0,186.0
WRNIP1,74.0,68.0
WSB1,40.0,34.0
WSB2,21.0,24.0
WSCD1,74.0,74.0
WSCD2,81.0,77.0
WT1,18.0,25.0
WT1-AS,6.0,7.0
WTAP,35.0,31.0
WTIP,36.0,43.0
WWC1,105.0,104.0
WWC2,134.0,133.0
WWC2-AS2,23.0,28.0
WWC3,159.0,166.0
WWOX,68.0,68.0
WWP1,66.0,73.0
WWP2,87.0,83.0
WWTR1,18.0,21.0
XAB2,111.0,110.0
XAF1,41.0,47.0
XAGE1A,4.0,3.0
XAGE2,7.0,10.0
XAGE3,10.0,9.0
XAGE5,5.0,4.0
XBP1,23.0,23.0
XCL1,12.0,14.0
XCR1,5.0,5.0
XDH,82.0,90.0
XG,13.0,15.0
XIAP,92.0,101.0
XIRP1,205.0,210.0
XIRP2,500.0,538.0
XK,31.0,32.0
XKR3,24.0,23.0
XKR4,25.0,25.0
XKR5,43.0,41.0
XKR6,20.0,19.0
XKR7,35.0,41.0
XKR8,18.0,17.0
XKR9,20.0,19.0
XKRX,33.0,34.0
XKRY,4.0,3.0
XNDC1N,19.0,24.0
XPA,27.0,25.0
XPC,75.0,86.0
XPNPEP1,82.0,92.0
XPNPEP2,49.0,56.0
XPNPEP3,50.0,48.0
XPO1,105.0,115.0
XPO4,108.0,116.0
XPO5,91.0,101.0
XPO6,105.0,109.0
XPO7,99.0,103.0
XPOT,82.0,80.0
XPR1,59.0,59.0
XRCC1,64.0,70.0
XRCC2,39.0,43.0
XRCC3,55.0,64.0
XRCC4,45.0,54.0
XRCC5,71.0,71.0
XRCC6,106.0,110.0
XRN1,190.0,180.0
XRN2,65.0,73.0
XRRA1,72.0,68.0
XXYLT1,57.0,61.0
XYLB,35.0,33.0
XYLT1,81.0,84.0
XYLT2,48.0,54.0
YA034,25.0,25.0
YAE1,36.0,35.0
YAF2,15.0,15.0
YAP1,26.0,19.0
YARS1,90.0,88.0
YARS2,29.0,32.0
YB035,11.0,12.0
YB043,3.0,2.0
YB049,8.0,13.0
YB057,42.0,43.0
YBEY,11.0,12.0
YBX1,17.0,16.0
YBX2,27.0,29.0
YBX3,22.0,20.0
YC006,79.0,81.0
YD018,11.0,9.0
YD019,11.0,12.0
YD021,73.0,72.0
YD022,17.0,16.0
YD023,33.0,27.0
YDJC,29.0,29.0
YE027,10.0,11.0
YEATS2,141.0,145.0
YEATS4,54.0,44.0
YES1,34.0,28.0
YF001,14.0,14.0
YF006,30.0,26.0
YF009,9.0,8.0
YF010,5.0,4.0
YF013,22.0,25.0
YF016,48.0,46.0
YG006,18.0,18.0
YG018,10.0,7.0
YG024,15.0,14.0
YG039,5.0,3.0
YG045,5.0,6.0
YG046,10.0,8.0
YH007,61.0,55.0
YH009,5.0,8.0
YI001,9.0,11.0
YI018,24.0,30.0
YI023,17.0,19.0
YI024,26.0,22.0
YI025,10.0,8.0
YI029,6.0,5.0
YIF1A,18.0,14.0
YIF1B,17.0,17.0
YIPF1,1.0,2.0
YIPF3,27.0,25.0
YIPF4,9.0,11.0
YIPF5,7.0,3.0
YIPF6,1.0,
YIPF7,3.0,3.0
YJ004,4.0,5.0
YJ005,26.0,26.0
YJ006,11.0,11.0
YJ012,15.0,10.0
YJ013,17.0,18.0
YJ016,37.0,34.0
YJ018,4.0,1.0
YJEFN3,32.0,39.0
YJU2,37.0,35.0
YJU2B,65.0,64.0
YK004,13.0,14.0
YK016,16.0,16.0
YK022,10.0,12.0
YK026,31.0,29.0
YK032,15.0,14.0
YK033,26.0,27.0
YK038,27.0,30.0
YK041,85.0,84.0
YK042,2.0,5.0
YK045,4.0,3.0
YKT6,25.0,27.0
YL004,21.0,20.0
YL014,15.0,17.0
YL016,18.0,24.0
YLPM1,173.0,185.0
YM006,18.0,17.0
YM012,27.0,25.0
YM017,21.0,24.0
YME1L1,86.0,99.0
YN009,6.0,9.0
YO007,16.0,21.0
YO011,19.0,18.0
YO026,23.0,21.0
YO027,7.0,9.0
YO028,6.0,6.0
YOD1,39.0,36.0
YP007,21.0,22.0
YP010,38.0,37.0
YP015,73.0,79.0
YP021,8.0,9.0
YP023,14.0,14.0
YP029,16.0,18.0
YP033,8.0,8.0
YPEL1,4.0,8.0
YPEL2,12.0,15.0
YPEL3,24.0,24.0
YPEL4,13.0,14.0
YPEL5,2.0,5.0
YQ015,21.0,17.0
YQ032,12.0,16.0
YQ037,28.0,27.0
YQ047,5.0,4.0
YQ048,3.0,7.0
YQ050,20.0,22.0
YRDC,29.0,32.0
YS014,14.0,20.0
YS025,14.0,17.0
YS039,4.0,8.0
YS043,19.0,21.0
YS045,5.0,3.0
YT009,18.0,18.0
YT011,12.0,15.0
YT014,15.0,14.0
YTHDC1,52.0,54.0
YTHDC2,176.0,171.0
YTHDF1,32.0,28.0
YTHDF2,36.0,35.0
YTHDF3,37.0,40.0
YU004,6.0,10.0
YU005,6.0,7.0
YU008,19.0,21.0
YV004,6.0,4.0
YV006,9.0,13.0
YV007,2.0,4.0
YV008,20.0,20.0
YV018,6.0,6.0
YV023,20.0,18.0
YWHAB,24.0,31.0
YWHAE,41.0,37.0
YWHAG,16.0,19.0
YWHAH,26.0,27.0
YWHAH-AS1,6.0,6.0
YWHAQ,27.0,26.0
YWHAZ,22.0,24.0
YX002,12.0,16.0
YX004,8.0,9.0
YY1,29.0,33.0
YY1AP1,39.0,41.0
YY2,33.0,35.0
ZACN,40.0,40.0
ZAN,198.0,186.0
ZAP70,81.0,65.0
ZAR1,59.0,64.0
ZAR1L,32.0,37.0
ZBBX,104.0,108.0
ZBED1,71.0,76.0
ZBED10P,35.0,37.0
ZBED2,26.0,24.0
ZBED3,23.0,26.0
ZBED4,119.0,129.0
ZBED5,76.0,72.0
ZBED6,59.0,60.0
ZBP1,30.0,33.0
ZBTB1,84.0,94.0
ZBTB10,72.0,67.0
ZBTB11,143.0,142.0
ZBTB12,56.0,54.0
ZBTB14,73.0,71.0
ZBTB16,75.0,84.0
ZBTB17,62.0,67.0
ZBTB18,53.0,56.0
ZBTB2,38.0,47.0
ZBTB20,58.0,63.0
ZBTB21,113.0,119.0
ZBTB22,19.0,20.0
ZBTB24,89.0,87.0
ZBTB25,25.0,24.0
ZBTB26,52.0,50.0
ZBTB3,22.0,23.0
ZBTB32,41.0,37.0
ZBTB33,47.0,52.0
ZBTB34,47.0,42.0
ZBTB37,42.0,51.0
ZBTB38,136.0,139.0
ZBTB39,83.0,77.0
ZBTB4,79.0,87.0
ZBTB40,160.0,155.0
ZBTB41,119.0,114.0
ZBTB42,37.0,40.0
ZBTB43,33.0,35.0
ZBTB44,54.0,56.0
ZBTB45,55.0,53.0
ZBTB46,58.0,58.0
ZBTB47,83.0,86.0
ZBTB48,78.0,76.0
ZBTB49,89.0,95.0
ZBTB5,40.0,41.0
ZBTB6,43.0,51.0
ZBTB7A,42.0,40.0
ZBTB7B,18.0,21.0
ZBTB7C,43.0,40.0
ZBTB8A,55.0,57.0
ZBTB8B,51.0,43.0
ZBTB8OS,25.0,22.0
ZBTB9,43.0,49.0
ZC2HC1A,43.0,42.0
ZC2HC1B,13.0,17.0
ZC2HC1C,56.0,60.0
ZC3H10,31.0,35.0
ZC3H11A,112.0,112.0
ZC3H11B,67.0,69.0
ZC3H11C,5.0,7.0
ZC3H12A,53.0,58.0
ZC3H12B,99.0,102.0
ZC3H12C,112.0,116.0
ZC3H12D,70.0,72.0
ZC3H13,169.0,158.0
ZC3H14,100.0,96.0
ZC3H15,41.0,48.0
ZC3H18,87.0,82.0
ZC3H3,119.0,133.0
ZC3H4,118.0,132.0
ZC3H6,101.0,108.0
ZC3H7A,100.0,104.0
ZC3H7B,124.0,131.0
ZC3H8,40.0,48.0
ZC3HAV1,123.0,130.0
ZC3HAV1L,25.0,23.0
ZC3HC1,56.0,57.0
ZC4H2,46.0,51.0
ZCCHC10,12.0,10.0
ZCCHC12,76.0,73.0
ZCCHC13,23.0,23.0
ZCCHC14,54.0,59.0
ZCCHC17,20.0,20.0
ZCCHC18,44.0,40.0
ZCCHC2,75.0,76.0
ZCCHC24,25.0,22.0
ZCCHC3,67.0,64.0
ZCCHC4,53.0,58.0
ZCCHC7,40.0,41.0
ZCCHC8,56.0,56.0
ZCCHC9,25.0,35.0
ZCRB1,21.0,18.0
ZCWPW1,48.0,56.0
ZCWPW2,34.0,44.0
ZDBF2,242.0,232.0
ZDHHC1,36.0,30.0
ZDHHC11,30.0,39.0
ZDHHC11B,10.0,10.0
ZDHHC12,13.0,12.0
ZDHHC13,66.0,66.0
ZDHHC14,42.0,47.0
ZDHHC15,19.0,19.0
ZDHHC16,18.0,14.0
ZDHHC17,58.0,53.0
ZDHHC18,26.0,31.0
ZDHHC19,20.0,17.0
ZDHHC2,23.0,32.0
ZDHHC20,26.0,28.0
ZDHHC21,26.0,28.0
ZDHHC22,13.0,13.0
ZDHHC23,19.0,23.0
ZDHHC24,9.0,10.0
ZDHHC3,14.0,15.0
ZDHHC4,26.0,24.0
ZDHHC5,61.0,62.0
ZDHHC6,32.0,30.0
ZDHHC7,18.0,20.0
ZDHHC8,45.0,52.0
ZDHHC9,16.0,24.0
ZEB1,62.0,59.0
ZEB2,103.0,109.0
ZER1,90.0,91.0
ZFAND1,38.0,37.0
ZFAND2A,20.0,28.0
ZFAND2B,9.0,9.0
ZFAND3,22.0,18.0
ZFAND4,55.0,51.0
ZFAND5,22.0,19.0
ZFAND6,13.0,14.0
ZFAT,147.0,133.0
ZFC3H1,197.0,205.0
ZFHX2,190.0,207.0
ZFHX3,283.0,304.0
ZFHX4,242.0,258.0
ZFP1,72.0,67.0
ZFP14,45.0,47.0
ZFP2,94.0,87.0
ZFP28,134.0,141.0
ZFP3,66.0,72.0
ZFP30,50.0,51.0
ZFP36,18.0,20.0
ZFP36L1,30.0,29.0
ZFP36L2,34.0,41.0
ZFP37,71.0,65.0
ZFP41,14.0,17.0
ZFP42,17.0,17.0
ZFP57,65.0,66.0
ZFP62,117.0,110.0
ZFP64,75.0,75.0
ZFP69,65.0,69.0
ZFP69B,62.0,55.0
ZFP82,47.0,39.0
ZFP90,93.0,87.0
ZFP91,58.0,60.0
ZFP92,65.0,63.0
ZFPL1,24.0,28.0
ZFPM1,85.0,98.0
ZFPM2,144.0,149.0
ZFR,101.0,106.0
ZFR2,77.0,85.0
ZFTA,60.0,59.0
ZFTRAF1,50.0,50.0
ZFX,21.0,13.0
ZFY,54.0,53.0
ZFYVE1,75.0,71.0
ZFYVE16,104.0,107.0
ZFYVE19,63.0,67.0
ZFYVE21,20.0,25.0
ZFYVE26,230.0,222.0
ZFYVE27,28.0,28.0
ZFYVE28,64.0,64.0
ZFYVE9,131.0,128.0
ZG16,21.0,16.0
ZG16B,3.0,3.0
ZGLP1,19.0,23.0
ZGPAT,48.0,59.0
ZGRF1,257.0,271.0
ZHX1,78.0,77.0
ZHX1-C8orf76,36.0,34.0
ZHX2,69.0,72.0
ZHX3,73.0,78.0
ZIC1,10.0,11.0
ZIC2,20.0,18.0
ZIC3,15.0,18.0
ZIC4,17.0,19.0
ZIC5,8.0,10.0
ZIK1,65.0,76.0
ZIM2,66.0,63.0
ZIM3,57.0,61.0
ZKSCAN1,63.0,58.0
ZKSCAN2,93.0,92.0
ZKSCAN3,75.0,76.0
ZKSCAN4,77.0,73.0
ZKSCAN5,89.0,98.0
ZKSCAN7,81.0,72.0
ZKSCAN8,80.0,88.0
ZMAT1,67.0,62.0
ZMAT2,8.0,8.0
ZMAT3,22.0,23.0
ZMAT4,36.0,37.0
ZMAT5,22.0,24.0
ZMIZ1,37.0,48.0
ZMIZ2,25.0,31.0
ZMPSTE24,41.0,43.0
ZMYM1,159.0,165.0
ZMYM2,148.0,153.0
ZMYM3,122.0,115.0
ZMYM4,133.0,132.0
ZMYM5,83.0,80.0
ZMYM6,151.0,161.0
ZMYND10,36.0,34.0
ZMYND11,48.0,48.0
ZMYND12,45.0,55.0
ZMYND15,46.0,46.0
ZMYND19,23.0,34.0
ZMYND8,126.0,113.0
ZNF10,83.0,77.0
ZNF100,60.0,60.0
ZNF101,47.0,51.0
ZNF106,230.0,225.0
ZNF107,77.0,78.0
ZNF112,128.0,127.0
ZNF114,52.0,58.0
ZNF117,49.0,44.0
ZNF12,115.0,121.0
ZNF121,18.0,16.0
ZNF124,38.0,33.0
ZNF131,68.0,68.0
ZNF132,114.0,110.0
ZNF133,83.0,86.0
ZNF134,54.0,55.0
ZNF135,102.0,97.0
ZNF136,68.0,74.0
ZNF137P,31.0,26.0
ZNF138,22.0,22.0
ZNF14,80.0,84.0
ZNF140,74.0,83.0
ZNF141,25.0,28.0
ZNF142,158.0,170.0
ZNF143,35.0,32.0
ZNF146,68.0,64.0
ZNF148,55.0,66.0
ZNF154,61.0,67.0
ZNF155,66.0,62.0
ZNF157,61.0,63.0
ZNF16,89.0,87.0
ZNF160,78.0,76.0
ZNF165,52.0,63.0
ZNF169,82.0,89.0
ZNF17,96.0,96.0
ZNF174,72.0,70.0
ZNF175,137.0,145.0
ZNF177,73.0,73.0
ZNF18,34.0,33.0
ZNF180,113.0,121.0
ZNF181,68.0,69.0
ZNF182,100.0,106.0
ZNF184,93.0,89.0
ZNF185,76.0,94.0
ZNF189,107.0,112.0
ZNF19,62.0,60.0
ZNF195,103.0,107.0
ZNF197,145.0,149.0
ZNF2,63.0,67.0
ZNF20,47.0,48.0
ZNF200,39.0,41.0
ZNF202,64.0,74.0
ZNF205,76.0,72.0
ZNF207,33.0,38.0
ZNF208,105.0,124.0
ZNF211,88.0,102.0
ZNF212,51.0,45.0
ZNF213,47.0,42.0
ZNF214,55.0,57.0
ZNF215,47.0,48.0
ZNF217,130.0,132.0
ZNF219,55.0,58.0
ZNF22,47.0,38.0
ZNF22-AS1,8.0,9.0
ZNF221,88.0,77.0
ZNF222,34.0,36.0
ZNF223,47.0,45.0
ZNF224,78.0,77.0
ZNF225,73.0,74.0
ZNF226,97.0,96.0
ZNF227,104.0,102.0
ZNF229,124.0,145.0
ZNF23,69.0,63.0
ZNF230,40.0,38.0
ZNF232,72.0,61.0
ZNF233,109.0,113.0
ZNF234,103.0,103.0
ZNF235,102.0,93.0
ZNF236,106.0,104.0
ZNF239,82.0,91.0
ZNF24,47.0,44.0
ZNF248,83.0,82.0
ZNF25,50.0,51.0
ZNF250,102.0,100.0
ZNF251,112.0,114.0
ZNF252P-AS1,18.0,19.0
ZNF253,39.0,38.0
ZNF254,62.0,61.0
ZNF256,95.0,103.0
ZNF257,48.0,43.0
ZNF26,103.0,107.0
ZNF260,52.0,51.0
ZNF263,80.0,82.0
ZNF264,95.0,88.0
ZNF266,86.0,88.0
ZNF267,133.0,127.0
ZNF268,211.0,215.0
ZNF273,60.0,63.0
ZNF274,51.0,54.0
ZNF275,59.0,62.0
ZNF276,56.0,55.0
ZNF277,39.0,35.0
ZNF28,87.0,97.0
ZNF280A,56.0,63.0
ZNF280B,41.0,43.0
ZNF280C,89.0,93.0
ZNF280D,107.0,102.0
ZNF281,60.0,68.0
ZNF282,62.0,66.0
ZNF283,63.0,66.0
ZNF284,76.0,65.0
ZNF285,88.0,90.0
ZNF286A,109.0,98.0
ZNF286B,12.0,14.0
ZNF287,93.0,82.0
ZNF292,257.0,269.0
ZNF295-AS1,22.0,21.0
ZNF296,40.0,48.0
ZNF3,74.0,73.0
ZNF30,87.0,89.0
ZNF300,108.0,111.0
ZNF302,64.0,76.0
ZNF304,93.0,86.0
ZNF311,53.0,52.0
ZNF316,77.0,69.0
ZNF317,72.0,74.0
ZNF318,259.0,276.0
ZNF319,46.0,48.0
ZNF32,42.0,43.0
ZNF320,41.0,41.0
ZNF321P,30.0,29.0
ZNF322,55.0,48.0
ZNF324,59.0,59.0
ZNF324B,55.0,62.0
ZNF326,70.0,68.0
ZNF329,67.0,82.0
ZNF330,22.0,22.0
ZNF331,55.0,46.0
ZNF333,79.0,91.0
ZNF334,86.0,84.0
ZNF335,75.0,84.0
ZNF337,109.0,98.0
ZNF33A,142.0,139.0
ZNF33B,63.0,53.0
ZNF34,66.0,73.0
ZNF341,46.0,42.0
ZNF343,82.0,74.0
ZNF345,83.0,85.0
ZNF346,35.0,44.0
ZNF347,90.0,93.0
ZNF35,119.0,105.0
ZNF350,64.0,71.0
ZNF354A,80.0,74.0
ZNF354B,73.0,72.0
ZNF354C,72.0,78.0
ZNF355P,40.0,41.0
ZNF358,44.0,47.0
ZNF362,45.0,47.0
ZNF365,96.0,88.0
ZNF366,89.0,97.0
ZNF367,37.0,30.0
ZNF37A,93.0,95.0
ZNF382,101.0,97.0
ZNF383,73.0,78.0
ZNF384,41.0,52.0
ZNF385A,40.0,33.0
ZNF385B,28.0,35.0
ZNF385C,27.0,26.0
ZNF385D,20.0,22.0
ZNF391,29.0,37.0
ZNF394,68.0,76.0
ZNF395,19.0,19.0
ZNF396,30.0,39.0
ZNF397,90.0,85.0
ZNF398,42.0,51.0
ZNF404,65.0,59.0
ZNF407,204.0,215.0
ZNF408,70.0,76.0
ZNF41,118.0,127.0
ZNF410,58.0,60.0
ZNF414,14.0,18.0
ZNF415,62.0,63.0
ZNF416,87.0,79.0
ZNF417,54.0,64.0
ZNF418,79.0,65.0
ZNF419,44.0,43.0
ZNF420,81.0,83.0
ZNF423,94.0,105.0
ZNF425,131.0,118.0
ZNF426,84.0,93.0
ZNF428,7.0,10.0
ZNF429,48.0,52.0
ZNF43,72.0,75.0
ZNF430,37.0,43.0
ZNF431,41.0,46.0
ZNF432,153.0,160.0
ZNF433,80.0,89.0
ZNF436,57.0,55.0
ZNF436-AS1,21.0,23.0
ZNF438,70.0,67.0
ZNF439,44.0,54.0
ZNF44,64.0,70.0
ZNF440,73.0,71.0
ZNF441,68.0,57.0
ZNF442,74.0,74.0
ZNF443,112.0,102.0
ZNF444,17.0,19.0
ZNF445,95.0,110.0
ZNF446,32.0,31.0
ZNF449,31.0,26.0
ZNF45,119.0,131.0
ZNF451,125.0,137.0
ZNF454,58.0,53.0
ZNF460,49.0,48.0
ZNF461,64.0,70.0
ZNF462,256.0,270.0
ZNF467,60.0,69.0
ZNF468,48.0,39.0
ZNF469,308.0,318.0
ZNF470,119.0,132.0
ZNF471,82.0,77.0
ZNF473,111.0,116.0
ZNF474,25.0,20.0
ZNF475,8.0,7.0
ZNF479,75.0,72.0
ZNF48,72.0,63.0
ZNF480,43.0,47.0
ZNF483,90.0,76.0
ZNF484,102.0,99.0
ZNF485,28.0,37.0
ZNF486,45.0,51.0
ZNF487,20.0,22.0
ZNF488,39.0,41.0
ZNF490,65.0,61.0
ZNF491,37.0,46.0
ZNF492,16.0,20.0
ZNF493,55.0,47.0
ZNF496,47.0,49.0
ZNF497,77.0,70.0
ZNF500,54.0,51.0
ZNF501,50.0,51.0
ZNF502,92.0,91.0
ZNF503,27.0,32.0
ZNF503-AS2,19.0,18.0
ZNF506,36.0,46.0
ZNF507,108.0,116.0
ZNF510,82.0,91.0
ZNF511,28.0,31.0
ZNF512,60.0,64.0
ZNF512B,88.0,87.0
ZNF513,65.0,67.0
ZNF514,72.0,69.0
ZNF516,150.0,157.0
ZNF516-DT,5.0,6.0
ZNF517,42.0,39.0
ZNF518A,169.0,172.0
ZNF518B,120.0,125.0
ZNF519,35.0,42.0
ZNF521,117.0,115.0
ZNF524,18.0,19.0
ZNF525,47.0,54.0
ZNF526,50.0,44.0
ZNF527,80.0,77.0
ZNF528,54.0,58.0
ZNF529,45.0,49.0
ZNF530,86.0,85.0
ZNF532,167.0,168.0
ZNF534,65.0,67.0
ZNF536,107.0,108.0
ZNF540,79.0,71.0
ZNF541,139.0,133.0
ZNF542P,18.0,20.0
ZNF543,50.0,62.0
ZNF544,125.0,117.0
ZNF546,69.0,74.0
ZNF547,32.0,40.0
ZNF548,60.0,68.0
ZNF549,109.0,105.0
ZNF550,73.0,83.0
ZNF551,83.0,86.0
ZNF552,69.0,63.0
ZNF554,55.0,58.0
ZNF555,77.0,88.0
ZNF556,64.0,69.0
ZNF557,52.0,65.0
ZNF558,53.0,67.0
ZNF559,65.0,65.0
ZNF560,94.0,96.0
ZNF561,72.0,70.0
ZNF561-AS1,13.0,13.0
ZNF562,73.0,73.0
ZNF563,38.0,39.0
ZNF564,93.0,103.0
ZNF565,43.0,48.0
ZNF566,36.0,37.0
ZNF567,87.0,86.0
ZNF568,75.0,78.0
ZNF569,82.0,94.0
ZNF57,92.0,85.0
ZNF570,82.0,76.0
ZNF571,92.0,87.0
ZNF572,81.0,79.0
ZNF573,87.0,88.0
ZNF574,61.0,60.0
ZNF575,34.0,36.0
ZNF576,21.0,23.0
ZNF577,74.0,72.0
ZNF578,45.0,38.0
ZNF579,53.0,53.0
ZNF580,23.0,26.0
ZNF581,22.0,19.0
ZNF582,58.0,54.0
ZNF583,97.0,90.0
ZNF584,53.0,55.0
ZNF585A,48.0,52.0
ZNF585B,157.0,157.0
ZNF586,34.0,39.0
ZNF587,22.0,23.0
ZNF587B,49.0,52.0
ZNF589,26.0,35.0
ZNF592,135.0,137.0
ZNF593,14.0,11.0
ZNF593OS,8.0,6.0
ZNF594,111.0,106.0
ZNF595,61.0,58.0
ZNF596,92.0,93.0
ZNF597,42.0,45.0
ZNF598,91.0,83.0
ZNF599,106.0,105.0
ZNF600,57.0,67.0
ZNF605,77.0,87.0
ZNF606,119.0,105.0
ZNF607,41.0,37.0
ZNF608,142.0,135.0
ZNF609,107.0,109.0
ZNF610,47.0,48.0
ZNF611,63.0,68.0
ZNF613,89.0,85.0
ZNF614,86.0,86.0
ZNF615,130.0,119.0
ZNF616,80.0,85.0
ZNF618,110.0,95.0
ZNF619,73.0,78.0
ZNF620,34.0,34.0
ZNF621,47.0,56.0
ZNF622,61.0,56.0
ZNF623,118.0,103.0
ZNF624,117.0,132.0
ZNF625,48.0,49.0
ZNF626,49.0,44.0
ZNF627,30.0,27.0
ZNF628,79.0,79.0
ZNF629,117.0,109.0
ZNF630,136.0,124.0
ZNF638,142.0,152.0
ZNF639,58.0,68.0
ZNF641,16.0,21.0
ZNF644,134.0,147.0
ZNF646,164.0,176.0
ZNF648,80.0,87.0
ZNF649,66.0,70.0
ZNF652,52.0,55.0
ZNF653,38.0,40.0
ZNF654,152.0,165.0
ZNF655,67.0,68.0
ZNF658,148.0,155.0
ZNF658B,15.0,13.0
ZNF66,32.0,37.0
ZNF660,28.0,24.0
ZNF662,55.0,56.0
ZNF664,35.0,38.0
ZNF665,70.0,75.0
ZNF667,68.0,66.0
ZNF668,83.0,81.0
ZNF669,65.0,64.0
ZNF670,71.0,64.0
ZNF671,44.0,44.0
ZNF672,62.0,71.0
ZNF674,84.0,83.0
ZNF675,63.0,59.0
ZNF676,56.0,47.0
ZNF677,65.0,66.0
ZNF678,66.0,65.0
ZNF679,46.0,46.0
ZNF680,58.0,60.0
ZNF681,48.0,53.0
ZNF682,53.0,52.0
ZNF683,45.0,46.0
ZNF684,60.0,59.0
ZNF687,98.0,108.0
ZNF688,29.0,29.0
ZNF689,62.0,57.0
ZNF69,55.0,62.0
ZNF691,29.0,30.0
ZNF692,48.0,47.0
ZNF695,63.0,62.0
ZNF696,63.0,54.0
ZNF697,57.0,59.0
ZNF699,63.0,58.0
ZNF7,87.0,90.0
ZNF70,49.0,48.0
ZNF700,53.0,58.0
ZNF701,43.0,46.0
ZNF702P,8.0,11.0
ZNF703,34.0,38.0
ZNF704,21.0,24.0
ZNF705A,6.0,5.0
ZNF705B,11.0,12.0
ZNF705D,18.0,20.0
ZNF705EP,32.0,33.0
ZNF705G,20.0,23.0
ZNF706,10.0,9.0
ZNF707,47.0,51.0
ZNF708,64.0,65.0
ZNF709,63.0,67.0
ZNF71,77.0,77.0
ZNF710,50.0,64.0
ZNF711,67.0,73.0
ZNF713,39.0,53.0
ZNF714,64.0,71.0
ZNF716,32.0,37.0
ZNF717,98.0,99.0
ZNF718,34.0,38.0
ZNF721,98.0,108.0
ZNF722,44.0,37.0
ZNF723,36.0,44.0
ZNF724,71.0,71.0
ZNF726,59.0,63.0
ZNF726P1,19.0,19.0
ZNF727,35.0,48.0
ZNF728,51.0,54.0
ZNF729,98.0,104.0
ZNF730,29.0,40.0
ZNF732,56.0,55.0
ZNF735,37.0,44.0
ZNF736,26.0,30.0
ZNF737,53.0,59.0
ZNF738,47.0,44.0
ZNF74,103.0,99.0
ZNF740,30.0,26.0
ZNF746,46.0,44.0
ZNF747,27.0,32.0
ZNF749,80.0,87.0
ZNF750,80.0,73.0
ZNF75A,10.0,10.0
ZNF75CP,67.0,65.0
ZNF75D,75.0,81.0
ZNF76,37.0,33.0
ZNF761,54.0,57.0
ZNF763,35.0,41.0
ZNF764,46.0,50.0
ZNF765,78.0,73.0
ZNF766,49.0,50.0
ZNF767P,15.0,22.0
ZNF768,53.0,55.0
ZNF77,75.0,76.0
ZNF770,70.0,66.0
ZNF771,53.0,61.0
ZNF772,42.0,53.0
ZNF773,44.0,43.0
ZNF774,50.0,48.0
ZNF775,70.0,68.0
ZNF776,72.0,73.0
ZNF777,78.0,73.0
ZNF778,83.0,83.0
ZNF780A,82.0,83.0
ZNF780B,98.0,102.0
ZNF781,48.0,58.0
ZNF782,66.0,67.0
ZNF783,48.0,54.0
ZNF784,16.0,14.0
ZNF785,69.0,61.0
ZNF786,82.0,85.0
ZNF787,49.0,45.0
ZNF788P,3.0,5.0
ZNF789,54.0,62.0
ZNF79,66.0,54.0
ZNF790,61.0,75.0
ZNF791,73.0,73.0
ZNF792,69.0,73.0
ZNF793,45.0,52.0
ZNF799,41.0,34.0
ZNF8,92.0,95.0
ZNF80,36.0,36.0
ZNF800,84.0,84.0
ZNF804A,127.0,127.0
ZNF804B,180.0,163.0
ZNF805,69.0,62.0
ZNF808,98.0,92.0
ZNF81,103.0,99.0
ZNF813,49.0,51.0
ZNF814,82.0,98.0
ZNF815P,14.0,10.0
ZNF816,57.0,58.0
ZNF818P,22.0,16.0
ZNF821,32.0,27.0
ZNF823,54.0,58.0
ZNF826P,8.0,11.0
ZNF827,92.0,89.0
ZNF829,62.0,55.0
ZNF83,70.0,70.0
ZNF830,39.0,49.0
ZNF831,171.0,162.0
ZNF833P,24.0,25.0
ZNF835,66.0,67.0
ZNF836,122.0,137.0
ZNF837,55.0,61.0
ZNF839,70.0,67.0
ZNF84,107.0,113.0
ZNF840P,100.0,90.0
ZNF841,112.0,127.0
ZNF843,46.0,44.0
ZNF844,114.0,125.0
ZNF845,73.0,76.0
ZNF846,74.0,69.0
ZNF85,68.0,75.0
ZNF850,137.0,140.0
ZNF852,81.0,87.0
ZNF853,26.0,26.0
ZNF860,73.0,71.0
ZNF861P,15.0,14.0
ZNF862,104.0,108.0
ZNF865,74.0,73.0
ZNF875,110.0,130.0
ZNF876P,25.0,20.0
ZNF878,55.0,61.0
ZNF879,57.0,54.0
ZNF880,51.0,37.0
ZNF883,46.0,46.0
ZNF888,47.0,45.0
ZNF891,80.0,81.0
ZNF892,67.0,64.0
ZNF90,51.0,48.0
ZNF91,90.0,113.0
ZNF92,36.0,42.0
ZNF93,64.0,62.0
ZNF98,36.0,34.0
ZNF99,67.0,61.0
ZNFX1,239.0,251.0
ZNG1A,11.0,11.0
ZNG1B,4.0,4.0
ZNG1C,44.0,48.0
ZNG1F,8.0,7.0
ZNHIT1,9.0,11.0
ZNHIT2,30.0,26.0
ZNHIT3,18.0,18.0
ZNHIT6,100.0,86.0
ZNRD2,10.0,13.0
ZNRF1,25.0,24.0
ZNRF2,20.0,27.0
ZNRF3,31.0,34.0
ZNRF4,32.0,37.0
ZP1,30.0,31.0
ZP2,41.0,47.0
ZP3,25.0,26.0
ZP4,23.0,22.0
ZPBP,34.0,39.0
ZPBP2,20.0,24.0
ZPLD1,31.0,36.0
ZPR1,49.0,50.0
ZRANB1,60.0,63.0
ZRANB2,37.0,40.0
ZRANB3,147.0,142.0
ZRSR2,40.0,41.0
ZSCAN1,28.0,30.0
ZSCAN10,88.0,97.0
ZSCAN12,38.0,36.0
ZSCAN16,45.0,46.0
ZSCAN18,38.0,41.0
ZSCAN2,86.0,86.0
ZSCAN20,95.0,106.0
ZSCAN21,64.0,59.0
ZSCAN22,63.0,61.0
ZSCAN23,68.0,63.0
ZSCAN25,54.0,58.0
ZSCAN26,64.0,68.0
ZSCAN29,76.0,72.0
ZSCAN30,63.0,73.0
ZSCAN31,38.0,41.0
ZSCAN32,107.0,100.0
ZSCAN4,36.0,45.0
ZSCAN5A,50.0,49.0
ZSCAN5B,44.0,44.0
ZSCAN5C,28.0,26.0
ZSCAN5DP,37.0,42.0
ZSCAN9,55.0,65.0
ZSWIM1,26.0,27.0
ZSWIM2,77.0,88.0
ZSWIM3,74.0,70.0
ZSWIM4,91.0,100.0
ZSWIM5,91.0,90.0
ZSWIM6,115.0,113.0
ZSWIM7,14.0,14.0
ZSWIM8,162.0,164.0
ZSWIM9,78.0,75.0
ZUP1,82.0,86.0
ZW10,104.0,122.0
ZWILCH,63.0,77.0
ZWINT,30.0,28.0
ZXDA,46.0,49.0
ZXDB,3.0,3.0
ZXDC,56.0,60.0
ZYG11A,54.0,53.0
ZYG11B,77.0,63.0
ZYX,54.0,48.0
ZZEF1,284.0,301.0
ZZZ3,97.0,95.0
